model,approach,history,history_frames,case_study,global_bag_id,frames,accuracy,balanced_accuracy,macro_f1,recall_safe,recall_potentially_unsafe,recall_unsafe
qwen,appfr,H02,2,crowdbot,crowdbot__defaced_2021-04-24-11-20-18,1619,0.5750463248919085,0.2998969391652793,0.2889880217274501,0.1308641975308642,0.7688266199649737,0.0
qwen,appfr,H02,2,crowdbot,crowdbot__defaced_2021-04-24-11-23-43,1032,0.5348837209302325,0.5114590878966756,0.33947867624135397,0.3640552995391705,0.6588628762541806,
qwen,appfr,H02,2,crowdbot,crowdbot__defaced_2021-04-24-11-35-54,1211,0.6052848885218828,0.44845763146245426,0.40094143694849915,0.40239043824701193,0.9429824561403509,0.0
qwen,appfr,H02,2,crowdbot,crowdbot__defaced_2021-04-24-11-40-33,986,0.3995943204868154,0.343751977960111,0.24446104599435223,0.12343470483005367,0.9078212290502793,0.0
qwen,appfr,H02,2,crowdbot,crowdbot__defaced_2021-04-24-11-43-54,583,0.4751286449399657,0.3225828126049855,0.22472365161044405,0.01652892561983471,0.9512195121951219,0.0
qwen,appfr,H02,2,crowdbot,crowdbot__defaced_2021-04-24-11-48-21,1555,0.5755627009646302,0.3951754461295364,0.37911792202248806,0.4012658227848101,0.7842605156037992,0.0
qwen,appfr,H02,2,crowdbot,crowdbot__defaced_2021-04-24-11-55-30,1815,0.4027548209366391,0.30454018501431374,0.23401534184169093,0.10273972602739725,0.810880829015544,0.0
qwen,appfr,H02,2,huron,huron__bww1_Feb-16-2023-bww1-intloss_00000000,342,0.9035087719298246,0.3798594847775176,0.3946816125001516,0.9967213114754099,0.14285714285714285,0.0
qwen,appfr,H02,2,huron,huron__bww1_Feb-16-2023-bww1-intloss_00000001,1674,0.9032258064516129,0.3652892627443525,0.37492328800750463,0.9946773120425815,0.10119047619047619,0.0
qwen,appfr,H02,2,huron,huron__bww1_Feb-16-2023-bww1-intloss_00000002,334,0.9730538922155688,0.7423312883435582,0.485587783500497,0.9846625766871165,0.5,
qwen,appfr,H02,2,huron,huron__bww2_Feb-20-2023-bww2-intloss_00000000,754,0.903183023872679,0.35463002029212626,0.3566400433193448,0.9575070821529745,0.10638297872340426,0.0
qwen,appfr,H02,2,huron,huron__bww2_Feb-20-2023-bww2-intloss_00000001,819,0.9401709401709402,0.36969001148105624,0.34887334887334887,0.9552238805970149,0.15384615384615385,0.0
qwen,appfr,H02,2,huron,huron__bww2_Feb-20-2023-bww2-intloss_00000002,482,0.9087136929460581,0.3430735930735931,0.33490043190765584,0.9458874458874459,0.08333333333333333,0.0
qwen,appfr,H02,2,huron,huron__bww8_Feb-03-2023-bww8-intloss_00000000,1095,0.7388127853881279,0.4053477340502789,0.40808533241454553,0.9086357947434293,0.3074074074074074,0.0
qwen,appfr,H02,2,huron,huron__bww8_Feb-03-2023-bww8-intloss_00000001,1051,0.89058039961941,0.42332284677561555,0.4448694896641607,0.9793702497285559,0.2905982905982906,0.0
qwen,appfr,H02,2,huron,huron__bww8_Feb-03-2023-bww8-intloss_00000002,705,0.8567375886524823,0.3659333410933923,0.36583628308733496,0.9851239669421488,0.11267605633802817,0.0
qwen,appfr,H02,2,huron,huron__cory1_Feb-16-2023-cory1-intloss_00000000,1486,0.9266487213997309,0.3227848101265823,0.3206426825008732,0.9683544303797469,0.0,0.0
qwen,appfr,H02,2,huron,huron__cory1_Feb-16-2023-cory1-intloss_00000001,2154,0.9744661095636026,0.45460044571792424,0.4629568237429947,0.997134670487106,0.36666666666666664,0.0
qwen,appfr,H02,2,huron,huron__cory1_Feb-16-2023-cory1-intloss_00000002,1653,0.9485783424077435,0.43114249357074846,0.4198957726709373,0.9742785445420327,0.3191489361702128,0.0
qwen,appfr,H02,2,huron,huron__soda3_Feb-21-2023-soda3-intloss_00000000,2414,0.9150787075393537,0.3920398705139849,0.41049993534119383,0.9863760217983651,0.18974358974358974,0.0
qwen,appfr,H02,2,huron,huron__soda3_Feb-21-2023-soda3-intloss_00000001,1368,0.7646198830409356,0.47319437491466804,0.46017748633615335,0.8581213307240705,0.5614617940199336,0.0
qwen,appfr,H02,2,huron,huron__soda3_Feb-21-2023-soda3-intloss_00000002,531,0.9623352165725048,0.4197402956209421,0.4550785132180481,0.9960629921259843,0.2631578947368421,0.0
qwen,appfr,H02,2,pal,pal__rosbag2_2025_07_11-13_23_07,2151,0.9767549976754998,0.9767549976754998,0.32941360928190655,0.9767549976754998,,
qwen,appfr,H02,2,pal,pal__rosbag2_2025_07_11-13_37_37,3038,0.6497695852534562,0.5143109212437306,0.29509328900797877,0.9715591670898933,0.05706267539756782,
qwen,appfr,H02,2,pal,pal__rosbag2_2025_07_11-13_55_25,4060,0.3315270935960591,0.3174613593649191,0.1895404328889079,0.9041487839771102,0.04823529411764706,0.0
qwen,appfr,H04,4,crowdbot,crowdbot__defaced_2021-04-24-11-20-18,1619,0.41630636195182213,0.25887656483103066,0.25155522586401236,0.28888888888888886,0.48774080560420313,0.0
qwen,appfr,H04,4,crowdbot,crowdbot__defaced_2021-04-24-11-23-43,1032,0.5038759689922481,0.4932339750011559,0.3287790017304158,0.42626728110599077,0.560200668896321,
qwen,appfr,H04,4,crowdbot,crowdbot__defaced_2021-04-24-11-35-54,1211,0.6242774566473989,0.4548909624659258,0.41549422817981707,0.450199203187251,0.9144736842105263,0.0
qwen,appfr,H04,4,crowdbot,crowdbot__defaced_2021-04-24-11-40-33,986,0.46247464503042596,0.3562826675727806,0.31861957200356,0.36493738819320215,0.7039106145251397,0.0
qwen,appfr,H04,4,crowdbot,crowdbot__defaced_2021-04-24-11-43-54,583,0.48198970840480276,0.33154797899808985,0.26467778356783045,0.09917355371900827,0.8954703832752613,0.0
qwen,appfr,H04,4,crowdbot,crowdbot__defaced_2021-04-24-11-48-21,1555,0.5736334405144694,0.3911484006893038,0.3851734994437061,0.5126582278481012,0.66078697421981,0.0
qwen,appfr,H04,4,crowdbot,crowdbot__defaced_2021-04-24-11-55-30,1815,0.4132231404958678,0.28961297060523405,0.2758731544909619,0.31702544031311153,0.5518134715025906,0.0
qwen,appfr,H04,4,huron,huron__bww1_Feb-16-2023-bww1-intloss_00000000,342,0.8947368421052632,0.35971896955503513,0.3639130931090902,0.9934426229508196,0.08571428571428572,0.0
qwen,appfr,H04,4,huron,huron__bww1_Feb-16-2023-bww1-intloss_00000001,1674,0.9020310633213859,0.34898457054145676,0.3462092678194373,0.9993346640053227,0.047619047619047616,0.0
qwen,appfr,H04,4,huron,huron__bww1_Feb-16-2023-bww1-intloss_00000002,334,0.9610778443113772,0.55329754601227,0.37114173898247405,0.9815950920245399,0.125,
qwen,appfr,H04,4,huron,huron__bww2_Feb-20-2023-bww2-intloss_00000000,754,0.9230769230769231,0.3352319530669238,0.33131382937879134,0.9844192634560907,0.02127659574468085,0.0
qwen,appfr,H04,4,huron,huron__bww2_Feb-20-2023-bww2-intloss_00000001,819,0.9755799755799756,0.3312603648424544,0.3292130201895344,0.9937810945273632,0.0,0.0
qwen,appfr,H04,4,huron,huron__bww2_Feb-20-2023-bww2-intloss_00000002,482,0.941908713692946,0.32756132756132755,0.32336182336182334,0.9826839826839827,0.0,0.0
qwen,appfr,H04,4,huron,huron__bww8_Feb-03-2023-bww8-intloss_00000000,1095,0.7315068493150685,0.34561102612833944,0.31244661096473275,0.9849812265331664,0.05185185185185185,0.0
qwen,appfr,H04,4,huron,huron__bww8_Feb-03-2023-bww8-intloss_00000001,1051,0.89058039961941,0.3835296082853086,0.39972146888514254,0.996742671009772,0.15384615384615385,0.0
qwen,appfr,H04,4,huron,huron__bww8_Feb-03-2023-bww8-intloss_00000002,705,0.849645390070922,0.33002754820936636,0.3062372188139059,0.9900826446280991,0.0,0.0
qwen,appfr,H04,4,huron,huron__cory1_Feb-16-2023-cory1-intloss_00000000,1486,0.9340511440107672,0.32536333802156586,0.32196706100672695,0.9760900140646976,0.0,0.0
qwen,appfr,H04,4,huron,huron__cory1_Feb-16-2023-cory1-intloss_00000001,2154,0.9753946146703807,0.4439668895256288,0.48075464135927054,0.998567335243553,0.3333333333333333,0.0
qwen,appfr,H04,4,huron,huron__cory1_Feb-16-2023-cory1-intloss_00000002,1653,0.9546279491833031,0.3712859392936277,0.3782996957901279,0.986198243412798,0.1276595744680851,0.0
qwen,appfr,H04,4,huron,huron__soda3_Feb-21-2023-soda3-intloss_00000000,2414,0.9117647058823529,0.3331819557977596,0.3180865669484789,0.9995458673932789,0.0,0.0
qwen,appfr,H04,4,huron,huron__soda3_Feb-21-2023-soda3-intloss_00000001,1368,0.7646198830409356,0.44038137714467757,0.4388280465988917,0.8992172211350293,0.4219269102990033,0.0
qwen,appfr,H04,4,huron,huron__soda3_Feb-21-2023-soda3-intloss_00000002,531,0.96045197740113,0.3684210526315789,0.3900751557453583,1.0,0.10526315789473684,0.0
qwen,appfr,H04,4,pal,pal__rosbag2_2025_07_11-13_23_07,2151,0.9846582984658299,0.9846582984658299,0.3307566174748185,0.9846582984658299,,
qwen,appfr,H04,4,pal,pal__rosbag2_2025_07_11-13_37_37,3038,0.6418696510862409,0.497740705918348,0.26746821720705627,0.9842559674961909,0.011225444340505144,
qwen,appfr,H04,4,pal,pal__rosbag2_2025_07_11-13_55_25,4060,0.341871921182266,0.32895817554489604,0.18434677045517356,0.9592274678111588,0.027647058823529413,0.0
qwen,appfr,H06,6,crowdbot,crowdbot__defaced_2021-04-24-11-20-18,1619,0.5305744286596664,0.30968843916888283,0.30269311470878285,0.2740740740740741,0.6549912434325744,0.0
qwen,appfr,H06,6,crowdbot,crowdbot__defaced_2021-04-24-11-23-43,1032,0.5125968992248062,0.5020228719387204,0.334622564780602,0.43548387096774194,0.568561872909699,
qwen,appfr,H06,6,crowdbot,crowdbot__defaced_2021-04-24-11-35-54,1211,0.5772089182493807,0.4316768015656671,0.38079911209766926,0.3652058432934927,0.9298245614035088,0.0
qwen,appfr,H06,6,crowdbot,crowdbot__defaced_2021-04-24-11-40-33,986,0.5050709939148073,0.37831422832072437,0.34898401397395357,0.4561717352415027,0.6787709497206704,0.0
qwen,appfr,H06,6,crowdbot,crowdbot__defaced_2021-04-24-11-43-54,583,0.4528301886792453,0.31007573357905954,0.24012786533675926,0.06611570247933884,0.8641114982578397,0.0
qwen,appfr,H06,6,crowdbot,crowdbot__defaced_2021-04-24-11-48-21,1555,0.5742765273311897,0.3936033297265113,0.3809189977492995,0.4291139240506329,0.751696065128901,0.0
qwen,appfr,H06,6,crowdbot,crowdbot__defaced_2021-04-24-11-55-30,1815,0.4049586776859504,0.2919028353764673,0.26364863299169866,0.23581213307240703,0.6398963730569949,0.0
qwen,appfr,H06,6,huron,huron__bww1_Feb-16-2023-bww1-intloss_00000000,342,0.8918128654970761,0.3333333333333333,0.31427099433281813,1.0,0.0,0.0
qwen,appfr,H06,6,huron,huron__bww1_Feb-16-2023-bww1-intloss_00000001,1674,0.8984468339307049,0.3353174603174603,0.3194359570546356,1.0,0.005952380952380952,0.0
qwen,appfr,H06,6,huron,huron__bww1_Feb-16-2023-bww1-intloss_00000002,334,0.9580838323353293,0.5517638036809815,0.367842535787321,0.9785276073619632,0.125,
qwen,appfr,H06,6,huron,huron__bww2_Feb-20-2023-bww2-intloss_00000000,754,0.9297082228116711,0.3309726156751653,0.3211912943871707,0.9929178470254958,0.0,0.0
qwen,appfr,H06,6,huron,huron__bww2_Feb-20-2023-bww2-intloss_00000001,819,0.9768009768009768,0.33167495854063017,0.3294214535721639,0.9950248756218906,0.0,0.0
qwen,appfr,H06,6,huron,huron__bww2_Feb-20-2023-bww2-intloss_00000002,482,0.9564315352697096,0.33261183261183264,0.3259102156238954,0.9978354978354979,0.0,0.0
qwen,appfr,H06,6,huron,huron__bww8_Feb-03-2023-bww8-intloss_00000000,1095,0.7360730593607306,0.35178386563451225,0.3237184730985458,0.9849812265331664,0.07037037037037037,0.0
qwen,appfr,H06,6,huron,huron__bww8_Feb-03-2023-bww8-intloss_00000001,1051,0.879162702188392,0.36177696112549534,0.3653449204259902,0.991313789359392,0.09401709401709402,0.0
qwen,appfr,H06,6,huron,huron__bww8_Feb-03-2023-bww8-intloss_00000002,705,0.8453900709219858,0.340806270127653,0.32853251923019366,0.9801652892561984,0.04225352112676056,0.0
qwen,appfr,H06,6,huron,huron__cory1_Feb-16-2023-cory1-intloss_00000000,1486,0.9340511440107672,0.32536333802156586,0.32196706100672695,0.9760900140646976,0.0,0.0
qwen,appfr,H06,6,huron,huron__cory1_Feb-16-2023-cory1-intloss_00000001,2154,0.9749303621169917,0.42190385227634514,0.44549464398235666,0.9990448901623686,0.26666666666666666,0.0
qwen,appfr,H06,6,huron,huron__cory1_Feb-16-2023-cory1-intloss_00000002,1653,0.9618874773139746,0.3669122685246981,0.3807023847546045,0.9943538268506901,0.10638297872340426,0.0
qwen,appfr,H06,6,huron,huron__soda3_Feb-21-2023-soda3-intloss_00000000,2414,0.9117647058823529,0.3347399799715876,0.3213610695861499,0.9990917347865577,0.005128205128205128,0.0
qwen,appfr,H06,6,huron,huron__soda3_Feb-21-2023-soda3-intloss_00000001,1368,0.7719298245614035,0.436611599083724,0.4379466141120005,0.9178082191780822,0.3920265780730897,0.0
qwen,appfr,H06,6,huron,huron__soda3_Feb-21-2023-soda3-intloss_00000002,531,0.96045197740113,0.38530874430169915,0.4135265700483092,0.9980314960629921,0.15789473684210525,0.0
qwen,appfr,H06,6,pal,pal__rosbag2_2025_07_11-13_23_07,2151,0.99302649930265,0.99302649930265,0.33216701656169817,0.99302649930265,,
qwen,appfr,H06,6,pal,pal__rosbag2_2025_07_11-13_37_37,3038,0.6445029624753127,0.4989170306257753,0.2659103567554891,0.9903504316912138,0.007483629560336763,
qwen,appfr,H06,6,pal,pal__rosbag2_2025_07_11-13_55_25,4060,0.3495073891625616,0.33575668321692054,0.19158011034529557,0.9713876967095851,0.03588235294117647,0.0
qwen,appfr,H08,8,crowdbot,crowdbot__defaced_2021-04-24-11-20-18,1619,0.47745521927115503,0.2957406326349701,0.286063237444111,0.32592592592592595,0.5612959719789843,0.0
qwen,appfr,H08,8,crowdbot,crowdbot__defaced_2021-04-24-11-23-43,1032,0.5155038759689923,0.5108502997703559,0.3396791720372461,0.4815668202764977,0.540133779264214,
qwen,appfr,H08,8,crowdbot,crowdbot__defaced_2021-04-24-11-35-54,1211,0.5664739884393064,0.4048746534330514,0.37791217582051234,0.4448871181938911,0.7697368421052632,0.0
qwen,appfr,H08,8,crowdbot,crowdbot__defaced_2021-04-24-11-40-33,986,0.5212981744421906,0.38082436380474577,0.3587341226485912,0.5223613595706619,0.6201117318435754,0.0
qwen,appfr,H08,8,crowdbot,crowdbot__defaced_2021-04-24-11-43-54,583,0.3979416809605489,0.2763651721523119,0.2378025026383235,0.1322314049586777,0.6968641114982579,0.0
qwen,appfr,H08,8,crowdbot,crowdbot__defaced_2021-04-24-11-48-21,1555,0.5871382636655949,0.4006463654111491,0.39386890482192793,0.5126582278481012,0.689280868385346,0.0
qwen,appfr,H08,8,crowdbot,crowdbot__defaced_2021-04-24-11-55-30,1815,0.4440771349862259,0.30576538941220605,0.29777349196307373,0.3913894324853229,0.5259067357512953,0.0
qwen,appfr,H08,8,huron,huron__bww1_Feb-16-2023-bww1-intloss_00000000,342,0.8830409356725146,0.3300546448087432,0.31262939958592134,0.9901639344262295,0.0,0.0
qwen,appfr,H08,8,huron,huron__bww1_Feb-16-2023-bww1-intloss_00000001,1674,0.8984468339307049,0.33707980863669484,0.3232772121439916,0.9993346640053227,0.011904761904761904,0.0
qwen,appfr,H08,8,huron,huron__bww1_Feb-16-2023-bww1-intloss_00000002,334,0.9550898203592815,0.4892638036809816,0.32567636549259826,0.9785276073619632,0.0,
qwen,appfr,H08,8,huron,huron__bww2_Feb-20-2023-bww2-intloss_00000000,754,0.9336870026525199,0.3323890462700661,0.32190214906264286,0.9971671388101983,0.0,0.0
qwen,appfr,H08,8,huron,huron__bww2_Feb-20-2023-bww2-intloss_00000001,819,0.978021978021978,0.332089552238806,0.32962962962962966,0.996268656716418,0.0,0.0
qwen,appfr,H08,8,huron,huron__bww2_Feb-20-2023-bww2-intloss_00000002,482,0.9585062240663901,0.3333333333333333,0.32627118644067793,1.0,0.0,0.0
qwen,appfr,H08,8,huron,huron__bww8_Feb-03-2023-bww8-intloss_00000000,1095,0.730593607305936,0.3476459772246172,0.31792586304470855,0.9799749687108886,0.06296296296296296,0.0
qwen,appfr,H08,8,huron,huron__bww8_Feb-03-2023-bww8-intloss_00000001,1051,0.8820171265461465,0.36534981486121554,0.3708941605839416,0.993485342019544,0.10256410256410256,0.0
qwen,appfr,H08,8,huron,huron__bww8_Feb-03-2023-bww8-intloss_00000002,705,0.849645390070922,0.33831529119621306,0.3226147515036404,0.9867768595041322,0.028169014084507043,0.0
qwen,appfr,H08,8,huron,huron__cory1_Feb-16-2023-cory1-intloss_00000000,1486,0.9300134589502019,0.3239568682606657,0.32124593212459324,0.9718706047819972,0.0,0.0
qwen,appfr,H08,8,huron,huron__cory1_Feb-16-2023-cory1-intloss_00000001,2154,0.9749303621169917,0.44380770455269025,0.45556920099735776,0.9980897803247374,0.3333333333333333,0.0
qwen,appfr,H08,8,huron,huron__cory1_Feb-16-2023-cory1-intloss_00000002,1653,0.955837870538415,0.35793801222670113,0.3631284916201117,0.9887076537013801,0.0851063829787234,0.0
qwen,appfr,H08,8,huron,huron__soda3_Feb-21-2023-soda3-intloss_00000000,2414,0.9109362054681027,0.33443722490044014,0.3211764748204027,0.9981834695731153,0.005128205128205128,0.0
qwen,appfr,H08,8,huron,huron__soda3_Feb-21-2023-soda3-intloss_00000001,1368,0.7733918128654971,0.4419514859145315,0.4424158535012681,0.913894324853229,0.4119601328903654,0.0
qwen,appfr,H08,8,huron,huron__soda3_Feb-21-2023-soda3-intloss_00000002,531,0.9623352165725048,0.40285260395082195,0.4379969911884805,0.9980314960629921,0.21052631578947367,0.0
qwen,appfr,H08,8,pal,pal__rosbag2_2025_07_11-13_23_07,2151,0.9804741980474198,0.9804741980474198,0.33004694835680753,0.9804741980474198,,
qwen,appfr,H08,8,pal,pal__rosbag2_2025_07_11-13_37_37,3038,0.6395655036208031,0.49788727141602224,0.2717448384806513,0.9761300152361605,0.019644527595884004,
qwen,appfr,H08,8,pal,pal__rosbag2_2025_07_11-13_55_25,4060,0.34458128078817735,0.32992903026732867,0.196236414395475,0.9391988555078684,0.05058823529411765,0.0
qwen,appfr,H10,10,crowdbot,crowdbot__defaced_2021-04-24-11-20-18,1619,0.58307597282273,0.3313117554215044,0.3242896391661924,0.25925925925925924,0.7346760070052539,0.0
qwen,appfr,H10,10,crowdbot,crowdbot__defaced_2021-04-24-11-23-43,1032,0.5426356589147286,0.5333138110136708,0.35535444947209655,0.47465437788018433,0.5919732441471572,
qwen,appfr,H10,10,crowdbot,crowdbot__defaced_2021-04-24-11-35-54,1211,0.578860445912469,0.42362421658395655,0.38484139536927203,0.40903054448871184,0.8618421052631579,0.0
qwen,appfr,H10,10,crowdbot,crowdbot__defaced_2021-04-24-11-40-33,986,0.5344827586206896,0.3935982384079045,0.3685723280923014,0.518783542039356,0.6620111731843575,0.0
qwen,appfr,H10,10,crowdbot,crowdbot__defaced_2021-04-24-11-43-54,583,0.41337907375643224,0.28228275789251395,0.21583656680024596,0.045454545454545456,0.8013937282229965,0.0
qwen,appfr,H10,10,crowdbot,crowdbot__defaced_2021-04-24-11-48-21,1555,0.5794212218649518,0.3968271416221539,0.38534521234593333,0.44556962025316454,0.7449118046132972,0.0
qwen,appfr,H10,10,crowdbot,crowdbot__defaced_2021-04-24-11-55-30,1815,0.41046831955922863,0.29379134008632196,0.26948992712176145,0.2583170254403131,0.6230569948186528,0.0
qwen,appfr,H10,10,huron,huron__bww1_Feb-16-2023-bww1-intloss_00000000,342,0.8771929824561403,0.3362997658079625,0.3273313492063492,0.980327868852459,0.02857142857142857,0.0
qwen,appfr,H10,10,huron,huron__bww1_Feb-16-2023-bww1-intloss_00000001,1674,0.9056152927120669,0.35912698412698413,0.36456987332164564,1.0,0.07738095238095238,0.0
qwen,appfr,H10,10,huron,huron__bww1_Feb-16-2023-bww1-intloss_00000002,334,0.9491017964071856,0.48619631901840493,0.32462877624167946,0.9723926380368099,0.0,
qwen,appfr,H10,10,huron,huron__bww2_Feb-20-2023-bww2-intloss_00000000,754,0.9283819628647215,0.3305004721435316,0.32095369096744614,0.9915014164305949,0.0,0.0
qwen,appfr,H10,10,huron,huron__bww2_Feb-20-2023-bww2-intloss_00000001,819,0.9755799755799756,0.3312603648424544,0.3292130201895344,0.9937810945273632,0.0,0.0
qwen,appfr,H10,10,huron,huron__bww2_Feb-20-2023-bww2-intloss_00000002,482,0.9585062240663901,0.3333333333333333,0.32627118644067793,1.0,0.0,0.0
qwen,appfr,H10,10,huron,huron__bww8_Feb-03-2023-bww8-intloss_00000000,1095,0.7242009132420091,0.3381866221665972,0.2999090545309033,0.981226533166458,0.03333333333333333,0.0
qwen,appfr,H10,10,huron,huron__bww8_Feb-03-2023-bww8-intloss_00000001,1051,0.8772597526165556,0.361053110238778,0.3644334504539973,0.98914223669924,0.09401709401709402,0.0
qwen,appfr,H10,10,huron,huron__bww8_Feb-03-2023-bww8-intloss_00000002,705,0.8397163120567376,0.330314670391495,0.3119990422316004,0.9768595041322314,0.014084507042253521,0.0
qwen,appfr,H10,10,huron,huron__cory1_Feb-16-2023-cory1-intloss_00000000,1486,0.9306864064602961,0.3241912798874824,0.3213663297316138,0.9725738396624473,0.0,0.0
qwen,appfr,H10,10,huron,huron__cory1_Feb-16-2023-cory1-intloss_00000001,2154,0.9744661095636026,0.46555237185609677,0.4610819335217458,0.9966571155682904,0.4,0.0
qwen,appfr,H10,10,huron,huron__cory1_Feb-16-2023-cory1-intloss_00000002,1653,0.9528130671506352,0.3431262624914351,0.34383660878453187,0.9868255959849436,0.0425531914893617,0.0
qwen,appfr,H10,10,huron,huron__soda3_Feb-21-2023-soda3-intloss_00000000,2414,0.9113504556752279,0.3345886024360139,0.3212165191380435,0.9986376021798365,0.005128205128205128,0.0
qwen,appfr,H10,10,huron,huron__soda3_Feb-21-2023-soda3-intloss_00000001,1368,0.7711988304093568,0.4386292267783189,0.4394379610070298,0.913894324853229,0.4019933554817276,0.0
qwen,appfr,H10,10,huron,huron__soda3_Feb-21-2023-soda3-intloss_00000002,531,0.9566854990583804,0.3502210250034535,0.3576862438964657,0.9980314960629921,0.05263157894736842,0.0
qwen,appfr,H10,10,pal,pal__rosbag2_2025_07_11-13_23_07,2151,0.9851231985123199,0.9851231985123199,0.3308352849336456,0.9851231985123199,,
qwen,appfr,H10,10,pal,pal__rosbag2_2025_07_11-13_37_37,3038,0.6441737985516788,0.504435447281317,0.2804414317866756,0.9761300152361605,0.03274087932647334,
qwen,appfr,H10,10,pal,pal__rosbag2_2025_07_11-13_55_25,4060,0.3448275862068966,0.32927796011108307,0.20167139402136325,0.924892703862661,0.06294117647058824,0.0
qwen,appfr,H12,12,crowdbot,crowdbot__defaced_2021-04-24-11-20-18,1619,0.5491043854231007,0.33013051970047497,0.32395275136848173,0.32839506172839505,0.6619964973730298,0.0
qwen,appfr,H12,12,crowdbot,crowdbot__defaced_2021-04-24-11-23-43,1032,0.5397286821705426,0.5317533098038006,0.35414963267135446,0.4815668202764977,0.5819397993311036,
qwen,appfr,H12,12,crowdbot,crowdbot__defaced_2021-04-24-11-35-54,1211,0.5755573905862923,0.41205062789776564,0.38393859227192556,0.448871181938911,0.7872807017543859,0.0
qwen,appfr,H12,12,crowdbot,crowdbot__defaced_2021-04-24-11-40-33,986,0.5294117647058824,0.3859295829543978,0.3641049912596585,0.5348837209302325,0.6229050279329609,0.0
qwen,appfr,H12,12,crowdbot,crowdbot__defaced_2021-04-24-11-43-54,583,0.38078902229845624,0.26129524577418145,0.21026037055872618,0.06611570247933884,0.7177700348432056,0.0
qwen,appfr,H12,12,crowdbot,crowdbot__defaced_2021-04-24-11-48-21,1555,0.5813504823151125,0.39745575917878956,0.388512754966182,0.4759493670886076,0.7164179104477612,0.0
qwen,appfr,H12,12,crowdbot,crowdbot__defaced_2021-04-24-11-55-30,1815,0.42644628099173554,0.2995531806306169,0.28431504994482104,0.32093933463796476,0.5777202072538861,0.0
qwen,appfr,H12,12,huron,huron__bww1_Feb-16-2023-bww1-intloss_00000000,342,0.8859649122807017,0.3395784543325527,0.33020962103388235,0.9901639344262295,0.02857142857142857,0.0
qwen,appfr,H12,12,huron,huron__bww1_Feb-16-2023-bww1-intloss_00000001,1674,0.9115890083632019,0.3842552989259576,0.4056484712448696,0.998003992015968,0.15476190476190477,0.0
qwen,appfr,H12,12,huron,huron__bww1_Feb-16-2023-bww1-intloss_00000002,334,0.9550898203592815,0.4892638036809816,0.32567636549259826,0.9785276073619632,0.0,
qwen,appfr,H12,12,huron,huron__bww2_Feb-20-2023-bww2-intloss_00000000,754,0.9190981432360743,0.3271954674220963,0.31928127159640635,0.9815864022662889,0.0,0.0
qwen,appfr,H12,12,huron,huron__bww2_Feb-20-2023-bww2-intloss_00000001,819,0.9804639804639804,0.33291873963515756,0.3300452116728319,0.9987562189054726,0.0,0.0
qwen,appfr,H12,12,huron,huron__bww2_Feb-20-2023-bww2-intloss_00000002,482,0.9585062240663901,0.3333333333333333,0.32627118644067793,1.0,0.0,0.0
qwen,appfr,H12,12,huron,huron__bww8_Feb-03-2023-bww8-intloss_00000000,1095,0.7278538812785388,0.34149013427277924,0.30515721440091187,0.983729662077597,0.040740740740740744,0.0
qwen,appfr,H12,12,huron,huron__bww8_Feb-03-2023-bww8-intloss_00000001,1051,0.8810656517602283,0.3699620442291452,0.378621515306995,0.990228013029316,0.11965811965811966,0.0
qwen,appfr,H12,12,huron,huron__bww8_Feb-03-2023-bww8-intloss_00000002,705,0.8453900709219858,0.340806270127653,0.32853251923019366,0.9801652892561984,0.04225352112676056,0.0
qwen,appfr,H12,12,huron,huron__cory1_Feb-16-2023-cory1-intloss_00000000,1486,0.923956931359354,0.32184716361931553,0.32015856360032646,0.9655414908579466,0.0,0.0
qwen,appfr,H12,12,huron,huron__cory1_Feb-16-2023-cory1-intloss_00000001,2154,0.9744661095636026,0.47650429799426935,0.4634227391407548,0.9961795606494747,0.43333333333333335,0.0
qwen,appfr,H12,12,huron,huron__cory1_Feb-16-2023-cory1-intloss_00000002,1653,0.9497882637628554,0.34896375592870427,0.3504751881617553,0.9830614805520702,0.06382978723404255,0.0
qwen,appfr,H12,12,huron,huron__soda3_Feb-21-2023-soda3-intloss_00000000,2414,0.9130074565037283,0.3398681850997927,0.3314159498962167,0.9990917347865577,0.020512820512820513,0.0
qwen,appfr,H12,12,huron,huron__soda3_Feb-21-2023-soda3-intloss_00000001,1368,0.7733918128654971,0.44585779517286367,0.4460893657853329,0.9090019569471625,0.42857142857142855,0.0
qwen,appfr,H12,12,huron,huron__soda3_Feb-21-2023-soda3-intloss_00000002,531,0.9566854990583804,0.3333333333333333,0.3259544433750401,1.0,0.0,0.0
qwen,appfr,H12,12,pal,pal__rosbag2_2025_07_11-13_23_07,2151,0.9827986982798699,0.9827986982798699,0.33044157874169594,0.9827986982798699,,
qwen,appfr,H12,12,pal,pal__rosbag2_2025_07_11-13_37_37,3038,0.640882159315339,0.5042477864334034,0.2849322644634629,0.9654647028948705,0.04303086997193639,
qwen,appfr,H12,12,pal,pal__rosbag2_2025_07_11-13_55_25,4060,0.33620689655172414,0.3208056326965693,0.19833882161269578,0.8977110157367668,0.06470588235294118,0.0
qwen,appfr,H14,14,crowdbot,crowdbot__defaced_2021-04-24-11-20-18,1619,0.5558987029030266,0.3152818317441785,0.32472134314198936,0.24444444444444444,0.7014010507880911,0.0
qwen,appfr,H14,14,crowdbot,crowdbot__defaced_2021-04-24-11-23-43,1032,0.5290697674418605,0.519396452075274,0.3461206125214102,0.45852534562211983,0.580267558528428,
qwen,appfr,H14,14,crowdbot,crowdbot__defaced_2021-04-24-11-35-54,1211,0.5301403798513625,0.395776542951003,0.34995309078816467,0.3386454183266932,0.8486842105263158,0.0
qwen,appfr,H14,14,crowdbot,crowdbot__defaced_2021-04-24-11-40-33,986,0.5111561866125761,0.3802180669791427,0.3530992208559507,0.47584973166368516,0.664804469273743,0.0
qwen,appfr,H14,14,crowdbot,crowdbot__defaced_2021-04-24-11-43-54,583,0.4631217838765009,0.3148846718691508,0.22403482060979943,0.024793388429752067,0.9198606271777003,0.0
qwen,appfr,H14,14,crowdbot,crowdbot__defaced_2021-04-24-11-48-21,1555,0.5929260450160772,0.4065981942989311,0.3926457314544147,0.4341772151898734,0.7856173677069199,0.0
qwen,appfr,H14,14,crowdbot,crowdbot__defaced_2021-04-24-11-55-30,1815,0.43305785123966944,0.31233924473331104,0.28145831366749524,0.25048923679060664,0.6865284974093264,0.0
qwen,appfr,H14,14,huron,huron__bww1_Feb-16-2023-bww1-intloss_00000000,342,0.8830409356725146,0.3300546448087432,0.31262939958592134,0.9901639344262295,0.0,0.0
qwen,appfr,H14,14,huron,huron__bww1_Feb-16-2023-bww1-intloss_00000001,1674,0.9008363201911589,0.3432539682539682,0.33515685173981397,1.0,0.02976190476190476,0.0
qwen,appfr,H14,14,huron,huron__bww1_Feb-16-2023-bww1-intloss_00000002,334,0.9580838323353293,0.49079754601226994,0.32619775739041795,0.9815950920245399,0.0,
qwen,appfr,H14,14,huron,huron__bww2_Feb-20-2023-bww2-intloss_00000000,754,0.9350132625994695,0.3328611898016997,0.32213845099383137,0.9985835694050992,0.0,0.0
qwen,appfr,H14,14,huron,huron__bww2_Feb-20-2023-bww2-intloss_00000001,819,0.9816849816849816,0.3333333333333333,0.3302526186075169,1.0,0.0,0.0
qwen,appfr,H14,14,huron,huron__bww2_Feb-20-2023-bww2-intloss_00000002,482,0.9585062240663901,0.3333333333333333,0.32627118644067793,1.0,0.0,0.0
qwen,appfr,H14,14,huron,huron__bww8_Feb-03-2023-bww8-intloss_00000000,1095,0.726027397260274,0.33656885922217583,0.29407121100411837,0.9874843554443054,0.022222222222222223,0.0
qwen,appfr,H14,14,huron,huron__bww8_Feb-03-2023-bww8-intloss_00000001,1051,0.879162702188392,0.36177696112549534,0.3655788480266659,0.991313789359392,0.09401709401709402,0.0
qwen,appfr,H14,14,huron,huron__bww8_Feb-03-2023-bww8-intloss_00000002,705,0.8468085106382979,0.32892561983471075,0.30568356374807987,0.9867768595041322,0.0,0.0
qwen,appfr,H14,14,huron,huron__cory1_Feb-16-2023-cory1-intloss_00000000,1486,0.933378196500673,0.32512892639474916,0.3218470820280775,0.9753867791842475,0.0,0.0
qwen,appfr,H14,14,huron,huron__cory1_Feb-16-2023-cory1-intloss_00000001,2154,0.9749303621169917,0.42190385227634514,0.4325846105306588,0.9990448901623686,0.26666666666666666,0.0
qwen,appfr,H14,14,huron,huron__cory1_Feb-16-2023-cory1-intloss_00000002,1653,0.9534180278281912,0.34333538001548364,0.3445232187167671,0.9874529485570891,0.0425531914893617,0.0
qwen,appfr,H14,14,huron,huron__soda3_Feb-21-2023-soda3-intloss_00000000,2414,0.9117647058823529,0.3331819557977596,0.317948717948718,0.9995458673932789,0.0,0.0
qwen,appfr,H14,14,huron,huron__soda3_Feb-21-2023-soda3-intloss_00000001,1368,0.77046783625731,0.43830306891791443,0.43957443281569053,0.9129158512720157,0.4019933554817276,0.0
qwen,appfr,H14,14,huron,huron__soda3_Feb-21-2023-soda3-intloss_00000002,531,0.9566854990583804,0.3502210250034535,0.3576862438964657,0.9980314960629921,0.05263157894736842,0.0
qwen,appfr,H14,14,pal,pal__rosbag2_2025_07_11-13_23_07,2151,0.9907019990702,0.9907019990702,0.3317764284602211,0.9907019990702,,
qwen,appfr,H14,14,pal,pal__rosbag2_2025_07_11-13_37_37,3038,0.6398946675444371,0.4981412074241482,0.27183811370245764,0.9766378872524124,0.019644527595884004,
qwen,appfr,H14,14,pal,pal__rosbag2_2025_07_11-13_55_25,4060,0.34211822660098523,0.32813767567112684,0.1914254125847501,0.9420600858369099,0.042352941176470586,0.0
qwen,appfr,H16,16,crowdbot,crowdbot__defaced_2021-04-24-11-20-18,1619,0.5373687461395923,0.3065252643186093,0.3179143879896856,0.24444444444444444,0.6751313485113836,0.0
qwen,appfr,H16,16,crowdbot,crowdbot__defaced_2021-04-24-11-23-43,1032,0.5445736434108527,0.5353020051477275,0.35667356903648023,0.4769585253456221,0.5936454849498328,
qwen,appfr,H16,16,crowdbot,crowdbot__defaced_2021-04-24-11-35-54,1211,0.5177539223781998,0.3868298734885021,0.3416466437543721,0.3293492695883134,0.831140350877193,0.0
qwen,appfr,H16,16,crowdbot,crowdbot__defaced_2021-04-24-11-40-33,986,0.5182555780933062,0.3853965747560655,0.35799996159226644,0.48300536672629696,0.6731843575418994,0.0
qwen,appfr,H16,16,crowdbot,crowdbot__defaced_2021-04-24-11-43-54,583,0.4648370497427101,0.31583014177249213,0.22254839546344107,0.02066115702479339,0.926829268292683,0.0
qwen,appfr,H16,16,crowdbot,crowdbot__defaced_2021-04-24-11-48-21,1555,0.5852090032154341,0.4011707858864481,0.3879713740548576,0.4341772151898734,0.7693351424694709,0.0
qwen,appfr,H16,16,crowdbot,crowdbot__defaced_2021-04-24-11-55-30,1815,0.4369146005509642,0.3137773812058715,0.2856417718237542,0.2651663405088063,0.6761658031088082,0.0
qwen,appfr,H16,16,huron,huron__bww1_Feb-16-2023-bww1-intloss_00000000,342,0.8801169590643275,0.3289617486338798,0.3120787973043027,0.9868852459016394,0.0,0.0
qwen,appfr,H16,16,huron,huron__bww1_Feb-16-2023-bww1-intloss_00000001,1674,0.9038231780167264,0.3531746031746032,0.35384093217863527,1.0,0.05952380952380952,0.0
qwen,appfr,H16,16,huron,huron__bww1_Feb-16-2023-bww1-intloss_00000002,334,0.9580838323353293,0.49079754601226994,0.32619775739041795,0.9815950920245399,0.0,
qwen,appfr,H16,16,huron,huron__bww2_Feb-20-2023-bww2-intloss_00000000,754,0.9336870026525199,0.3323890462700661,0.32190214906264286,0.9971671388101983,0.0,0.0
qwen,appfr,H16,16,huron,huron__bww2_Feb-20-2023-bww2-intloss_00000001,819,0.9816849816849816,0.3333333333333333,0.3302526186075169,1.0,0.0,0.0
qwen,appfr,H16,16,huron,huron__bww2_Feb-20-2023-bww2-intloss_00000002,482,0.9585062240663901,0.3333333333333333,0.32627118644067793,1.0,0.0,0.0
qwen,appfr,H16,16,huron,huron__bww8_Feb-03-2023-bww8-intloss_00000000,1095,0.726027397260274,0.3357514794727978,0.29187893317350916,0.9887359198998749,0.018518518518518517,0.0
qwen,appfr,H16,16,huron,huron__bww8_Feb-03-2023-bww8-intloss_00000001,1051,0.8829686013320647,0.36322466289893,0.3679384545506161,0.995656894679696,0.09401709401709402,0.0
qwen,appfr,H16,16,huron,huron__bww8_Feb-03-2023-bww8-intloss_00000002,705,0.849645390070922,0.33002754820936636,0.3062372188139059,0.9900826446280991,0.0,0.0
qwen,appfr,H16,16,huron,huron__cory1_Feb-16-2023-cory1-intloss_00000000,1486,0.9300134589502019,0.3239568682606657,0.32124593212459324,0.9718706047819972,0.0,0.0
qwen,appfr,H16,16,huron,huron__cory1_Feb-16-2023-cory1-intloss_00000001,2154,0.9726090993500465,0.4211079274116523,0.41350261034646413,0.9966571155682904,0.26666666666666666,0.0
qwen,appfr,H16,16,huron,huron__cory1_Feb-16-2023-cory1-intloss_00000002,1653,0.9485783424077435,0.34166243982309547,0.34184197317551374,0.9824341279799247,0.0425531914893617,0.0
qwen,appfr,H16,16,huron,huron__soda3_Feb-21-2023-soda3-intloss_00000000,2414,0.9113504556752279,0.3345886024360139,0.3212165191380435,0.9986376021798365,0.005128205128205128,0.0
qwen,appfr,H16,16,huron,huron__soda3_Feb-21-2023-soda3-intloss_00000001,1368,0.77046783625731,0.4398655926212473,0.44010801671534633,0.910958904109589,0.40863787375415284,0.0
qwen,appfr,H16,16,huron,huron__soda3_Feb-21-2023-soda3-intloss_00000002,531,0.9585687382297552,0.3508771929824561,0.35960179833012207,1.0,0.05263157894736842,0.0
qwen,appfr,H16,16,pal,pal__rosbag2_2025_07_11-13_23_07,2151,0.9925615992561599,0.9925615992561599,0.33208897184632136,0.9925615992561599,,
qwen,appfr,H16,16,pal,pal__rosbag2_2025_07_11-13_37_37,3038,0.640882159315339,0.5001857604848966,0.2753027588582703,0.9751142712036567,0.025257249766136577,
qwen,appfr,H16,16,pal,pal__rosbag2_2025_07_11-13_55_25,4060,0.34285714285714286,0.3283446941008163,0.19493972771507853,0.9356223175965666,0.04941176470588235,0.0
qwen,appfr,H18,18,crowdbot,crowdbot__defaced_2021-04-24-11-20-18,1619,0.46077825818406426,0.2915778397584196,0.2976414294220892,0.3432098765432099,0.531523642732049,0.0
qwen,appfr,H18,18,crowdbot,crowdbot__defaced_2021-04-24-11-23-43,1032,0.5581395348837209,0.5586979640275573,0.3699354317998386,0.5622119815668203,0.5551839464882943,
qwen,appfr,H18,18,crowdbot,crowdbot__defaced_2021-04-24-11-35-54,1211,0.5962014863748968,0.4185043451923301,0.3975550428665014,0.5033200531208499,0.7521929824561403,0.0
qwen,appfr,H18,18,crowdbot,crowdbot__defaced_2021-04-24-11-40-33,986,0.5567951318458418,0.4043733322673169,0.38263193741206414,0.5706618962432916,0.6424581005586593,0.0
qwen,appfr,H18,18,crowdbot,crowdbot__defaced_2021-04-24-11-43-54,583,0.45969125214408235,0.31256179149748997,0.2239779085822251,0.024793388429752067,0.9128919860627178,0.0
qwen,appfr,H18,18,crowdbot,crowdbot__defaced_2021-04-24-11-48-21,1555,0.6218649517684888,0.42370426349266327,0.41797431436469995,0.569620253164557,0.7014925373134329,0.0
qwen,appfr,H18,18,crowdbot,crowdbot__defaced_2021-04-24-11-55-30,1815,0.4743801652892562,0.32697832486674844,0.3180778477162433,0.41487279843444225,0.5660621761658031,0.0
qwen,appfr,H18,18,huron,huron__bww1_Feb-16-2023-bww1-intloss_00000000,342,0.8888888888888888,0.33224043715846996,0.3137254901960784,0.9967213114754099,0.0,0.0
qwen,appfr,H18,18,huron,huron__bww1_Feb-16-2023-bww1-intloss_00000001,1674,0.9050179211469535,0.3606675537813262,0.367291125079662,0.9986693280106453,0.08333333333333333,0.0
qwen,appfr,H18,18,huron,huron__bww1_Feb-16-2023-bww1-intloss_00000002,334,0.9550898203592815,0.4892638036809816,0.32567636549259826,0.9785276073619632,0.0,
qwen,appfr,H18,18,huron,huron__bww2_Feb-20-2023-bww2-intloss_00000000,754,0.9350132625994695,0.3328611898016997,0.32213845099383137,0.9985835694050992,0.0,0.0
qwen,appfr,H18,18,huron,huron__bww2_Feb-20-2023-bww2-intloss_00000001,819,0.9804639804639804,0.33291873963515756,0.3300452116728319,0.9987562189054726,0.0,0.0
qwen,appfr,H18,18,huron,huron__bww2_Feb-20-2023-bww2-intloss_00000002,482,0.9585062240663901,0.3333333333333333,0.32627118644067793,1.0,0.0,0.0
qwen,appfr,H18,18,huron,huron__bww8_Feb-03-2023-bww8-intloss_00000000,1095,0.7278538812785388,0.33740323552588886,0.29458096094296277,0.9899874843554443,0.022222222222222223,0.0
qwen,appfr,H18,18,huron,huron__bww8_Feb-03-2023-bww8-intloss_00000001,1051,0.8829686013320647,0.3681988177102184,0.37606547995542305,0.993485342019544,0.1111111111111111,0.0
qwen,appfr,H18,18,huron,huron__bww8_Feb-03-2023-bww8-intloss_00000002,705,0.8539007092198582,0.3358243122647732,0.3157961954695167,0.9933884297520661,0.014084507042253521,0.0
qwen,appfr,H18,18,huron,huron__cory1_Feb-16-2023-cory1-intloss_00000000,1486,0.9353970390309556,0.32583216127519926,0.32220676866017617,0.9774964838255977,0.0,0.0
qwen,appfr,H18,18,huron,huron__cory1_Feb-16-2023-cory1-intloss_00000001,2154,0.9721448467966574,0.40999681630054124,0.4076339497392129,0.9966571155682904,0.23333333333333334,0.0
qwen,appfr,H18,18,huron,huron__cory1_Feb-16-2023-cory1-intloss_00000002,1653,0.9516031457955233,0.34270802744333806,0.3431376203789997,0.9855708908406524,0.0425531914893617,0.0
qwen,appfr,H18,18,huron,huron__soda3_Feb-21-2023-soda3-intloss_00000000,2414,0.9117647058823529,0.3331819557977596,0.317948717948718,0.9995458673932789,0.0,0.0
qwen,appfr,H18,18,huron,huron__soda3_Feb-21-2023-soda3-intloss_00000001,1368,0.7719298245614035,0.43583033723205755,0.43743446991982715,0.9187866927592955,0.38870431893687707,0.0
qwen,appfr,H18,18,huron,huron__soda3_Feb-21-2023-soda3-intloss_00000002,531,0.9566854990583804,0.3502210250034535,0.3576862438964657,0.9980314960629921,0.05263157894736842,0.0
qwen,appfr,H18,18,pal,pal__rosbag2_2025_07_11-13_23_07,2151,0.99302649930265,0.99302649930265,0.33216701656169817,0.99302649930265,,
qwen,appfr,H18,18,pal,pal__rosbag2_2025_07_11-13_37_37,3038,0.6362738643844634,0.4932100029408118,0.26541447401173124,0.9761300152361605,0.01028999064546305,
qwen,appfr,H18,18,pal,pal__rosbag2_2025_07_11-13_55_25,4060,0.3502463054187192,0.33558248478218183,0.19777066733588475,0.9585121602288984,0.04823529411764706,0.0
qwen,appfr,H20,20,crowdbot,crowdbot__defaced_2021-04-24-11-20-18,1619,0.45274861025324276,0.29309492407371374,0.29759734304435465,0.36790123456790125,0.51138353765324,0.0
qwen,appfr,H20,20,crowdbot,crowdbot__defaced_2021-04-24-11-23-43,1032,0.561046511627907,0.5615222785629518,0.37183825354136096,0.5645161290322581,0.5585284280936454,
qwen,appfr,H20,20,crowdbot,crowdbot__defaced_2021-04-24-11-35-54,1211,0.5986787778695293,0.4149309195964679,0.3984666240779684,0.5298804780876494,0.7149122807017544,0.0
qwen,appfr,H20,20,crowdbot,crowdbot__defaced_2021-04-24-11-40-33,986,0.563894523326572,0.4072082696221971,0.386740389489249,0.590339892665474,0.6312849162011173,0.0
qwen,appfr,H20,20,crowdbot,crowdbot__defaced_2021-04-24-11-43-54,583,0.4631217838765009,0.31445273130417256,0.2203100747744079,0.01652892561983471,0.926829268292683,0.0
qwen,appfr,H20,20,crowdbot,crowdbot__defaced_2021-04-24-11-48-21,1555,0.6231511254019293,0.4241536849698573,0.41912379757423673,0.5886075949367089,0.683853459972863,0.0
qwen,appfr,H20,20,crowdbot,crowdbot__defaced_2021-04-24-11-55-30,1815,0.47052341597796143,0.32332214594972775,0.31550693749193853,0.4207436399217221,0.5492227979274611,0.0
qwen,appfr,H20,20,huron,huron__bww1_Feb-16-2023-bww1-intloss_00000000,342,0.8859649122807017,0.33114754098360655,0.3131782945736434,0.9934426229508196,0.0,0.0
qwen,appfr,H20,20,huron,huron__bww1_Feb-16-2023-bww1-intloss_00000001,1674,0.9109916367980884,0.376984126984127,0.3947841076542386,1.0,0.13095238095238096,0.0
qwen,appfr,H20,20,huron,huron__bww1_Feb-16-2023-bww1-intloss_00000002,334,0.9580838323353293,0.49079754601226994,0.32619775739041795,0.9815950920245399,0.0,
qwen,appfr,H20,20,huron,huron__bww2_Feb-20-2023-bww2-intloss_00000000,754,0.9350132625994695,0.3328611898016997,0.32213845099383137,0.9985835694050992,0.0,0.0
qwen,appfr,H20,20,huron,huron__bww2_Feb-20-2023-bww2-intloss_00000001,819,0.9816849816849816,0.3333333333333333,0.3302526186075169,1.0,0.0,0.0
qwen,appfr,H20,20,huron,huron__bww2_Feb-20-2023-bww2-intloss_00000002,482,0.9585062240663901,0.3333333333333333,0.32627118644067793,1.0,0.0,0.0
qwen,appfr,H20,20,huron,huron__bww8_Feb-03-2023-bww8-intloss_00000000,1095,0.7269406392694064,0.3353512878752762,0.2900088683885912,0.9912390488110138,0.014814814814814815,0.0
qwen,appfr,H20,20,huron,huron__bww8_Feb-03-2023-bww8-intloss_00000001,1051,0.8858230256898192,0.3692845940402944,0.37804634285099253,0.996742671009772,0.1111111111111111,0.0
qwen,appfr,H20,20,huron,huron__bww8_Feb-03-2023-bww8-intloss_00000002,705,0.8553191489361702,0.3322314049586777,0.3073394495412844,0.996694214876033,0.0,0.0
qwen,appfr,H20,20,huron,huron__cory1_Feb-16-2023-cory1-intloss_00000000,1486,0.9340511440107672,0.32536333802156586,0.32196706100672695,0.9760900140646976,0.0,0.0
qwen,appfr,H20,20,huron,huron__cory1_Feb-16-2023-cory1-intloss_00000001,2154,0.9698235840297121,0.3982489652976759,0.39115314624453007,0.9947468958930277,0.2,0.0
qwen,appfr,H20,20,huron,huron__cory1_Feb-16-2023-cory1-intloss_00000002,1653,0.9509981851179673,0.3424989099192895,0.3429305167236201,0.9849435382685069,0.0425531914893617,0.0
qwen,appfr,H20,20,huron,huron__soda3_Feb-21-2023-soda3-intloss_00000000,2414,0.9121789560894781,0.3333333333333333,0.3180242634315425,1.0,0.0,0.0
qwen,appfr,H20,20,huron,huron__soda3_Feb-21-2023-soda3-intloss_00000001,1368,0.7660818713450293,0.4293147650904898,0.43017354677625663,0.9158512720156555,0.37209302325581395,0.0
qwen,appfr,H20,20,huron,huron__soda3_Feb-21-2023-soda3-intloss_00000002,531,0.9566854990583804,0.3333333333333333,0.3259544433750401,1.0,0.0,0.0
qwen,appfr,H20,20,pal,pal__rosbag2_2025_07_11-13_23_07,2151,0.99581589958159,0.99581589958159,0.3326345213137666,0.99581589958159,,
qwen,appfr,H20,20,pal,pal__rosbag2_2025_07_11-13_37_37,3038,0.6359447004608295,0.4944526028084515,0.2691215817619193,0.9720670391061452,0.01683816651075772,
qwen,appfr,H20,20,pal,pal__rosbag2_2025_07_11-13_55_25,4060,0.35123152709359606,0.3363244410782911,0.1995251770232931,0.957796852646638,0.051176470588235295,0.0
qwen,appfr,H22,22,crowdbot,crowdbot__defaced_2021-04-24-11-20-18,1619,0.4996911673872761,0.3195275057115882,0.31293086500839645,0.38765432098765434,0.5709281961471103,0.0
qwen,appfr,H22,22,crowdbot,crowdbot__defaced_2021-04-24-11-23-43,1032,0.5503875968992248,0.5504292341599495,0.36462792026673635,0.5506912442396313,0.5501672240802675,
qwen,appfr,H22,22,crowdbot,crowdbot__defaced_2021-04-24-11-35-54,1211,0.6036333608587944,0.4242183313529508,0.4025555291272178,0.5073041168658698,0.7653508771929824,0.0
qwen,appfr,H22,22,crowdbot,crowdbot__defaced_2021-04-24-11-40-33,986,0.565922920892495,0.4087356712405432,0.38816730701746494,0.592128801431127,0.6340782122905028,0.0
qwen,appfr,H22,22,crowdbot,crowdbot__defaced_2021-04-24-11-43-54,583,0.39451114922813035,0.26885900500091187,0.20262757828629852,0.03305785123966942,0.7735191637630662,0.0
qwen,appfr,H22,22,crowdbot,crowdbot__defaced_2021-04-24-11-48-21,1555,0.6237942122186495,0.4243632241554025,0.41964006685102806,0.5987341772151898,0.6743554952510177,0.0
qwen,appfr,H22,22,crowdbot,crowdbot__defaced_2021-04-24-11-55-30,1815,0.49366391184573005,0.3351195968486053,0.33029550222082155,0.4794520547945205,0.5259067357512953,0.0
qwen,appfr,H22,22,huron,huron__bww1_Feb-16-2023-bww1-intloss_00000000,342,0.8918128654970761,0.3333333333333333,0.31427099433281813,1.0,0.0,0.0
qwen,appfr,H22,22,huron,huron__bww1_Feb-16-2023-bww1-intloss_00000001,1674,0.9044205495818399,0.3551587301587302,0.35745602426150286,1.0,0.06547619047619048,0.0
qwen,appfr,H22,22,huron,huron__bww1_Feb-16-2023-bww1-intloss_00000002,334,0.9580838323353293,0.49079754601226994,0.32619775739041795,0.9815950920245399,0.0,
qwen,appfr,H22,22,huron,huron__bww2_Feb-20-2023-bww2-intloss_00000000,754,0.9350132625994695,0.3328611898016997,0.32213845099383137,0.9985835694050992,0.0,0.0
qwen,appfr,H22,22,huron,huron__bww2_Feb-20-2023-bww2-intloss_00000001,819,0.9816849816849816,0.3333333333333333,0.3302526186075169,1.0,0.0,0.0
qwen,appfr,H22,22,huron,huron__bww2_Feb-20-2023-bww2-intloss_00000002,482,0.9585062240663901,0.3333333333333333,0.32627118644067793,1.0,0.0,0.0
qwen,appfr,H22,22,huron,huron__bww8_Feb-03-2023-bww8-intloss_00000000,1095,0.7232876712328767,0.3320477757690941,0.28444047981282233,0.9887359198998749,0.007407407407407408,0.0
qwen,appfr,H22,22,huron,huron__bww8_Feb-03-2023-bww8-intloss_00000001,1051,0.8839200761179828,0.3660736657479329,0.37269297989349653,0.995656894679696,0.10256410256410256,0.0
qwen,appfr,H22,22,huron,huron__bww8_Feb-03-2023-bww8-intloss_00000002,705,0.8581560283687943,0.3333333333333333,0.30788804071246817,1.0,0.0,0.0
qwen,appfr,H22,22,huron,huron__cory1_Feb-16-2023-cory1-intloss_00000000,1486,0.9367429340511441,0.32630098452883266,0.3224461431549687,0.9789029535864979,0.0,0.0
qwen,appfr,H22,22,huron,huron__cory1_Feb-16-2023-cory1-intloss_00000001,2154,0.9702878365831012,0.3984081502706145,0.3950338922213108,0.9952244508118434,0.2,0.0
qwen,appfr,H22,22,huron,huron__cory1_Feb-16-2023-cory1-intloss_00000002,1653,0.9528130671506352,0.35000934354894686,0.3522336129232681,0.986198243412798,0.06382978723404255,0.0
qwen,appfr,H22,22,huron,huron__soda3_Feb-21-2023-soda3-intloss_00000000,2414,0.9121789560894781,0.3333333333333333,0.3180242634315425,1.0,0.0,0.0
qwen,appfr,H22,22,huron,huron__soda3_Feb-21-2023-soda3-intloss_00000001,1368,0.7660818713450293,0.4293147650904898,0.43017354677625663,0.9158512720156555,0.37209302325581395,0.0
qwen,appfr,H22,22,huron,huron__soda3_Feb-21-2023-soda3-intloss_00000002,531,0.9585687382297552,0.3508771929824561,0.35960179833012207,1.0,0.05263157894736842,0.0
qwen,appfr,H22,22,pal,pal__rosbag2_2025_07_11-13_23_07,2151,0.9953509995351,0.9953509995351,0.3325566946256601,0.9953509995351,,
qwen,appfr,H22,22,pal,pal__rosbag2_2025_07_11-13_37_37,3038,0.642198815009875,0.5012015045174004,0.27568782723462265,0.9771457592686643,0.025257249766136577,
qwen,appfr,H22,22,pal,pal__rosbag2_2025_07_11-13_55_25,4060,0.3458128078817734,0.3312906392886196,0.19574276355045728,0.9456366237482118,0.04823529411764706,0.0
qwen,appfr,H24,24,crowdbot,crowdbot__defaced_2021-04-24-11-20-18,1619,0.4830142063001853,0.3073973175354767,0.3052895345129922,0.36790123456790125,0.5542907180385289,0.0
qwen,appfr,H24,24,crowdbot,crowdbot__defaced_2021-04-24-11-23-43,1032,0.5503875968992248,0.5497973274971872,0.364417445884003,0.5460829493087558,0.5535117056856187,
qwen,appfr,H24,24,crowdbot,crowdbot__defaced_2021-04-24-11-35-54,1211,0.5854665565648225,0.40928974161832204,0.3902131167874158,0.50199203187251,0.7258771929824561,0.0
qwen,appfr,H24,24,crowdbot,crowdbot__defaced_2021-04-24-11-40-33,986,0.5689655172413793,0.41219855887908374,0.39072312923948244,0.5885509838998211,0.6480446927374302,0.0
qwen,appfr,H24,24,crowdbot,crowdbot__defaced_2021-04-24-11-43-54,583,0.42538593481989706,0.28998089862834875,0.21622331691297206,0.0371900826446281,0.8327526132404182,0.0
qwen,appfr,H24,24,crowdbot,crowdbot__defaced_2021-04-24-11-48-21,1555,0.6192926045016077,0.4212579221269945,0.4166211634005433,0.5962025316455696,0.6675712347354138,0.0
qwen,appfr,H24,24,crowdbot,crowdbot__defaced_2021-04-24-11-55-30,1815,0.49421487603305786,0.3359738600529288,0.33081614763552475,0.4755381604696673,0.5323834196891192,0.0
qwen,appfr,H24,24,huron,huron__bww1_Feb-16-2023-bww1-intloss_00000000,342,0.8918128654970761,0.3333333333333333,0.31427099433281813,1.0,0.0,0.0
qwen,appfr,H24,24,huron,huron__bww1_Feb-16-2023-bww1-intloss_00000001,1674,0.9050179211469535,0.35714285714285715,0.36103212216956293,1.0,0.07142857142857142,0.0
qwen,appfr,H24,24,huron,huron__bww1_Feb-16-2023-bww1-intloss_00000002,334,0.9580838323353293,0.49079754601226994,0.32619775739041795,0.9815950920245399,0.0,
qwen,appfr,H24,24,huron,huron__bww2_Feb-20-2023-bww2-intloss_00000000,754,0.9363395225464191,0.3333333333333333,0.3223744292237443,1.0,0.0,0.0
qwen,appfr,H24,24,huron,huron__bww2_Feb-20-2023-bww2-intloss_00000001,819,0.9816849816849816,0.3333333333333333,0.3302526186075169,1.0,0.0,0.0
qwen,appfr,H24,24,huron,huron__bww2_Feb-20-2023-bww2-intloss_00000002,482,0.9585062240663901,0.3333333333333333,0.32627118644067793,1.0,0.0,0.0
qwen,appfr,H24,24,huron,huron__bww8_Feb-03-2023-bww8-intloss_00000000,1095,0.726027397260274,0.33493409972341964,0.28965463530322105,0.9899874843554443,0.014814814814814815,0.0
qwen,appfr,H24,24,huron,huron__bww8_Feb-03-2023-bww8-intloss_00000001,1051,0.8886774500475737,0.37285744777601454,0.38411194210887617,0.998914223669924,0.11965811965811966,0.0
qwen,appfr,H24,24,huron,huron__bww8_Feb-03-2023-bww8-intloss_00000002,705,0.8581560283687943,0.3333333333333333,0.30788804071246817,1.0,0.0,0.0
qwen,appfr,H24,24,huron,huron__cory1_Feb-16-2023-cory1-intloss_00000000,1486,0.9347240915208613,0.32559774964838256,0.32208695652173913,0.9767932489451476,0.0,0.0
qwen,appfr,H24,24,huron,huron__cory1_Feb-16-2023-cory1-intloss_00000001,2154,0.9702878365831012,0.3984081502706145,0.39405439595192915,0.9952244508118434,0.2,0.0
qwen,appfr,H24,24,huron,huron__cory1_Feb-16-2023-cory1-intloss_00000002,1653,0.9528130671506352,0.35000934354894686,0.35276205381635073,0.986198243412798,0.06382978723404255,0.0
qwen,appfr,H24,24,huron,huron__soda3_Feb-21-2023-soda3-intloss_00000000,2414,0.9121789560894781,0.3333333333333333,0.3180242634315425,1.0,0.0,0.0
qwen,appfr,H24,24,huron,huron__soda3_Feb-21-2023-soda3-intloss_00000001,1368,0.7719298245614035,0.43348655167705824,0.4352742421964142,0.9217221135029354,0.3787375415282392,0.0
qwen,appfr,H24,24,huron,huron__soda3_Feb-21-2023-soda3-intloss_00000002,531,0.9566854990583804,0.3333333333333333,0.3259544433750401,1.0,0.0,0.0
qwen,appfr,H24,24,pal,pal__rosbag2_2025_07_11-13_23_07,2151,0.9962807996280799,0.9962807996280799,0.3327123117528334,0.9962807996280799,,
qwen,appfr,H24,24,pal,pal__rosbag2_2025_07_11-13_37_37,3038,0.6428571428571429,0.5042748666063934,0.28207508848285184,0.9720670391061452,0.03648269410664172,
qwen,appfr,H24,24,pal,pal__rosbag2_2025_07_11-13_55_25,4060,0.34630541871921183,0.3315980812926029,0.19699905468078213,0.944206008583691,0.05058823529411765,0.0
qwen,appfr,H26,26,crowdbot,crowdbot__defaced_2021-04-24-11-20-18,1619,0.5478690549722051,0.3401699422715185,0.32844703640489387,0.37777777777777777,0.6427320490367776,0.0
qwen,appfr,H26,26,crowdbot,crowdbot__defaced_2021-04-24-11-23-43,1032,0.5397286821705426,0.5364926097745172,0.3563574304091024,0.5161290322580645,0.5568561872909699,
qwen,appfr,H26,26,crowdbot,crowdbot__defaced_2021-04-24-11-35-54,1211,0.6151940545004129,0.42493767619580164,0.4091891985874598,0.5511288180610889,0.7236842105263158,0.0
qwen,appfr,H26,26,crowdbot,crowdbot__defaced_2021-04-24-11-40-33,986,0.5669371196754563,0.40765799528954005,0.38815802836927454,0.6028622540250447,0.6201117318435754,0.0
qwen,appfr,H26,26,crowdbot,crowdbot__defaced_2021-04-24-11-43-54,583,0.36363636363636365,0.2498968141983663,0.2039314622096079,0.07024793388429752,0.6794425087108014,0.0
qwen,appfr,H26,26,crowdbot,crowdbot__defaced_2021-04-24-11-48-21,1555,0.6360128617363344,0.4326228466413617,0.4278750761196612,0.6126582278481013,0.6852103120759837,0.0
qwen,appfr,H26,26,crowdbot,crowdbot__defaced_2021-04-24-11-55-30,1815,0.4721763085399449,0.3151115865467487,0.31296738512751876,0.5088062622309197,0.4365284974093264,0.0
qwen,appfr,H26,26,huron,huron__bww1_Feb-16-2023-bww1-intloss_00000000,342,0.8918128654970761,0.3333333333333333,0.31427099433281813,1.0,0.0,0.0
qwen,appfr,H26,26,huron,huron__bww1_Feb-16-2023-bww1-intloss_00000001,1674,0.899641577060932,0.33928571428571425,0.32738588752915687,1.0,0.017857142857142856,0.0
qwen,appfr,H26,26,huron,huron__bww1_Feb-16-2023-bww1-intloss_00000002,334,0.9580838323353293,0.49079754601226994,0.32619775739041795,0.9815950920245399,0.0,
qwen,appfr,H26,26,huron,huron__bww2_Feb-20-2023-bww2-intloss_00000000,754,0.9363395225464191,0.3333333333333333,0.3223744292237443,1.0,0.0,0.0
qwen,appfr,H26,26,huron,huron__bww2_Feb-20-2023-bww2-intloss_00000001,819,0.9816849816849816,0.3333333333333333,0.3302526186075169,1.0,0.0,0.0
qwen,appfr,H26,26,huron,huron__bww2_Feb-20-2023-bww2-intloss_00000002,482,0.9585062240663901,0.3333333333333333,0.32627118644067793,1.0,0.0,0.0
qwen,appfr,H26,26,huron,huron__bww8_Feb-03-2023-bww8-intloss_00000000,1095,0.7232876712328767,0.3320477757690941,0.28444047981282233,0.9887359198998749,0.007407407407407408,0.0
qwen,appfr,H26,26,huron,huron__bww8_Feb-03-2023-bww8-intloss_00000001,1051,0.8839200761179828,0.36856074315357706,0.3767188546444773,0.99457111834962,0.1111111111111111,0.0
qwen,appfr,H26,26,huron,huron__bww8_Feb-03-2023-bww8-intloss_00000002,705,0.8581560283687943,0.3333333333333333,0.30788804071246817,1.0,0.0,0.0
qwen,appfr,H26,26,huron,huron__cory1_Feb-16-2023-cory1-intloss_00000000,1486,0.9347240915208613,0.32559774964838256,0.32208695652173913,0.9767932489451476,0.0,0.0
qwen,appfr,H26,26,huron,huron__cory1_Feb-16-2023-cory1-intloss_00000001,2154,0.9693593314763231,0.40904170646290994,0.4021367267837368,0.9937917860553964,0.23333333333333334,0.0
qwen,appfr,H26,26,huron,huron__cory1_Feb-16-2023-cory1-intloss_00000002,1653,0.9546279491833031,0.35063669612109244,0.35395244566998646,0.9880803011292346,0.06382978723404255,0.0
qwen,appfr,H26,26,huron,huron__soda3_Feb-21-2023-soda3-intloss_00000000,2414,0.9121789560894781,0.3333333333333333,0.3180242634315425,1.0,0.0,0.0
qwen,appfr,H26,26,huron,huron__soda3_Feb-21-2023-soda3-intloss_00000001,1368,0.7755847953216374,0.42964850801741533,0.4332533050578969,0.9334637964774951,0.3554817275747508,0.0
qwen,appfr,H26,26,huron,huron__soda3_Feb-21-2023-soda3-intloss_00000002,531,0.9585687382297552,0.3508771929824561,0.35960179833012207,1.0,0.05263157894736842,0.0
qwen,appfr,H26,26,pal,pal__rosbag2_2025_07_11-13_23_07,2151,0.9962807996280799,0.9962807996280799,0.3327123117528334,0.9962807996280799,,
qwen,appfr,H26,26,pal,pal__rosbag2_2025_07_11-13_37_37,3038,0.6458196181698486,0.5052775456431565,0.2799049023289559,0.9796851193499239,0.03086997193638915,
qwen,appfr,H26,26,pal,pal__rosbag2_2025_07_11-13_55_25,4060,0.34507389162561575,0.3315495525821201,0.18915660966309744,0.9599427753934192,0.03470588235294118,0.0
qwen,appfr,H28,28,crowdbot,crowdbot__defaced_2021-04-24-11-20-18,1619,0.5540457072266831,0.3457445965132286,0.33362984165014087,0.39012345679012345,0.6471103327495622,0.0
qwen,appfr,H28,28,crowdbot,crowdbot__defaced_2021-04-24-11-23-43,1032,0.5532945736434108,0.550409968712914,0.36550338684616746,0.532258064516129,0.568561872909699,
qwen,appfr,H28,28,crowdbot,crowdbot__defaced_2021-04-24-11-35-54,1211,0.6143682906688687,0.42218843922555394,0.40814165450158457,0.5604249667994687,0.706140350877193,0.0
qwen,appfr,H28,28,crowdbot,crowdbot__defaced_2021-04-24-11-40-33,986,0.5578093306288032,0.40363045209089127,0.3828308574465617,0.5796064400715564,0.6312849162011173,0.0
qwen,appfr,H28,28,crowdbot,crowdbot__defaced_2021-04-24-11-43-54,583,0.346483704974271,0.23871435290504026,0.1990468485659799,0.07851239669421488,0.6376306620209059,0.0
qwen,appfr,H28,28,crowdbot,crowdbot__defaced_2021-04-24-11-48-21,1555,0.6482315112540193,0.441003841551735,0.4360823194263772,0.6215189873417721,0.7014925373134329,0.0
qwen,appfr,H28,28,crowdbot,crowdbot__defaced_2021-04-24-11-55-30,1815,0.4743801652892562,0.31715556546985324,0.314851323407775,0.5058708414872799,0.44559585492227977,0.0
qwen,appfr,H28,28,huron,huron__bww1_Feb-16-2023-bww1-intloss_00000000,342,0.8918128654970761,0.3333333333333333,0.31427099433281813,1.0,0.0,0.0
qwen,appfr,H28,28,huron,huron__bww1_Feb-16-2023-bww1-intloss_00000001,1674,0.8990442054958184,0.33730158730158727,0.32343368843600434,1.0,0.011904761904761904,0.0
qwen,appfr,H28,28,huron,huron__bww1_Feb-16-2023-bww1-intloss_00000002,334,0.9580838323353293,0.49079754601226994,0.32619775739041795,0.9815950920245399,0.0,
qwen,appfr,H28,28,huron,huron__bww2_Feb-20-2023-bww2-intloss_00000000,754,0.9363395225464191,0.3333333333333333,0.3223744292237443,1.0,0.0,0.0
qwen,appfr,H28,28,huron,huron__bww2_Feb-20-2023-bww2-intloss_00000001,819,0.9816849816849816,0.3333333333333333,0.3302526186075169,1.0,0.0,0.0
qwen,appfr,H28,28,huron,huron__bww2_Feb-20-2023-bww2-intloss_00000002,482,0.9585062240663901,0.3333333333333333,0.32627118644067793,1.0,0.0,0.0
qwen,appfr,H28,28,huron,huron__bww8_Feb-03-2023-bww8-intloss_00000000,1095,0.7223744292237443,0.33163058761723757,0.2842180367447738,0.9874843554443054,0.007407407407407408,0.0
qwen,appfr,H28,28,huron,huron__bww8_Feb-03-2023-bww8-intloss_00000001,1051,0.8915318744053282,0.3789173789173789,0.39410643172348053,1.0,0.13675213675213677,0.0
qwen,appfr,H28,28,huron,huron__bww8_Feb-03-2023-bww8-intloss_00000002,705,0.8581560283687943,0.3333333333333333,0.30788804071246817,1.0,0.0,0.0
qwen,appfr,H28,28,huron,huron__cory1_Feb-16-2023-cory1-intloss_00000000,1486,0.9327052489905787,0.32489451476793246,0.3217270194986072,0.9746835443037974,0.0,0.0
qwen,appfr,H28,28,huron,huron__cory1_Feb-16-2023-cory1-intloss_00000001,2154,0.9702878365831012,0.42031200254695955,0.4152435167615433,0.994269340974212,0.26666666666666666,0.0
qwen,appfr,H28,28,huron,huron__cory1_Feb-16-2023-cory1-intloss_00000002,1653,0.957047791893527,0.35835624727479826,0.364848893382766,0.9899623588456713,0.0851063829787234,0.0
qwen,appfr,H28,28,huron,huron__soda3_Feb-21-2023-soda3-intloss_00000000,2414,0.9121789560894781,0.3333333333333333,0.3180242634315425,1.0,0.0,0.0
qwen,appfr,H28,28,huron,huron__soda3_Feb-21-2023-soda3-intloss_00000001,1368,0.7763157894736842,0.4370060225428177,0.4398324868573465,0.9256360078277887,0.3853820598006645,0.0
qwen,appfr,H28,28,huron,huron__soda3_Feb-21-2023-soda3-intloss_00000002,531,0.9585687382297552,0.3508771929824561,0.35960179833012207,1.0,0.05263157894736842,0.0
qwen,appfr,H28,28,pal,pal__rosbag2_2025_07_11-13_23_07,2151,0.99767549976755,0.99767549976755,0.33294546582887286,0.99767549976755,,
qwen,appfr,H28,28,pal,pal__rosbag2_2025_07_11-13_37_37,3038,0.6445029624753127,0.5042618016106527,0.2795082286389912,0.9776536312849162,0.03086997193638915,
qwen,appfr,H28,28,pal,pal__rosbag2_2025_07_11-13_55_25,4060,0.3477832512315271,0.33383348761536086,0.19257421441427638,0.9620886981402003,0.039411764705882354,0.0
qwen,appfr,H30,30,crowdbot,crowdbot__defaced_2021-04-24-11-20-18,1619,0.4990735021618283,0.32136025887728553,0.3066474128242817,0.39753086419753086,0.5665499124343257,0.0
qwen,appfr,H30,30,crowdbot,crowdbot__defaced_2021-04-24-11-23-43,1032,0.5484496124031008,0.5487569933572738,0.3634281678773204,0.5506912442396313,0.5468227424749164,
qwen,appfr,H30,30,crowdbot,crowdbot__defaced_2021-04-24-11-35-54,1211,0.6440957886044592,0.43351156776403155,0.4250740316012062,0.6294820717131474,0.6710526315789473,0.0
qwen,appfr,H30,30,crowdbot,crowdbot__defaced_2021-04-24-11-40-33,986,0.5425963488843814,0.38263326037783624,0.3674035573771117,0.6171735241502684,0.5307262569832403,0.0
qwen,appfr,H30,30,crowdbot,crowdbot__defaced_2021-04-24-11-43-54,583,0.3602058319039451,0.2516773691939989,0.2228432230646743,0.1487603305785124,0.6062717770034843,0.0
qwen,appfr,H30,30,crowdbot,crowdbot__defaced_2021-04-24-11-48-21,1555,0.6347266881028939,0.4302921525857479,0.42638547182483033,0.6721518987341772,0.6187245590230664,0.0
qwen,appfr,H30,30,crowdbot,crowdbot__defaced_2021-04-24-11-55-30,1815,0.4920110192837466,0.3203047632567116,0.3172703480441166,0.6046966731898239,0.35621761658031087,0.0
qwen,appfr,H30,30,huron,huron__bww1_Feb-16-2023-bww1-intloss_00000000,342,0.8918128654970761,0.3333333333333333,0.31427099433281813,1.0,0.0,0.0
qwen,appfr,H30,30,huron,huron__bww1_Feb-16-2023-bww1-intloss_00000001,1674,0.8978494623655914,0.3333333333333333,0.31539187913125594,1.0,0.0,0.0
qwen,appfr,H30,30,huron,huron__bww1_Feb-16-2023-bww1-intloss_00000002,334,0.9580838323353293,0.49079754601226994,0.32619775739041795,0.9815950920245399,0.0,
qwen,appfr,H30,30,huron,huron__bww2_Feb-20-2023-bww2-intloss_00000000,754,0.9363395225464191,0.3333333333333333,0.3223744292237443,1.0,0.0,0.0
qwen,appfr,H30,30,huron,huron__bww2_Feb-20-2023-bww2-intloss_00000001,819,0.9816849816849816,0.3333333333333333,0.3302526186075169,1.0,0.0,0.0
qwen,appfr,H30,30,huron,huron__bww2_Feb-20-2023-bww2-intloss_00000002,482,0.9585062240663901,0.3333333333333333,0.32627118644067793,1.0,0.0,0.0
qwen,appfr,H30,30,huron,huron__bww8_Feb-03-2023-bww8-intloss_00000000,1095,0.7242009132420091,0.33328234367032866,0.28693633602399743,0.9887359198998749,0.011111111111111112,0.0
qwen,appfr,H30,30,huron,huron__bww8_Feb-03-2023-bww8-intloss_00000001,1051,0.8858230256898192,0.3767458262572269,0.3895591219332227,0.993485342019544,0.13675213675213677,0.0
qwen,appfr,H30,30,huron,huron__bww8_Feb-03-2023-bww8-intloss_00000002,705,0.8581560283687943,0.3333333333333333,0.30788804071246817,1.0,0.0,0.0
qwen,appfr,H30,30,huron,huron__cory1_Feb-16-2023-cory1-intloss_00000000,1486,0.9380888290713324,0.326769807782466,0.3226851851851852,0.980309423347398,0.0,0.0
qwen,appfr,H30,30,huron,huron__cory1_Feb-16-2023-cory1-intloss_00000001,2154,0.967966573816156,0.3976122254059217,0.3942434408735913,0.9928366762177651,0.2,0.0
qwen,appfr,H30,30,huron,huron__cory1_Feb-16-2023-cory1-intloss_00000002,1653,0.9576527525710828,0.351682283741335,0.3562633069545363,0.9912170639899623,0.06382978723404255,0.0
qwen,appfr,H30,30,huron,huron__soda3_Feb-21-2023-soda3-intloss_00000000,2414,0.9121789560894781,0.3333333333333333,0.3180242634315425,1.0,0.0,0.0
qwen,appfr,H30,30,huron,huron__soda3_Feb-21-2023-soda3-intloss_00000001,1368,0.7741228070175439,0.4360275489616044,0.4386003253927782,0.9227005870841487,0.3853820598006645,0.0
qwen,appfr,H30,30,huron,huron__soda3_Feb-21-2023-soda3-intloss_00000002,531,0.9585687382297552,0.3677648846525763,0.3868608868608869,0.9980314960629921,0.10526315789473684,0.0
qwen,appfr,H30,30,pal,pal__rosbag2_2025_07_11-13_23_07,2151,0.99581589958159,0.99581589958159,0.3326345213137666,0.99581589958159,,
qwen,appfr,H30,30,pal,pal__rosbag2_2025_07_11-13_37_37,3038,0.6454904542462147,0.5024581195622894,0.2734216676284681,0.9852717115286947,0.019644527595884004,
qwen,appfr,H30,30,pal,pal__rosbag2_2025_07_11-13_55_25,4060,0.34704433497536946,0.33430418805576595,0.18413237094627413,0.9799713876967096,0.022941176470588236,0.0
qwen,appfr,H32,32,crowdbot,crowdbot__defaced_2021-04-24-11-20-18,1619,0.5021618282890673,0.32175736740827227,0.3075087223613519,0.3925925925925926,0.5726795096322241,0.0
qwen,appfr,H32,32,crowdbot,crowdbot__defaced_2021-04-24-11-23-43,1032,0.5503875968992248,0.548849467503044,0.3640839766046396,0.5391705069124424,0.5585284280936454,
qwen,appfr,H32,32,crowdbot,crowdbot__defaced_2021-04-24-11-35-54,1211,0.6399669694467383,0.43187483982199854,0.422766622936725,0.6201859229747676,0.6754385964912281,0.0
qwen,appfr,H32,32,crowdbot,crowdbot__defaced_2021-04-24-11-40-33,986,0.5304259634888439,0.37715160418811183,0.3609025914981538,0.5867620751341681,0.5446927374301676,0.0
qwen,appfr,H32,32,crowdbot,crowdbot__defaced_2021-04-24-11-43-54,583,0.3670668953687822,0.25502730824238584,0.22058150183150182,0.12396694214876033,0.6411149825783972,0.0
qwen,appfr,H32,32,crowdbot,crowdbot__defaced_2021-04-24-11-48-21,1555,0.6321543408360129,0.4287257612970819,0.4248282801029757,0.6620253164556962,0.6241519674355496,0.0
qwen,appfr,H32,32,crowdbot,crowdbot__defaced_2021-04-24-11-55-30,1815,0.503030303030303,0.32872909970290903,0.32611669200867777,0.6066536203522505,0.3795336787564767,0.0
qwen,appfr,H32,32,huron,huron__bww1_Feb-16-2023-bww1-intloss_00000000,342,0.8918128654970761,0.3333333333333333,0.31427099433281813,1.0,0.0,0.0
qwen,appfr,H32,32,huron,huron__bww1_Feb-16-2023-bww1-intloss_00000001,1674,0.8978494623655914,0.3333333333333333,0.31539187913125594,1.0,0.0,0.0
qwen,appfr,H32,32,huron,huron__bww1_Feb-16-2023-bww1-intloss_00000002,334,0.9580838323353293,0.49079754601226994,0.32619775739041795,0.9815950920245399,0.0,
qwen,appfr,H32,32,huron,huron__bww2_Feb-20-2023-bww2-intloss_00000000,754,0.9363395225464191,0.3333333333333333,0.3223744292237443,1.0,0.0,0.0
qwen,appfr,H32,32,huron,huron__bww2_Feb-20-2023-bww2-intloss_00000001,819,0.9816849816849816,0.3333333333333333,0.3302526186075169,1.0,0.0,0.0
qwen,appfr,H32,32,huron,huron__bww2_Feb-20-2023-bww2-intloss_00000002,482,0.9585062240663901,0.3333333333333333,0.32627118644067793,1.0,0.0,0.0
qwen,appfr,H32,32,huron,huron__bww8_Feb-03-2023-bww8-intloss_00000000,1095,0.7251141552511415,0.3328821520728071,0.28488507331666396,0.9912390488110138,0.007407407407407408,0.0
qwen,appfr,H32,32,huron,huron__bww8_Feb-03-2023-bww8-intloss_00000001,1051,0.8867745004757374,0.36964651948365307,0.3783871744801677,0.997828447339848,0.1111111111111111,0.0
qwen,appfr,H32,32,huron,huron__bww8_Feb-03-2023-bww8-intloss_00000002,705,0.8581560283687943,0.3333333333333333,0.30788804071246817,1.0,0.0,0.0
qwen,appfr,H32,32,huron,huron__cory1_Feb-16-2023-cory1-intloss_00000000,1486,0.9340511440107672,0.32536333802156586,0.32196706100672695,0.9760900140646976,0.0,0.0
qwen,appfr,H32,32,huron,huron__cory1_Feb-16-2023-cory1-intloss_00000001,2154,0.9702878365831012,0.43126392868513214,0.4273465066585807,0.9937917860553964,0.3,0.0
qwen,appfr,H32,32,huron,huron__cory1_Feb-16-2023-cory1-intloss_00000002,1653,0.9582577132486388,0.34500832020787175,0.3473555211558308,0.9924717691342535,0.0425531914893617,0.0
qwen,appfr,H32,32,huron,huron__soda3_Feb-21-2023-soda3-intloss_00000000,2414,0.9121789560894781,0.3333333333333333,0.3180242634315425,1.0,0.0,0.0
qwen,appfr,H32,32,huron,huron__soda3_Feb-21-2023-soda3-intloss_00000001,1368,0.7675438596491229,0.4284045571079658,0.4299579311084143,0.9197651663405088,0.3654485049833887,0.0
qwen,appfr,H32,32,huron,huron__soda3_Feb-21-2023-soda3-intloss_00000002,531,0.9548022598870056,0.33267716535433073,0.325626204238921,0.9980314960629921,0.0,0.0
qwen,appfr,H32,32,pal,pal__rosbag2_2025_07_11-13_23_07,2151,0.9962807996280799,0.9962807996280799,0.3327123117528334,0.9962807996280799,,
qwen,appfr,H32,32,pal,pal__rosbag2_2025_07_11-13_37_37,3038,0.6438446346280448,0.5009746486822645,0.2724137525723885,0.9832402234636871,0.018709073900841908,
qwen,appfr,H32,32,pal,pal__rosbag2_2025_07_11-13_55_25,4060,0.3480295566502463,0.3350037869224943,0.1863236636987072,0.9785407725321889,0.026470588235294117,0.0
qwen,appod,H02,2,crowdbot,crowdbot__defaced_2021-04-24-11-20-18,1619,0.40827671402100063,0.28801395285146986,0.2635899938939998,0.4419753086419753,0.4220665499124343,0.0
qwen,appod,H02,2,crowdbot,crowdbot__defaced_2021-04-24-11-23-43,1032,0.4689922480620155,0.47735154046514494,0.3124699374699375,0.5299539170506913,0.42474916387959866,
qwen,appod,H02,2,crowdbot,crowdbot__defaced_2021-04-24-11-35-54,1211,0.5028901734104047,0.3448399384916474,0.3338164446894711,0.46215139442231074,0.5723684210526315,0.0
qwen,appod,H02,2,crowdbot,crowdbot__defaced_2021-04-24-11-40-33,986,0.4695740365111562,0.3283163936665301,0.3155404656613822,0.5491949910554562,0.43575418994413406,0.0
qwen,appod,H02,2,crowdbot,crowdbot__defaced_2021-04-24-11-43-54,583,0.4099485420240137,0.30047705435732047,0.2857759812050857,0.4380165289256198,0.4634146341463415,0.0
qwen,appod,H02,2,crowdbot,crowdbot__defaced_2021-04-24-11-48-21,1555,0.5401929260450161,0.3656876721112505,0.3621742918671342,0.5936708860759494,0.5033921302578019,0.0
qwen,appod,H02,2,crowdbot,crowdbot__defaced_2021-04-24-11-55-30,1815,0.4914600550964187,0.3355049025075287,0.3293078841683559,0.4598825831702544,0.5466321243523317,0.0
qwen,appod,H02,2,huron,huron__bww1_Feb-16-2023-bww1-intloss_00000000,342,0.8888888888888888,0.45870413739266197,0.460848182921377,0.9475409836065574,0.42857142857142855,0.0
qwen,appod,H02,2,huron,huron__bww1_Feb-16-2023-bww1-intloss_00000001,1674,0.8984468339307049,0.4304842695561259,0.44723374078449646,0.9640718562874252,0.3273809523809524,0.0
qwen,appod,H02,2,huron,huron__bww1_Feb-16-2023-bww1-intloss_00000002,334,0.9520958083832335,0.8535276073619632,0.4678571428571428,0.9570552147239264,0.75,
qwen,appod,H02,2,huron,huron__bww2_Feb-20-2023-bww2-intloss_00000000,754,0.8448275862068966,0.3934362003495871,0.36931152632200787,0.8824362606232294,0.2978723404255319,0.0
qwen,appod,H02,2,huron,huron__bww2_Feb-20-2023-bww2-intloss_00000001,819,0.8791208791208791,0.3994131904579666,0.3371398035105027,0.8905472636815921,0.3076923076923077,0.0
qwen,appod,H02,2,huron,huron__bww2_Feb-20-2023-bww2-intloss_00000002,482,0.8423236514522822,0.3740981240981241,0.33162315550510785,0.8722943722943723,0.25,0.0
qwen,appod,H02,2,huron,huron__bww8_Feb-03-2023-bww8-intloss_00000000,1095,0.6584474885844749,0.38007849317820114,0.375375060387495,0.7809762202753442,0.3592592592592593,0.0
qwen,appod,H02,2,huron,huron__bww8_Feb-03-2023-bww8-intloss_00000001,1051,0.8658420551855376,0.5034475718514807,0.47840700277304465,0.9120521172638436,0.5982905982905983,0.0
qwen,appod,H02,2,huron,huron__bww8_Feb-03-2023-bww8-intloss_00000002,705,0.8226950354609929,0.4024366585186048,0.3936183979442811,0.9256198347107438,0.28169014084507044,0.0
qwen,appod,H02,2,huron,huron__cory1_Feb-16-2023-cory1-intloss_00000000,1486,0.9394347240915208,0.3272386310360994,0.32292389544297945,0.9817158931082982,0.0,0.0
qwen,appod,H02,2,huron,huron__cory1_Feb-16-2023-cory1-intloss_00000001,2154,0.9001857010213556,0.4291308500477555,0.349929811468273,0.9207258834765998,0.36666666666666664,0.0
qwen,appod,H02,2,huron,huron__cory1_Feb-16-2023-cory1-intloss_00000002,1653,0.8747731397459165,0.44692864198190013,0.3692606279382364,0.8939774153074027,0.44680851063829785,0.0
qwen,appod,H02,2,huron,huron__soda3_Feb-21-2023-soda3-intloss_00000000,2414,0.8111019055509527,0.44285148699317634,0.39560441747287833,0.846503178928247,0.48205128205128206,0.0
qwen,appod,H02,2,huron,huron__soda3_Feb-21-2023-soda3-intloss_00000001,1368,0.6542397660818714,0.445038607988592,0.40672129049321754,0.6839530332681018,0.6511627906976745,0.0
qwen,appod,H02,2,huron,huron__soda3_Feb-21-2023-soda3-intloss_00000002,531,0.9548022598870056,0.3495648570244509,0.3559143559143559,0.9960629921259843,0.05263157894736842,0.0
qwen,appod,H02,2,pal,pal__rosbag2_2025_07_11-13_23_07,2151,0.8200836820083682,0.8200836820083682,0.3003831417624521,0.8200836820083682,,
qwen,appod,H02,2,pal,pal__rosbag2_2025_07_11-13_37_37,3038,0.6649111257406188,0.5867085760057316,0.3903075521927981,0.8506856272219401,0.32273152478952294,
qwen,appod,H02,2,pal,pal__rosbag2_2025_07_11-13_55_25,4060,0.43103448275862066,0.3881632023338663,0.3226030871108814,0.7603719599427754,0.4041176470588235,0.0
qwen,appod,H04,4,crowdbot,crowdbot__defaced_2021-04-24-11-20-18,1619,0.4564546016059296,0.26563245479377023,0.26187737924857124,0.23209876543209876,0.5647985989492119,0.0
qwen,appod,H04,4,crowdbot,crowdbot__defaced_2021-04-24-11-23-43,1032,0.5087209302325582,0.4809850037760276,0.317131673185075,0.3064516129032258,0.6555183946488294,
qwen,appod,H04,4,crowdbot,crowdbot__defaced_2021-04-24-11-35-54,1211,0.5210569777043765,0.38600568486288767,0.34505050505050505,0.3466135458167331,0.8114035087719298,0.0
qwen,appod,H04,4,crowdbot,crowdbot__defaced_2021-04-24-11-40-33,986,0.4239350912778905,0.3336231565411765,0.2897559960459914,0.29695885509839,0.7039106145251397,0.0
qwen,appod,H04,4,crowdbot,crowdbot__defaced_2021-04-24-11-43-54,583,0.4339622641509434,0.3003234754897726,0.2525289848851864,0.12396694214876033,0.7770034843205574,0.0
qwen,appod,H04,4,crowdbot,crowdbot__defaced_2021-04-24-11-48-21,1555,0.5376205787781351,0.3691278933296693,0.35387106511819155,0.37468354430379747,0.7327001356852103,0.0
qwen,appod,H04,4,crowdbot,crowdbot__defaced_2021-04-24-11-55-30,1815,0.44573002754820934,0.3246994446866687,0.28503128519784177,0.22798434442270057,0.7461139896373057,0.0
qwen,appod,H04,4,huron,huron__bww1_Feb-16-2023-bww1-intloss_00000000,342,0.9181286549707602,0.478064012490242,0.5022841143530798,0.9770491803278688,0.45714285714285713,0.0
qwen,appod,H04,4,huron,huron__bww1_Feb-16-2023-bww1-intloss_00000001,1674,0.9086021505376344,0.4395415518170009,0.46213292243274634,0.9733865602129075,0.34523809523809523,0.0
qwen,appod,H04,4,huron,huron__bww1_Feb-16-2023-bww1-intloss_00000002,334,0.9401197604790419,0.9083588957055215,0.4600729881858106,0.941717791411043,0.875,
qwen,appod,H04,4,huron,huron__bww2_Feb-20-2023-bww2-intloss_00000000,754,0.7877984084880637,0.4393345789886083,0.36945579439805765,0.8073654390934845,0.5106382978723404,0.0
qwen,appod,H04,4,huron,huron__bww2_Feb-20-2023-bww2-intloss_00000001,819,0.8913308913308914,0.35310626355402475,0.3288278140722385,0.9054726368159204,0.15384615384615385,0.0
qwen,appod,H04,4,huron,huron__bww2_Feb-20-2023-bww2-intloss_00000002,482,0.8049792531120332,0.27994227994227994,0.2973180076628353,0.8398268398268398,0.0,0.0
qwen,appod,H04,4,huron,huron__bww8_Feb-03-2023-bww8-intloss_00000000,1095,0.589041095890411,0.34101577589270543,0.33515656889614553,0.6971214017521903,0.32592592592592595,0.0
qwen,appod,H04,4,huron,huron__bww8_Feb-03-2023-bww8-intloss_00000001,1051,0.8163653663177926,0.4697049843629649,0.43357345651247853,0.8621064060803475,0.5470085470085471,0.0
qwen,appod,H04,4,huron,huron__bww8_Feb-03-2023-bww8-intloss_00000002,705,0.7943262411347518,0.3706980173049315,0.3610502510258011,0.9008264462809917,0.2112676056338028,0.0
qwen,appod,H04,4,huron,huron__cory1_Feb-16-2023-cory1-intloss_00000000,1486,0.9441453566621804,0.32887951242381624,0.323756778585439,0.9866385372714487,0.0,0.0
qwen,appod,H04,4,huron,huron__cory1_Feb-16-2023-cory1-intloss_00000001,2154,0.8667595171773445,0.3957656797198344,0.3312510411460936,0.8872970391595033,0.3,0.0
qwen,appod,H04,4,huron,huron__cory1_Feb-16-2023-cory1-intloss_00000002,1653,0.8475499092558983,0.4031029481121582,0.34444339115871964,0.8688833124215809,0.3404255319148936,0.0
qwen,appod,H04,4,huron,huron__soda3_Feb-21-2023-soda3-intloss_00000000,2414,0.7220381110190555,0.31682386641514704,0.3104419324739937,0.7761126248864668,0.17435897435897435,0.0
qwen,appod,H04,4,huron,huron__soda3_Feb-21-2023-soda3-intloss_00000001,1368,0.5862573099415205,0.41704971252597883,0.37050985904041545,0.5900195694716243,0.6611295681063123,0.0
qwen,appod,H04,4,huron,huron__soda3_Feb-21-2023-soda3-intloss_00000002,531,0.9529190207156308,0.41645945572592896,0.4297027290448343,0.9862204724409449,0.2631578947368421,0.0
qwen,appod,H04,4,pal,pal__rosbag2_2025_07_11-13_23_07,2151,0.601580660158066,0.601580660158066,0.25041122399612964,0.601580660158066,,
qwen,appod,H04,4,pal,pal__rosbag2_2025_07_11-13_37_37,3038,0.5789993416721527,0.5856374839003621,0.37944309361864076,0.5632300660233621,0.608044901777362,
qwen,appod,H04,4,pal,pal__rosbag2_2025_07_11-13_55_25,4060,0.5004926108374385,0.4293946534264636,0.3730031315588925,0.522889842632332,0.7652941176470588,0.0
qwen,appod,H06,6,crowdbot,crowdbot__defaced_2021-04-24-11-20-18,1619,0.4972205064854849,0.2833034240701102,0.27851540569535466,0.22469135802469137,0.6252189141856392,0.0
qwen,appod,H06,6,crowdbot,crowdbot__defaced_2021-04-24-11-23-43,1032,0.4951550387596899,0.46833145816315525,0.30894234297349793,0.2995391705069124,0.637123745819398,
qwen,appod,H06,6,crowdbot,crowdbot__defaced_2021-04-24-11-35-54,1211,0.5359207266721717,0.40175846322313086,0.3530766444133933,0.3346613545816733,0.8706140350877193,0.0
qwen,appod,H06,6,crowdbot,crowdbot__defaced_2021-04-24-11-40-33,986,0.48782961460446245,0.37788615611143866,0.33556329457166467,0.3738819320214669,0.7597765363128491,0.0
qwen,appod,H06,6,crowdbot,crowdbot__defaced_2021-04-24-11-43-54,583,0.4391080617495712,0.30229600406984,0.24533003810112244,0.09504132231404959,0.8118466898954704,0.0
qwen,appod,H06,6,crowdbot,crowdbot__defaced_2021-04-24-11-48-21,1555,0.5633440514469453,0.3872799409168198,0.36883269843022504,0.3721518987341772,0.7896879240162822,0.0
qwen,appod,H06,6,crowdbot,crowdbot__defaced_2021-04-24-11-55-30,1815,0.46611570247933887,0.3422595810983915,0.2932106895103546,0.21330724070450097,0.8134715025906736,0.0
qwen,appod,H06,6,huron,huron__bww1_Feb-16-2023-bww1-intloss_00000000,342,0.9035087719298246,0.39672131147540984,0.41976859119716264,0.9901639344262295,0.2,0.0
qwen,appod,H06,6,huron,huron__bww1_Feb-16-2023-bww1-intloss_00000001,1674,0.9074074074074074,0.3915145898678833,0.4134048918910582,0.9900199600798403,0.18452380952380953,0.0
qwen,appod,H06,6,huron,huron__bww1_Feb-16-2023-bww1-intloss_00000002,334,0.9341317365269461,0.6614263803680982,0.39330357142857136,0.9478527607361963,0.375,
qwen,appod,H06,6,huron,huron__bww2_Feb-20-2023-bww2-intloss_00000000,754,0.8885941644562334,0.4685974323428365,0.43187707909076933,0.9164305949008499,0.48936170212765956,0.0
qwen,appod,H06,6,huron,huron__bww2_Feb-20-2023-bww2-intloss_00000001,819,0.9584859584859585,0.40113534889654295,0.377727469775059,0.972636815920398,0.23076923076923078,0.0
qwen,appod,H06,6,huron,huron__bww2_Feb-20-2023-bww2-intloss_00000002,482,0.8796680497925311,0.332972582972583,0.3247674154753801,0.9155844155844156,0.08333333333333333,0.0
qwen,appod,H06,6,huron,huron__bww8_Feb-03-2023-bww8-intloss_00000000,1095,0.6821917808219178,0.3737604103895302,0.3712556451063356,0.8397997496871089,0.2814814814814815,0.0
qwen,appod,H06,6,huron,huron__bww8_Feb-03-2023-bww8-intloss_00000001,1051,0.8629876308277831,0.43769778297465595,0.4390255921157209,0.9370249728555917,0.37606837606837606,0.0
qwen,appod,H06,6,huron,huron__bww8_Feb-03-2023-bww8-intloss_00000002,705,0.826950354609929,0.35436309315950804,0.3495109944818216,0.9504132231404959,0.11267605633802817,0.0
qwen,appod,H06,6,huron,huron__cory1_Feb-16-2023-cory1-intloss_00000000,1486,0.9414535666218035,0.32794186591654945,0.32328134026574235,0.9838255977496484,0.0,0.0
qwen,appod,H06,6,huron,huron__cory1_Feb-16-2023-cory1-intloss_00000001,2154,0.9480037140204272,0.3907672715695638,0.36623226526382907,0.9723018147086915,0.2,0.0
qwen,appod,H06,6,huron,huron__cory1_Feb-16-2023-cory1-intloss_00000002,1653,0.9165154264972777,0.3856438595086183,0.36357082273112806,0.9441656210790464,0.2127659574468085,0.0
qwen,appod,H06,6,huron,huron__soda3_Feb-21-2023-soda3-intloss_00000000,2414,0.8492129246064622,0.3617387456624514,0.3581434539900994,0.915985467756585,0.16923076923076924,0.0
qwen,appod,H06,6,huron,huron__soda3_Feb-21-2023-soda3-intloss_00000001,1368,0.6849415204678363,0.44858083405391463,0.4190246619613538,0.7377690802348337,0.6079734219269103,0.0
qwen,appod,H06,6,huron,huron__soda3_Feb-21-2023-soda3-intloss_00000002,531,0.9548022598870056,0.40022793203481144,0.4208044382801665,0.9901574803149606,0.21052631578947367,0.0
qwen,appod,H06,6,pal,pal__rosbag2_2025_07_11-13_23_07,2151,0.7117619711761971,0.7117619711761971,0.27720441788882855,0.7117619711761971,,
qwen,appod,H06,6,pal,pal__rosbag2_2025_07_11-13_37_37,3038,0.6395655036208031,0.5729278560437008,0.38204337536061755,0.797866937531742,0.3479887745556595,
qwen,appod,H06,6,pal,pal__rosbag2_2025_07_11-13_55_25,4060,0.4770935960591133,0.42152598950882214,0.3611920127885479,0.7045779685264664,0.56,0.0
qwen,appod,H08,8,crowdbot,crowdbot__defaced_2021-04-24-11-20-18,1619,0.49536751080914143,0.306861112912874,0.2965601423441384,0.33827160493827163,0.5823117338003503,0.0
qwen,appod,H08,8,crowdbot,crowdbot__defaced_2021-04-24-11-23-43,1032,0.4883720930232558,0.4691136353127938,0.3121391690599871,0.347926267281106,0.5903010033444817,
qwen,appod,H08,8,crowdbot,crowdbot__defaced_2021-04-24-11-35-54,1211,0.5119735755573905,0.377964749190373,0.3397333112929443,0.3466135458167331,0.7872807017543859,0.0
qwen,appod,H08,8,crowdbot,crowdbot__defaced_2021-04-24-11-40-33,986,0.4685598377281947,0.3551733442600014,0.3237953672736282,0.4007155635062612,0.664804469273743,0.0
qwen,appod,H08,8,crowdbot,crowdbot__defaced_2021-04-24-11-43-54,583,0.4288164665523156,0.30094259029957476,0.26957157472222026,0.2024793388429752,0.7003484320557491,0.0
qwen,appod,H08,8,crowdbot,crowdbot__defaced_2021-04-24-11-48-21,1555,0.5401929260450161,0.3704211966634034,0.3588311085467379,0.3962025316455696,0.7150610583446404,0.0
qwen,appod,H08,8,crowdbot,crowdbot__defaced_2021-04-24-11-55-30,1815,0.47878787878787876,0.34374081096701575,0.3138026041534813,0.29158512720156554,0.7396373056994818,0.0
qwen,appod,H08,8,huron,huron__bww1_Feb-16-2023-bww1-intloss_00000000,342,0.8918128654970761,0.36705698672911785,0.37604784607732533,0.9868852459016394,0.11428571428571428,0.0
qwen,appod,H08,8,huron,huron__bww1_Feb-16-2023-bww1-intloss_00000001,1674,0.9068100358422939,0.38776811456452176,0.4083682911067626,0.9906852960745176,0.17261904761904762,0.0
qwen,appod,H08,8,huron,huron__bww1_Feb-16-2023-bww1-intloss_00000002,334,0.937125748502994,0.6629601226993864,0.3964869705899347,0.950920245398773,0.375,
qwen,appod,H08,8,huron,huron__bww2_Feb-20-2023-bww2-intloss_00000000,754,0.8779840848806366,0.45820022903984087,0.41962351077997334,0.9065155807365439,0.46808510638297873,0.0
qwen,appod,H08,8,huron,huron__bww2_Feb-20-2023-bww2-intloss_00000001,819,0.9511599511599511,0.37342135476463834,0.35618038219536047,0.9664179104477612,0.15384615384615385,0.0
qwen,appod,H08,8,huron,huron__bww2_Feb-20-2023-bww2-intloss_00000002,482,0.8630705394190872,0.30014430014430016,0.3088344469190794,0.9004329004329005,0.0,0.0
qwen,appod,H08,8,huron,huron__bww8_Feb-03-2023-bww8-intloss_00000000,1095,0.6694063926940639,0.37527619400794204,0.3722961171570603,0.8110137672090113,0.3148148148148148,0.0
qwen,appod,H08,8,huron,huron__bww8_Feb-03-2023-bww8-intloss_00000001,1051,0.8591817316841104,0.45365962304073054,0.44843814553358124,0.9250814332247557,0.4358974358974359,0.0
qwen,appod,H08,8,huron,huron__bww8_Feb-03-2023-bww8-intloss_00000002,705,0.8326241134751773,0.3814301788693594,0.37916698745092003,0.947107438016529,0.19718309859154928,0.0
qwen,appod,H08,8,huron,huron__cory1_Feb-16-2023-cory1-intloss_00000000,1486,0.9387617765814267,0.3270042194092827,0.3228045817424505,0.9810126582278481,0.0,0.0
qwen,appod,H08,8,huron,huron__cory1_Feb-16-2023-cory1-intloss_00000001,2154,0.9442896935933147,0.41139764406240054,0.37254115046821384,0.9675262655205349,0.26666666666666666,0.0
qwen,appod,H08,8,huron,huron__cory1_Feb-16-2023-cory1-intloss_00000002,1653,0.9032062915910466,0.36727711186452744,0.3485335054227969,0.9316185696361355,0.1702127659574468,0.0
qwen,appod,H08,8,huron,huron__soda3_Feb-21-2023-soda3-intloss_00000000,2414,0.8347141673570837,0.35332448356971513,0.3489189558289116,0.9009990917347865,0.15897435897435896,0.0
qwen,appod,H08,8,huron,huron__soda3_Feb-21-2023-soda3-intloss_00000001,1368,0.6681286549707602,0.45357939289127563,0.41517230775144637,0.6996086105675147,0.6611295681063123,0.0
qwen,appod,H08,8,huron,huron__soda3_Feb-21-2023-soda3-intloss_00000002,531,0.96045197740113,0.4190841276419395,0.45000059872352144,0.9940944881889764,0.2631578947368421,0.0
qwen,appod,H08,8,pal,pal__rosbag2_2025_07_11-13_23_07,2151,0.6522547652254765,0.6522547652254765,0.2631776402175952,0.6522547652254765,,
qwen,appod,H08,8,pal,pal__rosbag2_2025_07_11-13_37_37,3038,0.576366030283081,0.5367858020078285,0.3577952353579869,0.6703910614525139,0.4031805425631431,
qwen,appod,H08,8,pal,pal__rosbag2_2025_07_11-13_55_25,4060,0.49088669950738917,0.427847064433785,0.37071922732918466,0.6258941344778255,0.6576470588235294,0.0
qwen,appod,H10,10,crowdbot,crowdbot__defaced_2021-04-24-11-20-18,1619,0.5163681284743669,0.3120047854821157,0.30437500127309175,0.3160493827160494,0.6199649737302977,0.0
qwen,appod,H10,10,crowdbot,crowdbot__defaced_2021-04-24-11-23-43,1032,0.5203488372093024,0.49733751521970315,0.3306719278847539,0.35253456221198154,0.6421404682274248,
qwen,appod,H10,10,crowdbot,crowdbot__defaced_2021-04-24-11-35-54,1211,0.5103220478943022,0.3773677220940798,0.3388634630053395,0.3426294820717131,0.7894736842105263,0.0
qwen,appod,H10,10,crowdbot,crowdbot__defaced_2021-04-24-11-40-33,986,0.4827586206896552,0.3675391344613119,0.33435064694323957,0.40429338103756707,0.6983240223463687,0.0
qwen,appod,H10,10,crowdbot,crowdbot__defaced_2021-04-24-11-43-54,583,0.44768439108061747,0.3126385809312639,0.27447162386921425,0.18181818181818182,0.7560975609756098,0.0
qwen,appod,H10,10,crowdbot,crowdbot__defaced_2021-04-24-11-48-21,1555,0.5543408360128618,0.39173289397169997,0.38150859192525854,0.4,0.7394843962008141,0.03571428571428571
qwen,appod,H10,10,crowdbot,crowdbot__defaced_2021-04-24-11-55-30,1815,0.4743801652892562,0.3581571010593652,0.3250354351749298,0.2690802348336595,0.7577720207253886,0.047619047619047616
qwen,appod,H10,10,huron,huron__bww1_Feb-16-2023-bww1-intloss_00000000,342,0.8801169590643275,0.3626854020296643,0.3678583946722748,0.9737704918032787,0.11428571428571428,0.0
qwen,appod,H10,10,huron,huron__bww1_Feb-16-2023-bww1-intloss_00000001,1674,0.9127837514934289,0.4128964293634952,0.44107305503829314,0.9886892880904857,0.25,0.0
qwen,appod,H10,10,huron,huron__bww1_Feb-16-2023-bww1-intloss_00000002,334,0.9281437125748503,0.6583588957055215,0.38746081504702196,0.941717791411043,0.375,
qwen,appod,H10,10,huron,huron__bww2_Feb-20-2023-bww2-intloss_00000000,754,0.896551724137931,0.4118497980832982,0.4036772864162308,0.9376770538243626,0.2978723404255319,0.0
qwen,appod,H10,10,huron,huron__bww2_Feb-20-2023-bww2-intloss_00000001,819,0.9633699633699634,0.4027937236892461,0.3859146654916648,0.9776119402985075,0.23076923076923078,0.0
qwen,appod,H10,10,huron,huron__bww2_Feb-20-2023-bww2-intloss_00000002,482,0.8983402489626556,0.3124098124098124,0.31548269581056465,0.9372294372294372,0.0,0.0
qwen,appod,H10,10,huron,huron__bww8_Feb-03-2023-bww8-intloss_00000000,1095,0.691324200913242,0.39346250714627856,0.3913488480017037,0.8285356695869838,0.35185185185185186,0.0
qwen,appod,H10,10,huron,huron__bww8_Feb-03-2023-bww8-intloss_00000001,1051,0.8648905803996194,0.45334409829523836,0.45161036702678703,0.9326818675352877,0.42735042735042733,0.0
qwen,appod,H10,10,huron,huron__bww8_Feb-03-2023-bww8-intloss_00000002,705,0.826950354609929,0.366794707639778,0.3637905241335837,0.9454545454545454,0.15492957746478872,0.0
qwen,appod,H10,10,huron,huron__cory1_Feb-16-2023-cory1-intloss_00000000,1486,0.9441453566621804,0.32887951242381624,0.323756778585439,0.9866385372714487,0.0,0.0
qwen,appod,H10,10,huron,huron__cory1_Feb-16-2023-cory1-intloss_00000001,2154,0.9568245125348189,0.4814071951607768,0.4226171249253085,0.9775549188156638,0.4666666666666667,0.0
qwen,appod,H10,10,huron,huron__cory1_Feb-16-2023-cory1-intloss_00000002,1653,0.9098608590441621,0.35581124251403756,0.3441600500295934,0.9397741530740276,0.1276595744680851,0.0
qwen,appod,H10,10,huron,huron__soda3_Feb-21-2023-soda3-intloss_00000000,2414,0.8608119304059652,0.3862316309182794,0.38082132458104695,0.9227974568574023,0.2358974358974359,0.0
qwen,appod,H10,10,huron,huron__soda3_Feb-21-2023-soda3-intloss_00000001,1368,0.6966374269005848,0.47645595351871234,0.4354848915697813,0.7250489236790607,0.7043189368770764,0.0
qwen,appod,H10,10,huron,huron__soda3_Feb-21-2023-soda3-intloss_00000002,531,0.9548022598870056,0.36645254869457106,0.3811519449817322,0.9940944881889764,0.10526315789473684,0.0
qwen,appod,H10,10,pal,pal__rosbag2_2025_07_11-13_23_07,2151,0.699674569967457,0.699674569967457,0.27443471918307805,0.699674569967457,,
qwen,appod,H10,10,pal,pal__rosbag2_2025_07_11-13_37_37,3038,0.673798551678736,0.5959165474584782,0.39715594953409233,0.8588115794819705,0.333021515434986,
qwen,appod,H10,10,pal,pal__rosbag2_2025_07_11-13_55_25,4060,0.44704433497536944,0.3991716457684648,0.3375319778738766,0.7310443490701002,0.46647058823529414,0.0
qwen,appod,H12,12,crowdbot,crowdbot__defaced_2021-04-24-11-20-18,1619,0.5348980852378011,0.30642004136847495,0.3013755025184485,0.24938271604938272,0.669877408056042,0.0
qwen,appod,H12,12,crowdbot,crowdbot__defaced_2021-04-24-11-23-43,1032,0.5232558139534884,0.4932108564647134,0.32575951191685903,0.30414746543778803,0.6822742474916388,
qwen,appod,H12,12,crowdbot,crowdbot__defaced_2021-04-24-11-35-54,1211,0.4838976052848885,0.36752696815078867,0.3173422243880399,0.28021248339973437,0.8223684210526315,0.0
qwen,appod,H12,12,crowdbot,crowdbot__defaced_2021-04-24-11-40-33,986,0.4746450304259635,0.36912983080321005,0.32815411479749906,0.3559928443649374,0.7513966480446927,0.0
qwen,appod,H12,12,crowdbot,crowdbot__defaced_2021-04-24-11-43-54,583,0.4322469982847341,0.30045785699887695,0.2588522588522588,0.1487603305785124,0.7526132404181185,0.0
qwen,appod,H12,12,crowdbot,crowdbot__defaced_2021-04-24-11-48-21,1555,0.5511254019292604,0.390806570468388,0.37340163558701406,0.34430379746835443,0.7924016282225237,0.03571428571428571
qwen,appod,H12,12,crowdbot,crowdbot__defaced_2021-04-24-11-55-30,1815,0.45289256198347105,0.348499955498323,0.30060857225010523,0.2025440313111546,0.7953367875647669,0.047619047619047616
qwen,appod,H12,12,huron,huron__bww1_Feb-16-2023-bww1-intloss_00000000,342,0.8830409356725146,0.3384855581576893,0.32923156801661474,0.9868852459016394,0.02857142857142857,0.0
qwen,appod,H12,12,huron,huron__bww1_Feb-16-2023-bww1-intloss_00000001,1674,0.9163679808841099,0.4230388429490226,0.45398938462522276,0.9893546240851631,0.27976190476190477,0.0
qwen,appod,H12,12,huron,huron__bww1_Feb-16-2023-bww1-intloss_00000002,334,0.9311377245508982,0.5989263803680982,0.3707555709635793,0.9478527607361963,0.25,
qwen,appod,H12,12,huron,huron__bww2_Feb-20-2023-bww2-intloss_00000000,754,0.9111405835543767,0.4104233218813413,0.4117529574435397,0.9546742209631728,0.2765957446808511,0.0
qwen,appod,H12,12,huron,huron__bww2_Feb-20-2023-bww2-intloss_00000001,819,0.9719169719169719,0.3552430156907769,0.35756579242926584,0.9888059701492538,0.07692307692307693,0.0
qwen,appod,H12,12,huron,huron__bww2_Feb-20-2023-bww2-intloss_00000002,482,0.9294605809128631,0.32323232323232326,0.3211469534050179,0.9696969696969697,0.0,0.0
qwen,appod,H12,12,huron,huron__bww8_Feb-03-2023-bww8-intloss_00000000,1095,0.6958904109589041,0.38328775166488976,0.38187344570323295,0.853566958698373,0.2962962962962963,0.0
qwen,appod,H12,12,huron,huron__bww8_Feb-03-2023-bww8-intloss_00000001,1051,0.8629876308277831,0.42774947335207925,0.4328772585669782,0.9413680781758957,0.3418803418803419,0.0
qwen,appod,H12,12,huron,huron__bww8_Feb-03-2023-bww8-intloss_00000002,705,0.8397163120567376,0.3634656423388818,0.3623734496153476,0.9636363636363636,0.1267605633802817,0.0
qwen,appod,H12,12,huron,huron__cory1_Feb-16-2023-cory1-intloss_00000000,1486,0.9448183041722745,0.32911392405063294,0.3238754325259516,0.9873417721518988,0.0,0.0
qwen,appod,H12,12,huron,huron__cory1_Feb-16-2023-cory1-intloss_00000001,2154,0.9610027855153204,0.46093600764087866,0.4193221928763607,0.9828080229226361,0.4,0.0
qwen,appod,H12,12,huron,huron__cory1_Feb-16-2023-cory1-intloss_00000002,1653,0.9219600725952813,0.3737597551100314,0.3596322186535676,0.9510664993726474,0.1702127659574468,0.0
qwen,appod,H12,12,huron,huron__soda3_Feb-21-2023-soda3-intloss_00000000,2414,0.867854183927092,0.38880504902303265,0.38518075160301707,0.9305177111716622,0.2358974358974359,0.0
qwen,appod,H12,12,huron,huron__soda3_Feb-21-2023-soda3-intloss_00000001,1368,0.7046783625730995,0.48316873738982685,0.4416483731293453,0.7318982387475538,0.717607973421927,0.0
qwen,appod,H12,12,huron,huron__soda3_Feb-21-2023-soda3-intloss_00000002,531,0.9472693032015066,0.3469401851084404,0.3499304313257801,0.9881889763779528,0.05263157894736842,0.0
qwen,appod,H12,12,pal,pal__rosbag2_2025_07_11-13_23_07,2151,0.7215248721524872,0.7215248721524872,0.2794130884868125,0.7215248721524872,,
qwen,appod,H12,12,pal,pal__rosbag2_2025_07_11-13_37_37,3038,0.6458196181698486,0.5608631638858813,0.369605806998154,0.8476383951244286,0.27408793264733394,
qwen,appod,H12,12,pal,pal__rosbag2_2025_07_11-13_55_25,4060,0.4445812807881773,0.3984815843361665,0.3341286875606962,0.7525035765379113,0.4429411764705882,0.0
qwen,appod,H14,14,crowdbot,crowdbot__defaced_2021-04-24-11-20-18,1619,0.5441630636195183,0.3102671653946221,0.3049410967031105,0.24691358024691357,0.6838879159369528,0.0
qwen,appod,H14,14,crowdbot,crowdbot__defaced_2021-04-24-11-23-43,1032,0.5193798449612403,0.492394001510411,0.3261831121753301,0.3225806451612903,0.6622073578595318,
qwen,appod,H14,14,crowdbot,crowdbot__defaced_2021-04-24-11-35-54,1211,0.4929810074318745,0.3718197385895017,0.32412449756182155,0.29747675962815406,0.8179824561403509,0.0
qwen,appod,H14,14,crowdbot,crowdbot__defaced_2021-04-24-11-40-33,986,0.49594320486815413,0.3813173963882032,0.34292270229770233,0.3953488372093023,0.7486033519553073,0.0
qwen,appod,H14,14,crowdbot,crowdbot__defaced_2021-04-24-11-43-54,583,0.45969125214408235,0.31688119714727253,0.2582356225572306,0.10743801652892562,0.8432055749128919,0.0
qwen,appod,H14,14,crowdbot,crowdbot__defaced_2021-04-24-11-48-21,1555,0.5755627009646302,0.4069616981670638,0.39368095474652853,0.38734177215189874,0.7978290366350068,0.03571428571428571
qwen,appod,H14,14,crowdbot,crowdbot__defaced_2021-04-24-11-55-30,1815,0.4556473829201102,0.33447826571894995,0.28849374408717454,0.20939334637964774,0.7940414507772021,0.0
qwen,appod,H14,14,huron,huron__bww1_Feb-16-2023-bww1-intloss_00000000,342,0.8830409356725146,0.3384855581576893,0.32923156801661474,0.9868852459016394,0.02857142857142857,0.0
qwen,appod,H14,14,huron,huron__bww1_Feb-16-2023-bww1-intloss_00000001,1674,0.9169653524492234,0.41092418337927317,0.44198241066250016,0.9946773120425815,0.23809523809523808,0.0
qwen,appod,H14,14,huron,huron__bww1_Feb-16-2023-bww1-intloss_00000002,334,0.9341317365269461,0.6004601226993864,0.3731927470245227,0.950920245398773,0.25,
qwen,appod,H14,14,huron,huron__bww2_Feb-20-2023-bww2-intloss_00000000,754,0.9323607427055703,0.4113575633375525,0.4295782174358587,0.9787535410764873,0.2553191489361702,0.0
qwen,appod,H14,14,huron,huron__bww2_Feb-20-2023-bww2-intloss_00000001,819,0.978021978021978,0.35731598418165583,0.36666208854095134,0.9950248756218906,0.07692307692307693,0.0
qwen,appod,H14,14,huron,huron__bww2_Feb-20-2023-bww2-intloss_00000002,482,0.9377593360995851,0.3261183261183261,0.32262669521770165,0.9783549783549783,0.0,0.0
qwen,appod,H14,14,huron,huron__bww8_Feb-03-2023-bww8-intloss_00000000,1095,0.6986301369863014,0.3698264806316538,0.3664046922918735,0.8798498122653317,0.22962962962962963,0.0
qwen,appod,H14,14,huron,huron__bww8_Feb-03-2023-bww8-intloss_00000001,1051,0.8696479543292103,0.4054121773991481,0.4163952529650315,0.9598262757871878,0.2564102564102564,0.0
qwen,appod,H14,14,huron,huron__bww8_Feb-03-2023-bww8-intloss_00000002,705,0.8312056737588652,0.33529662825437473,0.3232976653696498,0.9636363636363636,0.04225352112676056,0.0
qwen,appod,H14,14,huron,huron__cory1_Feb-16-2023-cory1-intloss_00000000,1486,0.9528936742934051,0.33192686357243323,0.32529290144727774,0.9957805907172996,0.0,0.0
qwen,appod,H14,14,huron,huron__cory1_Feb-16-2023-cory1-intloss_00000001,2154,0.9670380687093779,0.4191977077363897,0.41040004382040934,0.9909264565425024,0.26666666666666666,0.0
qwen,appod,H14,14,huron,huron__cory1_Feb-16-2023-cory1-intloss_00000002,1653,0.9249848759830611,0.374805342730274,0.36172281617007734,0.9542032622333751,0.1702127659574468,0.0
qwen,appod,H14,14,huron,huron__soda3_Feb-21-2023-soda3-intloss_00000000,2414,0.875724937862469,0.39323924637276136,0.3916344232918691,0.9386920980926431,0.24102564102564103,0.0
qwen,appod,H14,14,huron,huron__soda3_Feb-21-2023-soda3-intloss_00000001,1368,0.7119883040935673,0.48330526858720546,0.44469975409649304,0.7455968688845401,0.7043189368770764,0.0
qwen,appod,H14,14,huron,huron__soda3_Feb-21-2023-soda3-intloss_00000002,531,0.9491525423728814,0.3644840447575632,0.37398666043994205,0.9881889763779528,0.10526315789473684,0.0
qwen,appod,H14,14,pal,pal__rosbag2_2025_07_11-13_23_07,2151,0.7949790794979079,0.7949790794979079,0.29526029526029524,0.7949790794979079,,
qwen,appod,H14,14,pal,pal__rosbag2_2025_07_11-13_37_37,3038,0.6454904542462147,0.546285241638284,0.35291952774426,0.8811579481970544,0.21141253507951357,
qwen,appod,H14,14,pal,pal__rosbag2_2025_07_11-13_55_25,4060,0.4044334975369458,0.3689775309265337,0.296258265976902,0.7939914163090128,0.3129411764705882,0.0
qwen,appod,H16,16,crowdbot,crowdbot__defaced_2021-04-24-11-20-18,1619,0.5071031500926498,0.3001902661564075,0.29686887130587675,0.2814814814814815,0.6190893169877408,0.0
qwen,appod,H16,16,crowdbot,crowdbot__defaced_2021-04-24-11-23-43,1032,0.500968992248062,0.4758758072222308,0.3175341906511533,0.31797235023041476,0.6337792642140468,
qwen,appod,H16,16,crowdbot,crowdbot__defaced_2021-04-24-11-35-54,1211,0.48637489677952106,0.362800260944526,0.3257560979992571,0.31208499335989376,0.7763157894736842,0.0
qwen,appod,H16,16,crowdbot,crowdbot__defaced_2021-04-24-11-40-33,986,0.4766734279918864,0.37109136373671964,0.34621213157518266,0.39713774597495527,0.6871508379888268,0.028985507246376812
qwen,appod,H16,16,crowdbot,crowdbot__defaced_2021-04-24-11-43-54,583,0.4288164665523156,0.3001227919927107,0.24961323238973007,0.09090909090909091,0.7909407665505227,0.018518518518518517
qwen,appod,H16,16,crowdbot,crowdbot__defaced_2021-04-24-11-48-21,1555,0.5627009646302251,0.39776430194907425,0.38509131388625084,0.39367088607594936,0.7639077340569878,0.03571428571428571
qwen,appod,H16,16,crowdbot,crowdbot__defaced_2021-04-24-11-55-30,1815,0.45068870523415977,0.3287966971869307,0.29123536203199735,0.22602739726027396,0.7603626943005182,0.0
qwen,appod,H16,16,huron,huron__bww1_Feb-16-2023-bww1-intloss_00000000,342,0.8859649122807017,0.3395784543325527,0.33020962103388235,0.9901639344262295,0.02857142857142857,0.0
qwen,appod,H16,16,huron,huron__bww1_Feb-16-2023-bww1-intloss_00000001,1674,0.9175627240143369,0.41290831036340014,0.4445875124243246,0.9946773120425815,0.24404761904761904,0.0
qwen,appod,H16,16,huron,huron__bww1_Feb-16-2023-bww1-intloss_00000002,334,0.937125748502994,0.6629601226993864,0.3964869705899347,0.950920245398773,0.375,
qwen,appod,H16,16,huron,huron__bww2_Feb-20-2023-bww2-intloss_00000000,754,0.9363395225464191,0.41939404898238,0.44089719340478783,0.9815864022662889,0.2765957446808511,0.0
qwen,appod,H16,16,huron,huron__bww2_Feb-20-2023-bww2-intloss_00000001,819,0.9755799755799756,0.3312603648424544,0.3292130201895344,0.9937810945273632,0.0,0.0
qwen,appod,H16,16,huron,huron__bww2_Feb-20-2023-bww2-intloss_00000002,482,0.9398340248962656,0.3268398268398269,0.3229946524064171,0.9805194805194806,0.0,0.0
qwen,appod,H16,16,huron,huron__bww8_Feb-03-2023-bww8-intloss_00000000,1095,0.7178082191780822,0.3851264698156647,0.3842911747792849,0.8961201501877347,0.25925925925925924,0.0
qwen,appod,H16,16,huron,huron__bww8_Feb-03-2023-bww8-intloss_00000001,1051,0.8715509039010466,0.40364895088022124,0.41548366236829093,0.9630836047774158,0.24786324786324787,0.0
qwen,appod,H16,16,huron,huron__bww8_Feb-03-2023-bww8-intloss_00000002,705,0.8468085106382979,0.36207659178209756,0.36147990505033967,0.9735537190082645,0.11267605633802817,0.0
qwen,appod,H16,16,huron,huron__cory1_Feb-16-2023-cory1-intloss_00000000,1486,0.9542395693135935,0.33239568682606657,0.3255280073461892,0.9971870604781997,0.0,0.0
qwen,appod,H16,16,huron,huron__cory1_Feb-16-2023-cory1-intloss_00000001,2154,0.968895078922934,0.4198344476281439,0.41223698781838314,0.9928366762177651,0.26666666666666666,0.0
qwen,appod,H16,16,huron,huron__cory1_Feb-16-2023-cory1-intloss_00000002,1653,0.9231699939503932,0.3810610712156402,0.36458794977313497,0.951693851944793,0.19148936170212766,0.0
qwen,appod,H16,16,huron,huron__soda3_Feb-21-2023-soda3-intloss_00000000,2414,0.8620546810273405,0.3726635459605487,0.37026115817844546,0.9282470481380564,0.18974358974358974,0.0
qwen,appod,H16,16,huron,huron__soda3_Feb-21-2023-soda3-intloss_00000001,1368,0.7207602339181286,0.48878168661539156,0.45034317330020635,0.7553816046966731,0.7109634551495017,0.0
qwen,appod,H16,16,huron,huron__soda3_Feb-21-2023-soda3-intloss_00000002,531,0.9472693032015066,0.36382787677856054,0.3718908922792418,0.9862204724409449,0.10526315789473684,0.0
qwen,appod,H16,16,pal,pal__rosbag2_2025_07_11-13_23_07,2151,0.7787075778707578,0.7787075778707578,0.29186269384910263,0.7787075778707578,,
qwen,appod,H16,16,pal,pal__rosbag2_2025_07_11-13_37_37,3038,0.640223831468071,0.545001546420405,0.3538818292050256,0.8664296597257491,0.2235734331150608,
qwen,appod,H16,16,pal,pal__rosbag2_2025_07_11-13_55_25,4060,0.4041871921182266,0.3677648741900194,0.29752723181276175,0.776824034334764,0.3264705882352941,0.0
qwen,appod,H18,18,crowdbot,crowdbot__defaced_2021-04-24-11-20-18,1619,0.5423100679431748,0.31523426520507664,0.31237122269431067,0.2740740740740741,0.6716287215411558,0.0
qwen,appod,H18,18,crowdbot,crowdbot__defaced_2021-04-24-11-23-43,1032,0.5125968992248062,0.4874890186951898,0.3265938973804556,0.3294930875576037,0.6454849498327759,
qwen,appod,H18,18,crowdbot,crowdbot__defaced_2021-04-24-11-35-54,1211,0.4772914946325351,0.36110237412921414,0.3152142692238951,0.28286852589641437,0.8004385964912281,0.0
qwen,appod,H18,18,crowdbot,crowdbot__defaced_2021-04-24-11-40-33,986,0.4776876267748479,0.3721401925501773,0.33974830629523783,0.3756708407871199,0.7262569832402235,0.014492753623188406
qwen,appod,H18,18,crowdbot,crowdbot__defaced_2021-04-24-11-43-54,583,0.43739279588336194,0.31202124365465084,0.26940895837039025,0.1115702479338843,0.7874564459930313,0.037037037037037035
qwen,appod,H18,18,crowdbot,crowdbot__defaced_2021-04-24-11-48-21,1555,0.5717041800643087,0.41548807008848576,0.3994164685180038,0.3962025316455696,0.7788331071913162,0.07142857142857142
qwen,appod,H18,18,crowdbot,crowdbot__defaced_2021-04-24-11-55-30,1815,0.43526170798898073,0.3185024453389845,0.27971189625780374,0.20939334637964774,0.7461139896373057,0.0
qwen,appod,H18,18,huron,huron__bww1_Feb-16-2023-bww1-intloss_00000000,342,0.8888888888888888,0.33224043715846996,0.3137254901960784,0.9967213114754099,0.0,0.0
qwen,appod,H18,18,huron,huron__bww1_Feb-16-2023-bww1-intloss_00000001,1674,0.9121863799283154,0.39328881918702274,0.41804689102851583,0.9953426480372588,0.18452380952380953,0.0
qwen,appod,H18,18,huron,huron__bww1_Feb-16-2023-bww1-intloss_00000002,334,0.9401197604790419,0.5425613496932515,0.3533164461957032,0.9601226993865031,0.125,
qwen,appod,H18,18,huron,huron__bww2_Feb-20-2023-bww2-intloss_00000000,754,0.9336870026525199,0.36548932151969943,0.37832037956113246,0.990084985835694,0.10638297872340426,0.0
qwen,appod,H18,18,huron,huron__bww2_Feb-20-2023-bww2-intloss_00000001,819,0.9731379731379731,0.3304311774461028,0.3287953795379538,0.9912935323383084,0.0,0.0
qwen,appod,H18,18,huron,huron__bww2_Feb-20-2023-bww2-intloss_00000002,482,0.9481327800829875,0.3297258297258297,0.3244586439474618,0.9891774891774892,0.0,0.0
qwen,appod,H18,18,huron,huron__bww8_Feb-03-2023-bww8-intloss_00000000,1095,0.719634703196347,0.3728827701293283,0.3682257383202385,0.918648310387985,0.2,0.0
qwen,appod,H18,18,huron,huron__bww8_Feb-03-2023-bww8-intloss_00000001,1051,0.8667935299714558,0.38940393663520695,0.3993242356003191,0.9630836047774158,0.20512820512820512,0.0
qwen,appod,H18,18,huron,huron__bww8_Feb-03-2023-bww8-intloss_00000002,705,0.8468085106382979,0.3496449773018275,0.3429227397641493,0.9785123966942149,0.07042253521126761,0.0
qwen,appod,H18,18,huron,huron__cory1_Feb-16-2023-cory1-intloss_00000000,1486,0.9569313593539704,0.3333333333333333,0.32599724896836313,1.0,0.0,0.0
qwen,appod,H18,18,huron,huron__cory1_Feb-16-2023-cory1-intloss_00000001,2154,0.968895078922934,0.441738299904489,0.4230306966591563,0.9918815663801337,0.3333333333333333,0.0
qwen,appod,H18,18,huron,huron__cory1_Feb-16-2023-cory1-intloss_00000002,1653,0.9286146400483969,0.3691769668170533,0.3591849920391352,0.958594730238394,0.14893617021276595,0.0
qwen,appod,H18,18,huron,huron__soda3_Feb-21-2023-soda3-intloss_00000000,2414,0.8811101905550953,0.3718367917277999,0.3742461430424529,0.9514078110808356,0.1641025641025641,0.0
qwen,appod,H18,18,huron,huron__soda3_Feb-21-2023-soda3-intloss_00000001,1368,0.7280701754385965,0.49048074151610305,0.4542642187037025,0.7671232876712328,0.7043189368770764,0.0
qwen,appod,H18,18,huron,huron__soda3_Feb-21-2023-soda3-intloss_00000002,531,0.9472693032015066,0.36382787677856054,0.3718908922792418,0.9862204724409449,0.10526315789473684,0.0
qwen,appod,H18,18,pal,pal__rosbag2_2025_07_11-13_23_07,2151,0.8888888888888888,0.8888888888888888,0.3137254901960784,0.8888888888888888,,
qwen,appod,H18,18,pal,pal__rosbag2_2025_07_11-13_37_37,3038,0.6342988808426596,0.5209757318891841,0.3241414118811241,0.9035043169121382,0.1384471468662301,
qwen,appod,H18,18,pal,pal__rosbag2_2025_07_11-13_55_25,4060,0.3896551724137931,0.35966955594827343,0.2773220658479245,0.8354792560801144,0.24352941176470588,0.0
qwen,appod,H20,20,crowdbot,crowdbot__defaced_2021-04-24-11-20-18,1619,0.5386040765904879,0.3337554863678623,0.33255644454840777,0.34814814814814815,0.6392294220665499,0.013888888888888888
qwen,appod,H20,20,crowdbot,crowdbot__defaced_2021-04-24-11-23-43,1032,0.49224806201550386,0.4718262102553828,0.3230367364234275,0.3433179723502304,0.6003344481605352,
qwen,appod,H20,20,crowdbot,crowdbot__defaced_2021-04-24-11-35-54,1211,0.4649050371593724,0.346965937419911,0.31752653780188195,0.29747675962815406,0.743421052631579,0.0
qwen,appod,H20,20,crowdbot,crowdbot__defaced_2021-04-24-11-40-33,986,0.4462474645030426,0.3479632738039458,0.3212050525478235,0.35062611806797855,0.6787709497206704,0.014492753623188406
qwen,appod,H20,20,crowdbot,crowdbot__defaced_2021-04-24-11-43-54,583,0.41337907375643224,0.3118751304264978,0.2852580853370431,0.1322314049586777,0.710801393728223,0.09259259259259259
qwen,appod,H20,20,crowdbot,crowdbot__defaced_2021-04-24-11-48-21,1555,0.5459807073954984,0.42011960581769764,0.39292859763897187,0.40379746835443037,0.7137042062415196,0.14285714285714285
qwen,appod,H20,20,crowdbot,crowdbot__defaced_2021-04-24-11-55-30,1815,0.41597796143250687,0.34855206189225635,0.28950344016800944,0.22015655577299412,0.6826424870466321,0.14285714285714285
qwen,appod,H20,20,huron,huron__bww1_Feb-16-2023-bww1-intloss_00000000,342,0.9005847953216374,0.3703356752537081,0.3823468328141226,0.9967213114754099,0.11428571428571428,0.0
qwen,appod,H20,20,huron,huron__bww1_Feb-16-2023-bww1-intloss_00000001,1674,0.9223416965352449,0.4234942812787124,0.45950154398081194,0.9966733200266135,0.27380952380952384,0.0
qwen,appod,H20,20,huron,huron__bww1_Feb-16-2023-bww1-intloss_00000002,334,0.9401197604790419,0.6644938650306749,0.39987219426471765,0.9539877300613497,0.375,
qwen,appod,H20,20,huron,huron__bww2_Feb-20-2023-bww2-intloss_00000000,754,0.9310344827586207,0.38440519960621217,0.4008982863460475,0.9830028328611898,0.1702127659574468,0.0
qwen,appod,H20,20,huron,huron__bww2_Feb-20-2023-bww2-intloss_00000001,819,0.9694749694749695,0.32918739635157546,0.32816697664806777,0.9875621890547264,0.0,0.0
qwen,appod,H20,20,huron,huron__bww2_Feb-20-2023-bww2-intloss_00000002,482,0.946058091286307,0.329004329004329,0.32409381663113007,0.987012987012987,0.0,0.0
qwen,appod,H20,20,huron,huron__bww8_Feb-03-2023-bww8-intloss_00000000,1095,0.7041095890410959,0.36497319179839,0.35942844284428443,0.8986232790988736,0.1962962962962963,0.0
qwen,appod,H20,20,huron,huron__bww8_Feb-03-2023-bww8-intloss_00000001,1051,0.873453853472883,0.39691156955000606,0.4085591597630121,0.9685124864277959,0.2222222222222222,0.0
qwen,appod,H20,20,huron,huron__bww8_Feb-03-2023-bww8-intloss_00000002,705,0.8397163120567376,0.3551778993520351,0.3515941060757896,0.9669421487603306,0.09859154929577464,0.0
qwen,appod,H20,20,huron,huron__cory1_Feb-16-2023-cory1-intloss_00000000,1486,0.9562584118438762,0.3330989217065166,0.32588005962618966,0.9992967651195499,0.0,0.0
qwen,appod,H20,20,huron,huron__cory1_Feb-16-2023-cory1-intloss_00000001,2154,0.9661095636025998,0.4407831900668577,0.4122201048118151,0.9890162368672397,0.3333333333333333,0.0
qwen,appod,H20,20,huron,huron__cory1_Feb-16-2023-cory1-intloss_00000002,1653,0.925589836660617,0.37501446025432245,0.3617167493273688,0.9548306148055207,0.1702127659574468,0.0
qwen,appod,H20,20,huron,huron__soda3_Feb-21-2023-soda3-intloss_00000000,2414,0.8666114333057167,0.3899089405901395,0.38585702430593405,0.9287011807447775,0.24102564102564103,0.0
qwen,appod,H20,20,huron,huron__soda3_Feb-21-2023-soda3-intloss_00000001,1368,0.7149122807017544,0.494766304100487,0.4504703391750775,0.7367906066536204,0.7475083056478405,0.0
qwen,appod,H20,20,huron,huron__soda3_Feb-21-2023-soda3-intloss_00000002,531,0.9472693032015066,0.36382787677856054,0.3718908922792418,0.9862204724409449,0.10526315789473684,0.0
qwen,appod,H20,20,pal,pal__rosbag2_2025_07_11-13_23_07,2151,0.8019525801952581,0.8019525801952581,0.2966976264189886,0.8019525801952581,,
qwen,appod,H20,20,pal,pal__rosbag2_2025_07_11-13_37_37,3038,0.6260697827518104,0.5199721026709128,0.3287297421522841,0.8781107160995429,0.1618334892422825,
qwen,appod,H20,20,pal,pal__rosbag2_2025_07_11-13_55_25,4060,0.3832512315270936,0.3524536452635418,0.2753985765678086,0.7997138769670958,0.2576470588235294,0.0
qwen,appod,H22,22,crowdbot,crowdbot__defaced_2021-04-24-11-20-18,1619,0.5843113032736257,0.33880060250949534,0.3352726214965705,0.291358024691358,0.7250437828371279,0.0
qwen,appod,H22,22,crowdbot,crowdbot__defaced_2021-04-24-11-23-43,1032,0.5329457364341085,0.4958849005132315,0.3254546805943866,0.2626728110599078,0.7290969899665551,
qwen,appod,H22,22,crowdbot,crowdbot__defaced_2021-04-24-11-35-54,1211,0.4731626754748142,0.3689802194729852,0.3048105589038819,0.2297476759628154,0.8771929824561403,0.0
qwen,appod,H22,22,crowdbot,crowdbot__defaced_2021-04-24-11-40-33,986,0.4290060851926978,0.3439701781913033,0.29300497328020264,0.26654740608228983,0.7653631284916201,0.0
qwen,appod,H22,22,crowdbot,crowdbot__defaced_2021-04-24-11-43-54,583,0.4236706689536878,0.30622932951092596,0.26206020677475045,0.08264462809917356,0.7804878048780488,0.05555555555555555
qwen,appod,H22,22,crowdbot,crowdbot__defaced_2021-04-24-11-48-21,1555,0.5710610932475885,0.4162495102982539,0.3944142258139223,0.34556962025316457,0.8317503392130258,0.07142857142857142
qwen,appod,H22,22,crowdbot,crowdbot__defaced_2021-04-24-11-55-30,1815,0.44352617079889806,0.32920397202816115,0.2738857989165868,0.17025440313111545,0.8173575129533679,0.0
qwen,appod,H22,22,huron,huron__bww1_Feb-16-2023-bww1-intloss_00000000,342,0.8976608187134503,0.3523809523809524,0.3512815140722118,1.0,0.05714285714285714,0.0
qwen,appod,H22,22,huron,huron__bww1_Feb-16-2023-bww1-intloss_00000001,1674,0.9145758661887694,0.3888888888888889,0.4134343480167551,1.0,0.16666666666666666,0.0
qwen,appod,H22,22,huron,huron__bww1_Feb-16-2023-bww1-intloss_00000002,334,0.9461077844311377,0.6065950920245399,0.3846514682427995,0.9631901840490797,0.25,
qwen,appod,H22,22,huron,huron__bww2_Feb-20-2023-bww2-intloss_00000000,754,0.9190981432360743,0.373535852771583,0.38220705003677785,0.9716713881019831,0.14893617021276595,0.0
qwen,appod,H22,22,huron,huron__bww2_Feb-20-2023-bww2-intloss_00000001,819,0.9706959706959707,0.32960199004975127,0.32837670384138784,0.9888059701492538,0.0,0.0
qwen,appod,H22,22,huron,huron__bww2_Feb-20-2023-bww2-intloss_00000002,482,0.9522821576763485,0.33116883116883117,0.32518597236981933,0.9935064935064936,0.0,0.0
qwen,appod,H22,22,huron,huron__bww8_Feb-03-2023-bww8-intloss_00000000,1095,0.6977168949771689,0.34652265949721106,0.3324975587898783,0.9136420525657072,0.1259259259259259,0.0
qwen,appod,H22,22,huron,huron__bww8_Feb-03-2023-bww8-intloss_00000001,1051,0.8744053282588011,0.3922993401820763,0.40427347316745726,0.9717698154180239,0.20512820512820512,0.0
qwen,appod,H22,22,huron,huron__bww8_Feb-03-2023-bww8-intloss_00000002,705,0.8368794326241135,0.337500485003686,0.3253336481487728,0.9702479338842975,0.04225352112676056,0.0
qwen,appod,H22,22,huron,huron__cory1_Feb-16-2023-cory1-intloss_00000000,1486,0.9562584118438762,0.3330989217065166,0.32588005962618966,0.9992967651195499,0.0,0.0
qwen,appod,H22,22,huron,huron__cory1_Feb-16-2023-cory1-intloss_00000001,2154,0.9661095636025998,0.4188793377905126,0.40361748974155526,0.9899713467048711,0.26666666666666666,0.0
qwen,appod,H22,22,huron,huron__cory1_Feb-16-2023-cory1-intloss_00000002,1653,0.926194797338173,0.3889897398933946,0.37090987513072465,0.9542032622333751,0.2127659574468085,0.0
qwen,appod,H22,22,huron,huron__soda3_Feb-21-2023-soda3-intloss_00000000,2414,0.875724937862469,0.3885651738512774,0.3881124036844615,0.9400544959128065,0.22564102564102564,0.0
qwen,appod,H22,22,huron,huron__soda3_Feb-21-2023-soda3-intloss_00000001,1368,0.7002923976608187,0.4858993613373989,0.44114063924476943,0.7201565557729941,0.7375415282392026,0.0
qwen,appod,H22,22,huron,huron__soda3_Feb-21-2023-soda3-intloss_00000002,531,0.9529190207156308,0.34890868904544825,0.35426731078904994,0.9940944881889764,0.05263157894736842,0.0
qwen,appod,H22,22,pal,pal__rosbag2_2025_07_11-13_23_07,2151,0.8172942817294282,0.8172942817294282,0.2998209260680481,0.8172942817294282,,
qwen,appod,H22,22,pal,pal__rosbag2_2025_07_11-13_37_37,3038,0.6356155365371955,0.5277638285853555,0.33351912160533354,0.8918232605383444,0.1637043966323667,
qwen,appod,H22,22,pal,pal__rosbag2_2025_07_11-13_55_25,4060,0.3812807881773399,0.3530028892816068,0.26843661985299777,0.8354792560801144,0.2235294117647059,0.0
qwen,appod,H24,24,crowdbot,crowdbot__defaced_2021-04-24-11-20-18,1619,0.5626930203829524,0.3377027884081785,0.3338880422608472,0.3135802469135803,0.6856392294220666,0.013888888888888888
qwen,appod,H24,24,crowdbot,crowdbot__defaced_2021-04-24-11-23-43,1032,0.5310077519379846,0.4995838663440346,0.330066264396319,0.30184331797235026,0.697324414715719,
qwen,appod,H24,24,crowdbot,crowdbot__defaced_2021-04-24-11-35-54,1211,0.48967795210569776,0.3735088884229165,0.3200881021027085,0.27622841965471445,0.8442982456140351,0.0
qwen,appod,H24,24,crowdbot,crowdbot__defaced_2021-04-24-11-40-33,986,0.4695740365111562,0.367822295066676,0.3234591567465251,0.33810375670840787,0.7653631284916201,0.0
qwen,appod,H24,24,crowdbot,crowdbot__defaced_2021-04-24-11-43-54,583,0.451114922813036,0.3115059367830986,0.2573839662447257,0.11570247933884298,0.818815331010453,0.0
qwen,appod,H24,24,crowdbot,crowdbot__defaced_2021-04-24-11-48-21,1555,0.5781350482315113,0.40867980498624745,0.39522222892585374,0.3911392405063291,0.7991858887381276,0.03571428571428571
qwen,appod,H24,24,crowdbot,crowdbot__defaced_2021-04-24-11-55-30,1815,0.46831955922865015,0.35794923879599866,0.31462566427622596,0.22700587084148727,0.7992227979274611,0.047619047619047616
qwen,appod,H24,24,huron,huron__bww1_Feb-16-2023-bww1-intloss_00000000,342,0.8976608187134503,0.3608118657298985,0.3664712684930414,0.9967213114754099,0.08571428571428572,0.0
qwen,appod,H24,24,huron,huron__bww1_Feb-16-2023-bww1-intloss_00000001,1674,0.9157706093189965,0.39285714285714285,0.4194085757479466,1.0,0.17857142857142858,0.0
qwen,appod,H24,24,huron,huron__bww1_Feb-16-2023-bww1-intloss_00000002,334,0.9491017964071856,0.48619631901840493,0.32462877624167946,0.9723926380368099,0.0,
qwen,appod,H24,24,huron,huron__bww2_Feb-20-2023-bww2-intloss_00000000,754,0.9230769230769231,0.36171217326663047,0.3696586511885019,0.9787535410764873,0.10638297872340426,0.0
qwen,appod,H24,24,huron,huron__bww2_Feb-20-2023-bww2-intloss_00000001,819,0.9768009768009768,0.33167495854063017,0.3294214535721639,0.9950248756218906,0.0,0.0
qwen,appod,H24,24,huron,huron__bww2_Feb-20-2023-bww2-intloss_00000002,482,0.9543568464730291,0.3318903318903319,0.32554847841472045,0.9956709956709957,0.0,0.0
qwen,appod,H24,24,huron,huron__bww8_Feb-03-2023-bww8-intloss_00000000,1095,0.7031963470319634,0.3449388896614596,0.3275362902954947,0.9274092615769712,0.10740740740740741,0.0
qwen,appod,H24,24,huron,huron__bww8_Feb-03-2023-bww8-intloss_00000001,1051,0.8820171265461465,0.4001688985402341,0.4163140939764592,0.9782844733984799,0.2222222222222222,0.0
qwen,appod,H24,24,huron,huron__bww8_Feb-03-2023-bww8-intloss_00000002,705,0.8382978723404255,0.3256198347107438,0.30401234567901236,0.9768595041322314,0.0,0.0
qwen,appod,H24,24,huron,huron__cory1_Feb-16-2023-cory1-intloss_00000000,1486,0.9569313593539704,0.3333333333333333,0.32599724896836313,1.0,0.0,0.0
qwen,appod,H24,24,huron,huron__cory1_Feb-16-2023-cory1-intloss_00000001,2154,0.968430826369545,0.4306271887933779,0.41593410944800824,0.9918815663801337,0.3,0.0
qwen,appod,H24,24,huron,huron__cory1_Feb-16-2023-cory1-intloss_00000002,1653,0.9249848759830611,0.38857150484529757,0.3699482958742218,0.9529485570890841,0.2127659574468085,0.0
qwen,appod,H24,24,huron,huron__soda3_Feb-21-2023-soda3-intloss_00000000,2414,0.8819386909693455,0.3752555951466033,0.37784566774479345,0.9514078110808356,0.17435897435897435,0.0
qwen,appod,H24,24,huron,huron__soda3_Feb-21-2023-soda3-intloss_00000001,1368,0.7083333333333334,0.49104962150518067,0.4463732229372746,0.7289628180039139,0.7441860465116279,0.0
qwen,appod,H24,24,huron,huron__soda3_Feb-21-2023-soda3-intloss_00000002,531,0.9548022598870056,0.3495648570244509,0.3559143559143559,0.9960629921259843,0.05263157894736842,0.0
qwen,appod,H24,24,pal,pal__rosbag2_2025_07_11-13_23_07,2151,0.8126452812645282,0.8126452812645282,0.29888005471488416,0.8126452812645282,,
qwen,appod,H24,24,pal,pal__rosbag2_2025_07_11-13_37_37,3038,0.6290322580645161,0.5248230168167874,0.3336791269564438,0.8765871000507872,0.17305893358278765,
qwen,appod,H24,24,pal,pal__rosbag2_2025_07_11-13_55_25,4060,0.388423645320197,0.3591974529439816,0.27450481205759786,0.844062947067239,0.23352941176470587,0.0
qwen,appod,H26,26,crowdbot,crowdbot__defaced_2021-04-24-11-20-18,1619,0.5985176034589252,0.3550748452285717,0.35054608999563125,0.3358024691358025,0.7294220665499125,0.0
qwen,appod,H26,26,crowdbot,crowdbot__defaced_2021-04-24-11-23-43,1032,0.5271317829457365,0.49339580475625355,0.32591983180218476,0.28110599078341014,0.705685618729097,
qwen,appod,H26,26,crowdbot,crowdbot__defaced_2021-04-24-11-35-54,1211,0.4962840627580512,0.3825283660678922,0.32397747876705796,0.26162018592297476,0.8859649122807017,0.0
qwen,appod,H26,26,crowdbot,crowdbot__defaced_2021-04-24-11-40-33,986,0.4827586206896552,0.3775830076986371,0.33413403348043874,0.35062611806797855,0.7821229050279329,0.0
qwen,appod,H26,26,crowdbot,crowdbot__defaced_2021-04-24-11-43-54,583,0.45969125214408235,0.33342718708572366,0.29790659845452944,0.13636363636363635,0.8083623693379791,0.05555555555555555
qwen,appod,H26,26,crowdbot,crowdbot__defaced_2021-04-24-11-48-21,1555,0.5942122186495177,0.43080217848780095,0.41680577125187535,0.4177215189873418,0.8032564450474898,0.07142857142857142
qwen,appod,H26,26,crowdbot,crowdbot__defaced_2021-04-24-11-55-30,1815,0.4809917355371901,0.3667183224107065,0.3221702001834865,0.23776908023483365,0.8147668393782384,0.047619047619047616
qwen,appod,H26,26,huron,huron__bww1_Feb-16-2023-bww1-intloss_00000000,342,0.8947368421052632,0.351288056206089,0.3497875122589081,0.9967213114754099,0.05714285714285714,0.0
qwen,appod,H26,26,huron,huron__bww1_Feb-16-2023-bww1-intloss_00000001,1674,0.910394265232975,0.375,0.39156456837065196,1.0,0.125,0.0
qwen,appod,H26,26,huron,huron__bww1_Feb-16-2023-bww1-intloss_00000002,334,0.9520958083832335,0.5486963190184049,0.36216524216524215,0.9723926380368099,0.125,
qwen,appod,H26,26,huron,huron__bww2_Feb-20-2023-bww2-intloss_00000000,754,0.9190981432360743,0.36691579772165633,0.37471931862175767,0.9730878186968839,0.1276595744680851,0.0
qwen,appod,H26,26,huron,huron__bww2_Feb-20-2023-bww2-intloss_00000001,819,0.9804639804639804,0.33291873963515756,0.3300452116728319,0.9987562189054726,0.0,0.0
qwen,appod,H26,26,huron,huron__bww2_Feb-20-2023-bww2-intloss_00000002,482,0.941908713692946,0.32756132756132755,0.32336182336182334,0.9826839826839827,0.0,0.0
qwen,appod,H26,26,huron,huron__bww8_Feb-03-2023-bww8-intloss_00000000,1095,0.6894977168949772,0.34031582688236844,0.3249176066265003,0.9061326658322904,0.11481481481481481,0.0
qwen,appod,H26,26,huron,huron__bww8_Feb-03-2023-bww8-intloss_00000001,1051,0.8801141769743102,0.40690627987044925,0.4225625715280888,0.9728555917480999,0.24786324786324787,0.0
qwen,appod,H26,26,huron,huron__bww8_Feb-03-2023-bww8-intloss_00000002,705,0.8382978723404255,0.3297637062041671,0.31162986255455477,0.9752066115702479,0.014084507042253521,0.0
qwen,appod,H26,26,huron,huron__cory1_Feb-16-2023-cory1-intloss_00000000,1486,0.9569313593539704,0.3333333333333333,0.32599724896836313,1.0,0.0,0.0
qwen,appod,H26,26,huron,huron__cory1_Feb-16-2023-cory1-intloss_00000001,2154,0.968430826369545,0.4087233365170328,0.4076099110427271,0.9928366762177651,0.23333333333333334,0.0
qwen,appod,H26,26,huron,huron__cory1_Feb-16-2023-cory1-intloss_00000002,1653,0.9237749546279492,0.40880251296973585,0.38092765163536346,0.9498117942283564,0.2765957446808511,0.0
qwen,appod,H26,26,huron,huron__soda3_Feb-21-2023-soda3-intloss_00000000,2414,0.8769676884838442,0.3625328955029228,0.3639207172125342,0.9491371480472298,0.13846153846153847,0.0
qwen,appod,H26,26,huron,huron__soda3_Feb-21-2023-soda3-intloss_00000001,1368,0.6944444444444444,0.48250883660249705,0.4374426266990175,0.713307240704501,0.7342192691029901,0.0
qwen,appod,H26,26,huron,huron__soda3_Feb-21-2023-soda3-intloss_00000002,531,0.9510357815442562,0.3482525210664456,0.35272942187835804,0.9921259842519685,0.05263157894736842,0.0
qwen,appod,H26,26,pal,pal__rosbag2_2025_07_11-13_23_07,2151,0.8182240818224081,0.8182240818224081,0.30000852296940256,0.8182240818224081,,
qwen,appod,H26,26,pal,pal__rosbag2_2025_07_11-13_37_37,3038,0.6405529953917051,0.5390555480860731,0.346171324698932,0.8816658202133062,0.19644527595884004,
qwen,appod,H26,26,pal,pal__rosbag2_2025_07_11-13_55_25,4060,0.41674876847290643,0.38051810709977846,0.3049128226449144,0.8233190271816881,0.31823529411764706,0.0
qwen,appod,H28,28,crowdbot,crowdbot__defaced_2021-04-24-11-20-18,1619,0.5997529339098209,0.36920300822324564,0.36871818289709246,0.33827160493827163,0.7276707530647986,0.041666666666666664
qwen,appod,H28,28,crowdbot,crowdbot__defaced_2021-04-24-11-23-43,1032,0.5310077519379846,0.49863600634989136,0.33096161411791153,0.29493087557603687,0.7023411371237458,
qwen,appod,H28,28,crowdbot,crowdbot__defaced_2021-04-24-11-35-54,1211,0.49380677126341865,0.37802882039095076,0.3250484502369872,0.27224435590969454,0.8618421052631579,0.0
qwen,appod,H28,28,crowdbot,crowdbot__defaced_2021-04-24-11-40-33,986,0.47565922920892495,0.37429554445218366,0.33711086108559557,0.3542039355992844,0.7541899441340782,0.014492753623188406
qwen,appod,H28,28,crowdbot,crowdbot__defaced_2021-04-24-11-43-54,583,0.451114922813036,0.3372108442322781,0.3083267185714366,0.128099173553719,0.7909407665505227,0.09259259259259259
qwen,appod,H28,28,crowdbot,crowdbot__defaced_2021-04-24-11-48-21,1555,0.5942122186495177,0.44173882355442906,0.42544086851666574,0.43924050632911393,0.7788331071913162,0.10714285714285714
qwen,appod,H28,28,crowdbot,crowdbot__defaced_2021-04-24-11-55-30,1815,0.4738292011019284,0.39188204915013064,0.33694041740559805,0.23874755381604695,0.7940414507772021,0.14285714285714285
qwen,appod,H28,28,huron,huron__bww1_Feb-16-2023-bww1-intloss_00000000,342,0.8976608187134503,0.3608118657298985,0.3664712684930414,0.9967213114754099,0.08571428571428572,0.0
qwen,appod,H28,28,huron,huron__bww1_Feb-16-2023-bww1-intloss_00000001,1674,0.9074074074074074,0.36860406171783416,0.3807973724943107,0.9986693280106453,0.10714285714285714,0.0
qwen,appod,H28,28,huron,huron__bww1_Feb-16-2023-bww1-intloss_00000002,334,0.9491017964071856,0.48619631901840493,0.32462877624167946,0.9723926380368099,0.0,
qwen,appod,H28,28,huron,huron__bww2_Feb-20-2023-bww2-intloss_00000000,754,0.9217506631299734,0.34799991963514354,0.3509543197043197,0.9801699716713881,0.06382978723404255,0.0
qwen,appod,H28,28,huron,huron__bww2_Feb-20-2023-bww2-intloss_00000001,819,0.978021978021978,0.332089552238806,0.32962962962962966,0.996268656716418,0.0,0.0
qwen,appod,H28,28,huron,huron__bww2_Feb-20-2023-bww2-intloss_00000002,482,0.9564315352697096,0.33261183261183264,0.3259102156238954,0.9978354978354979,0.0,0.0
qwen,appod,H28,28,huron,huron__bww8_Feb-03-2023-bww8-intloss_00000000,1095,0.6986301369863014,0.33794867040590865,0.3165033863600567,0.9286608260325406,0.08518518518518518,0.0
qwen,appod,H28,28,huron,huron__bww8_Feb-03-2023-bww8-intloss_00000001,1051,0.8877259752616555,0.4122887608229628,0.4318848619329389,0.9804560260586319,0.2564102564102564,0.0
qwen,appod,H28,28,huron,huron__bww8_Feb-03-2023-bww8-intloss_00000002,705,0.8524822695035461,0.3352733480774454,0.31540647491567736,0.9917355371900827,0.014084507042253521,0.0
qwen,appod,H28,28,huron,huron__cory1_Feb-16-2023-cory1-intloss_00000000,1486,0.9569313593539704,0.3333333333333333,0.32599724896836313,1.0,0.0,0.0
qwen,appod,H28,28,huron,huron__cory1_Feb-16-2023-cory1-intloss_00000001,2154,0.9661095636025998,0.42983126392868515,0.4163429742443296,0.9894937917860553,0.3,0.0
qwen,appod,H28,28,huron,huron__cory1_Feb-16-2023-cory1-intloss_00000002,1653,0.9274047186932849,0.3894079749414916,0.3718938521823984,0.9554579673776662,0.2127659574468085,0.0
qwen,appod,H28,28,huron,huron__soda3_Feb-21-2023-soda3-intloss_00000000,2414,0.87986743993372,0.3729406832949067,0.37512614936084326,0.9495912806539509,0.16923076923076924,0.0
qwen,appod,H28,28,huron,huron__soda3_Feb-21-2023-soda3-intloss_00000001,1368,0.7046783625730995,0.488637570351492,0.44413821861686803,0.7250489236790607,0.7408637873754153,0.0
qwen,appod,H28,28,huron,huron__soda3_Feb-21-2023-soda3-intloss_00000002,531,0.9548022598870056,0.36645254869457106,0.3811519449817322,0.9940944881889764,0.10526315789473684,0.0
qwen,appod,H28,28,pal,pal__rosbag2_2025_07_11-13_23_07,2151,0.8042770804277081,0.8042770804277081,0.2971742678003951,0.8042770804277081,,
qwen,appod,H28,28,pal,pal__rosbag2_2025_07_11-13_37_37,3038,0.6342988808426596,0.5299549471437781,0.3375168739323131,0.8821736922295581,0.17773620205799812,
qwen,appod,H28,28,pal,pal__rosbag2_2025_07_11-13_55_25,4060,0.4064039408866995,0.3716474515414177,0.2961319055571929,0.8125894134477826,0.3023529411764706,0.0
qwen,appod,H30,30,crowdbot,crowdbot__defaced_2021-04-24-11-20-18,1619,0.5836936380481779,0.3747160421756646,0.36559406050200066,0.43950617283950616,0.670753064798599,0.013888888888888888
qwen,appod,H30,30,crowdbot,crowdbot__defaced_2021-04-24-11-23-43,1032,0.5213178294573644,0.5000693556093276,0.33595852440310875,0.3663594470046083,0.6337792642140468,
qwen,appod,H30,30,crowdbot,crowdbot__defaced_2021-04-24-11-35-54,1211,0.5317919075144508,0.39262540481349456,0.35641125217964104,0.3598937583001328,0.8179824561403509,0.0
qwen,appod,H30,30,crowdbot,crowdbot__defaced_2021-04-24-11-40-33,986,0.49594320486815413,0.37584293387796736,0.35356672313194054,0.44543828264758495,0.6675977653631285,0.014492753623188406
qwen,appod,H30,30,crowdbot,crowdbot__defaced_2021-04-24-11-43-54,583,0.4425385934819897,0.3300637387850987,0.31459057896392395,0.19834710743801653,0.7177700348432056,0.07407407407407407
qwen,appod,H30,30,crowdbot,crowdbot__defaced_2021-04-24-11-48-21,1555,0.6263665594855305,0.46216832163365323,0.45319571761410504,0.5303797468354431,0.7489823609226595,0.10714285714285714
qwen,appod,H30,30,crowdbot,crowdbot__defaced_2021-04-24-11-55-30,1815,0.4953168044077135,0.36801619410392217,0.3415234255640247,0.32974559686888455,0.7266839378238342,0.047619047619047616
qwen,appod,H30,30,huron,huron__bww1_Feb-16-2023-bww1-intloss_00000000,342,0.8918128654970761,0.34176424668227945,0.3322299043229276,0.9967213114754099,0.02857142857142857,0.0
qwen,appod,H30,30,huron,huron__bww1_Feb-16-2023-bww1-intloss_00000001,1674,0.910394265232975,0.3802870449577036,0.3995115995115995,0.998003992015968,0.14285714285714285,0.0
qwen,appod,H30,30,huron,huron__bww1_Feb-16-2023-bww1-intloss_00000002,334,0.9491017964071856,0.48619631901840493,0.32462877624167946,0.9723926380368099,0.0,
qwen,appod,H30,30,huron,huron__bww2_Feb-20-2023-bww2-intloss_00000000,754,0.9190981432360743,0.373535852771583,0.38220705003677785,0.9716713881019831,0.14893617021276595,0.0
qwen,appod,H30,30,huron,huron__bww2_Feb-20-2023-bww2-intloss_00000001,819,0.9804639804639804,0.33291873963515756,0.3300452116728319,0.9987562189054726,0.0,0.0
qwen,appod,H30,30,huron,huron__bww2_Feb-20-2023-bww2-intloss_00000002,482,0.9522821576763485,0.33116883116883117,0.32518597236981933,0.9935064935064936,0.0,0.0
qwen,appod,H30,30,huron,huron__bww8_Feb-03-2023-bww8-intloss_00000000,1095,0.6858447488584475,0.3386470742749424,0.32344426087640626,0.9011264080100125,0.11481481481481481,0.0
qwen,appod,H30,30,huron,huron__bww8_Feb-03-2023-bww8-intloss_00000001,1051,0.8839200761179828,0.4307376782946815,0.4466703796528358,0.9674267100977199,0.3247863247863248,0.0
qwen,appod,H30,30,huron,huron__bww8_Feb-03-2023-bww8-intloss_00000002,705,0.851063829787234,0.34301012687696425,0.3307797743104452,0.9867768595041322,0.04225352112676056,0.0
qwen,appod,H30,30,huron,huron__cory1_Feb-16-2023-cory1-intloss_00000000,1486,0.9569313593539704,0.3333333333333333,0.32599724896836313,1.0,0.0,0.0
qwen,appod,H30,30,huron,huron__cory1_Feb-16-2023-cory1-intloss_00000001,2154,0.9675023212627669,0.375549188156638,0.3803374200401713,0.9933142311365807,0.13333333333333333,0.0
qwen,appod,H30,30,huron,huron__cory1_Feb-16-2023-cory1-intloss_00000002,1653,0.9213551119177253,0.4079660428735417,0.3788382845988729,0.9473023839397742,0.2765957446808511,0.0
qwen,appod,H30,30,huron,huron__soda3_Feb-21-2023-soda3-intloss_00000000,2414,0.896023198011599,0.39754069726821767,0.4042379723589849,0.9618528610354223,0.23076923076923078,0.0
qwen,appod,H30,30,huron,huron__soda3_Feb-21-2023-soda3-intloss_00000001,1368,0.7090643274853801,0.4851256845522536,0.44455947712418303,0.7377690802348337,0.717607973421927,0.0
qwen,appod,H30,30,huron,huron__soda3_Feb-21-2023-soda3-intloss_00000002,531,0.9585687382297552,0.3846525763226965,0.40655695385608254,0.9960629921259843,0.15789473684210525,0.0
qwen,appod,H30,30,pal,pal__rosbag2_2025_07_11-13_23_07,2151,0.8661087866108786,0.8661087866108786,0.3094170403587444,0.8661087866108786,,
qwen,appod,H30,30,pal,pal__rosbag2_2025_07_11-13_37_37,3038,0.6362738643844634,0.5237820929743104,0.327001343741066,0.9035043169121382,0.14405986903648269,
qwen,appod,H30,30,pal,pal__rosbag2_2025_07_11-13_55_25,4060,0.39876847290640394,0.367729249067295,0.28459088410721334,0.8490701001430615,0.2541176470588235,0.0
qwen,appod,H32,32,crowdbot,crowdbot__defaced_2021-04-24-11-20-18,1619,0.6331068560840025,0.3955880233220183,0.395223712669766,0.38765432098765434,0.7574430823117339,0.041666666666666664
qwen,appod,H32,32,crowdbot,crowdbot__defaced_2021-04-24-11-23-43,1032,0.5436046511627907,0.5132970115438559,0.34260622611511726,0.3225806451612903,0.7040133779264214,
qwen,appod,H32,32,crowdbot,crowdbot__defaced_2021-04-24-11-35-54,1211,0.4921552436003303,0.3765668320868572,0.32547175481491636,0.27224435590969454,0.8574561403508771,0.0
qwen,appod,H32,32,crowdbot,crowdbot__defaced_2021-04-24-11-40-33,986,0.4847870182555781,0.3730840853745882,0.3408317898506432,0.38461538461538464,0.7346368715083799,0.0
qwen,appod,H32,32,crowdbot,crowdbot__defaced_2021-04-24-11-43-54,583,0.4425385934819897,0.34794963324157707,0.33543761901678026,0.15702479338842976,0.7386759581881533,0.14814814814814814
qwen,appod,H32,32,crowdbot,crowdbot__defaced_2021-04-24-11-48-21,1555,0.6090032154340836,0.42862953848217406,0.42012217039871835,0.46455696202531643,0.7856173677069199,0.03571428571428571
qwen,appod,H32,32,crowdbot,crowdbot__defaced_2021-04-24-11-55-30,1815,0.4826446280991736,0.3964668485038987,0.3447026960402719,0.2602739726027397,0.7862694300518135,0.14285714285714285
qwen,appod,H32,32,huron,huron__bww1_Feb-16-2023-bww1-intloss_00000000,342,0.8918128654970761,0.3333333333333333,0.31427099433281813,1.0,0.0,0.0
qwen,appod,H32,32,huron,huron__bww1_Feb-16-2023-bww1-intloss_00000001,1674,0.9044205495818399,0.36573282007413743,0.3757604128279444,0.9960079840319361,0.10119047619047619,0.0
qwen,appod,H32,32,huron,huron__bww1_Feb-16-2023-bww1-intloss_00000002,334,0.9550898203592815,0.4892638036809816,0.32567636549259826,0.9785276073619632,0.0,
qwen,appod,H32,32,huron,huron__bww2_Feb-20-2023-bww2-intloss_00000000,754,0.9217506631299734,0.34799991963514354,0.3509543197043197,0.9801699716713881,0.06382978723404255,0.0
qwen,appod,H32,32,huron,huron__bww2_Feb-20-2023-bww2-intloss_00000001,819,0.9804639804639804,0.33291873963515756,0.3300452116728319,0.9987562189054726,0.0,0.0
qwen,appod,H32,32,huron,huron__bww2_Feb-20-2023-bww2-intloss_00000002,482,0.9585062240663901,0.3333333333333333,0.32627118644067793,1.0,0.0,0.0
qwen,appod,H32,32,huron,huron__bww8_Feb-03-2023-bww8-intloss_00000000,1095,0.6922374429223744,0.3293066950972666,0.30274376950905885,0.9286608260325406,0.05925925925925926,0.0
qwen,appod,H32,32,huron,huron__bww8_Feb-03-2023-bww8-intloss_00000001,1051,0.8839200761179828,0.4008927494269514,0.4193985832687326,0.9804560260586319,0.2222222222222222,0.0
qwen,appod,H32,32,huron,huron__bww8_Feb-03-2023-bww8-intloss_00000002,705,0.8581560283687943,0.3416210763201801,0.32558788497532754,0.996694214876033,0.028169014084507043,0.0
qwen,appod,H32,32,huron,huron__cory1_Feb-16-2023-cory1-intloss_00000000,1486,0.9562584118438762,0.3330989217065166,0.32588005962618966,0.9992967651195499,0.0,0.0
qwen,appod,H32,32,huron,huron__cory1_Feb-16-2023-cory1-intloss_00000001,2154,0.9712163416898792,0.38777459407831905,0.40276137228653175,0.9966571155682904,0.16666666666666666,0.0
qwen,appod,H32,32,huron,huron__cory1_Feb-16-2023-cory1-intloss_00000002,1653,0.9346642468239564,0.3781512231150502,0.3687003934333557,0.9642409033877039,0.1702127659574468,0.0
qwen,appod,H32,32,huron,huron__soda3_Feb-21-2023-soda3-intloss_00000000,2414,0.8869096934548467,0.3661659563566921,0.3699574686565507,0.9600363306085377,0.13846153846153847,0.0
qwen,appod,H32,32,huron,huron__soda3_Feb-21-2023-soda3-intloss_00000001,1368,0.7185672514619883,0.4831156419241796,0.4475550703127502,0.7583170254403131,0.6910299003322259,0.0
qwen,appod,H32,32,huron,huron__soda3_Feb-21-2023-soda3-intloss_00000002,531,0.9510357815442562,0.3482525210664456,0.35272942187835804,0.9921259842519685,0.05263157894736842,0.0
qwen,appod,H32,32,pal,pal__rosbag2_2025_07_11-13_23_07,2151,0.901441190144119,0.901441190144119,0.31605541972290135,0.901441190144119,,
qwen,appod,H32,32,pal,pal__rosbag2_2025_07_11-13_37_37,3038,0.6609611586570112,0.552234090517141,0.35206482780115317,0.9192483494159471,0.18521983161833488,
qwen,appod,H32,32,pal,pal__rosbag2_2025_07_11-13_55_25,4060,0.4051724137931034,0.37375915172936125,0.2886856859168648,0.8648068669527897,0.2564705882352941,0.0
internvl,appfr,H02,2,crowdbot,crowdbot__defaced_2021-04-24-11-20-18,1619,0.7010500308832612,0.3339459327005542,0.2825186943367845,0.012345679012345678,0.989492119089317,0.0
internvl,appfr,H02,2,crowdbot,crowdbot__defaced_2021-04-24-11-23-43,1032,0.5184108527131783,0.45996254797096314,0.2681393956558613,0.09216589861751152,0.8277591973244147,
internvl,appfr,H02,2,crowdbot,crowdbot__defaced_2021-04-24-11-35-54,1211,0.3905862923203964,0.33884054425572563,0.20337474843238026,0.03187250996015936,0.9846491228070176,0.0
internvl,appfr,H02,2,crowdbot,crowdbot__defaced_2021-04-24-11-40-33,986,0.3630831643002028,0.3329985375587558,0.178535597050544,0.0017889087656529517,0.9972067039106145,0.0
internvl,appfr,H02,2,crowdbot,crowdbot__defaced_2021-04-24-11-43-54,583,0.4922813036020583,0.3333333333333333,0.21992337164750955,0.0,1.0,0.0
internvl,appfr,H02,2,crowdbot,crowdbot__defaced_2021-04-24-11-48-21,1555,0.46688102893890676,0.32690173986225374,0.24253945901543159,0.060759493670886074,0.9199457259158752,0.0
internvl,appfr,H02,2,crowdbot,crowdbot__defaced_2021-04-24-11-55-30,1815,0.409366391184573,0.3108833639211948,0.23321087505716834,0.09197651663405088,0.8406735751295337,0.0
internvl,appfr,H02,2,huron,huron__bww1_Feb-16-2023-bww1-intloss_00000000,342,0.9152046783625731,0.46854020296643245,0.4883786308276881,0.9770491803278688,0.42857142857142855,0.0
internvl,appfr,H02,2,huron,huron__bww1_Feb-16-2023-bww1-intloss_00000001,1674,0.8978494623655914,0.4144013560181225,0.43280555209242405,0.9693945442448436,0.27380952380952384,0.0
internvl,appfr,H02,2,huron,huron__bww1_Feb-16-2023-bww1-intloss_00000002,334,0.937125748502994,0.9068251533742331,0.45560821484992103,0.9386503067484663,0.875,
internvl,appfr,H02,2,huron,huron__bww2_Feb-20-2023-bww2-intloss_00000000,754,0.8222811671087533,0.3854097603118157,0.3579849159361757,0.8583569405099151,0.2978723404255319,0.0
internvl,appfr,H02,2,huron,huron__bww2_Feb-20-2023-bww2-intloss_00000001,819,0.8351648351648352,0.48539354509503757,0.3388305667713474,0.8407960199004975,0.6153846153846154,0.0
internvl,appfr,H02,2,huron,huron__bww2_Feb-20-2023-bww2-intloss_00000002,482,0.8423236514522822,0.4011544011544011,0.3394272141424761,0.8701298701298701,0.3333333333333333,0.0
internvl,appfr,H02,2,huron,huron__bww8_Feb-03-2023-bww8-intloss_00000000,1095,0.4465753424657534,0.32007293066950976,0.2876132587269577,0.43429286608260326,0.5259259259259259,0.0
internvl,appfr,H02,2,huron,huron__bww8_Feb-03-2023-bww8-intloss_00000001,1051,0.8420551855375833,0.5018606679844465,0.461617153315637,0.8816503800217155,0.6239316239316239,0.0
internvl,appfr,H02,2,huron,huron__bww8_Feb-03-2023-bww8-intloss_00000002,705,0.8340425531914893,0.3571179140961471,0.35312715176553877,0.9586776859504132,0.11267605633802817,0.0
internvl,appfr,H02,2,huron,huron__cory1_Feb-16-2023-cory1-intloss_00000000,1486,0.901749663526245,0.3141115799343647,0.3161122906345836,0.9423347398030942,0.0,0.0
internvl,appfr,H02,2,huron,huron__cory1_Feb-16-2023-cory1-intloss_00000001,2154,0.9419684308263695,0.5420248328557784,0.4090172707853314,0.9594078319006686,0.6666666666666666,0.0
internvl,appfr,H02,2,huron,huron__cory1_Feb-16-2023-cory1-intloss_00000002,1653,0.8917120387174834,0.5147316621728645,0.40033108388845035,0.9058971141781681,0.6382978723404256,0.0
internvl,appfr,H02,2,huron,huron__soda3_Feb-21-2023-soda3-intloss_00000000,2414,0.8653686826843413,0.5592794429306691,0.47218468722931495,0.8778383287920073,0.8,0.0
internvl,appfr,H02,2,huron,huron__soda3_Feb-21-2023-soda3-intloss_00000001,1368,0.6469298245614035,0.45427721901121076,0.40769166998275636,0.6585127201565558,0.7043189368770764,0.0
internvl,appfr,H02,2,huron,huron__soda3_Feb-21-2023-soda3-intloss_00000002,531,0.9472693032015066,0.4144909517889211,0.4197737746124843,0.9803149606299213,0.2631578947368421,0.0
internvl,appfr,H02,2,pal,pal__rosbag2_2025_07_11-13_23_07,2151,0.9339841933984193,0.9339841933984193,0.3219551282051282,0.9339841933984193,,
internvl,appfr,H02,2,pal,pal__rosbag2_2025_07_11-13_37_37,3038,0.43219223173140225,0.3453902656755007,0.21801112437673711,0.638395124428644,0.052385406922357346,
internvl,appfr,H02,2,pal,pal__rosbag2_2025_07_11-13_55_25,4060,0.3396551724137931,0.3082173412998962,0.2515393876570404,0.6387696709585121,0.2858823529411765,0.0
internvl,appfr,H04,4,crowdbot,crowdbot__defaced_2021-04-24-11-20-18,1619,0.705373687461396,0.3333333333333333,0.27574550283713634,0.0,1.0,0.0
internvl,appfr,H04,4,crowdbot,crowdbot__defaced_2021-04-24-11-23-43,1032,0.42441860465116277,0.38107054236086496,0.23498062015503876,0.10829493087557604,0.6538461538461539,
internvl,appfr,H04,4,crowdbot,crowdbot__defaced_2021-04-24-11-35-54,1211,0.3872832369942196,0.3387997716735398,0.19576859698681734,0.01859229747675963,0.9978070175438597,0.0
internvl,appfr,H04,4,crowdbot,crowdbot__defaced_2021-04-24-11-40-33,986,0.3630831643002028,0.3333333333333333,0.1775793650793651,0.0,1.0,0.0
internvl,appfr,H04,4,crowdbot,crowdbot__defaced_2021-04-24-11-43-54,583,0.4922813036020583,0.3333333333333333,0.21992337164750955,0.0,1.0,0.0
internvl,appfr,H04,4,crowdbot,crowdbot__defaced_2021-04-24-11-48-21,1555,0.4810289389067524,0.3376409093771648,0.23207507488609083,0.027848101265822784,0.9850746268656716,0.0
internvl,appfr,H04,4,crowdbot,crowdbot__defaced_2021-04-24-11-55-30,1815,0.40055096418732783,0.3109458915939149,0.20407186149232973,0.0273972602739726,0.905440414507772,0.0
internvl,appfr,H04,4,huron,huron__bww1_Feb-16-2023-bww1-intloss_00000000,342,0.9239766081871345,0.48024980483996876,0.5071345029239765,0.9836065573770492,0.45714285714285713,0.0
internvl,appfr,H04,4,huron,huron__bww1_Feb-16-2023-bww1-intloss_00000001,1674,0.8876941457586619,0.3683347590533219,0.37726865891963907,0.9740518962075848,0.13095238095238096,0.0
internvl,appfr,H04,4,huron,huron__bww1_Feb-16-2023-bww1-intloss_00000002,334,0.907185628742515,0.9524539877300613,0.43016868240426676,0.9049079754601227,1.0,
internvl,appfr,H04,4,huron,huron__bww2_Feb-20-2023-bww2-intloss_00000000,754,0.7877984084880637,0.44595463403853497,0.37183488147250676,0.8059490084985835,0.5319148936170213,0.0
internvl,appfr,H04,4,huron,huron__bww2_Feb-20-2023-bww2-intloss_00000001,819,0.7814407814407814,0.4923778543181528,0.3227418745275888,0.7848258706467661,0.6923076923076923,0.0
internvl,appfr,H04,4,huron,huron__bww2_Feb-20-2023-bww2-intloss_00000002,482,0.6929460580912863,0.4033189033189033,0.298974358974359,0.70995670995671,0.5,0.0
internvl,appfr,H04,4,huron,huron__bww8_Feb-03-2023-bww8-intloss_00000000,1095,0.4474885844748858,0.3229422580695005,0.28892150467492933,0.43178973717146435,0.5370370370370371,0.0
internvl,appfr,H04,4,huron,huron__bww8_Feb-03-2023-bww8-intloss_00000001,1051,0.8411037107516651,0.47414089107900176,0.448460025831074,0.8925081433224755,0.5299145299145299,0.0
internvl,appfr,H04,4,huron,huron__bww8_Feb-03-2023-bww8-intloss_00000002,705,0.8382978723404255,0.3463391921778605,0.3387429744920017,0.968595041322314,0.07042253521126761,0.0
internvl,appfr,H04,4,huron,huron__cory1_Feb-16-2023-cory1-intloss_00000000,1486,0.9071332436069987,0.31598687294889827,0.3171018583862621,0.9479606188466948,0.0,0.0
internvl,appfr,H04,4,huron,huron__cory1_Feb-16-2023-cory1-intloss_00000001,2154,0.9512534818941504,0.4028334925183063,0.3769075665923804,0.9751671442215855,0.23333333333333334,0.0
internvl,appfr,H04,4,huron,huron__cory1_Feb-16-2023-cory1-intloss_00000002,1653,0.8862673926194797,0.5197326855139397,0.3981420765027322,0.8996235884567126,0.6595744680851063,0.0
internvl,appfr,H04,4,huron,huron__soda3_Feb-21-2023-soda3-intloss_00000000,2414,0.8653686826843413,0.36920049372365443,0.3681637612822073,0.9332425068119891,0.17435897435897435,0.0
internvl,appfr,H04,4,huron,huron__soda3_Feb-21-2023-soda3-intloss_00000001,1368,0.6345029239766082,0.458888939455999,0.40424371352206406,0.6291585127201565,0.7475083056478405,0.0
internvl,appfr,H04,4,huron,huron__soda3_Feb-21-2023-soda3-intloss_00000002,531,0.943502824858757,0.4300663075010361,0.4264110112981556,0.9744094488188977,0.3157894736842105,0.0
internvl,appfr,H04,4,pal,pal__rosbag2_2025_07_11-13_23_07,2151,0.9716410971641097,0.9716410971641097,0.328538866619508,0.9716410971641097,,
internvl,appfr,H04,4,pal,pal__rosbag2_2025_07_11-13_37_37,3038,0.47333772218564846,0.3769184758518496,0.23261977410059478,0.702386998476384,0.05144995322731525,
internvl,appfr,H04,4,pal,pal__rosbag2_2025_07_11-13_55_25,4060,0.31724137931034485,0.29702432045779686,0.21311662518074118,0.7510729613733905,0.14,0.0
internvl,appfr,H06,6,crowdbot,crowdbot__defaced_2021-04-24-11-20-18,1619,0.705373687461396,0.3333333333333333,0.27574550283713634,0.0,1.0,0.0
internvl,appfr,H06,6,crowdbot,crowdbot__defaced_2021-04-24-11-23-43,1032,0.5804263565891473,0.5163178336390117,0.3007015772281619,0.11290322580645161,0.919732441471572,
internvl,appfr,H06,6,crowdbot,crowdbot__defaced_2021-04-24-11-35-54,1211,0.41288191577208916,0.34963945388038487,0.23007089840319073,0.07304116865869854,0.9758771929824561,0.0
internvl,appfr,H06,6,crowdbot,crowdbot__defaced_2021-04-24-11-40-33,986,0.37018255578093306,0.33717265801194607,0.18766682491955478,0.014311270125223614,0.9972067039106145,0.0
internvl,appfr,H06,6,crowdbot,crowdbot__defaced_2021-04-24-11-43-54,583,0.4922813036020583,0.3333333333333333,0.21992337164750955,0.0,1.0,0.0
internvl,appfr,H06,6,crowdbot,crowdbot__defaced_2021-04-24-11-48-21,1555,0.4797427652733119,0.3370094292633496,0.22553789869774998,0.016455696202531647,0.994572591587517,0.0
internvl,appfr,H06,6,crowdbot,crowdbot__defaced_2021-04-24-11-55-30,1815,0.4044077134986226,0.31058846989715044,0.21888526816969156,0.05870841487279843,0.8730569948186528,0.0
internvl,appfr,H06,6,huron,huron__bww1_Feb-16-2023-bww1-intloss_00000000,342,0.7777777777777778,0.5014832162373146,0.42124395721518026,0.7901639344262295,0.7142857142857143,0.0
internvl,appfr,H06,6,huron,huron__bww1_Feb-16-2023-bww1-intloss_00000001,1674,0.7365591397849462,0.4584996673320026,0.3866657087434442,0.7504990019960079,0.625,0.0
internvl,appfr,H06,6,huron,huron__bww1_Feb-16-2023-bww1-intloss_00000002,334,0.7335329341317365,0.8634969325153374,0.33143308240999186,0.7269938650306749,1.0,
internvl,appfr,H06,6,huron,huron__bww2_Feb-20-2023-bww2-intloss_00000000,754,0.44562334217506633,0.43006248367588856,0.24996623634558093,0.4178470254957507,0.8723404255319149,0.0
internvl,appfr,H06,6,huron,huron__bww2_Feb-20-2023-bww2-intloss_00000001,819,0.5763125763125763,0.44795254496747033,0.2608761001711318,0.5746268656716418,0.7692307692307693,0.0
internvl,appfr,H06,6,huron,huron__bww2_Feb-20-2023-bww2-intloss_00000002,482,0.4170124481327801,0.44264069264069267,0.2177474575841343,0.41125541125541126,0.9166666666666666,0.0
internvl,appfr,H06,6,huron,huron__bww8_Feb-03-2023-bww8-intloss_00000000,1095,0.3415525114155251,0.31623479967243007,0.2303057752482848,0.2227784730913642,0.725925925925926,0.0
internvl,appfr,H06,6,huron,huron__bww8_Feb-03-2023-bww8-intloss_00000001,1051,0.6470028544243578,0.4948170420483124,0.371512498604422,0.6297502714440825,0.8547008547008547,0.0
internvl,appfr,H06,6,huron,huron__bww8_Feb-03-2023-bww8-intloss_00000002,705,0.574468085106383,0.335025026190199,0.2953342602767375,0.6247933884297521,0.38028169014084506,0.0
internvl,appfr,H06,6,huron,huron__cory1_Feb-16-2023-cory1-intloss_00000000,1486,0.8257065948855989,0.2876230661040788,0.30151124216734243,0.8628691983122363,0.0,0.0
internvl,appfr,H06,6,huron,huron__cory1_Feb-16-2023-cory1-intloss_00000001,2154,0.7836583101207056,0.5644062400509392,0.3292306994877374,0.7932187201528176,0.9,0.0
internvl,appfr,H06,6,huron,huron__cory1_Feb-16-2023-cory1-intloss_00000002,1653,0.7150635208711433,0.5156170746683041,0.3249397929835567,0.7170639899623589,0.8297872340425532,0.0
internvl,appfr,H06,6,huron,huron__soda3_Feb-21-2023-soda3-intloss_00000000,2414,0.7949461474730737,0.5569156244905563,0.4294401062100788,0.7938237965485921,0.8769230769230769,0.0
internvl,appfr,H06,6,huron,huron__soda3_Feb-21-2023-soda3-intloss_00000001,1368,0.4722222222222222,0.4200761540678712,0.3178792272836031,0.3698630136986301,0.8903654485049833,0.0
internvl,appfr,H06,6,huron,huron__soda3_Feb-21-2023-soda3-intloss_00000002,531,0.9303201506591338,0.4592485149882581,0.4280952380952381,0.9566929133858267,0.42105263157894735,0.0
internvl,appfr,H06,6,pal,pal__rosbag2_2025_07_11-13_23_07,2151,0.46490004649000466,0.46490004649000466,0.21157304559399134,0.46490004649000466,,
internvl,appfr,H06,6,pal,pal__rosbag2_2025_07_11-13_37_37,3038,0.27880184331797236,0.2681039270526652,0.17936302966364212,0.3042153377348908,0.23199251637043966,
internvl,appfr,H06,6,pal,pal__rosbag2_2025_07_11-13_55_25,4060,0.33620689655172414,0.28844455664955543,0.24945092070236694,0.3512160228898426,0.5141176470588236,0.0
internvl,appfr,H08,8,crowdbot,crowdbot__defaced_2021-04-24-11-20-18,1619,0.705373687461396,0.3333333333333333,0.27574550283713634,0.0,1.0,0.0
internvl,appfr,H08,8,crowdbot,crowdbot__defaced_2021-04-24-11-23-43,1032,0.5474806201550387,0.48157067336590476,0.2739420612432876,0.06682027649769585,0.8963210702341137,
internvl,appfr,H08,8,crowdbot,crowdbot__defaced_2021-04-24-11-35-54,1211,0.38398018166804293,0.33731739707835323,0.1912274536249917,0.01195219123505976,1.0,0.0
internvl,appfr,H08,8,crowdbot,crowdbot__defaced_2021-04-24-11-40-33,986,0.3661257606490872,0.3351222420989863,0.18153535321368322,0.005366726296958855,1.0,0.0
internvl,appfr,H08,8,crowdbot,crowdbot__defaced_2021-04-24-11-43-54,583,0.4922813036020583,0.3333333333333333,0.21992337164750955,0.0,1.0,0.0
internvl,appfr,H08,8,crowdbot,crowdbot__defaced_2021-04-24-11-48-21,1555,0.4758842443729904,0.3345688130120399,0.2179002822442774,0.005063291139240506,0.9986431478968792,0.0
internvl,appfr,H08,8,crowdbot,crowdbot__defaced_2021-04-24-11-55-30,1815,0.4044077134986226,0.3146020705109356,0.20277271543868783,0.021526418786692758,0.9222797927461139,0.0
internvl,appfr,H08,8,huron,huron__bww1_Feb-16-2023-bww1-intloss_00000000,342,0.8304093567251462,0.5042935206869633,0.4484739597196345,0.8557377049180328,0.6571428571428571,0.0
internvl,appfr,H08,8,huron,huron__bww1_Feb-16-2023-bww1-intloss_00000001,1674,0.7598566308243727,0.44247615879352403,0.3891942246151589,0.7857618097139055,0.5416666666666666,0.0
internvl,appfr,H08,8,huron,huron__bww1_Feb-16-2023-bww1-intloss_00000002,334,0.7544910179640718,0.8742331288343559,0.3398018856665473,0.7484662576687117,1.0,
internvl,appfr,H08,8,huron,huron__bww2_Feb-20-2023-bww2-intloss_00000000,754,0.46419098143236076,0.4499126032186125,0.25974889464143575,0.4348441926345609,0.9148936170212766,0.0
internvl,appfr,H08,8,huron,huron__bww2_Feb-20-2023-bww2-intloss_00000001,819,0.5982905982905983,0.4554152315346345,0.26774244539287523,0.5970149253731343,0.7692307692307693,0.0
internvl,appfr,H08,8,huron,huron__bww2_Feb-20-2023-bww2-intloss_00000002,482,0.3091286307053942,0.4321789321789322,0.17488531305677532,0.29653679653679654,1.0,0.0
internvl,appfr,H08,8,huron,huron__bww8_Feb-03-2023-bww8-intloss_00000000,1095,0.32511415525114157,0.31444707118465987,0.21836178146526075,0.19148936170212766,0.7518518518518519,0.0
internvl,appfr,H08,8,huron,huron__bww8_Feb-03-2023-bww8-intloss_00000001,1051,0.6517602283539486,0.49662666926510574,0.3738996121060089,0.6351791530944625,0.8547008547008547,0.0
internvl,appfr,H08,8,huron,huron__bww8_Feb-03-2023-bww8-intloss_00000002,705,0.5588652482269504,0.341396034609863,0.29300157563025214,0.6016528925619835,0.4225352112676056,0.0
internvl,appfr,H08,8,huron,huron__cory1_Feb-16-2023-cory1-intloss_00000000,1486,0.8243606998654105,0.2871542428504454,0.3012418541743514,0.8614627285513361,0.0,0.0
internvl,appfr,H08,8,huron,huron__cory1_Feb-16-2023-cory1-intloss_00000001,2154,0.7780872794800371,0.46392868513212354,0.31645513837475764,0.7917860553963706,0.6,0.0
internvl,appfr,H08,8,huron,huron__cory1_Feb-16-2023-cory1-intloss_00000002,1653,0.6890502117362372,0.4928588590191943,0.31341672702923645,0.6913425345043914,0.7872340425531915,0.0
internvl,appfr,H08,8,huron,huron__soda3_Feb-21-2023-soda3-intloss_00000000,2414,0.8011599005799502,0.5280258040476024,0.42375746849831475,0.8097184377838329,0.7743589743589744,0.0
internvl,appfr,H08,8,huron,huron__soda3_Feb-21-2023-soda3-intloss_00000001,1368,0.4861111111111111,0.425491891563889,0.3263816224266531,0.38943248532289626,0.8870431893687708,0.0
internvl,appfr,H08,8,huron,huron__soda3_Feb-21-2023-soda3-intloss_00000002,531,0.9227871939736346,0.45662384307224757,0.418818552948699,0.9488188976377953,0.42105263157894735,0.0
internvl,appfr,H08,8,pal,pal__rosbag2_2025_07_11-13_23_07,2151,0.5834495583449558,0.5834495583449558,0.24564494030142883,0.5834495583449558,,
internvl,appfr,H08,8,pal,pal__rosbag2_2025_07_11-13_37_37,3038,0.2893350888742594,0.2672506640581017,0.18142391830455393,0.3417978669375317,0.19270346117867165,
internvl,appfr,H08,8,pal,pal__rosbag2_2025_07_11-13_55_25,4060,0.31157635467980294,0.2718864484277259,0.23563917774122367,0.4027181688125894,0.41294117647058826,0.0
internvl,appfr,H10,10,crowdbot,crowdbot__defaced_2021-04-24-11-20-18,1619,0.705373687461396,0.3333333333333333,0.27574550283713634,0.0,1.0,0.0
internvl,appfr,H10,10,crowdbot,crowdbot__defaced_2021-04-24-11-23-43,1032,0.5794573643410853,0.5,0.2445807770961145,0.0,1.0,
internvl,appfr,H10,10,crowdbot,crowdbot__defaced_2021-04-24-11-35-54,1211,0.37654830718414534,0.3333333333333333,0.18236352729454108,0.0,1.0,0.0
internvl,appfr,H10,10,crowdbot,crowdbot__defaced_2021-04-24-11-40-33,986,0.3630831643002028,0.3333333333333333,0.1775793650793651,0.0,1.0,0.0
internvl,appfr,H10,10,crowdbot,crowdbot__defaced_2021-04-24-11-43-54,583,0.4922813036020583,0.3333333333333333,0.21992337164750955,0.0,1.0,0.0
internvl,appfr,H10,10,crowdbot,crowdbot__defaced_2021-04-24-11-48-21,1555,0.4739549839228296,0.3333333333333333,0.21436881908086095,0.0,1.0,0.0
internvl,appfr,H10,10,crowdbot,crowdbot__defaced_2021-04-24-11-55-30,1815,0.42534435261707987,0.3333333333333333,0.19894343512433965,0.0,1.0,0.0
internvl,appfr,H10,10,huron,huron__bww1_Feb-16-2023-bww1-intloss_00000000,342,0.7309941520467836,0.5261514441842311,0.4083085071168487,0.7213114754098361,0.8571428571428571,0.0
internvl,appfr,H10,10,huron,huron__bww1_Feb-16-2023-bww1-intloss_00000001,1674,0.6541218637992832,0.5107245825808701,0.37010824249237717,0.6274118429807053,0.9047619047619048,0.0
internvl,appfr,H10,10,huron,huron__bww1_Feb-16-2023-bww1-intloss_00000002,334,0.655688622754491,0.8236196319018405,0.30266156813131095,0.647239263803681,1.0,
internvl,appfr,H10,10,huron,huron__bww2_Feb-20-2023-bww2-intloss_00000000,754,0.3859416445623342,0.44191630000200915,0.22682388270623563,0.34702549575070823,0.9787234042553191,0.0
internvl,appfr,H10,10,huron,huron__bww2_Feb-20-2023-bww2-intloss_00000001,819,0.4713064713064713,0.4122974869243526,0.22660737688756027,0.46766169154228854,0.7692307692307693,0.0
internvl,appfr,H10,10,huron,huron__bww2_Feb-20-2023-bww2-intloss_00000002,482,0.2074688796680498,0.3968253968253968,0.1263711001642036,0.19047619047619047,1.0,0.0
internvl,appfr,H10,10,huron,huron__bww8_Feb-03-2023-bww8-intloss_00000000,1095,0.30228310502283107,0.3244518611226997,0.19745974753585105,0.12891113892365458,0.8444444444444444,0.0
internvl,appfr,H10,10,huron,huron__bww8_Feb-03-2023-bww8-intloss_00000001,1051,0.570884871550904,0.47829839360783993,0.33699132684437094,0.5374592833876222,0.8974358974358975,0.0
internvl,appfr,H10,10,huron,huron__bww8_Feb-03-2023-bww8-intloss_00000002,705,0.4921985815602837,0.381802661700229,0.2830841192051491,0.4975206611570248,0.647887323943662,0.0
internvl,appfr,H10,10,huron,huron__cory1_Feb-16-2023-cory1-intloss_00000000,1486,0.6897711978465679,0.24027191748710738,0.2721359352183725,0.7208157524613221,0.0,0.0
internvl,appfr,H10,10,huron,huron__cory1_Feb-16-2023-cory1-intloss_00000001,2154,0.6369545032497679,0.536007640878701,0.2834385994071858,0.6413562559694365,0.9666666666666667,0.0
internvl,appfr,H10,10,huron,huron__cory1_Feb-16-2023-cory1-intloss_00000002,1653,0.5856019358741682,0.5052813298094806,0.2822948722751312,0.5796737766624843,0.9361702127659575,0.0
internvl,appfr,H10,10,huron,huron__soda3_Feb-21-2023-soda3-intloss_00000000,2414,0.723695111847556,0.5495749784578122,0.3941694592842346,0.7102633969118983,0.9384615384615385,0.0
internvl,appfr,H10,10,huron,huron__soda3_Feb-21-2023-soda3-intloss_00000001,1368,0.42105263157894735,0.40740150791122437,0.28545097731607355,0.28864970645792565,0.9335548172757475,0.0
internvl,appfr,H10,10,huron,huron__soda3_Feb-21-2023-soda3-intloss_00000002,531,0.9265536723163842,0.4579361790302528,0.42330631595045115,0.952755905511811,0.42105263157894735,0.0
internvl,appfr,H10,10,pal,pal__rosbag2_2025_07_11-13_23_07,2151,0.3217108321710832,0.3217108321710832,0.1622699026849572,0.3217108321710832,,
internvl,appfr,H10,10,pal,pal__rosbag2_2025_07_11-13_37_37,3038,0.2998683344305464,0.3737204024398761,0.1907732294558573,0.1244286439817166,0.6230121608980356,
internvl,appfr,H10,10,pal,pal__rosbag2_2025_07_11-13_55_25,4060,0.432512315270936,0.35371707481275766,0.2726311828443409,0.15879828326180256,0.9023529411764706,0.0
internvl,appfr,H12,12,crowdbot,crowdbot__defaced_2021-04-24-11-20-18,1619,0.705373687461396,0.3333333333333333,0.27574550283713634,0.0,1.0,0.0
internvl,appfr,H12,12,crowdbot,crowdbot__defaced_2021-04-24-11-23-43,1032,0.5872093023255814,0.5092165898617511,0.257853459130024,0.018433179723502304,1.0,
internvl,appfr,H12,12,crowdbot,crowdbot__defaced_2021-04-24-11-35-54,1211,0.37654830718414534,0.3333333333333333,0.18236352729454108,0.0,1.0,0.0
internvl,appfr,H12,12,crowdbot,crowdbot__defaced_2021-04-24-11-40-33,986,0.3630831643002028,0.3333333333333333,0.1775793650793651,0.0,1.0,0.0
internvl,appfr,H12,12,crowdbot,crowdbot__defaced_2021-04-24-11-43-54,583,0.4922813036020583,0.3333333333333333,0.21992337164750955,0.0,1.0,0.0
internvl,appfr,H12,12,crowdbot,crowdbot__defaced_2021-04-24-11-48-21,1555,0.4739549839228296,0.3333333333333333,0.21436881908086095,0.0,1.0,0.0
internvl,appfr,H12,12,crowdbot,crowdbot__defaced_2021-04-24-11-55-30,1815,0.42534435261707987,0.3321715015767113,0.20481503887432498,0.010763209393346379,0.9857512953367875,0.0
internvl,appfr,H12,12,huron,huron__bww1_Feb-16-2023-bww1-intloss_00000000,342,0.783625730994152,0.5542544886807182,0.44133807369101485,0.7770491803278688,0.8857142857142857,0.0
internvl,appfr,H12,12,huron,huron__bww1_Feb-16-2023-bww1-intloss_00000001,1674,0.7144563918757467,0.4344327218578716,0.36974687159114716,0.7318695941450433,0.5714285714285714,0.0
internvl,appfr,H12,12,huron,huron__bww1_Feb-16-2023-bww1-intloss_00000002,334,0.6976047904191617,0.8450920245398773,0.3178163504842271,0.6901840490797546,1.0,
internvl,appfr,H12,12,huron,huron__bww2_Feb-20-2023-bww2-intloss_00000000,754,0.4230769230769231,0.4551363188877504,0.24390530405710673,0.386685552407932,0.9787234042553191,0.0
internvl,appfr,H12,12,huron,huron__bww2_Feb-20-2023-bww2-intloss_00000001,819,0.5042735042735043,0.42349151677509883,0.23768801976228351,0.5012437810945274,0.7692307692307693,0.0
internvl,appfr,H12,12,huron,huron__bww2_Feb-20-2023-bww2-intloss_00000002,482,0.21991701244813278,0.4011544011544011,0.13270983213429258,0.20346320346320346,1.0,0.0
internvl,appfr,H12,12,huron,huron__bww8_Feb-03-2023-bww8-intloss_00000000,1095,0.3050228310502283,0.3265208053276472,0.19949200802433187,0.13141426783479349,0.8481481481481481,0.0
internvl,appfr,H12,12,huron,huron__bww8_Feb-03-2023-bww8-intloss_00000001,1051,0.6108468125594672,0.49598633963454813,0.3572278706163947,0.5819761129207384,0.905982905982906,0.0
internvl,appfr,H12,12,huron,huron__bww8_Feb-03-2023-bww8-intloss_00000002,705,0.5517730496453901,0.36764831412718735,0.29916056375734906,0.5818181818181818,0.5211267605633803,0.0
internvl,appfr,H12,12,huron,huron__cory1_Feb-16-2023-cory1-intloss_00000000,1486,0.7550471063257066,0.2630098452883263,0.28680981595092025,0.7890295358649789,0.0,0.0
internvl,appfr,H12,12,huron,huron__cory1_Feb-16-2023-cory1-intloss_00000001,2154,0.7103064066852368,0.5502069404648201,0.3055708720099506,0.7172874880611271,0.9333333333333333,0.0
internvl,appfr,H12,12,huron,huron__cory1_Feb-16-2023-cory1-intloss_00000002,1653,0.6418632788868723,0.4834307732009219,0.2976347381398665,0.6417816813048933,0.8085106382978723,0.0
internvl,appfr,H12,12,huron,huron__soda3_Feb-21-2023-soda3-intloss_00000000,2414,0.7572493786246893,0.5556044621439716,0.4107588234283494,0.7488646684831971,0.9179487179487179,0.0
internvl,appfr,H12,12,huron,huron__soda3_Feb-21-2023-soda3-intloss_00000001,1368,0.43567251461988304,0.41158087956431383,0.29509748458249724,0.3111545988258317,0.9235880398671097,0.0
internvl,appfr,H12,12,huron,huron__soda3_Feb-21-2023-soda3-intloss_00000002,531,0.9246704331450094,0.4572800110512502,0.42102694076785885,0.9507874015748031,0.42105263157894735,0.0
internvl,appfr,H12,12,pal,pal__rosbag2_2025_07_11-13_23_07,2151,0.4174802417480242,0.4174802417480242,0.19634852957253746,0.4174802417480242,,
internvl,appfr,H12,12,pal,pal__rosbag2_2025_07_11-13_37_37,3038,0.2445687952600395,0.2581564768409885,0.1625734729669911,0.2122905027932961,0.304022450888681,
internvl,appfr,H12,12,pal,pal__rosbag2_2025_07_11-13_55_25,4060,0.3184729064039409,0.26920166063564194,0.22951589774019684,0.2646638054363376,0.5429411764705883,0.0
internvl,appfr,H14,14,crowdbot,crowdbot__defaced_2021-04-24-11-20-18,1619,0.7041383570105003,0.3327495621716287,0.2754621239579558,0.0,0.9982486865148862,0.0
internvl,appfr,H14,14,crowdbot,crowdbot__defaced_2021-04-24-11-23-43,1032,0.44476744186046513,0.4005247907772452,0.24746450591848634,0.12211981566820276,0.6789297658862876,
internvl,appfr,H14,14,crowdbot,crowdbot__defaced_2021-04-24-11-35-54,1211,0.4087530966143683,0.34684944432795134,0.22673268031912028,0.06905710491367861,0.9714912280701754,0.0
internvl,appfr,H14,14,crowdbot,crowdbot__defaced_2021-04-24-11-40-33,986,0.43204868154158216,0.3725427489231569,0.26188774967797446,0.12880143112701253,0.9888268156424581,0.0
internvl,appfr,H14,14,crowdbot,crowdbot__defaced_2021-04-24-11-43-54,583,0.4922813036020583,0.3333333333333333,0.21992337164750955,0.0,1.0,0.0
internvl,appfr,H14,14,crowdbot,crowdbot__defaced_2021-04-24-11-48-21,1555,0.4733118971061093,0.3328507061928562,0.2149079676527413,0.0012658227848101266,0.9972862957937585,0.0
internvl,appfr,H14,14,crowdbot,crowdbot__defaced_2021-04-24-11-55-30,1815,0.4214876033057851,0.3222836796014452,0.2320832641666213,0.07436399217221135,0.8924870466321243,0.0
internvl,appfr,H14,14,huron,huron__bww1_Feb-16-2023-bww1-intloss_00000000,342,0.8976608187134503,0.453551912568306,0.4675518949693338,0.9606557377049181,0.4,0.0
internvl,appfr,H14,14,huron,huron__bww1_Feb-16-2023-bww1-intloss_00000001,1674,0.8655913978494624,0.32664433038684537,0.3180436654678081,0.9620758483033932,0.017857142857142856,0.0
internvl,appfr,H14,14,huron,huron__bww1_Feb-16-2023-bww1-intloss_00000002,334,0.8652694610778443,0.9309815950920246,0.39605333045255264,0.8619631901840491,1.0,
internvl,appfr,H14,14,huron,huron__bww2_Feb-20-2023-bww2-intloss_00000000,754,0.7241379310344828,0.489492295019388,0.36112298119193825,0.7237960339943342,0.7446808510638298,0.0
internvl,appfr,H14,14,huron,huron__bww2_Feb-20-2023-bww2-intloss_00000001,819,0.8034188034188035,0.4493876769996173,0.32372347707049964,0.8097014925373134,0.5384615384615384,0.0
internvl,appfr,H14,14,huron,huron__bww2_Feb-20-2023-bww2-intloss_00000002,482,0.6970954356846473,0.3777056277056277,0.2965893151227559,0.7164502164502164,0.4166666666666667,0.0
internvl,appfr,H14,14,huron,huron__bww8_Feb-03-2023-bww8-intloss_00000000,1095,0.4246575342465753,0.31251255427308827,0.2762130992582077,0.4005006257822278,0.5370370370370371,0.0
internvl,appfr,H14,14,huron,huron__bww8_Feb-03-2023-bww8-intloss_00000001,1051,0.8268315889628924,0.46871200942862173,0.43850444071796785,0.8762214983713354,0.5299145299145299,0.0
internvl,appfr,H14,14,huron,huron__bww8_Feb-03-2023-bww8-intloss_00000002,705,0.8070921985815603,0.3590812090171885,0.35397214585861586,0.9223140495867769,0.15492957746478872,0.0
internvl,appfr,H14,14,huron,huron__cory1_Feb-16-2023-cory1-intloss_00000000,1486,0.882907133243607,0.3075480543834974,0.3126042411246128,0.9226441631504922,0.0,0.0
internvl,appfr,H14,14,huron,huron__cory1_Feb-16-2023-cory1-intloss_00000001,2154,0.9540389972144847,0.41474052849411014,0.3882081714154777,0.9775549188156638,0.26666666666666666,0.0
internvl,appfr,H14,14,huron,huron__cory1_Feb-16-2023-cory1-intloss_00000002,1653,0.8765880217785844,0.5026206430141399,0.3861962853060776,0.890840652446675,0.6170212765957447,0.0
internvl,appfr,H14,14,huron,huron__soda3_Feb-21-2023-soda3-intloss_00000000,2414,0.8707539353769677,0.3774004983814248,0.3778556354621263,0.9373297002724795,0.19487179487179487,0.0
internvl,appfr,H14,14,huron,huron__soda3_Feb-21-2023-soda3-intloss_00000001,1368,0.6498538011695907,0.4704258256344908,0.4144824311490978,0.6438356164383562,0.7674418604651163,0.0
internvl,appfr,H14,14,huron,huron__soda3_Feb-21-2023-soda3-intloss_00000002,531,0.96045197740113,0.45285951098217986,0.4726689408706952,0.9901574803149606,0.3684210526315789,0.0
internvl,appfr,H14,14,pal,pal__rosbag2_2025_07_11-13_23_07,2151,0.8349604834960483,0.8349604834960483,0.3033527573684655,0.8349604834960483,,
internvl,appfr,H14,14,pal,pal__rosbag2_2025_07_11-13_37_37,3038,0.3499012508229098,0.29858194911683006,0.20140687959180928,0.4718131030980193,0.1253507951356408,
internvl,appfr,H14,14,pal,pal__rosbag2_2025_07_11-13_55_25,4060,0.3024630541871921,0.2743313977951696,0.22473051777205919,0.5665236051502146,0.2564705882352941,0.0
internvl,appfr,H16,16,crowdbot,crowdbot__defaced_2021-04-24-11-20-18,1619,0.7047560222359481,0.333041447752481,0.2756038647342995,0.0,0.999124343257443,0.0
internvl,appfr,H16,16,crowdbot,crowdbot__defaced_2021-04-24-11-23-43,1032,0.5184108527131783,0.46312208128477417,0.27623918273485126,0.1152073732718894,0.8110367892976589,
internvl,appfr,H16,16,crowdbot,crowdbot__defaced_2021-04-24-11-35-54,1211,0.40957886044591246,0.34902204049299873,0.22440246315497814,0.06241699867197875,0.9846491228070176,0.0
internvl,appfr,H16,16,crowdbot,crowdbot__defaced_2021-04-24-11-40-33,986,0.3813387423935091,0.34373199015267347,0.20163510723597133,0.03398926654740608,0.9972067039106145,0.0
internvl,appfr,H16,16,crowdbot,crowdbot__defaced_2021-04-24-11-43-54,583,0.49056603773584906,0.3321718931475029,0.21940928270042193,0.0,0.9965156794425087,0.0
internvl,appfr,H16,16,crowdbot,crowdbot__defaced_2021-04-24-11-48-21,1555,0.47138263665594854,0.331524197195839,0.21357808857808858,0.0,0.994572591587517,0.0
internvl,appfr,H16,16,crowdbot,crowdbot__defaced_2021-04-24-11-55-30,1815,0.4231404958677686,0.3257970588334702,0.2244861879187241,0.053816046966731895,0.9235751295336787,0.0
internvl,appfr,H16,16,huron,huron__bww1_Feb-16-2023-bww1-intloss_00000000,342,0.8976608187134503,0.4619828259172521,0.46935128620703986,0.9573770491803278,0.42857142857142855,0.0
internvl,appfr,H16,16,huron,huron__bww1_Feb-16-2023-bww1-intloss_00000001,1674,0.8667861409796893,0.32532553939739567,0.31546856166369147,0.9640718562874252,0.011904761904761904,0.0
internvl,appfr,H16,16,huron,huron__bww1_Feb-16-2023-bww1-intloss_00000002,334,0.8502994011976048,0.9233128834355828,0.3864559213396423,0.8466257668711656,1.0,
internvl,appfr,H16,16,huron,huron__bww2_Feb-20-2023-bww2-intloss_00000000,754,0.7068965517241379,0.4965945392080043,0.3564431019373124,0.7025495750708215,0.7872340425531915,0.0
internvl,appfr,H16,16,huron,huron__bww2_Feb-20-2023-bww2-intloss_00000001,819,0.7765567765567766,0.46549304758259985,0.31814838516404803,0.7810945273631841,0.6153846153846154,0.0
internvl,appfr,H16,16,huron,huron__bww2_Feb-20-2023-bww2-intloss_00000002,482,0.6390041493775933,0.4116161616161616,0.28569566634082766,0.6515151515151515,0.5833333333333334,0.0
internvl,appfr,H16,16,huron,huron__bww8_Feb-03-2023-bww8-intloss_00000000,1095,0.39360730593607307,0.3089540938518827,0.2608964927258683,0.34167709637046306,0.5851851851851851,0.0
internvl,appfr,H16,16,huron,huron__bww8_Feb-03-2023-bww8-intloss_00000001,1051,0.8287345385347288,0.48187124734356007,0.4459761649542671,0.8729641693811075,0.5726495726495726,0.0
internvl,appfr,H16,16,huron,huron__bww8_Feb-03-2023-bww8-intloss_00000002,705,0.8241134751773049,0.36983665075854577,0.3671739035375399,0.9404958677685951,0.16901408450704225,0.0
internvl,appfr,H16,16,huron,huron__cory1_Feb-16-2023-cory1-intloss_00000000,1486,0.8855989232839838,0.30848570089076416,0.31310968355936236,0.9254571026722925,0.0,0.0
internvl,appfr,H16,16,huron,huron__cory1_Feb-16-2023-cory1-intloss_00000001,2154,0.9554317548746518,0.3933142311365807,0.376996336996337,0.9799426934097422,0.2,0.0
internvl,appfr,H16,16,huron,huron__cory1_Feb-16-2023-cory1-intloss_00000002,1653,0.8802177858439202,0.4832261049858957,0.38338797814207654,0.8964868255959849,0.5531914893617021,0.0
internvl,appfr,H16,16,huron,huron__soda3_Feb-21-2023-soda3-intloss_00000000,2414,0.8699254349627175,0.33658911479074966,0.33490194152774255,0.9482288828337875,0.06153846153846154,0.0
internvl,appfr,H16,16,huron,huron__soda3_Feb-21-2023-soda3-intloss_00000001,1368,0.6374269005847953,0.46331861830428256,0.4069204026723903,0.6291585127201565,0.760797342192691,0.0
internvl,appfr,H16,16,huron,huron__soda3_Feb-21-2023-soda3-intloss_00000002,531,0.9472693032015066,0.44826633512916153,0.4441592645714334,0.9763779527559056,0.3684210526315789,0.0
internvl,appfr,H16,16,pal,pal__rosbag2_2025_07_11-13_23_07,2151,0.8721524872152487,0.8721524872152487,0.3105703170267362,0.8721524872152487,,
internvl,appfr,H16,16,pal,pal__rosbag2_2025_07_11-13_37_37,3038,0.35055957867017773,0.29310367763001927,0.1966525265820065,0.48704926358557643,0.09915809167446211,
internvl,appfr,H16,16,pal,pal__rosbag2_2025_07_11-13_55_25,4060,0.291871921182266,0.267721394709529,0.21232532970610662,0.5972818311874106,0.20588235294117646,0.0
internvl,appfr,H18,18,crowdbot,crowdbot__defaced_2021-04-24-11-20-18,1619,0.705373687461396,0.3333333333333333,0.27574550283713634,0.0,1.0,0.0
internvl,appfr,H18,18,crowdbot,crowdbot__defaced_2021-04-24-11-23-43,1032,0.5794573643410853,0.5003159533313811,0.24600079645951203,0.002304147465437788,0.9983277591973244,
internvl,appfr,H18,18,crowdbot,crowdbot__defaced_2021-04-24-11-35-54,1211,0.37654830718414534,0.3333333333333333,0.18236352729454108,0.0,1.0,0.0
internvl,appfr,H18,18,crowdbot,crowdbot__defaced_2021-04-24-11-40-33,986,0.3630831643002028,0.3333333333333333,0.1775793650793651,0.0,1.0,0.0
internvl,appfr,H18,18,crowdbot,crowdbot__defaced_2021-04-24-11-43-54,583,0.4922813036020583,0.3333333333333333,0.21992337164750955,0.0,1.0,0.0
internvl,appfr,H18,18,crowdbot,crowdbot__defaced_2021-04-24-11-48-21,1555,0.4739549839228296,0.3333333333333333,0.21436881908086095,0.0,1.0,0.0
internvl,appfr,H18,18,crowdbot,crowdbot__defaced_2021-04-24-11-55-30,1815,0.42534435261707987,0.3333333333333333,0.19894343512433965,0.0,1.0,0.0
internvl,appfr,H18,18,huron,huron__bww1_Feb-16-2023-bww1-intloss_00000000,342,0.7923976608187134,0.5828259172521467,0.45404560329636845,0.7770491803278688,0.9714285714285714,0.0
internvl,appfr,H18,18,huron,huron__bww1_Feb-16-2023-bww1-intloss_00000001,1674,0.6995221027479092,0.4694222665779552,0.3763917651863322,0.6999334664005322,0.7083333333333334,0.0
internvl,appfr,H18,18,huron,huron__bww1_Feb-16-2023-bww1-intloss_00000002,334,0.6407185628742516,0.8159509202453987,0.2973610496830311,0.6319018404907976,1.0,
internvl,appfr,H18,18,huron,huron__bww2_Feb-20-2023-bww2-intloss_00000000,754,0.4509283819628647,0.45181122295220305,0.2547845103830119,0.4192634560906516,0.9361702127659575,0.0
internvl,appfr,H18,18,huron,huron__bww2_Feb-20-2023-bww2-intloss_00000001,819,0.5677655677655677,0.49550325296593956,0.26122761416879064,0.5634328358208955,0.9230769230769231,0.0
internvl,appfr,H18,18,huron,huron__bww2_Feb-20-2023-bww2-intloss_00000002,482,0.24688796680497926,0.41053391053391053,0.14603797405121638,0.23160173160173161,1.0,0.0
internvl,appfr,H18,18,huron,huron__bww8_Feb-03-2023-bww8-intloss_00000000,1095,0.28949771689497716,0.3251502649917335,0.18513167650653395,0.10137672090112641,0.8740740740740741,0.0
internvl,appfr,H18,18,huron,huron__bww8_Feb-03-2023-bww8-intloss_00000001,1051,0.566127497621313,0.48643707601362324,0.3367878039976158,0.5276872964169381,0.9316239316239316,0.0
internvl,appfr,H18,18,huron,huron__bww8_Feb-03-2023-bww8-intloss_00000002,705,0.4595744680851064,0.3276917704574555,0.2585837117186745,0.47603305785123967,0.5070422535211268,0.0
internvl,appfr,H18,18,huron,huron__cory1_Feb-16-2023-cory1-intloss_00000000,1486,0.7012113055181696,0.24425691514299108,0.274789029535865,0.7327707454289732,0.0,0.0
internvl,appfr,H18,18,huron,huron__cory1_Feb-16-2023-cory1-intloss_00000001,2154,0.6337047353760445,0.49108564151544093,0.2794752318438058,0.6399235912129895,0.8333333333333334,0.0
internvl,appfr,H18,18,huron,huron__cory1_Feb-16-2023-cory1-intloss_00000002,1653,0.574107683000605,0.48065885368002353,0.27608431303358866,0.5696361355081556,0.8723404255319149,0.0
internvl,appfr,H18,18,huron,huron__soda3_Feb-21-2023-soda3-intloss_00000000,2414,0.748135874067937,0.5460420596660379,0.4039858321498797,0.7406902815622162,0.8974358974358975,0.0
internvl,appfr,H18,18,huron,huron__soda3_Feb-21-2023-soda3-intloss_00000001,1368,0.43932748538011696,0.4132116688663359,0.2974840564078819,0.31604696673189825,0.9235880398671097,0.0
internvl,appfr,H18,18,huron,huron__soda3_Feb-21-2023-soda3-intloss_00000002,531,0.9209039548022598,0.45596767509324493,0.4166772410042599,0.9468503937007874,0.42105263157894735,0.0
internvl,appfr,H18,18,pal,pal__rosbag2_2025_07_11-13_23_07,2151,0.23384472338447235,0.23384472338447235,0.1263501632755589,0.23384472338447235,,
internvl,appfr,H18,18,pal,pal__rosbag2_2025_07_11-13_37_37,3038,0.2662936142198815,0.29116435717132866,0.17752647925459905,0.20721178263077705,0.37511693171188026,
internvl,appfr,H18,18,pal,pal__rosbag2_2025_07_11-13_55_25,4060,0.32733990147783254,0.27579455244186374,0.23419185729847491,0.25679542203147354,0.5705882352941176,0.0
internvl,appfr,H20,20,crowdbot,crowdbot__defaced_2021-04-24-11-20-18,1619,0.705373687461396,0.3333333333333333,0.27574550283713634,0.0,1.0,0.0
internvl,appfr,H20,20,crowdbot,crowdbot__defaced_2021-04-24-11-23-43,1032,0.5872093023255814,0.5104804031872756,0.2631309376290789,0.027649769585253458,0.9933110367892977,
internvl,appfr,H20,20,crowdbot,crowdbot__defaced_2021-04-24-11-35-54,1211,0.37654830718414534,0.3333333333333333,0.18236352729454108,0.0,1.0,0.0
internvl,appfr,H20,20,crowdbot,crowdbot__defaced_2021-04-24-11-40-33,986,0.3630831643002028,0.3333333333333333,0.1775793650793651,0.0,1.0,0.0
internvl,appfr,H20,20,crowdbot,crowdbot__defaced_2021-04-24-11-43-54,583,0.4922813036020583,0.3333333333333333,0.21992337164750955,0.0,1.0,0.0
internvl,appfr,H20,20,crowdbot,crowdbot__defaced_2021-04-24-11-48-21,1555,0.4739549839228296,0.3333333333333333,0.21436881908086095,0.0,1.0,0.0
internvl,appfr,H20,20,crowdbot,crowdbot__defaced_2021-04-24-11-55-30,1815,0.42534435261707987,0.3333333333333333,0.19894343512433965,0.0,1.0,0.0
internvl,appfr,H20,20,huron,huron__bww1_Feb-16-2023-bww1-intloss_00000000,342,0.8391812865497076,0.600312256049961,0.4860111212918927,0.8295081967213115,0.9714285714285714,0.0
internvl,appfr,H20,20,huron,huron__bww1_Feb-16-2023-bww1-intloss_00000001,1674,0.7305854241338112,0.4404207458099674,0.37770395431201864,0.7498336660013307,0.5714285714285714,0.0
internvl,appfr,H20,20,huron,huron__bww1_Feb-16-2023-bww1-intloss_00000002,334,0.6976047904191617,0.8450920245398773,0.3178163504842271,0.6901840490797546,1.0,
internvl,appfr,H20,20,huron,huron__bww2_Feb-20-2023-bww2-intloss_00000000,754,0.473474801061008,0.45983766298997447,0.26465592026953416,0.443342776203966,0.9361702127659575,0.0
internvl,appfr,H20,20,huron,huron__bww2_Feb-20-2023-bww2-intloss_00000001,819,0.5982905982905983,0.5058680954203343,0.2710390911292216,0.5945273631840796,0.9230769230769231,0.0
internvl,appfr,H20,20,huron,huron__bww2_Feb-20-2023-bww2-intloss_00000002,482,0.24688796680497926,0.41053391053391053,0.14603797405121638,0.23160173160173161,1.0,0.0
internvl,appfr,H20,20,huron,huron__bww8_Feb-03-2023-bww8-intloss_00000000,1095,0.29406392694063926,0.32805358550039404,0.18867476360638671,0.10638297872340426,0.8777777777777778,0.0
internvl,appfr,H20,20,huron,huron__bww8_Feb-03-2023-bww8-intloss_00000001,1051,0.5965746907706946,0.4930445353898123,0.3507344026824546,0.5646036916395223,0.9145299145299145,0.0
internvl,appfr,H20,20,huron,huron__bww8_Feb-03-2023-bww8-intloss_00000002,705,0.4808510638297872,0.30280526131998603,0.25894567029222465,0.5140495867768595,0.39436619718309857,0.0
internvl,appfr,H20,20,huron,huron__cory1_Feb-16-2023-cory1-intloss_00000000,1486,0.7604306864064603,0.2648851383028598,0.28797145769622834,0.7946554149085795,0.0,0.0
internvl,appfr,H20,20,huron,huron__cory1_Feb-16-2023-cory1-intloss_00000001,2154,0.7098421541318477,0.4843361986628462,0.299736703882776,0.7196752626552053,0.7333333333333333,0.0
internvl,appfr,H20,20,huron,huron__cory1_Feb-16-2023-cory1-intloss_00000002,1653,0.616454930429522,0.4746478371908842,0.28872914239777964,0.6154328732747805,0.8085106382978723,0.0
internvl,appfr,H20,20,huron,huron__soda3_Feb-21-2023-soda3-intloss_00000000,2414,0.7605633802816901,0.5240969747781737,0.40341523602065754,0.7620345140781108,0.8102564102564103,0.0
internvl,appfr,H20,20,huron,huron__soda3_Feb-21-2023-soda3-intloss_00000001,1368,0.46637426900584794,0.4244982478496337,0.3148709058180393,0.3532289628180039,0.920265780730897,0.0
internvl,appfr,H20,20,huron,huron__soda3_Feb-21-2023-soda3-intloss_00000002,531,0.9133709981167608,0.45334300317723447,0.408713798544307,0.9389763779527559,0.42105263157894735,0.0
internvl,appfr,H20,20,pal,pal__rosbag2_2025_07_11-13_23_07,2151,0.5062761506276151,0.5062761506276151,0.2240740740740741,0.5062761506276151,,
internvl,appfr,H20,20,pal,pal__rosbag2_2025_07_11-13_37_37,3038,0.2682685977616853,0.2781501961412179,0.1776694717408892,0.244794311833418,0.3115060804490178,
internvl,appfr,H20,20,pal,pal__rosbag2_2025_07_11-13_55_25,4060,0.3078817733990148,0.2642012398664759,0.229038224840474,0.32260371959942774,0.47,0.0
internvl,appfr,H22,22,crowdbot,crowdbot__defaced_2021-04-24-11-20-18,1619,0.705373687461396,0.3333333333333333,0.27574550283713634,0.0,1.0,0.0
internvl,appfr,H22,22,crowdbot,crowdbot__defaced_2021-04-24-11-23-43,1032,0.5823643410852714,0.5037721745295378,0.25099748846445885,0.009216589861751152,0.9983277591973244,
internvl,appfr,H22,22,crowdbot,crowdbot__defaced_2021-04-24-11-35-54,1211,0.3831544178364988,0.33629808252370635,0.19159475807778634,0.013280212483399735,0.9956140350877193,0.0
internvl,appfr,H22,22,crowdbot,crowdbot__defaced_2021-04-24-11-40-33,986,0.3630831643002028,0.3333333333333333,0.1775793650793651,0.0,1.0,0.0
internvl,appfr,H22,22,crowdbot,crowdbot__defaced_2021-04-24-11-43-54,583,0.4922813036020583,0.3333333333333333,0.21992337164750955,0.0,1.0,0.0
internvl,appfr,H22,22,crowdbot,crowdbot__defaced_2021-04-24-11-48-21,1555,0.4739549839228296,0.3333333333333333,0.21436881908086095,0.0,1.0,0.0
internvl,appfr,H22,22,crowdbot,crowdbot__defaced_2021-04-24-11-55-30,1815,0.42203856749311297,0.33074265975820377,0.19785612811571743,0.0,0.9922279792746114,0.0
internvl,appfr,H22,22,huron,huron__bww1_Feb-16-2023-bww1-intloss_00000000,342,0.8304093567251462,0.6054644808743169,0.4819306558363417,0.8163934426229508,1.0,0.0
internvl,appfr,H22,22,huron,huron__bww1_Feb-16-2023-bww1-intloss_00000001,1674,0.7562724014336918,0.442907835123404,0.3881177497796648,0.7811044577511643,0.5476190476190477,0.0
internvl,appfr,H22,22,huron,huron__bww1_Feb-16-2023-bww1-intloss_00000002,334,0.6616766467065869,0.8266871165644172,0.3047945041300523,0.6533742331288344,1.0,
internvl,appfr,H22,22,huron,huron__bww2_Feb-20-2023-bww2-intloss_00000000,754,0.4323607427055703,0.4518212685592591,0.24733197736231102,0.3980169971671388,0.9574468085106383,0.0
internvl,appfr,H22,22,huron,huron__bww2_Feb-20-2023-bww2-intloss_00000001,819,0.5836385836385837,0.5261194029850746,0.2679017355810213,0.5783582089552238,1.0,0.0
internvl,appfr,H22,22,huron,huron__bww2_Feb-20-2023-bww2-intloss_00000002,482,0.24273858921161826,0.4090909090909091,0.14402234282268558,0.22727272727272727,1.0,0.0
internvl,appfr,H22,22,huron,huron__bww8_Feb-03-2023-bww8-intloss_00000000,1095,0.2876712328767123,0.3161420911942397,0.18608303868890186,0.1113892365456821,0.837037037037037,0.0
internvl,appfr,H22,22,huron,huron__bww8_Feb-03-2023-bww8-intloss_00000001,1051,0.560418648905804,0.4817784459478271,0.33345258967588776,0.5222584147665581,0.9230769230769231,0.0
internvl,appfr,H22,22,huron,huron__bww8_Feb-03-2023-bww8-intloss_00000002,705,0.47801418439716314,0.3472859193729872,0.2697771621588783,0.4925619834710744,0.5492957746478874,0.0
internvl,appfr,H22,22,huron,huron__cory1_Feb-16-2023-cory1-intloss_00000000,1486,0.6857335127860027,0.23886544772620721,0.2711909514304724,0.7165963431786216,0.0,0.0
internvl,appfr,H22,22,huron,huron__cory1_Feb-16-2023-cory1-intloss_00000001,2154,0.649025069637883,0.48538681948424073,0.283117460007909,0.6561604584527221,0.8,0.0
internvl,appfr,H22,22,huron,huron__cory1_Feb-16-2023-cory1-intloss_00000002,1653,0.557773744706594,0.47501268053071355,0.2702988611599576,0.5526976160602258,0.8723404255319149,0.0
internvl,appfr,H22,22,huron,huron__soda3_Feb-21-2023-soda3-intloss_00000000,2414,0.7303231151615576,0.520836535550432,0.389478736971096,0.7266121707538601,0.8358974358974359,0.0
internvl,appfr,H22,22,huron,huron__soda3_Feb-21-2023-soda3-intloss_00000001,1368,0.43494152046783624,0.41281724540724224,0.29467418400992,0.3082191780821918,0.9302325581395349,0.0
internvl,appfr,H22,22,huron,huron__soda3_Feb-21-2023-soda3-intloss_00000002,531,0.9152542372881356,0.45399917115623706,0.41062068965517246,0.9409448818897638,0.42105263157894735,0.0
internvl,appfr,H22,22,pal,pal__rosbag2_2025_07_11-13_23_07,2151,0.3505346350534635,0.3505346350534635,0.17303499713138268,0.3505346350534635,,
internvl,appfr,H22,22,pal,pal__rosbag2_2025_07_11-13_37_37,3038,0.2685977616853193,0.3042728237161504,0.17861760174442776,0.18384966988318943,0.4246959775491113,
internvl,appfr,H22,22,pal,pal__rosbag2_2025_07_11-13_55_25,4060,0.3768472906403941,0.31584167858845974,0.266194439175623,0.2675250357653791,0.68,0.0
internvl,appfr,H24,24,crowdbot,crowdbot__defaced_2021-04-24-11-20-18,1619,0.705373687461396,0.3333333333333333,0.27574550283713634,0.0,1.0,0.0
internvl,appfr,H24,24,crowdbot,crowdbot__defaced_2021-04-24-11-23-43,1032,0.5862403100775194,0.5086964227917945,0.25890212897867787,0.020737327188940093,0.9966555183946488,
internvl,appfr,H24,24,crowdbot,crowdbot__defaced_2021-04-24-11-35-54,1211,0.38810900082576383,0.33837748421518604,0.19866522861718472,0.02390438247011952,0.9912280701754386,0.0
internvl,appfr,H24,24,crowdbot,crowdbot__defaced_2021-04-24-11-40-33,986,0.3630831643002028,0.3333333333333333,0.1775793650793651,0.0,1.0,0.0
internvl,appfr,H24,24,crowdbot,crowdbot__defaced_2021-04-24-11-43-54,583,0.4922813036020583,0.3333333333333333,0.21992337164750955,0.0,1.0,0.0
internvl,appfr,H24,24,crowdbot,crowdbot__defaced_2021-04-24-11-48-21,1555,0.4739549839228296,0.3333333333333333,0.21436881908086095,0.0,1.0,0.0
internvl,appfr,H24,24,crowdbot,crowdbot__defaced_2021-04-24-11-55-30,1815,0.42479338842975206,0.3329015544041451,0.19876256767208045,0.0,0.9987046632124352,0.0
internvl,appfr,H24,24,huron,huron__bww1_Feb-16-2023-bww1-intloss_00000000,342,0.8245614035087719,0.6032786885245902,0.47779635823114086,0.8098360655737705,1.0,0.0
internvl,appfr,H24,24,huron,huron__bww1_Feb-16-2023-bww1-intloss_00000001,1674,0.7688172043010753,0.3946947375091088,0.36911159525538606,0.8150365934797072,0.36904761904761907,0.0
internvl,appfr,H24,24,huron,huron__bww1_Feb-16-2023-bww1-intloss_00000002,334,0.6766467065868264,0.834355828220859,0.3101676154332701,0.6687116564417178,1.0,
internvl,appfr,H24,24,huron,huron__bww2_Feb-20-2023-bww2-intloss_00000000,754,0.4389920424403183,0.4475619311675005,0.24950552372569204,0.4065155807365439,0.9361702127659575,0.0
internvl,appfr,H24,24,huron,huron__bww2_Feb-20-2023-bww2-intloss_00000001,819,0.6202686202686203,0.5133307819874985,0.27804406101697504,0.6169154228855721,0.9230769230769231,0.0
internvl,appfr,H24,24,huron,huron__bww2_Feb-20-2023-bww2-intloss_00000002,482,0.24481327800829875,0.40981240981240985,0.14503170224093703,0.22943722943722944,1.0,0.0
internvl,appfr,H24,24,huron,huron__bww8_Feb-03-2023-bww8-intloss_00000000,1095,0.291324200913242,0.31372394505477524,0.1901338188964999,0.12265331664580725,0.8185185185185185,0.0
internvl,appfr,H24,24,huron,huron__bww8_Feb-03-2023-bww8-intloss_00000001,1051,0.5861084681255947,0.4716538136733576,0.34157858792155843,0.5602605863192183,0.8547008547008547,0.0
internvl,appfr,H24,24,huron,huron__bww8_Feb-03-2023-bww8-intloss_00000002,705,0.5049645390070922,0.33289100997167576,0.27441822478803934,0.5338842975206611,0.4647887323943662,0.0
internvl,appfr,H24,24,huron,huron__cory1_Feb-16-2023-cory1-intloss_00000000,1486,0.7261103633916555,0.25293014533520863,0.28044184535412603,0.7587904360056259,0.0,0.0
internvl,appfr,H24,24,huron,huron__cory1_Feb-16-2023-cory1-intloss_00000001,2154,0.6894150417827298,0.3787647246099968,0.28543220223039645,0.7029608404966571,0.43333333333333335,0.0
internvl,appfr,H24,24,huron,huron__cory1_Feb-16-2023-cory1-intloss_00000002,1653,0.5614035087719298,0.44185198038744583,0.26820786612539615,0.5595984943538268,0.7659574468085106,0.0
internvl,appfr,H24,24,huron,huron__soda3_Feb-21-2023-soda3-intloss_00000000,2414,0.747721623860812,0.47266354596054866,0.3819761383689442,0.7615803814713896,0.6564102564102564,0.0
internvl,appfr,H24,24,huron,huron__soda3_Feb-21-2023-soda3-intloss_00000001,1368,0.4517543859649123,0.4179750906415449,0.3055184498771089,0.3336594911937378,0.920265780730897,0.0
internvl,appfr,H24,24,huron,huron__soda3_Feb-21-2023-soda3-intloss_00000002,531,0.9058380414312618,0.45071833126122396,0.40157400760415835,0.9311023622047244,0.42105263157894735,0.0
internvl,appfr,H24,24,pal,pal__rosbag2_2025_07_11-13_23_07,2151,0.33147373314737333,0.33147373314737333,0.16596834264432028,0.33147373314737333,,
internvl,appfr,H24,24,pal,pal__rosbag2_2025_07_11-13_37_37,3038,0.24621461487820934,0.2600675293998036,0.1636818067783106,0.2133062468257999,0.3068288119738073,
internvl,appfr,H24,24,pal,pal__rosbag2_2025_07_11-13_55_25,4060,0.30147783251231525,0.2591032006507896,0.22487568166713212,0.32260371959942774,0.4547058823529412,0.0
internvl,appfr,H26,26,crowdbot,crowdbot__defaced_2021-04-24-11-20-18,1619,0.705373687461396,0.3333333333333333,0.27574550283713634,0.0,1.0,0.0
internvl,appfr,H26,26,crowdbot,crowdbot__defaced_2021-04-24-11-23-43,1032,0.5562015503875969,0.4827766903503229,0.24980067593788144,0.020737327188940093,0.9448160535117057,
internvl,appfr,H26,26,crowdbot,crowdbot__defaced_2021-04-24-11-35-54,1211,0.37654830718414534,0.3333333333333333,0.18236352729454108,0.0,1.0,0.0
internvl,appfr,H26,26,crowdbot,crowdbot__defaced_2021-04-24-11-40-33,986,0.3630831643002028,0.3333333333333333,0.1775793650793651,0.0,1.0,0.0
internvl,appfr,H26,26,crowdbot,crowdbot__defaced_2021-04-24-11-43-54,583,0.4922813036020583,0.3333333333333333,0.21992337164750955,0.0,1.0,0.0
internvl,appfr,H26,26,crowdbot,crowdbot__defaced_2021-04-24-11-48-21,1555,0.4739549839228296,0.3333333333333333,0.21436881908086095,0.0,1.0,0.0
internvl,appfr,H26,26,crowdbot,crowdbot__defaced_2021-04-24-11-55-30,1815,0.42534435261707987,0.3333333333333333,0.19894343512433965,0.0,1.0,0.0
internvl,appfr,H26,26,huron,huron__bww1_Feb-16-2023-bww1-intloss_00000000,342,0.7660818713450293,0.5055425448868073,0.41789479494397525,0.7737704918032787,0.7428571428571429,0.0
internvl,appfr,H26,26,huron,huron__bww1_Feb-16-2023-bww1-intloss_00000001,1674,0.6589008363201911,0.41380730602287485,0.34391394346601517,0.6699933466400533,0.5714285714285714,0.0
internvl,appfr,H26,26,huron,huron__bww1_Feb-16-2023-bww1-intloss_00000002,334,0.6407185628742516,0.8159509202453987,0.2973610496830311,0.6319018404907976,1.0,
internvl,appfr,H26,26,huron,huron__bww2_Feb-20-2023-bww2-intloss_00000000,754,0.40848806366047746,0.45656279508970726,0.23796264378822118,0.3696883852691218,1.0,0.0
internvl,appfr,H26,26,huron,huron__bww2_Feb-20-2023-bww2-intloss_00000001,819,0.5592185592185592,0.4673746651358592,0.25697629431748487,0.5559701492537313,0.8461538461538461,0.0
internvl,appfr,H26,26,huron,huron__bww2_Feb-20-2023-bww2-intloss_00000002,482,0.2821576763485477,0.4227994227994228,0.1626910186637149,0.2683982683982684,1.0,0.0
internvl,appfr,H26,26,huron,huron__bww8_Feb-03-2023-bww8-intloss_00000000,1095,0.31689497716894977,0.32295307405862267,0.21064446500154177,0.16145181476846057,0.8074074074074075,0.0
internvl,appfr,H26,26,huron,huron__bww8_Feb-03-2023-bww8-intloss_00000001,1051,0.5537583254043768,0.4717837356273839,0.32861691429957207,0.5179153094462541,0.8974358974358975,0.0
internvl,appfr,H26,26,huron,huron__bww8_Feb-03-2023-bww8-intloss_00000002,705,0.44964539007092197,0.2989717921856206,0.2486720285278096,0.4743801652892562,0.4225352112676056,0.0
internvl,appfr,H26,26,huron,huron__cory1_Feb-16-2023-cory1-intloss_00000000,1486,0.7617765814266487,0.2653539615564932,0.28826075884899416,0.7960618846694796,0.0,0.0
internvl,appfr,H26,26,huron,huron__cory1_Feb-16-2023-cory1-intloss_00000001,2154,0.7525533890436398,0.40041388092964025,0.3027235514488504,0.7679083094555874,0.43333333333333335,0.0
internvl,appfr,H26,26,huron,huron__cory1_Feb-16-2023-cory1-intloss_00000002,1653,0.631578947368421,0.486795192373291,0.34258139203614063,0.6323713927227101,0.7446808510638298,0.08333333333333333
internvl,appfr,H26,26,huron,huron__soda3_Feb-21-2023-soda3-intloss_00000000,2414,0.7746478873239436,0.5370339318568201,0.41373389405295075,0.7752043596730245,0.8358974358974359,0.0
internvl,appfr,H26,26,huron,huron__soda3_Feb-21-2023-soda3-intloss_00000001,1368,0.4451754385964912,0.4158209317495715,0.30130611312523947,0.3238747553816047,0.9235880398671097,0.0
internvl,appfr,H26,26,huron,huron__soda3_Feb-21-2023-soda3-intloss_00000002,531,0.935969868173258,0.46121701892526595,0.4359281941199991,0.9625984251968503,0.42105263157894735,0.0
internvl,appfr,H26,26,pal,pal__rosbag2_2025_07_11-13_23_07,2151,0.30357973035797303,0.30357973035797303,0.15525439847836423,0.30357973035797303,,
internvl,appfr,H26,26,pal,pal__rosbag2_2025_07_11-13_37_37,3038,0.2985516787360105,0.2878296951675194,0.1920322212927205,0.3240223463687151,0.2516370439663237,
internvl,appfr,H26,26,pal,pal__rosbag2_2025_07_11-13_55_25,4060,0.3221674876847291,0.2764632949030828,0.24014190274756553,0.3376251788268956,0.49176470588235294,0.0
internvl,appfr,H28,28,crowdbot,crowdbot__defaced_2021-04-24-11-20-18,1619,0.705373687461396,0.3333333333333333,0.27574550283713634,0.0,1.0,0.0
internvl,appfr,H28,28,crowdbot,crowdbot__defaced_2021-04-24-11-23-43,1032,0.5881782945736435,0.5119484302513756,0.2659996190648453,0.03225806451612903,0.9916387959866221,
internvl,appfr,H28,28,crowdbot,crowdbot__defaced_2021-04-24-11-35-54,1211,0.37654830718414534,0.3333333333333333,0.18236352729454108,0.0,1.0,0.0
internvl,appfr,H28,28,crowdbot,crowdbot__defaced_2021-04-24-11-40-33,986,0.3630831643002028,0.3333333333333333,0.1775793650793651,0.0,1.0,0.0
internvl,appfr,H28,28,crowdbot,crowdbot__defaced_2021-04-24-11-43-54,583,0.4922813036020583,0.3333333333333333,0.21992337164750955,0.0,1.0,0.0
internvl,appfr,H28,28,crowdbot,crowdbot__defaced_2021-04-24-11-48-21,1555,0.4739549839228296,0.3333333333333333,0.21436881908086095,0.0,1.0,0.0
internvl,appfr,H28,28,crowdbot,crowdbot__defaced_2021-04-24-11-55-30,1815,0.42534435261707987,0.3333333333333333,0.19894343512433965,0.0,1.0,0.0
internvl,appfr,H28,28,huron,huron__bww1_Feb-16-2023-bww1-intloss_00000000,342,0.7953216374269005,0.5333333333333333,0.4407140953903544,0.8,0.8,0.0
internvl,appfr,H28,28,huron,huron__bww1_Feb-16-2023-bww1-intloss_00000001,1674,0.6875746714456392,0.3803939739568482,0.3398490354668799,0.718562874251497,0.4226190476190476,0.0
internvl,appfr,H28,28,huron,huron__bww1_Feb-16-2023-bww1-intloss_00000002,334,0.6676646706586826,0.8297546012269938,0.30693621707637747,0.6595092024539877,1.0,
internvl,appfr,H28,28,huron,huron__bww2_Feb-20-2023-bww2-intloss_00000000,754,0.40583554376657827,0.45561850802644005,0.23673976636139418,0.3668555240793201,1.0,0.0
internvl,appfr,H28,28,huron,huron__bww2_Feb-20-2023-bww2-intloss_00000001,819,0.6007326007326007,0.5319237147595356,0.2734472807402975,0.595771144278607,1.0,0.0
internvl,appfr,H28,28,huron,huron__bww2_Feb-20-2023-bww2-intloss_00000002,482,0.2925311203319502,0.4264069264069264,0.16743388266926265,0.2792207792207792,1.0,0.0
internvl,appfr,H28,28,huron,huron__bww8_Feb-03-2023-bww8-intloss_00000000,1095,0.3178082191780822,0.3225528824611011,0.21147335682043378,0.1639549436795995,0.8037037037037037,0.0
internvl,appfr,H28,28,huron,huron__bww8_Feb-03-2023-bww8-intloss_00000001,1051,0.6194100856327307,0.4917824364078436,0.359680114054042,0.5950054288816504,0.8803418803418803,0.0
internvl,appfr,H28,28,huron,huron__bww8_Feb-03-2023-bww8-intloss_00000002,705,0.5120567375886524,0.3273580879214682,0.2755388059956588,0.5454545454545454,0.43661971830985913,0.0
internvl,appfr,H28,28,huron,huron__cory1_Feb-16-2023-cory1-intloss_00000000,1486,0.7853297442799462,0.27355836849507736,0.29325292122125896,0.820675105485232,0.0,0.0
internvl,appfr,H28,28,huron,huron__cory1_Feb-16-2023-cory1-intloss_00000001,2154,0.797585886722377,0.4158548233046801,0.3156992411938709,0.8142311365807068,0.43333333333333335,0.0
internvl,appfr,H28,28,huron,huron__cory1_Feb-16-2023-cory1-intloss_00000002,1653,0.662431941923775,0.442359201615989,0.2984686366262661,0.6675031367628608,0.6595744680851063,0.0
internvl,appfr,H28,28,huron,huron__soda3_Feb-21-2023-soda3-intloss_00000000,2414,0.8028169014084507,0.5052609515824774,0.4169780609753098,0.818346957311535,0.6974358974358974,0.0
internvl,appfr,H28,28,huron,huron__soda3_Feb-21-2023-soda3-intloss_00000001,1368,0.4546783625730994,0.4200609839348291,0.30744253175476527,0.33659491193737767,0.9235880398671097,0.0
internvl,appfr,H28,28,huron,huron__soda3_Feb-21-2023-soda3-intloss_00000002,531,0.928436911487759,0.45859234700925544,0.42566089659961964,0.9547244094488189,0.42105263157894735,0.0
internvl,appfr,H28,28,pal,pal__rosbag2_2025_07_11-13_23_07,2151,0.44490934449093444,0.44490934449093444,0.20527670527670527,0.44490934449093444,,
internvl,appfr,H28,28,pal,pal__rosbag2_2025_07_11-13_37_37,3038,0.3206056616194865,0.2885953039179309,0.19613102323246404,0.39664804469273746,0.18054256314312442,
internvl,appfr,H28,28,pal,pal__rosbag2_2025_07_11-13_55_25,4060,0.30640394088669953,0.2670487250694269,0.2322900411669416,0.3905579399141631,0.41058823529411764,0.0
internvl,appfr,H30,30,crowdbot,crowdbot__defaced_2021-04-24-11-20-18,1619,0.705373687461396,0.3333333333333333,0.27574550283713634,0.0,1.0,0.0
internvl,appfr,H30,30,crowdbot,crowdbot__defaced_2021-04-24-11-23-43,1032,0.5746124031007752,0.49613535132469216,0.24468279815520375,0.002304147465437788,0.9899665551839465,
internvl,appfr,H30,30,crowdbot,crowdbot__defaced_2021-04-24-11-35-54,1211,0.37654830718414534,0.3333333333333333,0.18236352729454108,0.0,1.0,0.0
internvl,appfr,H30,30,crowdbot,crowdbot__defaced_2021-04-24-11-40-33,986,0.3630831643002028,0.3333333333333333,0.1775793650793651,0.0,1.0,0.0
internvl,appfr,H30,30,crowdbot,crowdbot__defaced_2021-04-24-11-43-54,583,0.4922813036020583,0.3333333333333333,0.21992337164750955,0.0,1.0,0.0
internvl,appfr,H30,30,crowdbot,crowdbot__defaced_2021-04-24-11-48-21,1555,0.4739549839228296,0.3333333333333333,0.21436881908086095,0.0,1.0,0.0
internvl,appfr,H30,30,crowdbot,crowdbot__defaced_2021-04-24-11-55-30,1815,0.42534435261707987,0.3333333333333333,0.19894343512433965,0.0,1.0,0.0
internvl,appfr,H30,30,huron,huron__bww1_Feb-16-2023-bww1-intloss_00000000,342,0.7982456140350878,0.4754098360655738,0.42163408424996396,0.8262295081967214,0.6,0.0
internvl,appfr,H30,30,huron,huron__bww1_Feb-16-2023-bww1-intloss_00000001,1674,0.7371565113500598,0.38822751322751325,0.3568966739767933,0.7777777777777778,0.3869047619047619,0.0
internvl,appfr,H30,30,huron,huron__bww1_Feb-16-2023-bww1-intloss_00000002,334,0.6856287425149701,0.8389570552147239,0.3134250935480784,0.6779141104294478,1.0,
internvl,appfr,H30,30,huron,huron__bww2_Feb-20-2023-bww2-intloss_00000000,754,0.4230769230769231,0.46175637393767704,0.24464366020955028,0.38526912181303113,1.0,0.0
internvl,appfr,H30,30,huron,huron__bww2_Feb-20-2023-bww2-intloss_00000001,819,0.6166056166056166,0.48686056895012114,0.27515873015873016,0.6144278606965174,0.8461538461538461,0.0
internvl,appfr,H30,30,huron,huron__bww2_Feb-20-2023-bww2-intloss_00000002,482,0.3278008298755187,0.4386724386724387,0.18307622504537205,0.31601731601731603,1.0,0.0
internvl,appfr,H30,30,huron,huron__bww8_Feb-03-2023-bww8-intloss_00000000,1095,0.3095890410958904,0.30898963210185576,0.2068480987166108,0.1677096370463079,0.7592592592592593,0.0
internvl,appfr,H30,30,huron,huron__bww8_Feb-03-2023-bww8-intloss_00000001,1051,0.5889628924833492,0.47273959000343363,0.3429637890517154,0.5635179153094463,0.8547008547008547,0.0
internvl,appfr,H30,30,huron,huron__bww8_Feb-03-2023-bww8-intloss_00000002,705,0.5205673758865248,0.32652000155201183,0.27828599684766825,0.5570247933884298,0.4225352112676056,0.0
internvl,appfr,H30,30,huron,huron__cory1_Feb-16-2023-cory1-intloss_00000000,1486,0.7624495289367429,0.2655883731833099,0.28840524373170423,0.7967651195499297,0.0,0.0
internvl,appfr,H30,30,huron,huron__cory1_Feb-16-2023-cory1-intloss_00000001,2154,0.78644382544104,0.3901305316778096,0.3095217071376012,0.8037249283667621,0.36666666666666664,0.0
internvl,appfr,H30,30,huron,huron__cory1_Feb-16-2023-cory1-intloss_00000002,1653,0.6606170598911071,0.42796568692882,0.29605860757958374,0.6668757841907151,0.6170212765957447,0.0
internvl,appfr,H30,30,huron,huron__soda3_Feb-21-2023-soda3-intloss_00000000,2414,0.7924606462303231,0.4469456671091549,0.3899052343118215,0.8228882833787466,0.517948717948718,0.0
internvl,appfr,H30,30,huron,huron__soda3_Feb-21-2023-soda3-intloss_00000001,1368,0.44590643274853803,0.41614708960997593,0.30178105404177563,0.324853228962818,0.9235880398671097,0.0
internvl,appfr,H30,30,huron,huron__soda3_Feb-21-2023-soda3-intloss_00000002,531,0.903954802259887,0.4500621632822213,0.3998993963782696,0.9291338582677166,0.42105263157894735,0.0
internvl,appfr,H30,30,pal,pal__rosbag2_2025_07_11-13_23_07,2151,0.43700604370060436,0.43700604370060436,0.20273913512347674,0.43700604370060436,,
internvl,appfr,H30,30,pal,pal__rosbag2_2025_07_11-13_37_37,3038,0.28867676102699147,0.3026596530602258,0.19171262160826988,0.25545962417470797,0.3498596819457437,
internvl,appfr,H30,30,pal,pal__rosbag2_2025_07_11-13_55_25,4060,0.3472906403940887,0.2969715840556537,0.2580909039893515,0.34620886981402005,0.5447058823529412,0.0
internvl,appfr,H32,32,crowdbot,crowdbot__defaced_2021-04-24-11-20-18,1619,0.705373687461396,0.3333333333333333,0.27574550283713634,0.0,1.0,0.0
internvl,appfr,H32,32,crowdbot,crowdbot__defaced_2021-04-24-11-23-43,1032,0.5804263565891473,0.5014680270641,0.2476731097137033,0.004608294930875576,0.9983277591973244,
internvl,appfr,H32,32,crowdbot,crowdbot__defaced_2021-04-24-11-35-54,1211,0.37654830718414534,0.3333333333333333,0.18236352729454108,0.0,1.0,0.0
internvl,appfr,H32,32,crowdbot,crowdbot__defaced_2021-04-24-11-40-33,986,0.3630831643002028,0.3333333333333333,0.1775793650793651,0.0,1.0,0.0
internvl,appfr,H32,32,crowdbot,crowdbot__defaced_2021-04-24-11-43-54,583,0.4922813036020583,0.3333333333333333,0.21992337164750955,0.0,1.0,0.0
internvl,appfr,H32,32,crowdbot,crowdbot__defaced_2021-04-24-11-48-21,1555,0.4739549839228296,0.3333333333333333,0.21436881908086095,0.0,1.0,0.0
internvl,appfr,H32,32,crowdbot,crowdbot__defaced_2021-04-24-11-55-30,1815,0.42534435261707987,0.3333333333333333,0.19894343512433965,0.0,1.0,0.0
internvl,appfr,H32,32,huron,huron__bww1_Feb-16-2023-bww1-intloss_00000000,342,0.8011695906432749,0.45120999219359875,0.4118999323867478,0.839344262295082,0.5142857142857142,0.0
internvl,appfr,H32,32,huron,huron__bww1_Feb-16-2023-bww1-intloss_00000001,1674,0.7574671445639187,0.3587586731299306,0.3456565290386975,0.8143712574850299,0.2619047619047619,0.0
internvl,appfr,H32,32,huron,huron__bww1_Feb-16-2023-bww1-intloss_00000002,334,0.7005988023952096,0.8466257668711656,0.3189238713976345,0.6932515337423313,1.0,
internvl,appfr,H32,32,huron,huron__bww2_Feb-20-2023-bww2-intloss_00000000,754,0.4323607427055703,0.4650613786591124,0.24885803009380814,0.3951841359773371,1.0,0.0
internvl,appfr,H32,32,huron,huron__bww2_Feb-20-2023-bww2-intloss_00000001,819,0.6434676434676435,0.4959816303099885,0.2835663650584105,0.6417910447761194,0.8461538461538461,0.0
internvl,appfr,H32,32,huron,huron__bww2_Feb-20-2023-bww2-intloss_00000002,482,0.3132780082987552,0.43362193362193363,0.17672267660315746,0.3008658008658009,1.0,0.0
internvl,appfr,H32,32,huron,huron__bww8_Feb-03-2023-bww8-intloss_00000000,1095,0.2958904109589041,0.29946229082649606,0.19715474386854517,0.1539424280350438,0.7444444444444445,0.0
internvl,appfr,H32,32,huron,huron__bww8_Feb-03-2023-bww8-intloss_00000001,1051,0.6327307326355851,0.4769527733697115,0.3611356805084908,0.6188925081433225,0.811965811965812,0.0
internvl,appfr,H32,32,huron,huron__bww8_Feb-03-2023-bww8-intloss_00000002,705,0.6028368794326241,0.3667636674038723,0.3140187059008197,0.6495867768595042,0.4507042253521127,0.0
internvl,appfr,H32,32,huron,huron__cory1_Feb-16-2023-cory1-intloss_00000000,1486,0.7779273216689099,0.2709798406000938,0.2916982084279586,0.8129395218002813,0.0,0.0
internvl,appfr,H32,32,huron,huron__cory1_Feb-16-2023-cory1-intloss_00000001,2154,0.8156917363045497,0.36730340655842086,0.31328330378260494,0.835243553008596,0.26666666666666666,0.0
internvl,appfr,H32,32,huron,huron__cory1_Feb-16-2023-cory1-intloss_00000002,1653,0.6842105263157895,0.42923818930920027,0.302906332784325,0.6919698870765371,0.5957446808510638,0.0
internvl,appfr,H32,32,huron,huron__soda3_Feb-21-2023-soda3-intloss_00000000,2414,0.7995028997514498,0.42147465008500434,0.3811107269109045,0.8387829246139873,0.4256410256410256,0.0
internvl,appfr,H32,32,huron,huron__soda3_Feb-21-2023-soda3-intloss_00000001,1368,0.44005847953216376,0.411194041171741,0.29785649811181725,0.3199608610567515,0.9136212624584718,0.0
internvl,appfr,H32,32,huron,huron__soda3_Feb-21-2023-soda3-intloss_00000002,531,0.911487758945386,0.45268683519823183,0.4068581607659764,0.937007874015748,0.42105263157894735,0.0
internvl,appfr,H32,32,pal,pal__rosbag2_2025_07_11-13_23_07,2151,0.5234774523477452,0.5234774523477452,0.2290713050554369,0.5234774523477452,,
internvl,appfr,H32,32,pal,pal__rosbag2_2025_07_11-13_37_37,3038,0.2847267939433838,0.2810126179353411,0.1855037870777764,0.2935500253936008,0.2684752104770814,
internvl,appfr,H32,32,pal,pal__rosbag2_2025_07_11-13_55_25,4060,0.3233990147783251,0.28121349827484643,0.24560547806495492,0.4012875536480687,0.4423529411764706,0.0
internvl,appod,H02,2,crowdbot,crowdbot__defaced_2021-04-24-11-20-18,1619,0.670166769610871,0.32838136833077486,0.29540154734662744,0.05432098765432099,0.9308231173380035,0.0
internvl,appod,H02,2,crowdbot,crowdbot__defaced_2021-04-24-11-23-43,1032,0.5736434108527132,0.518995730776937,0.3192812377594986,0.17511520737327188,0.862876254180602,
internvl,appod,H02,2,crowdbot,crowdbot__defaced_2021-04-24-11-35-54,1211,0.39801816680429397,0.32869690827333936,0.23576021337811906,0.10889774236387782,0.8771929824561403,0.0
internvl,appod,H02,2,crowdbot,crowdbot__defaced_2021-04-24-11-40-33,986,0.37322515212981744,0.3339396301589364,0.20395602822740388,0.046511627906976744,0.9553072625698324,0.0
internvl,appod,H02,2,crowdbot,crowdbot__defaced_2021-04-24-11-43-54,583,0.48713550600343053,0.33071289390579856,0.22784713051453953,0.01652892561983471,0.975609756097561,0.0
internvl,appod,H02,2,crowdbot,crowdbot__defaced_2021-04-24-11-48-21,1555,0.5305466237942122,0.3665498743337398,0.3356164311398948,0.2746835443037975,0.824966078697422,0.0
internvl,appod,H02,2,crowdbot,crowdbot__defaced_2021-04-24-11-55-30,1815,0.40881542699724516,0.3163663648439005,0.21185578702151667,0.03718199608610567,0.9119170984455959,0.0
internvl,appod,H02,2,huron,huron__bww1_Feb-16-2023-bww1-intloss_00000000,342,0.8713450292397661,0.49430132708821234,0.46865212082603386,0.9114754098360656,0.5714285714285714,0.0
internvl,appod,H02,2,huron,huron__bww1_Feb-16-2023-bww1-intloss_00000001,1674,0.7622461170848268,0.3869681272375883,0.3631609233378487,0.8097139055222887,0.35119047619047616,0.0
internvl,appod,H02,2,huron,huron__bww1_Feb-16-2023-bww1-intloss_00000002,334,0.8502994011976048,0.8623466257668712,0.37865618101545256,0.8496932515337423,0.875,
internvl,appod,H02,2,huron,huron__bww2_Feb-20-2023-bww2-intloss_00000000,754,0.6551724137931034,0.3855001707753199,0.31155772513464636,0.6671388101983002,0.48936170212765956,0.0
internvl,appod,H02,2,huron,huron__bww2_Feb-20-2023-bww2-intloss_00000001,819,0.6971916971916972,0.48899732108687327,0.29826743475604434,0.6977611940298507,0.7692307692307693,0.0
internvl,appod,H02,2,huron,huron__bww2_Feb-20-2023-bww2-intloss_00000002,482,0.5020746887966805,0.39105339105339104,0.24275493025493025,0.5064935064935064,0.6666666666666666,0.0
internvl,appod,H02,2,huron,huron__bww8_Feb-03-2023-bww8-intloss_00000000,1095,0.4100456621004566,0.3393501135678858,0.2746709152110938,0.32916145181476847,0.6888888888888889,0.0
internvl,appod,H02,2,huron,huron__bww8_Feb-03-2023-bww8-intloss_00000001,1051,0.6289248334919124,0.463069684568056,0.35586662508806577,0.6199782844733985,0.7692307692307693,0.0
internvl,appod,H02,2,huron,huron__bww8_Feb-03-2023-bww8-intloss_00000002,705,0.624113475177305,0.3543087727466729,0.31473893605676556,0.6826446280991736,0.38028169014084506,0.0
internvl,appod,H02,2,huron,huron__cory1_Feb-16-2023-cory1-intloss_00000000,1486,0.8943472409152086,0.31153305203938114,0.3147424511545293,0.9345991561181435,0.0,0.0
internvl,appod,H02,2,huron,huron__cory1_Feb-16-2023-cory1-intloss_00000001,2154,0.7804085422469823,0.5632919452403694,0.3280822762759587,0.789875835721108,0.9,0.0
internvl,appod,H02,2,huron,huron__cory1_Feb-16-2023-cory1-intloss_00000002,1653,0.7326073805202662,0.5285645639232227,0.33269833928741827,0.7346298619824341,0.851063829787234,0.0
internvl,appod,H02,2,huron,huron__soda3_Feb-21-2023-soda3-intloss_00000000,2414,0.6685998342999171,0.5185355970097114,0.36447689551754303,0.6530426884650318,0.9025641025641026,0.0
internvl,appod,H02,2,huron,huron__soda3_Feb-21-2023-soda3-intloss_00000001,1368,0.5051169590643275,0.4331907340827379,0.3378330531712302,0.4158512720156556,0.8837209302325582,0.0
internvl,appod,H02,2,huron,huron__soda3_Feb-21-2023-soda3-intloss_00000002,531,0.943502824858757,0.37940323249067553,0.38608674463937626,0.9803149606299213,0.15789473684210525,0.0
internvl,appod,H02,2,pal,pal__rosbag2_2025_07_11-13_23_07,2151,0.8131101813110181,0.8131101813110181,0.298974358974359,0.8131101813110181,,
internvl,appod,H02,2,pal,pal__rosbag2_2025_07_11-13_37_37,3038,0.5286372613561554,0.4480139068565573,0.2908148172722573,0.7201625190452006,0.17586529466791395,
internvl,appod,H02,2,pal,pal__rosbag2_2025_07_11-13_55_25,4060,0.30689655172413793,0.28141883362787173,0.22210020434233377,0.6266094420600858,0.21764705882352942,0.0
internvl,appod,H04,4,crowdbot,crowdbot__defaced_2021-04-24-11-20-18,1619,0.6991970352069179,0.3325391162713599,0.2804565644134062,0.009876543209876543,0.9877408056042032,0.0
internvl,appod,H04,4,crowdbot,crowdbot__defaced_2021-04-24-11-23-43,1032,0.4312015503875969,0.37997241187984526,0.22238014929976088,0.0576036866359447,0.7023411371237458,
internvl,appod,H04,4,crowdbot,crowdbot__defaced_2021-04-24-11-35-54,1211,0.38893476465730803,0.3356486335360313,0.20660710962218498,0.0398406374501992,0.9671052631578947,0.0
internvl,appod,H04,4,crowdbot,crowdbot__defaced_2021-04-24-11-40-33,986,0.36511156186612576,0.33385634762794697,0.18209893690666737,0.007155635062611807,0.994413407821229,0.0
internvl,appod,H04,4,crowdbot,crowdbot__defaced_2021-04-24-11-43-54,583,0.4939965694682676,0.33492671408414204,0.22535759401799935,0.008264462809917356,0.9965156794425087,0.0
internvl,appod,H04,4,crowdbot,crowdbot__defaced_2021-04-24-11-48-21,1555,0.4617363344051447,0.3234048400116792,0.23834614406696786,0.05569620253164557,0.9145183175033921,0.0
internvl,appod,H04,4,crowdbot,crowdbot__defaced_2021-04-24-11-55-30,1815,0.42644628099173554,0.33324630157265545,0.20430117204463175,0.008806262230919765,0.9909326424870466,0.0
internvl,appod,H04,4,huron,huron__bww1_Feb-16-2023-bww1-intloss_00000000,342,0.8362573099415205,0.46432474629195936,0.43325964136575784,0.8786885245901639,0.5142857142857142,0.0
internvl,appod,H04,4,huron,huron__bww1_Feb-16-2023-bww1-intloss_00000001,1674,0.7759856630824373,0.36915850838006525,0.3560375747565301,0.833666001330672,0.27380952380952384,0.0
internvl,appod,H04,4,huron,huron__bww1_Feb-16-2023-bww1-intloss_00000002,334,0.8323353293413174,0.9141104294478528,0.376087496892866,0.8282208588957055,1.0,
internvl,appod,H04,4,huron,huron__bww2_Feb-20-2023-bww2-intloss_00000000,754,0.6870026525198939,0.41007172563438005,0.32745332745332745,0.6983002832861189,0.5319148936170213,0.0
internvl,appod,H04,4,huron,huron__bww2_Feb-20-2023-bww2-intloss_00000001,819,0.7545787545787546,0.5084832249011354,0.31662056505124475,0.7562189054726368,0.7692307692307693,0.0
internvl,appod,H04,4,huron,huron__bww2_Feb-20-2023-bww2-intloss_00000002,482,0.5373443983402489,0.2950937950937951,0.24494358937171798,0.551948051948052,0.3333333333333333,0.0
internvl,appod,H04,4,huron,huron__bww8_Feb-03-2023-bww8-intloss_00000000,1095,0.4182648401826484,0.33329624994205725,0.27818896376241936,0.35544430538172717,0.6444444444444445,0.0
internvl,appod,H04,4,huron,huron__bww8_Feb-03-2023-bww8-intloss_00000001,1051,0.7221693625118935,0.47366760396076363,0.39487179487179486,0.7372421281216069,0.6837606837606838,0.0
internvl,appod,H04,4,huron,huron__bww8_Feb-03-2023-bww8-intloss_00000002,705,0.699290780141844,0.3627905172079308,0.3363230232995527,0.7785123966942149,0.30985915492957744,0.0
internvl,appod,H04,4,huron,huron__cory1_Feb-16-2023-cory1-intloss_00000000,1486,0.8983849259757739,0.3129395218002813,0.31549096065225096,0.9388185654008439,0.0,0.0
internvl,appod,H04,4,huron,huron__cory1_Feb-16-2023-cory1-intloss_00000001,2154,0.8091922005571031,0.4636421521808341,0.32551494425792993,0.8242597898758357,0.5666666666666667,0.0
internvl,appod,H04,4,huron,huron__cory1_Feb-16-2023-cory1-intloss_00000002,1653,0.7483363581367211,0.5133523763759488,0.3356520208230767,0.7528230865746549,0.7872340425531915,0.0
internvl,appod,H04,4,huron,huron__soda3_Feb-21-2023-soda3-intloss_00000000,2414,0.7311516155758078,0.5289294114907194,0.391977059623221,0.7252497729336966,0.8615384615384616,0.0
internvl,appod,H04,4,huron,huron__soda3_Feb-21-2023-soda3-intloss_00000001,1368,0.5080409356725146,0.4352766273760221,0.3397196971728385,0.4187866927592955,0.8870431893687708,0.0
internvl,appod,H04,4,huron,huron__soda3_Feb-21-2023-soda3-intloss_00000002,531,0.9378531073446328,0.4449854952341483,0.4339250493096647,0.9665354330708661,0.3684210526315789,0.0
internvl,appod,H04,4,pal,pal__rosbag2_2025_07_11-13_23_07,2151,0.696420269642027,0.696420269642027,0.2736822873846716,0.696420269642027,,
internvl,appod,H04,4,pal,pal__rosbag2_2025_07_11-13_37_37,3038,0.4631336405529954,0.4289078946305718,0.2865439420455321,0.5444388014220416,0.31337698783910195,
internvl,appod,H04,4,pal,pal__rosbag2_2025_07_11-13_55_25,4060,0.29729064039408865,0.26352127689416255,0.22489717353198432,0.45350500715307585,0.33705882352941174,0.0
internvl,appod,H06,6,crowdbot,crowdbot__defaced_2021-04-24-11-20-18,1619,0.7010500308832612,0.33182129395400456,0.27631960828371344,0.0024691358024691358,0.9929947460595446,0.0
internvl,appod,H06,6,crowdbot,crowdbot__defaced_2021-04-24-11-23-43,1032,0.44573643410852715,0.3896706379174822,0.2204290571495642,0.03686635944700461,0.7424749163879598,
internvl,appod,H06,6,crowdbot,crowdbot__defaced_2021-04-24-11-35-54,1211,0.3864574731626755,0.3369154959110925,0.19803683345984016,0.02390438247011952,0.9868421052631579,0.0
internvl,appod,H06,6,crowdbot,crowdbot__defaced_2021-04-24-11-40-33,986,0.3630831643002028,0.3333333333333333,0.17917917917917917,0.0,1.0,0.0
internvl,appod,H06,6,crowdbot,crowdbot__defaced_2021-04-24-11-43-54,583,0.4922813036020583,0.3333333333333333,0.21992337164750955,0.0,1.0,0.0
internvl,appod,H06,6,crowdbot,crowdbot__defaced_2021-04-24-11-48-21,1555,0.4572347266881029,0.3213918898029988,0.2133549492558708,0.007594936708860759,0.9565807327001357,0.0
internvl,appod,H06,6,crowdbot,crowdbot__defaced_2021-04-24-11-55-30,1815,0.4209366391184573,0.3298791018998273,0.19756917507111457,0.0,0.9896373056994818,0.0
internvl,appod,H06,6,huron,huron__bww1_Feb-16-2023-bww1-intloss_00000000,342,0.7953216374269005,0.5249024199843872,0.4378733572281959,0.8032786885245902,0.7714285714285715,0.0
internvl,appod,H06,6,huron,huron__bww1_Feb-16-2023-bww1-intloss_00000001,1674,0.6965352449223416,0.37667126065329654,0.3408485170797879,0.7312042581503659,0.39880952380952384,0.0
internvl,appod,H06,6,huron,huron__bww1_Feb-16-2023-bww1-intloss_00000002,334,0.7275449101796407,0.8604294478527608,0.32910745719981566,0.7208588957055214,1.0,
internvl,appod,H06,6,huron,huron__bww2_Feb-20-2023-bww2-intloss_00000000,754,0.5119363395225465,0.4139493299580093,0.27216861517257485,0.4971671388101983,0.7446808510638298,0.0
internvl,appod,H06,6,huron,huron__bww2_Feb-20-2023-bww2-intloss_00000001,819,0.6202686202686203,0.46287791810179874,0.2745471171765578,0.6194029850746269,0.7692307692307693,0.0
internvl,appod,H06,6,huron,huron__bww2_Feb-20-2023-bww2-intloss_00000002,482,0.37344398340248963,0.37337662337662336,0.1971123417721519,0.37012987012987014,0.75,0.0
internvl,appod,H06,6,huron,huron__bww8_Feb-03-2023-bww8-intloss_00000000,1095,0.3515981735159817,0.33635408458103494,0.23643867386163384,0.2127659574468085,0.7962962962962963,0.0
internvl,appod,H06,6,huron,huron__bww8_Feb-03-2023-bww8-intloss_00000001,1051,0.570884871550904,0.4683500839852632,0.3347727955166766,0.5418023887079262,0.8632478632478633,0.0
internvl,appod,H06,6,huron,huron__bww8_Feb-03-2023-bww8-intloss_00000002,705,0.5390070921985816,0.32953866449385016,0.2837945789188083,0.5801652892561984,0.4084507042253521,0.0
internvl,appod,H06,6,huron,huron__cory1_Feb-16-2023-cory1-intloss_00000000,1486,0.8714670255720054,0.3035630567276137,0.31043988972791564,0.9106891701828411,0.0,0.0
internvl,appod,H06,6,huron,huron__cory1_Feb-16-2023-cory1-intloss_00000001,2154,0.6155988857938719,0.5286851321235275,0.27663359437424395,0.6193887297039159,0.9666666666666667,0.0
internvl,appod,H06,6,huron,huron__cory1_Feb-16-2023-cory1-intloss_00000002,1653,0.574107683000605,0.46689269156499996,0.27470198077126556,0.5708908406524467,0.8297872340425532,0.0
internvl,appod,H06,6,huron,huron__soda3_Feb-21-2023-soda3-intloss_00000000,2414,0.5584092792046396,0.4704790516779617,0.31154676911637685,0.5345140781108083,0.8769230769230769,0.0
internvl,appod,H06,6,huron,huron__soda3_Feb-21-2023-soda3-intloss_00000001,1368,0.3991228070175439,0.3999605576540906,0.2704667319180782,0.2563600782778865,0.9435215946843853,0.0
internvl,appod,H06,6,huron,huron__soda3_Feb-21-2023-soda3-intloss_00000002,531,0.9416195856873822,0.4294101395220335,0.4235101506221349,0.9724409448818898,0.3157894736842105,0.0
internvl,appod,H06,6,pal,pal__rosbag2_2025_07_11-13_23_07,2151,0.4202696420269642,0.4202696420269642,0.19727223131478452,0.4202696420269642,,
internvl,appod,H06,6,pal,pal__rosbag2_2025_07_11-13_37_37,3038,0.3568136932192232,0.4014032280516386,0.23748726034973852,0.25088877602844084,0.5519176800748363,
internvl,appod,H06,6,pal,pal__rosbag2_2025_07_11-13_55_25,4060,0.3204433497536946,0.26674633229543604,0.22097614067737173,0.19670958512160228,0.6035294117647059,0.0
internvl,appod,H08,8,crowdbot,crowdbot__defaced_2021-04-24-11-20-18,1619,0.7035206917850525,0.3329888362774138,0.2769041971987209,0.0024691358024691358,0.9964973730297724,0.0
internvl,appod,H08,8,crowdbot,crowdbot__defaced_2021-04-24-11-23-43,1032,0.41569767441860467,0.36311899881324844,0.2079065231645175,0.03225806451612903,0.6939799331103679,
internvl,appod,H08,8,crowdbot,crowdbot__defaced_2021-04-24-11-35-54,1211,0.39719240297274977,0.34238193425129887,0.210914719826828,0.04249667994687915,0.9846491228070176,0.0
internvl,appod,H08,8,crowdbot,crowdbot__defaced_2021-04-24-11-40-33,986,0.3630831643002028,0.3333333333333333,0.1789105447276362,0.0,1.0,0.0
internvl,appod,H08,8,crowdbot,crowdbot__defaced_2021-04-24-11-43-54,583,0.4922813036020583,0.3333333333333333,0.21992337164750955,0.0,1.0,0.0
internvl,appod,H08,8,crowdbot,crowdbot__defaced_2021-04-24-11-48-21,1555,0.46559485530546624,0.32696815118882,0.22286297696648752,0.020253164556962026,0.9606512890094979,0.0
internvl,appod,H08,8,crowdbot,crowdbot__defaced_2021-04-24-11-55-30,1815,0.42534435261707987,0.3332277122645495,0.1995668151727957,0.0009784735812133072,0.9987046632124352,0.0
internvl,appod,H08,8,huron,huron__bww1_Feb-16-2023-bww1-intloss_00000000,342,0.7514619883040936,0.5169398907103825,0.41458117574057324,0.7508196721311475,0.8,0.0
internvl,appod,H08,8,huron,huron__bww1_Feb-16-2023-bww1-intloss_00000001,1674,0.6899641577060932,0.3795187402971834,0.34052819534517265,0.7218895542248835,0.4166666666666667,0.0
internvl,appod,H08,8,huron,huron__bww1_Feb-16-2023-bww1-intloss_00000002,334,0.7005988023952096,0.8466257668711656,0.3189238713976345,0.6932515337423313,1.0,
internvl,appod,H08,8,huron,huron__bww2_Feb-20-2023-bww2-intloss_00000000,754,0.48143236074270557,0.4163301388302895,0.26161985153998035,0.46175637393767704,0.7872340425531915,0.0
internvl,appod,H08,8,huron,huron__bww2_Feb-20-2023-bww2-intloss_00000001,819,0.5982905982905983,0.43018879959178463,0.2660627238981435,0.5982587064676617,0.6923076923076923,0.0
internvl,appod,H08,8,huron,huron__bww2_Feb-20-2023-bww2-intloss_00000002,482,0.3506224066390041,0.4195526695526695,0.19068841893252772,0.341991341991342,0.9166666666666666,0.0
internvl,appod,H08,8,huron,huron__bww8_Feb-03-2023-bww8-intloss_00000000,1095,0.33059360730593607,0.32594137733895767,0.22133929878495096,0.18523153942428036,0.7925925925925926,0.0
internvl,appod,H08,8,huron,huron__bww8_Feb-03-2023-bww8-intloss_00000001,1051,0.5737392959086585,0.4744100151266275,0.33728196837395014,0.5428881650380022,0.8803418803418803,0.0
internvl,appod,H08,8,huron,huron__bww8_Feb-03-2023-bww8-intloss_00000002,705,0.5092198581560283,0.2848174446125791,0.2616963923045678,0.5586776859504132,0.29577464788732394,0.0
internvl,appod,H08,8,huron,huron__cory1_Feb-16-2023-cory1-intloss_00000000,1486,0.8499327052489906,0.29606188466947964,0.30629319752637324,0.8881856540084389,0.0,0.0
internvl,appod,H08,8,huron,huron__cory1_Feb-16-2023-cory1-intloss_00000001,2154,0.6072423398328691,0.47106017191977084,0.2907570350752169,0.6131805157593123,0.7666666666666667,0.03333333333333333
internvl,appod,H08,8,huron,huron__cory1_Feb-16-2023-cory1-intloss_00000002,1653,0.5547489413188142,0.47396709291047107,0.269224807848691,0.5495608531994981,0.8723404255319149,0.0
internvl,appod,H08,8,huron,huron__soda3_Feb-21-2023-soda3-intloss_00000000,2414,0.5915492957746479,0.47012506113323554,0.323846447417032,0.5744777475022707,0.8358974358974359,0.0
internvl,appod,H08,8,huron,huron__soda3_Feb-21-2023-soda3-intloss_00000001,1368,0.39985380116959063,0.40184923921782795,0.27092723873236607,0.2553816046966732,0.9501661129568106,0.0
internvl,appod,H08,8,huron,huron__soda3_Feb-21-2023-soda3-intloss_00000002,531,0.943502824858757,0.4638416908412764,0.44784053156146175,0.9704724409448819,0.42105263157894735,0.0
internvl,appod,H08,8,pal,pal__rosbag2_2025_07_11-13_23_07,2151,0.398884239888424,0.398884239888424,0.19009637753406447,0.398884239888424,,
internvl,appod,H08,8,pal,pal__rosbag2_2025_07_11-13_37_37,3038,0.40256747860434494,0.4362727515023557,0.2682829688416953,0.32249873031995935,0.5500467726847521,
internvl,appod,H08,8,pal,pal__rosbag2_2025_07_11-13_55_25,4060,0.31354679802955665,0.2602395579118629,0.21391903139235982,0.17954220314735336,0.6011764705882353,0.0
internvl,appod,H10,10,crowdbot,crowdbot__defaced_2021-04-24-11-20-18,1619,0.7041383570105003,0.3720553789827968,0.36085167204711793,0.18271604938271604,0.9334500875656743,0.0
internvl,appod,H10,10,crowdbot,crowdbot__defaced_2021-04-24-11-23-43,1032,0.47771317829457366,0.44633031764869074,0.2914426697831451,0.2488479262672811,0.6438127090301003,
internvl,appod,H10,10,crowdbot,crowdbot__defaced_2021-04-24-11-35-54,1211,0.4269199009083402,0.34938025675077466,0.2562923796235098,0.13147410358565736,0.9166666666666666,0.0
internvl,appod,H10,10,crowdbot,crowdbot__defaced_2021-04-24-11-40-33,986,0.39655172413793105,0.3439718438419231,0.23751382339525562,0.1073345259391771,0.9245810055865922,0.0
internvl,appod,H10,10,crowdbot,crowdbot__defaced_2021-04-24-11-43-54,583,0.5128644939965694,0.3515900212130811,0.27028532887598605,0.08264462809917356,0.9721254355400697,0.0
internvl,appod,H10,10,crowdbot,crowdbot__defaced_2021-04-24-11-48-21,1555,0.5157556270096463,0.35796792790936,0.31121889047941936,0.19873417721518988,0.8751696065128901,0.0
internvl,appod,H10,10,crowdbot,crowdbot__defaced_2021-04-24-11-55-30,1815,0.4418732782369146,0.33435152043640937,0.2539889682536958,0.11056751467710371,0.8924870466321243,0.0
internvl,appod,H10,10,huron,huron__bww1_Feb-16-2023-bww1-intloss_00000000,342,0.7865497076023392,0.5047619047619047,0.4264971808930969,0.8,0.7142857142857143,0.0
internvl,appod,H10,10,huron,huron__bww1_Feb-16-2023-bww1-intloss_00000001,1674,0.7246117084826762,0.3747584196685993,0.3470020079291735,0.7671324018629407,0.35714285714285715,0.0
internvl,appod,H10,10,huron,huron__bww1_Feb-16-2023-bww1-intloss_00000002,334,0.7155688622754491,0.8542944785276074,0.3245291970606154,0.7085889570552147,1.0,
internvl,appod,H10,10,huron,huron__bww2_Feb-20-2023-bww2-intloss_00000000,754,0.4920424403183024,0.4201072870833585,0.26603869264700775,0.4730878186968839,0.7872340425531915,0.0
internvl,appod,H10,10,huron,huron__bww2_Feb-20-2023-bww2-intloss_00000001,819,0.608058608058608,0.5344112769485904,0.2758164294194056,0.6032338308457711,1.0,0.0
internvl,appod,H10,10,huron,huron__bww2_Feb-20-2023-bww2-intloss_00000002,482,0.3630705394190871,0.4509379509379509,0.1972258280946894,0.3528138528138528,1.0,0.0
internvl,appod,H10,10,huron,huron__bww8_Feb-03-2023-bww8-intloss_00000000,1095,0.3406392694063927,0.3231740292649763,0.22929190288341242,0.21026282853566958,0.7592592592592593,0.0
internvl,appod,H10,10,huron,huron__bww8_Feb-03-2023-bww8-intloss_00000001,1051,0.6089438629876308,0.4828271017196099,0.35335655852897235,0.5852334419109664,0.8632478632478633,0.0
internvl,appod,H10,10,huron,huron__bww8_Feb-03-2023-bww8-intloss_00000002,705,0.5446808510638298,0.31516703526946804,0.2807070047520586,0.5933884297520661,0.352112676056338,0.0
internvl,appod,H10,10,huron,huron__cory1_Feb-16-2023-cory1-intloss_00000000,1486,0.8808882907133243,0.3068448195030474,0.3122242098986285,0.9205344585091421,0.0,0.0
internvl,appod,H10,10,huron,huron__cory1_Feb-16-2023-cory1-intloss_00000001,2154,0.6323119777158774,0.5344157911493155,0.2816914950485849,0.6365807067812799,0.9666666666666667,0.0
internvl,appod,H10,10,huron,huron__cory1_Feb-16-2023-cory1-intloss_00000002,1653,0.5807622504537205,0.4416606600994865,0.27422650268173127,0.5803011292346298,0.7446808510638298,0.0
internvl,appod,H10,10,huron,huron__soda3_Feb-21-2023-soda3-intloss_00000000,2414,0.5654515327257663,0.4855166631733389,0.317142294755288,0.5386012715712988,0.9179487179487179,0.0
internvl,appod,H10,10,huron,huron__soda3_Feb-21-2023-soda3-intloss_00000001,1368,0.42616959064327486,0.4081220892307225,0.28881830669008773,0.2974559686888454,0.9269102990033222,0.0
internvl,appod,H10,10,huron,huron__soda3_Feb-21-2023-soda3-intloss_00000002,531,0.9585687382297552,0.45220334300317727,0.4679182064547918,0.9881889763779528,0.3684210526315789,0.0
internvl,appod,H10,10,pal,pal__rosbag2_2025_07_11-13_23_07,2151,0.5411436541143654,0.5411436541143654,0.23408748114630465,0.5411436541143654,,
internvl,appod,H10,10,pal,pal__rosbag2_2025_07_11-13_37_37,3038,0.44140882159315337,0.430106548603447,0.28377628015279266,0.46825799898425596,0.39195509822263797,
internvl,appod,H10,10,pal,pal__rosbag2_2025_07_11-13_55_25,4060,0.3133004926108374,0.27037869224943195,0.23401590865794017,0.3540772532188841,0.45705882352941174,0.0
internvl,appod,H12,12,crowdbot,crowdbot__defaced_2021-04-24-11-20-18,1619,0.7096973440395306,0.3794627863902042,0.370895713791701,0.20493827160493827,0.9334500875656743,0.0
internvl,appod,H12,12,crowdbot,crowdbot__defaced_2021-04-24-11-23-43,1032,0.4748062015503876,0.4441379097760585,0.29039931116133894,0.2511520737327189,0.637123745819398,
internvl,appod,H12,12,crowdbot,crowdbot__defaced_2021-04-24-11-35-54,1211,0.4508670520231214,0.3610645138743273,0.27979257390295303,0.1752988047808765,0.9078947368421053,0.0
internvl,appod,H12,12,crowdbot,crowdbot__defaced_2021-04-24-11-40-33,986,0.3945233265720081,0.33775730137949184,0.24371828822902433,0.13059033989266547,0.88268156424581,0.0
internvl,appod,H12,12,crowdbot,crowdbot__defaced_2021-04-24-11-43-54,583,0.5077186963979416,0.3478897303731006,0.26640989729225023,0.07851239669421488,0.9651567944250871,0.0
internvl,appod,H12,12,crowdbot,crowdbot__defaced_2021-04-24-11-48-21,1555,0.5311897106109325,0.3673966187474595,0.332792852012806,0.2582278481012658,0.8439620081411127,0.0
internvl,appod,H12,12,crowdbot,crowdbot__defaced_2021-04-24-11-55-30,1815,0.428099173553719,0.3241907736194059,0.24578038099493574,0.10469667318982387,0.8678756476683938,0.0
internvl,appod,H12,12,huron,huron__bww1_Feb-16-2023-bww1-intloss_00000000,342,0.7807017543859649,0.5278688524590164,0.4316648425485931,0.7836065573770492,0.8,0.0
internvl,appod,H12,12,huron,huron__bww1_Feb-16-2023-bww1-intloss_00000001,1674,0.7060931899641577,0.36612093273769925,0.33823515844086666,0.7471723220226214,0.35119047619047616,0.0
internvl,appod,H12,12,huron,huron__bww1_Feb-16-2023-bww1-intloss_00000002,334,0.7125748502994012,0.852760736196319,0.3233984241178485,0.7055214723926381,1.0,
internvl,appod,H12,12,huron,huron__bww2_Feb-20-2023-bww2-intloss_00000000,754,0.5013262599469496,0.4234122918047938,0.26988892392865904,0.4830028328611898,0.7872340425531915,0.0
internvl,appod,H12,12,huron,huron__bww2_Feb-20-2023-bww2-intloss_00000001,819,0.6019536019536019,0.5071118765148616,0.2722091387099163,0.5982587064676617,0.9230769230769231,0.0
internvl,appod,H12,12,huron,huron__bww2_Feb-20-2023-bww2-intloss_00000002,482,0.3215767634854772,0.4365079365079365,0.17959553227366007,0.30952380952380953,1.0,0.0
internvl,appod,H12,12,huron,huron__bww8_Feb-03-2023-bww8-intloss_00000000,1095,0.3378995433789954,0.32927888255380955,0.22667865178295743,0.19524405506883605,0.7925925925925926,0.0
internvl,appod,H12,12,huron,huron__bww8_Feb-03-2023-bww8-intloss_00000001,1051,0.6117982873453853,0.48639995545533005,0.35537125223592403,0.5874049945711184,0.8717948717948718,0.0
internvl,appod,H12,12,huron,huron__bww8_Feb-03-2023-bww8-intloss_00000002,705,0.5361702127659574,0.29942963566523106,0.27319258533754126,0.5884297520661157,0.30985915492957744,0.0
internvl,appod,H12,12,huron,huron__cory1_Feb-16-2023-cory1-intloss_00000000,1486,0.873485868102288,0.3042662916080638,0.31082375478927204,0.9127988748241913,0.0,0.0
internvl,appod,H12,12,huron,huron__cory1_Feb-16-2023-cory1-intloss_00000001,2154,0.6522748375116063,0.4865011142948106,0.28395693418988416,0.6595033428844317,0.8,0.0
internvl,appod,H12,12,huron,huron__cory1_Feb-16-2023-cory1-intloss_00000002,1653,0.5843920145190563,0.47044768947382476,0.27835228990765937,0.581555834378921,0.8297872340425532,0.0
internvl,appod,H12,12,huron,huron__soda3_Feb-21-2023-soda3-intloss_00000000,2414,0.5878210439105219,0.4921330259204919,0.32694582668963873,0.5635785649409628,0.9128205128205128,0.0
internvl,appod,H12,12,huron,huron__soda3_Feb-21-2023-soda3-intloss_00000001,1368,0.43494152046783624,0.41906734022057374,0.2948064023744686,0.30039138943248533,0.9568106312292359,0.0
internvl,appod,H12,12,huron,huron__soda3_Feb-21-2023-soda3-intloss_00000002,531,0.9585687382297552,0.46909103467329744,0.47887166596844016,0.9862204724409449,0.42105263157894735,0.0
internvl,appod,H12,12,pal,pal__rosbag2_2025_07_11-13_23_07,2151,0.5555555555555556,0.5555555555555556,0.2380952380952381,0.5555555555555556,,
internvl,appod,H12,12,pal,pal__rosbag2_2025_07_11-13_37_37,3038,0.41441737985516786,0.4000907898431298,0.26509406537124885,0.4484509903504317,0.3517305893358279,
internvl,appod,H12,12,pal,pal__rosbag2_2025_07_11-13_55_25,4060,0.28891625615763544,0.24923027293893232,0.21603565313791448,0.32474964234620884,0.4229411764705882,0.0
internvl,appod,H14,14,crowdbot,crowdbot__defaced_2021-04-24-11-20-18,1619,0.7035206917850525,0.33564463471060085,0.28459057330142545,0.014814814814814815,0.9921190893169878,0.0
internvl,appod,H14,14,crowdbot,crowdbot__defaced_2021-04-24-11-23-43,1032,0.47674418604651164,0.4195860240741026,0.2405794015258129,0.059907834101382486,0.7792642140468228,
internvl,appod,H14,14,crowdbot,crowdbot__defaced_2021-04-24-11-35-54,1211,0.40132122213047067,0.344306982595932,0.21737307446905477,0.05046480743691899,0.9824561403508771,0.0
internvl,appod,H14,14,crowdbot,crowdbot__defaced_2021-04-24-11-40-33,986,0.36511156186612576,0.334525939177102,0.1803491135932799,0.0035778175313059034,1.0,0.0
internvl,appod,H14,14,crowdbot,crowdbot__defaced_2021-04-24-11-43-54,583,0.4957118353344768,0.33608815426997246,0.22589458840119866,0.008264462809917356,1.0,0.0
internvl,appod,H14,14,crowdbot,crowdbot__defaced_2021-04-24-11-48-21,1555,0.4630225080385852,0.32476455467197957,0.23037397229283207,0.03670886075949367,0.937584803256445,0.0
internvl,appod,H14,14,crowdbot,crowdbot__defaced_2021-04-24-11-55-30,1815,0.42424242424242425,0.3321529122686054,0.20021169715324227,0.0029354207436399216,0.9935233160621761,0.0
internvl,appod,H14,14,huron,huron__bww1_Feb-16-2023-bww1-intloss_00000000,342,0.9064327485380117,0.5411397345823575,0.5187284393783543,0.9377049180327869,0.6857142857142857,0.0
internvl,appod,H14,14,huron,huron__bww1_Feb-16-2023-bww1-intloss_00000001,1674,0.8548387096774194,0.3614239774419415,0.3642906860808548,0.9354624085163007,0.1488095238095238,0.0
internvl,appod,H14,14,huron,huron__bww1_Feb-16-2023-bww1-intloss_00000002,334,0.8353293413173652,0.915644171779141,0.37774160316449223,0.8312883435582822,1.0,
internvl,appod,H14,14,huron,huron__bww2_Feb-20-2023-bww2-intloss_00000000,754,0.7877984084880637,0.4128543587889016,0.35944912012241775,0.8130311614730878,0.425531914893617,0.0
internvl,appod,H14,14,huron,huron__bww2_Feb-20-2023-bww2-intloss_00000001,819,0.8144078144078144,0.5035718841688991,0.3345210389749351,0.818407960199005,0.6923076923076923,0.0
internvl,appod,H14,14,huron,huron__bww2_Feb-20-2023-bww2-intloss_00000002,482,0.6887966804979253,0.4018759018759019,0.2976639912016327,0.7056277056277056,0.5,0.0
internvl,appod,H14,14,huron,huron__bww8_Feb-03-2023-bww8-intloss_00000000,1095,0.43105022831050227,0.3325978460730234,0.28441998139789165,0.3829787234042553,0.6148148148148148,0.0
internvl,appod,H14,14,huron,huron__bww8_Feb-03-2023-bww8-intloss_00000001,1051,0.7602283539486203,0.498092931317687,0.4196868717402465,0.7763300760043431,0.717948717948718,0.0
internvl,appod,H14,14,huron,huron__bww8_Feb-03-2023-bww8-intloss_00000002,705,0.7460992907801418,0.3643968494160556,0.3471687843968305,0.8396694214876033,0.2535211267605634,0.0
internvl,appod,H14,14,huron,huron__cory1_Feb-16-2023-cory1-intloss_00000000,1486,0.9004037685060565,0.3136427566807314,0.31586402266288954,0.9409282700421941,0.0,0.0
internvl,appod,H14,14,huron,huron__cory1_Feb-16-2023-cory1-intloss_00000001,2154,0.8426183844011143,0.45319961795606495,0.33407914363428975,0.8595988538681948,0.5,0.0
internvl,appod,H14,14,huron,huron__cory1_Feb-16-2023-cory1-intloss_00000002,1653,0.7713248638838476,0.47311727488721006,0.3362844357701864,0.7810539523212046,0.6382978723404256,0.0
internvl,appod,H14,14,huron,huron__soda3_Feb-21-2023-soda3-intloss_00000000,2414,0.7589063794531897,0.4346840867276835,0.372637685359886,0.7861035422343324,0.517948717948718,0.0
internvl,appod,H14,14,huron,huron__soda3_Feb-21-2023-soda3-intloss_00000001,1368,0.570906432748538,0.4492634900408077,0.37399926785401644,0.5205479452054794,0.8272425249169435,0.0
internvl,appod,H14,14,huron,huron__soda3_Feb-21-2023-soda3-intloss_00000002,531,0.9529190207156308,0.34890868904544825,0.35426731078904994,0.9940944881889764,0.05263157894736842,0.0
internvl,appod,H14,14,pal,pal__rosbag2_2025_07_11-13_23_07,2151,0.7336122733612274,0.7336122733612274,0.28211316706891926,0.7336122733612274,,
internvl,appod,H14,14,pal,pal__rosbag2_2025_07_11-13_37_37,3038,0.4660961158657011,0.40169018286718217,0.26644313570995243,0.6190959878110716,0.1842843779232928,
internvl,appod,H14,14,pal,pal__rosbag2_2025_07_11-13_55_25,4060,0.2692118226600985,0.24002468512440744,0.20384330690285712,0.4341917024320458,0.2858823529411765,0.0
internvl,appod,H16,16,crowdbot,crowdbot__defaced_2021-04-24-11-20-18,1619,0.7041383570105003,0.33381188154490354,0.27862222045591367,0.0049382716049382715,0.9964973730297724,0.0
internvl,appod,H16,16,crowdbot,crowdbot__defaced_2021-04-24-11-23-43,1032,0.45930232558139533,0.40074441687344914,0.2237477584518741,0.03225806451612903,0.7692307692307693,
internvl,appod,H16,16,crowdbot,crowdbot__defaced_2021-04-24-11-35-54,1211,0.39801816680429397,0.34282460800074555,0.21326449896015043,0.043824701195219126,0.9846491228070176,0.0
internvl,appod,H16,16,crowdbot,crowdbot__defaced_2021-04-24-11-40-33,986,0.3620689655172414,0.332067438862294,0.17817282766947196,0.0017889087656529517,0.994413407821229,0.0
internvl,appod,H16,16,crowdbot,crowdbot__defaced_2021-04-24-11-43-54,583,0.4922813036020583,0.3335493036158225,0.2224055425967015,0.004132231404958678,0.9965156794425087,0.0
internvl,appod,H16,16,crowdbot,crowdbot__defaced_2021-04-24-11-48-21,1555,0.46881028938906755,0.3291385420423773,0.22604293480053284,0.024050632911392405,0.9633649932157394,0.0
internvl,appod,H16,16,crowdbot,crowdbot__defaced_2021-04-24-11-55-30,1815,0.4209366391184573,0.32977348083104346,0.19803502087125666,0.0009784735812133072,0.9883419689119171,0.0
internvl,appod,H16,16,huron,huron__bww1_Feb-16-2023-bww1-intloss_00000000,342,0.8888888888888888,0.5177205308352849,0.4938819388810145,0.9245901639344263,0.6285714285714286,0.0
internvl,appod,H16,16,huron,huron__bww1_Feb-16-2023-bww1-intloss_00000001,1674,0.8249701314217444,0.3415233026011469,0.3413437861199055,0.9055222887558216,0.11904761904761904,0.0
internvl,appod,H16,16,huron,huron__bww1_Feb-16-2023-bww1-intloss_00000002,334,0.7904191616766467,0.8926380368098159,0.3552571991795199,0.7852760736196319,1.0,
internvl,appod,H16,16,huron,huron__bww2_Feb-20-2023-bww2-intloss_00000000,754,0.7559681697612732,0.43462318927932814,0.3566401013376661,0.7719546742209632,0.5319148936170213,0.0
internvl,appod,H16,16,huron,huron__bww2_Feb-20-2023-bww2-intloss_00000001,819,0.7655677655677655,0.5626674320704171,0.3257694314032342,0.7649253731343284,0.9230769230769231,0.0
internvl,appod,H16,16,huron,huron__bww2_Feb-20-2023-bww2-intloss_00000002,482,0.6286307053941909,0.38095238095238093,0.2788676175045027,0.6428571428571429,0.5,0.0
internvl,appod,H16,16,huron,huron__bww8_Feb-03-2023-bww8-intloss_00000000,1095,0.3926940639269406,0.32488450068758784,0.26306273838483946,0.31539424280350437,0.6592592592592592,0.0
internvl,appod,H16,16,huron,huron__bww8_Feb-03-2023-bww8-intloss_00000001,1051,0.7326355851569933,0.492571248271574,0.40614183254331465,0.742671009771987,0.7350427350427351,0.0
internvl,appod,H16,16,huron,huron__bww8_Feb-03-2023-bww8-intloss_00000002,705,0.7219858156028369,0.35503045823148255,0.3366760196819975,0.8115702479338843,0.2535211267605634,0.0
internvl,appod,H16,16,huron,huron__cory1_Feb-16-2023-cory1-intloss_00000000,1486,0.8977119784656796,0.31270511017346464,0.3153664302600473,0.9381153305203939,0.0,0.0
internvl,appod,H16,16,huron,huron__cory1_Feb-16-2023-cory1-intloss_00000001,2154,0.8430826369545033,0.4314549506526584,0.33073523210492506,0.8610315186246418,0.43333333333333335,0.0
internvl,appod,H16,16,huron,huron__cory1_Feb-16-2023-cory1-intloss_00000002,1653,0.7434966727162734,0.4979132740685371,0.3315134964596581,0.7490589711417817,0.7446808510638298,0.0
internvl,appod,H16,16,huron,huron__soda3_Feb-21-2023-soda3-intloss_00000000,2414,0.7618061309030655,0.4629903159475206,0.41201074270247534,0.7865576748410535,0.5435897435897435,0.058823529411764705
internvl,appod,H16,16,huron,huron__soda3_Feb-21-2023-soda3-intloss_00000001,1368,0.5219298245614035,0.42897343709704333,0.34582219129456676,0.45303326810176126,0.8338870431893688,0.0
internvl,appod,H16,16,huron,huron__soda3_Feb-21-2023-soda3-intloss_00000002,531,0.9510357815442562,0.38202790440668605,0.39634766527970405,0.9881889763779528,0.15789473684210525,0.0
internvl,appod,H16,16,pal,pal__rosbag2_2025_07_11-13_23_07,2151,0.704323570432357,0.704323570432357,0.2755046372067649,0.704323570432357,,
internvl,appod,H16,16,pal,pal__rosbag2_2025_07_11-13_37_37,3038,0.44733377221856485,0.3979053723737577,0.26852419107906383,0.5647536820721178,0.23105706267539758,
internvl,appod,H16,16,pal,pal__rosbag2_2025_07_11-13_55_25,4060,0.25911330049261083,0.22897809195208843,0.19678691896889697,0.3834048640915594,0.3035294117647059,0.0
internvl,appod,H18,18,crowdbot,crowdbot__defaced_2021-04-24-11-20-18,1619,0.679431747992588,0.3540060395090556,0.33903054026415624,0.15308641975308643,0.9089316987740805,0.0
internvl,appod,H18,18,crowdbot,crowdbot__defaced_2021-04-24-11-23-43,1032,0.4680232558139535,0.4332298136645963,0.2802197181768442,0.21428571428571427,0.6521739130434783,
internvl,appod,H18,18,crowdbot,crowdbot__defaced_2021-04-24-11-35-54,1211,0.4384805945499587,0.35961417487942965,0.2618709631627511,0.13147410358565736,0.9473684210526315,0.0
internvl,appod,H18,18,crowdbot,crowdbot__defaced_2021-04-24-11-40-33,986,0.3843813387423935,0.33849018765219885,0.22153116247545576,0.07692307692307693,0.9385474860335196,0.0
internvl,appod,H18,18,crowdbot,crowdbot__defaced_2021-04-24-11-43-54,583,0.5077186963979416,0.3463779383956767,0.25257089979596636,0.049586776859504134,0.9895470383275261,0.0
internvl,appod,H18,18,crowdbot,crowdbot__defaced_2021-04-24-11-48-21,1555,0.5003215434083601,0.3474468852515329,0.29994605647761347,0.1848101265822785,0.8575305291723202,0.0
internvl,appod,H18,18,crowdbot,crowdbot__defaced_2021-04-24-11-55-30,1815,0.4319559228650138,0.3279525736052104,0.2451756183993101,0.09784735812133072,0.8860103626943006,0.0
internvl,appod,H18,18,huron,huron__bww1_Feb-16-2023-bww1-intloss_00000000,342,0.8216374269005848,0.5347384855581577,0.4551695933338445,0.8327868852459016,0.7714285714285715,0.0
internvl,appod,H18,18,huron,huron__bww1_Feb-16-2023-bww1-intloss_00000001,1674,0.7240143369175627,0.378061337642176,0.3484742910917545,0.7651363938789089,0.36904761904761907,0.0
internvl,appod,H18,18,huron,huron__bww1_Feb-16-2023-bww1-intloss_00000002,334,0.7275449101796407,0.8604294478527608,0.32910745719981566,0.7208588957055214,1.0,
internvl,appod,H18,18,huron,huron__bww2_Feb-20-2023-bww2-intloss_00000000,754,0.596816976127321,0.4574066260824141,0.3091293664071934,0.5849858356940509,0.7872340425531915,0.0
internvl,appod,H18,18,huron,huron__bww2_Feb-20-2023-bww2-intloss_00000001,819,0.6495726495726496,0.5485074626865671,0.28921586383932346,0.6455223880597015,1.0,0.0
internvl,appod,H18,18,huron,huron__bww2_Feb-20-2023-bww2-intloss_00000002,482,0.4024896265560166,0.4646464646464647,0.21342216753450075,0.3939393939393939,1.0,0.0
internvl,appod,H18,18,huron,huron__bww8_Feb-03-2023-bww8-intloss_00000000,1095,0.3452054794520548,0.3252599700242587,0.23250753812815003,0.2165206508135169,0.7592592592592593,0.0
internvl,appod,H18,18,huron,huron__bww8_Feb-03-2023-bww8-intloss_00000001,1051,0.6070409134157945,0.4721549412103158,0.34995130523544976,0.5874049945711184,0.8290598290598291,0.0
internvl,appod,H18,18,huron,huron__bww8_Feb-03-2023-bww8-intloss_00000002,705,0.5588652482269504,0.32482054863616966,0.28704978270195664,0.6082644628099173,0.36619718309859156,0.0
internvl,appod,H18,18,huron,huron__cory1_Feb-16-2023-cory1-intloss_00000000,1486,0.870121130551817,0.3030942334739803,0.3101835192515293,0.9092827004219409,0.0,0.0
internvl,appod,H18,18,huron,huron__cory1_Feb-16-2023-cory1-intloss_00000001,2154,0.6420612813370473,0.47204711875198985,0.28031598490271653,0.6494746895893028,0.7666666666666667,0.0
internvl,appod,H18,18,huron,huron__cory1_Feb-16-2023-cory1-intloss_00000002,1653,0.5819721718088324,0.48337738149265413,0.2789142141757405,0.5777917189460476,0.8723404255319149,0.0
internvl,appod,H18,18,huron,huron__soda3_Feb-21-2023-soda3-intloss_00000000,2414,0.6329743164871583,0.4914949113859195,0.3439255394101526,0.6180744777475022,0.8564102564102564,0.0
internvl,appod,H18,18,huron,huron__soda3_Feb-21-2023-soda3-intloss_00000001,1368,0.4780701754385965,0.43049803546777105,0.3224149966484063,0.3679060665362035,0.9235880398671097,0.0
internvl,appod,H18,18,huron,huron__soda3_Feb-21-2023-soda3-intloss_00000002,531,0.9548022598870056,0.46777869871529215,0.46996849935145724,0.9822834645669292,0.42105263157894735,0.0
internvl,appod,H18,18,pal,pal__rosbag2_2025_07_11-13_23_07,2151,0.5258019525801952,0.5258019525801952,0.22973796465569774,0.5258019525801952,,
internvl,appod,H18,18,pal,pal__rosbag2_2025_07_11-13_37_37,3038,0.43449637919684003,0.41280160542667665,0.2748161103461963,0.4860335195530726,0.33956969130028064,
internvl,appod,H18,18,pal,pal__rosbag2_2025_07_11-13_55_25,4060,0.28054187192118224,0.24184352997279027,0.2092905384964283,0.31258941344778257,0.41294117647058826,0.0
internvl,appod,H20,20,crowdbot,crowdbot__defaced_2021-04-24-11-20-18,1619,0.7047560222359481,0.347382759291691,0.31358227021005386,0.06666666666666667,0.9754816112084063,0.0
internvl,appod,H20,20,crowdbot,crowdbot__defaced_2021-04-24-11-23-43,1032,0.47674418604651164,0.43254011066072773,0.2705509937744474,0.1543778801843318,0.7107023411371237,
internvl,appod,H20,20,crowdbot,crowdbot__defaced_2021-04-24-11-35-54,1211,0.4046242774566474,0.3449243959833182,0.2218930010858163,0.06108897742363878,0.9736842105263158,0.0
internvl,appod,H20,20,crowdbot,crowdbot__defaced_2021-04-24-11-40-33,986,0.3772819472616633,0.3386684122685162,0.20337356807608523,0.04114490161001789,0.9748603351955307,0.0
internvl,appod,H20,20,crowdbot,crowdbot__defaced_2021-04-24-11-43-54,583,0.4957118353344768,0.33695203539992896,0.2352528608342562,0.024793388429752067,0.9860627177700348,0.0
internvl,appod,H20,20,crowdbot,crowdbot__defaced_2021-04-24-11-48-21,1555,0.5022508038585209,0.34995677538658837,0.286479294969861,0.13670886075949368,0.9131614654002713,0.0
internvl,appod,H20,20,crowdbot,crowdbot__defaced_2021-04-24-11-55-30,1815,0.4286501377410468,0.3307485745380557,0.22413968398011955,0.04794520547945205,0.944300518134715,0.0
internvl,appod,H20,20,huron,huron__bww1_Feb-16-2023-bww1-intloss_00000000,342,0.8157894736842105,0.5156908665105386,0.445090750734871,0.8327868852459016,0.7142857142857143,0.0
internvl,appod,H20,20,huron,huron__bww1_Feb-16-2023-bww1-intloss_00000001,1674,0.7281959378733572,0.38137613661565756,0.351185020023018,0.7691284098469727,0.375,0.0
internvl,appod,H20,20,huron,huron__bww1_Feb-16-2023-bww1-intloss_00000002,334,0.718562874251497,0.8558282208588956,0.32566525469751273,0.7116564417177914,1.0,
internvl,appod,H20,20,huron,huron__bww2_Feb-20-2023-bww2-intloss_00000000,754,0.6007957559681698,0.44558294657746167,0.3081982460802551,0.5920679886685553,0.7446808510638298,0.0
internvl,appod,H20,20,huron,huron__bww2_Feb-20-2023-bww2-intloss_00000001,819,0.6398046398046398,0.5451907131011609,0.2860610655074249,0.6355721393034826,1.0,0.0
internvl,appod,H20,20,huron,huron__bww2_Feb-20-2023-bww2-intloss_00000002,482,0.3796680497925311,0.4296536796536796,0.20299897147187787,0.3722943722943723,0.9166666666666666,0.0
internvl,appod,H20,20,huron,huron__bww8_Feb-03-2023-bww8-intloss_00000000,1095,0.3406392694063927,0.3337999660068913,0.22830301700092367,0.1939924906132666,0.8074074074074075,0.0
internvl,appod,H20,20,huron,huron__bww8_Feb-03-2023-bww8-intloss_00000001,1051,0.5965746907706946,0.4656866839277263,0.3442345276872964,0.5765472312703583,0.8205128205128205,0.0
internvl,appod,H20,20,huron,huron__bww8_Feb-03-2023-bww8-intloss_00000002,705,0.5361702127659574,0.29942963566523106,0.27263359232719253,0.5884297520661157,0.30985915492957744,0.0
internvl,appod,H20,20,huron,huron__cory1_Feb-16-2023-cory1-intloss_00000000,1486,0.857335127860027,0.2986404125644632,0.30772946859903383,0.8959212376933896,0.0,0.0
internvl,appod,H20,20,huron,huron__cory1_Feb-16-2023-cory1-intloss_00000001,2154,0.6773444753946146,0.45128939828080233,0.288346800896663,0.6872015281757402,0.6666666666666666,0.0
internvl,appod,H20,20,huron,huron__cory1_Feb-16-2023-cory1-intloss_00000002,1653,0.5898366606170599,0.4654466661327496,0.279530343852907,0.5878293601003765,0.8085106382978723,0.0
internvl,appod,H20,20,huron,huron__soda3_Feb-21-2023-soda3-intloss_00000000,2414,0.6690140845070423,0.4999906844593493,0.3595896272874443,0.6589464123524069,0.841025641025641,0.0
internvl,appod,H20,20,huron,huron__soda3_Feb-21-2023-soda3-intloss_00000001,1368,0.47149122807017546,0.42443756731746535,0.3178787909015039,0.363013698630137,0.9102990033222591,0.0
internvl,appod,H20,20,huron,huron__soda3_Feb-21-2023-soda3-intloss_00000002,531,0.9472693032015066,0.4651540267992817,0.4574983628028815,0.9744094488188977,0.42105263157894735,0.0
internvl,appod,H20,20,pal,pal__rosbag2_2025_07_11-13_23_07,2151,0.5471873547187355,0.5471873547187355,0.23577724358974358,0.5471873547187355,,
internvl,appod,H20,20,pal,pal__rosbag2_2025_07_11-13_37_37,3038,0.4292297564186965,0.4134420277633535,0.27411086906670645,0.46673438293550024,0.3601496725912067,
internvl,appod,H20,20,pal,pal__rosbag2_2025_07_11-13_55_25,4060,0.2751231527093596,0.23700250752762742,0.20563524337972028,0.3011444921316166,0.4088235294117647,0.0010395010395010396
internvl,appod,H22,22,crowdbot,crowdbot__defaced_2021-04-24-11-20-18,1619,0.7134033353922175,0.3987423695343524,0.39703352997274055,0.28641975308641976,0.9098073555166375,0.0
internvl,appod,H22,22,crowdbot,crowdbot__defaced_2021-04-24-11-23-43,1032,0.4738372093023256,0.44614536935715055,0.2955940478326347,0.271889400921659,0.6204013377926422,
internvl,appod,H22,22,crowdbot,crowdbot__defaced_2021-04-24-11-35-54,1211,0.47894302229562347,0.376980382563314,0.3041763619721053,0.21646746347941567,0.9144736842105263,0.0
internvl,appod,H22,22,crowdbot,crowdbot__defaced_2021-04-24-11-40-33,986,0.41379310344827586,0.35310460619022394,0.25735433699355265,0.14311270125223613,0.9162011173184358,0.0
internvl,appod,H22,22,crowdbot,crowdbot__defaced_2021-04-24-11-43-54,583,0.5128644939965694,0.3539656943204615,0.28866243456955115,0.128099173553719,0.9337979094076655,0.0
internvl,appod,H22,22,crowdbot,crowdbot__defaced_2021-04-24-11-48-21,1555,0.5607717041800643,0.3866238428112601,0.36081669943436534,0.3240506329113924,0.835820895522388,0.0
internvl,appod,H22,22,crowdbot,crowdbot__defaced_2021-04-24-11-55-30,1815,0.45454545454545453,0.34016321412517025,0.27195804008790564,0.1487279843444227,0.8717616580310881,0.0
internvl,appod,H22,22,huron,huron__bww1_Feb-16-2023-bww1-intloss_00000000,342,0.8538011695906432,0.5636221701795473,0.48561289448733574,0.8622950819672132,0.8285714285714286,0.0
internvl,appod,H22,22,huron,huron__bww1_Feb-16-2023-bww1-intloss_00000001,1674,0.7873357228195937,0.3663229097360834,0.35659959059780905,0.8489687292082502,0.25,0.0
internvl,appod,H22,22,huron,huron__bww1_Feb-16-2023-bww1-intloss_00000002,334,0.7365269461077845,0.8650306748466258,0.3326059283506092,0.7300613496932515,1.0,
internvl,appod,H22,22,huron,huron__bww2_Feb-20-2023-bww2-intloss_00000000,754,0.6379310344827587,0.45218291041327624,0.3220457773105369,0.6331444759206799,0.723404255319149,0.0
internvl,appod,H22,22,huron,huron__bww2_Feb-20-2023-bww2-intloss_00000001,819,0.6837606837606838,0.5601160862354893,0.3003328701719757,0.6803482587064676,1.0,0.0
internvl,appod,H22,22,huron,huron__bww2_Feb-20-2023-bww2-intloss_00000002,482,0.43983402489626555,0.4235209235209236,0.2243050481856452,0.43722943722943725,0.8333333333333334,0.0
internvl,appod,H22,22,huron,huron__bww8_Feb-03-2023-bww8-intloss_00000000,1095,0.3378995433789954,0.3186529458118945,0.22757804591096886,0.21151439299123906,0.7444444444444445,0.0
internvl,appod,H22,22,huron,huron__bww8_Feb-03-2023-bww8-intloss_00000001,1051,0.6146527117031398,0.46012788032332014,0.34971434200157603,0.6026058631921825,0.7777777777777778,0.0
internvl,appod,H22,22,huron,huron__bww8_Feb-03-2023-bww8-intloss_00000002,705,0.5617021276595745,0.31349086253055525,0.28426685840865384,0.6165289256198347,0.323943661971831,0.0
internvl,appod,H22,22,huron,huron__cory1_Feb-16-2023-cory1-intloss_00000000,1486,0.8559892328398385,0.2981715893108298,0.3074691805656273,0.8945147679324894,0.0,0.0
internvl,appod,H22,22,huron,huron__cory1_Feb-16-2023-cory1-intloss_00000001,2154,0.7042711234911792,0.4386182744348934,0.2943933530998208,0.7158548233046801,0.6,0.0
internvl,appod,H22,22,huron,huron__cory1_Feb-16-2023-cory1-intloss_00000002,1653,0.6104053236539625,0.44502433772035205,0.28357804100412826,0.6116687578419071,0.723404255319149,0.0
internvl,appod,H22,22,huron,huron__soda3_Feb-21-2023-soda3-intloss_00000000,2414,0.6731565865782932,0.4516476862525909,0.34842794378008146,0.6780199818346957,0.676923076923077,0.0
internvl,appod,H22,22,huron,huron__soda3_Feb-21-2023-soda3-intloss_00000001,1368,0.48903508771929827,0.42523399930217387,0.3279453331032038,0.3953033268101761,0.8803986710963455,0.0
internvl,appod,H22,22,huron,huron__soda3_Feb-21-2023-soda3-intloss_00000002,531,0.9510357815442562,0.4326909794170466,0.4425168504901961,0.9822834645669292,0.3157894736842105,0.0
internvl,appod,H22,22,pal,pal__rosbag2_2025_07_11-13_23_07,2151,0.4941887494188749,0.4941887494188749,0.22049367351171956,0.4941887494188749,,
internvl,appod,H22,22,pal,pal__rosbag2_2025_07_11-13_37_37,3038,0.43548387096774194,0.4212598836692779,0.27921514848917944,0.4692737430167598,0.37324602432179604,
internvl,appod,H22,22,pal,pal__rosbag2_2025_07_11-13_55_25,4060,0.2881773399014778,0.24792196134533928,0.21443484939377208,0.31258941344778257,0.43117647058823527,0.0
internvl,appod,H24,24,crowdbot,crowdbot__defaced_2021-04-24-11-20-18,1619,0.7263743051266214,0.40062268923915156,0.3987335793689431,0.26666666666666666,0.9352014010507881,0.0
internvl,appod,H24,24,crowdbot,crowdbot__defaced_2021-04-24-11-23-43,1032,0.47189922480620156,0.4397338285837585,0.28789170162982786,0.23732718894009217,0.6421404682274248,
internvl,appod,H24,24,crowdbot,crowdbot__defaced_2021-04-24-11-35-54,1211,0.4558216350123865,0.36429719717620745,0.2841864727238983,0.1806108897742364,0.9122807017543859,0.0
internvl,appod,H24,24,crowdbot,crowdbot__defaced_2021-04-24-11-40-33,986,0.40365111561866124,0.35082433049173334,0.2404484610399058,0.10554561717352415,0.946927374301676,0.0
internvl,appod,H24,24,crowdbot,crowdbot__defaced_2021-04-24-11-43-54,583,0.516295025728988,0.3558566341271441,0.2871309481478973,0.11983471074380166,0.9477351916376306,0.0
internvl,appod,H24,24,crowdbot,crowdbot__defaced_2021-04-24-11-48-21,1555,0.5633440514469453,0.38888812554030766,0.3590118181320043,0.3050632911392405,0.8616010854816825,0.0
internvl,appod,H24,24,crowdbot,crowdbot__defaced_2021-04-24-11-55-30,1815,0.4633608815426997,0.3489728562302911,0.27068249923881865,0.13111545988258316,0.9158031088082902,0.0
internvl,appod,H24,24,huron,huron__bww1_Feb-16-2023-bww1-intloss_00000000,342,0.8654970760233918,0.6017174082747854,0.5040309106098579,0.8622950819672132,0.9428571428571428,0.0
internvl,appod,H24,24,huron,huron__bww1_Feb-16-2023-bww1-intloss_00000001,1674,0.7658303464755077,0.3601012261191902,0.34815575524176295,0.8243512974051896,0.25595238095238093,0.0
internvl,appod,H24,24,huron,huron__bww1_Feb-16-2023-bww1-intloss_00000002,334,0.718562874251497,0.7948619631901841,0.3205908289241623,0.7147239263803681,0.875,
internvl,appod,H24,24,huron,huron__bww2_Feb-20-2023-bww2-intloss_00000000,754,0.6021220159151194,0.452675145159022,0.31003742124958555,0.5920679886685553,0.7659574468085106,0.0
internvl,appod,H24,24,huron,huron__bww2_Feb-20-2023-bww2-intloss_00000001,819,0.6776556776556777,0.5328166858017604,0.2963237718430597,0.6753731343283582,0.9230769230769231,0.0
internvl,appod,H24,24,huron,huron__bww2_Feb-20-2023-bww2-intloss_00000002,482,0.4315352697095436,0.39357864357864364,0.21966179539987787,0.43073593073593075,0.75,0.0
internvl,appod,H24,24,huron,huron__bww8_Feb-03-2023-bww8-intloss_00000000,1095,0.33972602739726027,0.3268437398600102,0.2283042858427197,0.20275344180225283,0.7777777777777778,0.0
internvl,appod,H24,24,huron,huron__bww8_Feb-03-2023-bww8-intloss_00000001,1051,0.6060894386298763,0.46184470614438045,0.34690629049907934,0.5906623235613464,0.7948717948717948,0.0
internvl,appod,H24,24,huron,huron__bww8_Feb-03-2023-bww8-intloss_00000002,705,0.5843971631205673,0.32645016102122376,0.29418026418026416,0.6413223140495867,0.3380281690140845,0.0
internvl,appod,H24,24,huron,huron__cory1_Feb-16-2023-cory1-intloss_00000000,1486,0.847913862718708,0.29535864978902954,0.3058994901675164,0.8860759493670886,0.0,0.0
internvl,appod,H24,24,huron,huron__cory1_Feb-16-2023-cory1-intloss_00000001,2154,0.7005571030640668,0.4154409423750398,0.2915267687624819,0.7129894937917861,0.5333333333333333,0.0
internvl,appod,H24,24,huron,huron__cory1_Feb-16-2023-cory1-intloss_00000002,1653,0.6019358741681791,0.4627459355562082,0.2829820452771273,0.6010037641154329,0.7872340425531915,0.0
internvl,appod,H24,24,huron,huron__soda3_Feb-21-2023-soda3-intloss_00000000,2414,0.6628003314001657,0.4509792962109038,0.3446530804586192,0.6657584014532243,0.6871794871794872,0.0
internvl,appod,H24,24,huron,huron__soda3_Feb-21-2023-soda3-intloss_00000001,1368,0.472953216374269,0.4250898830382743,0.31878939053795624,0.3649706457925636,0.9102990033222591,0.0
internvl,appod,H24,24,huron,huron__soda3_Feb-21-2023-soda3-intloss_00000002,531,0.9416195856873822,0.44629783119215366,0.43460192475940507,0.9704724409448819,0.3684210526315789,0.0
internvl,appod,H24,24,pal,pal__rosbag2_2025_07_11-13_23_07,2151,0.49372384937238495,0.49372384937238495,0.2203548085901027,0.49372384937238495,,
internvl,appod,H24,24,pal,pal__rosbag2_2025_07_11-13_37_37,3038,0.41441737985516786,0.40586314250679734,0.2678904230079003,0.43473844591163024,0.37698783910196443,
internvl,appod,H24,24,pal,pal__rosbag2_2025_07_11-13_55_25,4060,0.29064039408866993,0.25005217537658836,0.21632692811208817,0.315450643776824,0.43470588235294116,0.0
internvl,appod,H26,26,crowdbot,crowdbot__defaced_2021-04-24-11-20-18,1619,0.7430512662137122,0.39628692712950353,0.3912921848376186,0.20987654320987653,0.978984238178634,0.0
internvl,appod,H26,26,crowdbot,crowdbot__defaced_2021-04-24-11-23-43,1032,0.49612403100775193,0.45747730530339226,0.2937628308117999,0.21428571428571427,0.7006688963210702,
internvl,appod,H26,26,crowdbot,crowdbot__defaced_2021-04-24-11-35-54,1211,0.4649050371593724,0.3781045409007246,0.28133447967169817,0.15405046480743692,0.9802631578947368,0.0
internvl,appod,H26,26,crowdbot,crowdbot__defaced_2021-04-24-11-40-33,986,0.3945233265720081,0.34947515348970465,0.22236164736164735,0.06797853309481217,0.9804469273743017,0.0
internvl,appod,H26,26,crowdbot,crowdbot__defaced_2021-04-24-11-43-54,583,0.5128644939965694,0.35051016980063543,0.2606837606837607,0.06198347107438017,0.9895470383275261,0.0
internvl,appod,H26,26,crowdbot,crowdbot__defaced_2021-04-24-11-48-21,1555,0.5234726688102894,0.36406288465612097,0.3072147097771856,0.17088607594936708,0.921302578018996,0.0
internvl,appod,H26,26,crowdbot,crowdbot__defaced_2021-04-24-11-55-30,1815,0.4573002754820937,0.34908185717327606,0.2518130076101554,0.08610567514677103,0.961139896373057,0.0
internvl,appod,H26,26,huron,huron__bww1_Feb-16-2023-bww1-intloss_00000000,342,0.6900584795321637,0.4771272443403591,0.3768802138692949,0.6885245901639344,0.7428571428571429,0.0
internvl,appod,H26,26,huron,huron__bww1_Feb-16-2023-bww1-intloss_00000001,1674,0.5692951015531661,0.3452935399043184,0.2944951258878792,0.5834996673320026,0.4523809523809524,0.0
internvl,appod,H26,26,huron,huron__bww1_Feb-16-2023-bww1-intloss_00000002,334,0.5508982035928144,0.6480061349693251,0.25921046210901283,0.5460122699386503,0.75,
internvl,appod,H26,26,huron,huron__bww2_Feb-20-2023-bww2-intloss_00000000,754,0.5954907161803713,0.37749382195166054,0.29231872717788215,0.6005665722379604,0.5319148936170213,0.0
internvl,appod,H26,26,huron,huron__bww2_Feb-20-2023-bww2-intloss_00000001,819,0.5677655677655677,0.5207296849087893,0.2627220918538384,0.5621890547263682,1.0,0.0
internvl,appod,H26,26,huron,huron__bww2_Feb-20-2023-bww2-intloss_00000002,482,0.4190871369294606,0.4704184704184704,0.21975609756097558,0.41125541125541126,1.0,0.0
internvl,appod,H26,26,huron,huron__bww8_Feb-03-2023-bww8-intloss_00000000,1095,0.3780821917808219,0.3312875662479334,0.25487414881121234,0.2753441802252816,0.7185185185185186,0.0
internvl,appod,H26,26,huron,huron__bww8_Feb-03-2023-bww8-intloss_00000001,1051,0.538534728829686,0.45107046409978,0.31804877303192186,0.507057546145494,0.8461538461538461,0.0
internvl,appod,H26,26,huron,huron__bww8_Feb-03-2023-bww8-intloss_00000002,705,0.49361702127659574,0.28290071004539635,0.25678953478729577,0.5388429752066116,0.30985915492957744,0.0
internvl,appod,H26,26,huron,huron__cory1_Feb-16-2023-cory1-intloss_00000000,1486,0.8781965006729475,0.3059071729957806,0.31171623074166965,0.9177215189873418,0.0,0.0
internvl,appod,H26,26,huron,huron__cory1_Feb-16-2023-cory1-intloss_00000001,2154,0.5269266480965645,0.3997134670487106,0.2427876544852182,0.5324737344794651,0.6666666666666666,0.0
internvl,appod,H26,26,huron,huron__cory1_Feb-16-2023-cory1-intloss_00000002,1653,0.47126436781609193,0.4313427124767524,0.2378348601880127,0.4642409033877039,0.8297872340425532,0.0
internvl,appod,H26,26,huron,huron__soda3_Feb-21-2023-soda3-intloss_00000000,2414,0.4212924606462303,0.4203730874030602,0.2492839302877383,0.38419618528610355,0.8769230769230769,0.0
internvl,appod,H26,26,huron,huron__soda3_Feb-21-2023-soda3-intloss_00000001,1368,0.347953216374269,0.3857233877941109,0.23295979021403268,0.1771037181996086,0.9800664451827242,0.0
internvl,appod,H26,26,huron,huron__soda3_Feb-21-2023-soda3-intloss_00000002,531,0.96045197740113,0.48487360132615004,0.5624412444975005,0.9940944881889764,0.21052631578947367,0.25
internvl,appod,H26,26,pal,pal__rosbag2_2025_07_11-13_23_07,2151,0.7229195722919572,0.7229195722919572,0.27972656952689334,0.7229195722919572,,
internvl,appod,H26,26,pal,pal__rosbag2_2025_07_11-13_37_37,3038,0.5681369321922317,0.5334304735562111,0.35516999220526824,0.6505840528186897,0.41627689429373244,
internvl,appod,H26,26,pal,pal__rosbag2_2025_07_11-13_55_25,4060,0.35960591133004927,0.31376448147213104,0.27334846273174546,0.4642346208869814,0.47705882352941176,0.0
internvl,appod,H28,28,crowdbot,crowdbot__defaced_2021-04-24-11-20-18,1619,0.7381099444101297,0.3870467665563988,0.3773691975939167,0.17777777777777778,0.9833625218914186,0.0
internvl,appod,H28,28,crowdbot,crowdbot__defaced_2021-04-24-11-23-43,1032,0.4874031007751938,0.44710864170892217,0.2851484855874029,0.1935483870967742,0.7006688963210702,
internvl,appod,H28,28,crowdbot,crowdbot__defaced_2021-04-24-11-35-54,1211,0.45664739884393063,0.3739661238088581,0.27302360096817374,0.1394422310756972,0.9824561403508771,0.0
internvl,appod,H28,28,crowdbot,crowdbot__defaced_2021-04-24-11-40-33,986,0.3843813387423935,0.3435121242708615,0.21035587072877246,0.05008944543828265,0.9804469273743017,0.0
internvl,appod,H28,28,crowdbot,crowdbot__defaced_2021-04-24-11-43-54,583,0.5077186963979416,0.3463779383956767,0.25257089979596636,0.049586776859504134,0.9895470383275261,0.0
internvl,appod,H28,28,crowdbot,crowdbot__defaced_2021-04-24-11-48-21,1555,0.5163987138263666,0.3596946224000825,0.2959865561069515,0.14556962025316456,0.9335142469470827,0.0
internvl,appod,H28,28,crowdbot,crowdbot__defaced_2021-04-24-11-55-30,1815,0.45013774104683196,0.34515866819436986,0.24244377770957448,0.07045009784735812,0.9650259067357513,0.0
internvl,appod,H28,28,huron,huron__bww1_Feb-16-2023-bww1-intloss_00000000,342,0.6988304093567251,0.4972677595628416,0.38636154102080006,0.6918032786885245,0.8,0.0
internvl,appod,H28,28,huron,huron__bww1_Feb-16-2023-bww1-intloss_00000001,1674,0.5471923536439666,0.33003833602635996,0.2834628493524199,0.5615435795076513,0.42857142857142855,0.0
internvl,appod,H28,28,huron,huron__bww1_Feb-16-2023-bww1-intloss_00000002,334,0.5538922155688623,0.7105061349693251,0.2636133552005507,0.5460122699386503,0.875,
internvl,appod,H28,28,huron,huron__bww2_Feb-20-2023-bww2-intloss_00000000,754,0.5795755968169761,0.40492837482169053,0.2931683919782791,0.5764872521246459,0.6382978723404256,0.0
internvl,appod,H28,28,huron,huron__bww2_Feb-20-2023-bww2-intloss_00000001,819,0.5543345543345544,0.5161691542288557,0.25830996620754115,0.5485074626865671,1.0,0.0
internvl,appod,H28,28,huron,huron__bww2_Feb-20-2023-bww2-intloss_00000002,482,0.36721991701244816,0.4523809523809524,0.19894185054248448,0.35714285714285715,1.0,0.0
internvl,appod,H28,28,huron,huron__bww8_Feb-03-2023-bww8-intloss_00000000,1095,0.3634703196347032,0.3336037330613885,0.2452825025441049,0.24155193992490614,0.7592592592592593,0.0
internvl,appod,H28,28,huron,huron__bww8_Feb-03-2023-bww8-intloss_00000001,1051,0.5214081826831589,0.4370945739023915,0.3082508455215741,0.49077090119435396,0.8205128205128205,0.0
internvl,appod,H28,28,huron,huron__bww8_Feb-03-2023-bww8-intloss_00000002,705,0.47801418439716314,0.285127846971637,0.25294365760574045,0.5173553719008265,0.3380281690140845,0.0
internvl,appod,H28,28,huron,huron__cory1_Feb-16-2023-cory1-intloss_00000000,1486,0.8633916554508748,0.3007501172058134,0.3088961117130131,0.9022503516174403,0.0,0.0
internvl,appod,H28,28,huron,huron__cory1_Feb-16-2023-cory1-intloss_00000001,2154,0.5222841225626741,0.38716969118115246,0.24071700495098328,0.5281757402101241,0.6333333333333333,0.0
internvl,appod,H28,28,huron,huron__cory1_Feb-16-2023-cory1-intloss_00000002,1653,0.46098003629764067,0.43467079562543937,0.23454486944749606,0.45294855708908405,0.851063829787234,0.0
internvl,appod,H28,28,huron,huron__soda3_Feb-21-2023-soda3-intloss_00000000,2414,0.427920463960232,0.42591117631989567,0.25272691658162666,0.3905540417801998,0.8871794871794871,0.0
internvl,appod,H28,28,huron,huron__soda3_Feb-21-2023-soda3-intloss_00000001,1368,0.347953216374269,0.38728591149744385,0.23245499248787435,0.175146771037182,0.9867109634551495,0.0
internvl,appod,H28,28,huron,huron__soda3_Feb-21-2023-soda3-intloss_00000002,531,0.9585687382297552,0.4842174333471474,0.5583123576651084,0.9921259842519685,0.21052631578947367,0.25
internvl,appod,H28,28,pal,pal__rosbag2_2025_07_11-13_23_07,2151,0.7271036727103672,0.7271036727103672,0.28066397487662625,0.7271036727103672,,
internvl,appod,H28,28,pal,pal__rosbag2_2025_07_11-13_37_37,3038,0.5780118499012509,0.5510967232515591,0.36592080888388506,0.6419502285424074,0.46024321796071094,
internvl,appod,H28,28,pal,pal__rosbag2_2025_07_11-13_55_25,4060,0.35172413793103446,0.3057766666905773,0.2681978664556958,0.43276108726752505,0.4835294117647059,0.0010395010395010396
internvl,appod,H30,30,crowdbot,crowdbot__defaced_2021-04-24-11-20-18,1619,0.7381099444101297,0.3891714053029484,0.38076952126538904,0.18765432098765433,0.9798598949211909,0.0
internvl,appod,H30,30,crowdbot,crowdbot__defaced_2021-04-24-11-23-43,1032,0.5048449612403101,0.4672140622351001,0.30146940525694527,0.2304147465437788,0.7040133779264214,
internvl,appod,H30,30,crowdbot,crowdbot__defaced_2021-04-24-11-35-54,1211,0.46160198183319573,0.3722973602665362,0.28328888031963323,0.16733067729083664,0.9495614035087719,0.0
internvl,appod,H30,30,crowdbot,crowdbot__defaced_2021-04-24-11-40-33,986,0.41379310344827586,0.3598005216817741,0.2458683185928773,0.1073345259391771,0.9720670391061452,0.0
internvl,appod,H30,30,crowdbot,crowdbot__defaced_2021-04-24-11-43-54,583,0.5368782161234992,0.37065779748706573,0.3029137827907374,0.13636363636363635,0.975609756097561,0.0
internvl,appod,H30,30,crowdbot,crowdbot__defaced_2021-04-24-11-48-21,1555,0.5942122186495177,0.4100819263864796,0.379893080068852,0.3265822784810127,0.903663500678426,0.0
internvl,appod,H30,30,crowdbot,crowdbot__defaced_2021-04-24-11-55-30,1815,0.47603305785123967,0.3590093926704048,0.27609760582426757,0.13013698630136986,0.9468911917098446,0.0
internvl,appod,H30,30,huron,huron__bww1_Feb-16-2023-bww1-intloss_00000000,342,0.7076023391812866,0.4415300546448087,0.37162596190401276,0.7245901639344262,0.6,0.0
internvl,appod,H30,30,huron,huron__bww1_Feb-16-2023-bww1-intloss_00000001,1674,0.6182795698924731,0.34233121059468363,0.3066778132441607,0.64604125083167,0.38095238095238093,0.0
internvl,appod,H30,30,huron,huron__bww1_Feb-16-2023-bww1-intloss_00000002,334,0.6017964071856288,0.49118098159509205,0.2639158994165726,0.6073619631901841,0.375,
internvl,appod,H30,30,huron,huron__bww2_Feb-20-2023-bww2-intloss_00000000,754,0.6511936339522546,0.36422357503063907,0.304801742632735,0.6671388101983002,0.425531914893617,0.0
internvl,appod,H30,30,huron,huron__bww2_Feb-20-2023-bww2-intloss_00000001,819,0.6312576312576312,0.5170621252710805,0.2815373327713514,0.6281094527363185,0.9230769230769231,0.0
internvl,appod,H30,30,huron,huron__bww2_Feb-20-2023-bww2-intloss_00000002,482,0.504149377593361,0.44588744588744583,0.2477319981725453,0.5043290043290043,0.8333333333333334,0.0
internvl,appod,H30,30,huron,huron__bww8_Feb-03-2023-bww8-intloss_00000000,1095,0.445662100456621,0.3672063964095671,0.31981436031067884,0.37797246558197745,0.6851851851851852,0.038461538461538464
internvl,appod,H30,30,huron,huron__bww8_Feb-03-2023-bww8-intloss_00000001,1051,0.5956232159847764,0.4504022940505026,0.33996625563954486,0.5819761129207384,0.7692307692307693,0.0
internvl,appod,H30,30,huron,huron__bww8_Feb-03-2023-bww8-intloss_00000002,705,0.5702127659574469,0.3043650331742522,0.28260542951910966,0.631404958677686,0.28169014084507044,0.0
internvl,appod,H30,30,huron,huron__cory1_Feb-16-2023-cory1-intloss_00000000,1486,0.8970390309555855,0.31247069854664794,0.31524181151708647,0.9374120956399438,0.0,0.0
internvl,appod,H30,30,huron,huron__cory1_Feb-16-2023-cory1-intloss_00000001,2154,0.5863509749303621,0.42008914358484556,0.2613401371997945,0.5936007640878701,0.6666666666666666,0.0
internvl,appod,H30,30,huron,huron__cory1_Feb-16-2023-cory1-intloss_00000002,1653,0.5081669691470054,0.4303327193286883,0.2502473504198158,0.5037641154328732,0.7872340425531915,0.0
internvl,appod,H30,30,huron,huron__soda3_Feb-21-2023-soda3-intloss_00000000,2414,0.504142502071251,0.39455972425999675,0.27761189948869386,0.4913714804722979,0.6923076923076923,0.0
internvl,appod,H30,30,huron,huron__soda3_Feb-21-2023-soda3-intloss_00000001,1368,0.375,0.39232239566741,0.2535014005602241,0.22015655577299412,0.9568106312292359,0.0
internvl,appod,H30,30,huron,huron__soda3_Feb-21-2023-soda3-intloss_00000002,531,0.9642184557438794,0.4692982456140351,0.5514565949348559,1.0,0.15789473684210525,0.25
internvl,appod,H30,30,pal,pal__rosbag2_2025_07_11-13_23_07,2151,0.7824267782426778,0.7824267782426778,0.29264475743348983,0.7824267782426778,,
internvl,appod,H30,30,pal,pal__rosbag2_2025_07_11-13_37_37,3038,0.5892034233048058,0.5597305475278415,0.3720661348132732,0.659217877094972,0.46024321796071094,
internvl,appod,H30,30,pal,pal__rosbag2_2025_07_11-13_55_25,4060,0.4125615763546798,0.35821732905297665,0.3131929348932277,0.4928469241773963,0.5776470588235294,0.004158004158004158
internvl,appod,H32,32,crowdbot,crowdbot__defaced_2021-04-24-11-20-18,1619,0.7121680049413218,0.3466361087688194,0.30583891011225806,0.04691358024691358,0.9929947460595446,0.0
internvl,appod,H32,32,crowdbot,crowdbot__defaced_2021-04-24-11-23-43,1032,0.5067829457364341,0.45308863646872066,0.27163882236828446,0.1152073732718894,0.7909698996655519,
internvl,appod,H32,32,crowdbot,crowdbot__defaced_2021-04-24-11-35-54,1211,0.4161849710982659,0.3514101488781715,0.23355760459123312,0.07835325365205843,0.9758771929824561,0.0
internvl,appod,H32,32,crowdbot,crowdbot__defaced_2021-04-24-11-40-33,986,0.37322515212981744,0.33829197522844395,0.19328531517373845,0.023255813953488372,0.9916201117318436,0.0
internvl,appod,H32,32,crowdbot,crowdbot__defaced_2021-04-24-11-43-54,583,0.4974271012006861,0.3383294458682485,0.23808055756226024,0.028925619834710745,0.9860627177700348,0.0
internvl,appod,H32,32,crowdbot,crowdbot__defaced_2021-04-24-11-48-21,1555,0.5106109324758843,0.3562916144249981,0.2835225796866246,0.11772151898734177,0.9511533242876526,0.0
internvl,appod,H32,32,crowdbot,crowdbot__defaced_2021-04-24-11-55-30,1815,0.4369146005509642,0.3385983323700692,0.22138911122620333,0.03522504892367906,0.9805699481865285,0.0
internvl,appod,H32,32,huron,huron__bww1_Feb-16-2023-bww1-intloss_00000000,342,0.7017543859649122,0.43091334894613587,0.3656655436259794,0.7213114754098361,0.5714285714285714,0.0
internvl,appod,H32,32,huron,huron__bww1_Feb-16-2023-bww1-intloss_00000001,1674,0.6117084826762246,0.32403051040775593,0.29808300007581373,0.6447105788423154,0.3273809523809524,0.0
internvl,appod,H32,32,huron,huron__bww1_Feb-16-2023-bww1-intloss_00000002,334,0.6017964071856288,0.49118098159509205,0.2639158994165726,0.6073619631901841,0.375,
internvl,appod,H32,32,huron,huron__bww2_Feb-20-2023-bww2-intloss_00000000,754,0.6339522546419099,0.3514656540694754,0.29683593075673204,0.6501416430594901,0.40425531914893614,0.0
internvl,appod,H32,32,huron,huron__bww2_Feb-20-2023-bww2-intloss_00000001,819,0.6166056166056166,0.5120870008929711,0.27687870582264323,0.6131840796019901,0.9230769230769231,0.0
internvl,appod,H32,32,huron,huron__bww2_Feb-20-2023-bww2-intloss_00000002,482,0.491701244813278,0.44155844155844154,0.24328858752078797,0.49134199134199136,0.8333333333333334,0.0
internvl,appod,H32,32,huron,huron__bww8_Feb-03-2023-bww8-intloss_00000000,1095,0.4182648401826484,0.3439221866839722,0.2799951835000473,0.33917396745932415,0.6925925925925925,0.0
internvl,appod,H32,32,huron,huron__bww8_Feb-03-2023-bww8-intloss_00000001,1051,0.5946717411988582,0.4575016008240764,0.3414335718489607,0.5776330076004343,0.7948717948717948,0.0
internvl,appod,H32,32,huron,huron__bww8_Feb-03-2023-bww8-intloss_00000002,705,0.5617021276595745,0.30934699103713187,0.2824465157970579,0.6181818181818182,0.30985915492957744,0.0
internvl,appod,H32,32,huron,huron__cory1_Feb-16-2023-cory1-intloss_00000000,1486,0.873485868102288,0.3042662916080638,0.31082375478927204,0.9127988748241913,0.0,0.0
internvl,appod,H32,32,huron,huron__cory1_Feb-16-2023-cory1-intloss_00000001,2154,0.5882079851439183,0.35501432664756444,0.2580003063324707,0.5983763132760267,0.4666666666666667,0.0
internvl,appod,H32,32,huron,huron__cory1_Feb-16-2023-cory1-intloss_00000002,1653,0.5051421657592257,0.4292871317084457,0.2490741791615699,0.5006273525721455,0.7872340425531915,0.0
internvl,appod,H32,32,huron,huron__soda3_Feb-21-2023-soda3-intloss_00000000,2414,0.5124275062137531,0.4030215230087004,0.29981298963290537,0.5040871934604905,0.6461538461538462,0.058823529411764705
internvl,appod,H32,32,huron,huron__soda3_Feb-21-2023-soda3-intloss_00000001,1368,0.37280701754385964,0.3944689694928625,0.251451126202836,0.21330724070450097,0.9700996677740864,0.0
internvl,appod,H32,32,huron,huron__soda3_Feb-21-2023-soda3-intloss_00000002,531,0.96045197740113,0.48487360132615004,0.5624412444975005,0.9940944881889764,0.21052631578947367,0.25
internvl,appod,H32,32,pal,pal__rosbag2_2025_07_11-13_23_07,2151,0.7749883774988378,0.7749883774988378,0.2910773528898201,0.7749883774988378,,
internvl,appod,H32,32,pal,pal__rosbag2_2025_07_11-13_37_37,3038,0.5947992100065833,0.5728128840811816,0.37944534500842114,0.6470289487049263,0.49859681945743684,
internvl,appod,H32,32,pal,pal__rosbag2_2025_07_11-13_55_25,4060,0.40344827586206894,0.34926812991695594,0.30613079756909095,0.4642346208869814,0.5794117647058824,0.004158004158004158
llava,appfr,H02,2,crowdbot,crowdbot__defaced_2021-04-24-11-20-18,1619,0.5892526250772081,0.29917407191195866,0.28356703754960255,0.0962962962962963,0.8012259194395797,0.0
llava,appfr,H02,2,crowdbot,crowdbot__defaced_2021-04-24-11-23-43,1032,0.5193798449612403,0.5025045081146063,0.3347650171179583,0.39631336405529954,0.6086956521739131,
llava,appfr,H02,2,crowdbot,crowdbot__defaced_2021-04-24-11-35-54,1211,0.47811725846407926,0.38316907807367023,0.2960593276305464,0.1845949535192563,0.9649122807017544,0.0
llava,appfr,H02,2,crowdbot,crowdbot__defaced_2021-04-24-11-40-33,986,0.43103448275862066,0.34951512910457955,0.2885097550850975,0.24686940966010734,0.8016759776536313,0.0
llava,appfr,H02,2,crowdbot,crowdbot__defaced_2021-04-24-11-43-54,583,0.48713550600343053,0.32984901277584205,0.21888246628131022,0.0,0.9895470383275261,0.0
llava,appfr,H02,2,crowdbot,crowdbot__defaced_2021-04-24-11-48-21,1555,0.5376205787781351,0.3716463711362635,0.33849179501314786,0.26962025316455696,0.8453188602442334,0.0
llava,appfr,H02,2,crowdbot,crowdbot__defaced_2021-04-24-11-55-30,1815,0.4209366391184573,0.3135078362383352,0.25606926837351895,0.15166340508806261,0.788860103626943,0.0
llava,appfr,H02,2,huron,huron__bww1_Feb-16-2023-bww1-intloss_00000000,342,0.8128654970760234,0.47244340359094456,0.42578298287640853,0.8459016393442623,0.5714285714285714,0.0
llava,appfr,H02,2,huron,huron__bww1_Feb-16-2023-bww1-intloss_00000001,1674,0.7210274790919953,0.34875487120996107,0.3326752166032591,0.7724550898203593,0.27380952380952384,0.0
llava,appfr,H02,2,huron,huron__bww1_Feb-16-2023-bww1-intloss_00000002,334,0.7005988023952096,0.8466257668711656,0.3189238713976345,0.6932515337423313,1.0,
llava,appfr,H02,2,huron,huron__bww2_Feb-20-2023-bww2-intloss_00000000,754,0.5411140583554377,0.4243364876539489,0.2840151942466333,0.5283286118980169,0.7446808510638298,0.0
llava,appfr,H02,2,huron,huron__bww2_Feb-20-2023-bww2-intloss_00000001,819,0.6190476190476191,0.38678402857507327,0.26876785463400926,0.6218905472636815,0.5384615384615384,0.0
llava,appfr,H02,2,huron,huron__bww2_Feb-20-2023-bww2-intloss_00000002,482,0.24688796680497926,0.41053391053391053,0.1457062493840077,0.23160173160173161,1.0,0.0
llava,appfr,H02,2,huron,huron__bww8_Feb-03-2023-bww8-intloss_00000000,1095,0.4703196347031963,0.32111126562524145,0.29667674282281714,0.4818523153942428,0.48148148148148145,0.0
llava,appfr,H02,2,huron,huron__bww8_Feb-03-2023-bww8-intloss_00000001,1051,0.7773549000951475,0.462327273402192,0.412067585058879,0.8143322475570033,0.5726495726495726,0.0
llava,appfr,H02,2,huron,huron__bww8_Feb-03-2023-bww8-intloss_00000002,705,0.7432624113475177,0.3384316920808598,0.32865204921824404,0.8462809917355372,0.16901408450704225,0.0
llava,appfr,H02,2,huron,huron__cory1_Feb-16-2023-cory1-intloss_00000000,1486,0.873485868102288,0.3042662916080638,0.310935441370224,0.9127988748241913,0.0,0.0
llava,appfr,H02,2,huron,huron__cory1_Feb-16-2023-cory1-intloss_00000001,2154,0.8806870937790158,0.5538681948424069,0.3656438167295753,0.894937917860554,0.7666666666666667,0.0
llava,appfr,H02,2,huron,huron__cory1_Feb-16-2023-cory1-intloss_00000002,1653,0.809437386569873,0.4312270304421723,0.3398765012463177,0.8255959849435383,0.46808510638297873,0.0
llava,appfr,H02,2,huron,huron__soda3_Feb-21-2023-soda3-intloss_00000000,2414,0.8537696768848384,0.37119401942290225,0.3670315826289295,0.9187102633969119,0.19487179487179487,0.0
llava,appfr,H02,2,huron,huron__soda3_Feb-21-2023-soda3-intloss_00000001,1368,0.46710526315789475,0.41935557274837304,0.3148300453788703,0.3610567514677104,0.8970099667774086,0.0
llava,appfr,H02,2,huron,huron__soda3_Feb-21-2023-soda3-intloss_00000002,531,0.9548022598870056,0.46777869871529215,0.46996849935145724,0.9822834645669292,0.42105263157894735,0.0
llava,appfr,H02,2,pal,pal__rosbag2_2025_07_11-13_23_07,2151,0.5467224546722455,0.5467224546722455,0.2356477306883078,0.5467224546722455,,
llava,appfr,H02,2,pal,pal__rosbag2_2025_07_11-13_37_37,3038,0.6668861092824226,0.6089699034758115,0.408046487526834,0.8044692737430168,0.41347053320860616,
llava,appfr,H02,2,pal,pal__rosbag2_2025_07_11-13_55_25,4060,0.3480295566502463,0.31073297988723386,0.2627030491816183,0.5686695278969958,0.3635294117647059,0.0
llava,appfr,H04,4,crowdbot,crowdbot__defaced_2021-04-24-11-20-18,1619,0.38727609635577515,0.24993837971070895,0.23983230859019775,0.3111111111111111,0.43870402802101577,0.0
llava,appfr,H04,4,crowdbot,crowdbot__defaced_2021-04-24-11-23-43,1032,0.48546511627906974,0.4880901006426953,0.3223602923505379,0.5046082949308756,0.47157190635451507,
llava,appfr,H04,4,crowdbot,crowdbot__defaced_2021-04-24-11-35-54,1211,0.550784475639967,0.39329232776496353,0.3674582205111811,0.4342629482071713,0.7456140350877193,0.0
llava,appfr,H04,4,crowdbot,crowdbot__defaced_2021-04-24-11-40-33,986,0.5223123732251521,0.3636764906740222,0.35028004240146476,0.6189624329159212,0.4720670391061452,0.0
llava,appfr,H04,4,crowdbot,crowdbot__defaced_2021-04-24-11-43-54,583,0.38421955403087477,0.2700972346205162,0.2436167590021258,0.19008264462809918,0.6202090592334495,0.0
llava,appfr,H04,4,crowdbot,crowdbot__defaced_2021-04-24-11-48-21,1555,0.580064308681672,0.3952767806536936,0.3897180762852404,0.529113924050633,0.6567164179104478,0.0
llava,appfr,H04,4,crowdbot,crowdbot__defaced_2021-04-24-11-55-30,1815,0.45289256198347105,0.3107726730411094,0.3036632084144661,0.4090019569471624,0.5233160621761658,0.0
llava,appfr,H04,4,huron,huron__bww1_Feb-16-2023-bww1-intloss_00000000,342,0.868421052631579,0.4510538641686183,0.443053267435475,0.9245901639344263,0.42857142857142855,0.0
llava,appfr,H04,4,huron,huron__bww1_Feb-16-2023-bww1-intloss_00000001,1674,0.7706093189964157,0.353063713842157,0.34444599348191973,0.8330006653359947,0.2261904761904762,0.0
llava,appfr,H04,4,huron,huron__bww1_Feb-16-2023-bww1-intloss_00000002,334,0.7574850299401198,0.7538343558282208,0.3293875642823749,0.7576687116564417,0.75,
llava,appfr,H04,4,huron,huron__bww2_Feb-20-2023-bww2-intloss_00000000,754,0.7480106100795756,0.4053101078898198,0.3442663962136579,0.7691218130311614,0.44680851063829785,0.0
llava,appfr,H04,4,huron,huron__bww2_Feb-20-2023-bww2-intloss_00000001,819,0.7326007326007326,0.34966194667687206,0.2935961003368271,0.7412935323383084,0.3076923076923077,0.0
llava,appfr,H04,4,huron,huron__bww2_Feb-20-2023-bww2-intloss_00000002,482,0.5767634854771784,0.49819624819624825,0.27590749414519905,0.577922077922078,0.9166666666666666,0.0
llava,appfr,H04,4,huron,huron__bww8_Feb-03-2023-bww8-intloss_00000000,1095,0.5844748858447488,0.3233996198952394,0.31953180822527555,0.7146433041301627,0.25555555555555554,0.0
llava,appfr,H04,4,huron,huron__bww8_Feb-03-2023-bww8-intloss_00000001,1051,0.8201712654614652,0.4313594476460925,0.4150083810829262,0.8838219326818675,0.41025641025641024,0.0
llava,appfr,H04,4,huron,huron__bww8_Feb-03-2023-bww8-intloss_00000002,705,0.7843971631205674,0.30882706708570984,0.29832696390658175,0.912396694214876,0.014084507042253521,0.0
llava,appfr,H04,4,huron,huron__cory1_Feb-16-2023-cory1-intloss_00000000,1486,0.9044414535666218,0.3150492264416315,0.3166077738515901,0.9451476793248945,0.0,0.0
llava,appfr,H04,4,huron,huron__cory1_Feb-16-2023-cory1-intloss_00000001,2154,0.9108635097493036,0.5094555873925501,0.37572692793931733,0.9283667621776505,0.6,0.0
llava,appfr,H04,4,huron,huron__cory1_Feb-16-2023-cory1-intloss_00000002,1653,0.8457350272232305,0.4024755955400126,0.3438884428271883,0.8670012547051443,0.3404255319148936,0.0
llava,appfr,H04,4,huron,huron__soda3_Feb-21-2023-soda3-intloss_00000000,2414,0.8616404308202155,0.3320035399054473,0.3300872329502307,0.9396003633060854,0.05641025641025641,0.0
llava,appfr,H04,4,huron,huron__soda3_Feb-21-2023-soda3-intloss_00000001,1368,0.506578947368421,0.4236866457318831,0.3370697745721582,0.43052837573385516,0.840531561461794,0.0
llava,appfr,H04,4,huron,huron__soda3_Feb-21-2023-soda3-intloss_00000002,531,0.9585687382297552,0.45220334300317727,0.4679182064547918,0.9881889763779528,0.3684210526315789,0.0
llava,appfr,H04,4,pal,pal__rosbag2_2025_07_11-13_23_07,2151,0.7633658763365876,0.7633658763365876,0.28860181035240356,0.7633658763365876,,
llava,appfr,H04,4,pal,pal__rosbag2_2025_07_11-13_37_37,3038,0.6754443712969058,0.5751657710414132,0.3746820350381402,0.9136617572371762,0.23666978484565013,
llava,appfr,H04,4,pal,pal__rosbag2_2025_07_11-13_55_25,4060,0.3689655172413793,0.3407422368088866,0.2622017113313752,0.7939914163090128,0.22823529411764706,0.0
llava,appfr,H06,6,crowdbot,crowdbot__defaced_2021-04-24-11-20-18,1619,0.3248919085855466,0.24701592037649636,0.21616085287589426,0.4345679012345679,0.3064798598949212,0.0
llava,appfr,H06,6,crowdbot,crowdbot__defaced_2021-04-24-11-23-43,1032,0.45155038759689925,0.47083211318835444,0.30024089129780185,0.5921658986175116,0.3494983277591973,
llava,appfr,H06,6,crowdbot,crowdbot__defaced_2021-04-24-11-35-54,1211,0.5499587118084228,0.36199937093730344,0.35853084113987577,0.5750332005312085,0.5109649122807017,0.0
llava,appfr,H06,6,crowdbot,crowdbot__defaced_2021-04-24-11-40-33,986,0.5567951318458418,0.37323732523160874,0.3598044037840407,0.7370304114490162,0.38268156424581007,0.0
llava,appfr,H06,6,crowdbot,crowdbot__defaced_2021-04-24-11-43-54,583,0.3567753001715266,0.2605849435117728,0.2479362479362479,0.36363636363636365,0.4181184668989547,0.0
llava,appfr,H06,6,crowdbot,crowdbot__defaced_2021-04-24-11-48-21,1555,0.5954983922829582,0.4034310610354441,0.3997641057545573,0.6417721518987342,0.5685210312075983,0.0
llava,appfr,H06,6,crowdbot,crowdbot__defaced_2021-04-24-11-55-30,1815,0.4826446280991736,0.3190905434499728,0.31723378791561124,0.547945205479452,0.40932642487046633,0.0
llava,appfr,H06,6,huron,huron__bww1_Feb-16-2023-bww1-intloss_00000000,342,0.8538011695906432,0.43715846994535523,0.42650138676628746,0.9114754098360656,0.4,0.0
llava,appfr,H06,6,huron,huron__bww1_Feb-16-2023-bww1-intloss_00000001,1674,0.7795698924731183,0.3581527421347781,0.3494927191928226,0.8423153692614771,0.23214285714285715,0.0
llava,appfr,H06,6,huron,huron__bww1_Feb-16-2023-bww1-intloss_00000002,334,0.7634730538922155,0.6349693251533742,0.3186605205716132,0.7699386503067485,0.5,
llava,appfr,H06,6,huron,huron__bww2_Feb-20-2023-bww2-intloss_00000000,754,0.7891246684350133,0.38022622707090187,0.34628385159492897,0.8215297450424929,0.3191489361702128,0.0
llava,appfr,H06,6,huron,huron__bww2_Feb-20-2023-bww2-intloss_00000001,819,0.7741147741147741,0.36375813241484883,0.3048772167943153,0.7835820895522388,0.3076923076923077,0.0
llava,appfr,H06,6,huron,huron__bww2_Feb-20-2023-bww2-intloss_00000002,482,0.6659751037344398,0.5292207792207791,0.30672865158624824,0.670995670995671,0.9166666666666666,0.0
llava,appfr,H06,6,huron,huron__bww8_Feb-03-2023-bww8-intloss_00000000,1095,0.6073059360730594,0.3420031211854324,0.33754728132387707,0.7334167709637046,0.29259259259259257,0.0
llava,appfr,H06,6,huron,huron__bww8_Feb-03-2023-bww8-intloss_00000001,1051,0.813510941960038,0.4114164277030727,0.40065927397109125,0.8838219326818675,0.3504273504273504,0.0
llava,appfr,H06,6,huron,huron__bww8_Feb-03-2023-bww8-intloss_00000002,705,0.798581560283688,0.3143367089589881,0.3017423357831353,0.9289256198347108,0.014084507042253521,0.0
llava,appfr,H06,6,huron,huron__cory1_Feb-16-2023-cory1-intloss_00000000,1486,0.9084791386271871,0.3164556962025316,0.31734837799717913,0.9493670886075949,0.0,0.0
llava,appfr,H06,6,huron,huron__cory1_Feb-16-2023-cory1-intloss_00000001,2154,0.9178272980501393,0.47898758357211085,0.3738397655105032,0.9369627507163324,0.5,0.0
llava,appfr,H06,6,huron,huron__cory1_Feb-16-2023-cory1-intloss_00000002,1653,0.8487598306110102,0.3828719399877199,0.3385541798519156,0.8720200752823086,0.2765957446808511,0.0
llava,appfr,H06,6,huron,huron__soda3_Feb-21-2023-soda3-intloss_00000000,2414,0.8595691797845899,0.3359207247490626,0.33464445990923103,0.9359673024523161,0.07179487179487179,0.0
llava,appfr,H06,6,huron,huron__soda3_Feb-21-2023-soda3-intloss_00000001,1368,0.5036549707602339,0.41847570503193315,0.33464061827504255,0.4315068493150685,0.8239202657807309,0.0
llava,appfr,H06,6,huron,huron__soda3_Feb-21-2023-soda3-intloss_00000002,531,0.9585687382297552,0.45220334300317727,0.4679182064547918,0.9881889763779528,0.3684210526315789,0.0
llava,appfr,H06,6,pal,pal__rosbag2_2025_07_11-13_23_07,2151,0.8558809855880986,0.8558809855880986,0.30744822979291914,0.8558809855880986,,
llava,appfr,H06,6,pal,pal__rosbag2_2025_07_11-13_37_37,3038,0.6563528637261357,0.538203235273018,0.33384143750035417,0.9370238699847638,0.13938260056127222,
llava,appfr,H06,6,pal,pal__rosbag2_2025_07_11-13_55_25,4060,0.36305418719211824,0.33806951106622907,0.2505746830943209,0.8283261802575107,0.18588235294117647,0.0
llava,appfr,H08,8,crowdbot,crowdbot__defaced_2021-04-24-11-20-18,1619,0.28721432983323036,0.2552377245897386,0.1958230325813036,0.5555555555555556,0.21015761821366025,0.0
llava,appfr,H08,8,crowdbot,crowdbot__defaced_2021-04-24-11-23-43,1032,0.42441860465116277,0.4641662685140946,0.270628290855057,0.7142857142857143,0.2140468227424749,
llava,appfr,H08,8,crowdbot,crowdbot__defaced_2021-04-24-11-35-54,1211,0.573905862923204,0.35494280189184785,0.35418416528935576,0.7051792828685259,0.35964912280701755,0.0
llava,appfr,H08,8,crowdbot,crowdbot__defaced_2021-04-24-11-40-33,986,0.5831643002028397,0.3780277364141207,0.35862460850351335,0.8407871198568873,0.29329608938547486,0.0
llava,appfr,H08,8,crowdbot,crowdbot__defaced_2021-04-24-11-43-54,583,0.3670668953687822,0.28029583129361396,0.2478812415654521,0.6074380165289256,0.23344947735191637,0.0
llava,appfr,H08,8,crowdbot,crowdbot__defaced_2021-04-24-11-48-21,1555,0.5903536977491961,0.39753705580268967,0.39021914951836983,0.7367088607594937,0.4559023066485753,0.0
llava,appfr,H08,8,crowdbot,crowdbot__defaced_2021-04-24-11-55-30,1815,0.509090909090909,0.3255570877651934,0.3180871227126833,0.6800391389432485,0.2966321243523316,0.0
llava,appfr,H08,8,huron,huron__bww1_Feb-16-2023-bww1-intloss_00000000,342,0.847953216374269,0.44340359094457454,0.42750677506775064,0.9016393442622951,0.42857142857142855,0.0
llava,appfr,H08,8,huron,huron__bww1_Feb-16-2023-bww1-intloss_00000001,1674,0.7771804062126643,0.3555032791559738,0.3472461768425894,0.8403193612774451,0.2261904761904762,0.0
llava,appfr,H08,8,huron,huron__bww1_Feb-16-2023-bww1-intloss_00000002,334,0.7844311377245509,0.6457055214723926,0.3258503401360544,0.7914110429447853,0.5,
llava,appfr,H08,8,huron,huron__bww2_Feb-20-2023-bww2-intloss_00000000,754,0.7904509283819628,0.38069837060253553,0.34684830007689044,0.8229461756373938,0.3191489361702128,0.0
llava,appfr,H08,8,huron,huron__bww2_Feb-20-2023-bww2-intloss_00000001,819,0.8095238095238095,0.4514606454904962,0.32576839739988767,0.8159203980099502,0.5384615384615384,0.0
llava,appfr,H08,8,huron,huron__bww2_Feb-20-2023-bww2-intloss_00000002,482,0.6970954356846473,0.512987012987013,0.314964528582149,0.7056277056277056,0.8333333333333334,0.0
llava,appfr,H08,8,huron,huron__bww8_Feb-03-2023-bww8-intloss_00000000,1095,0.5963470319634703,0.3394490026112888,0.3345727388830837,0.7146433041301627,0.3037037037037037,0.0
llava,appfr,H08,8,huron,huron__bww8_Feb-03-2023-bww8-intloss_00000001,1051,0.8049476688867745,0.4106461761184888,0.3968887720053235,0.8729641693811075,0.358974358974359,0.0
llava,appfr,H08,8,huron,huron__bww8_Feb-03-2023-bww8-intloss_00000002,705,0.8141843971631205,0.3328289294998642,0.3232579083642913,0.9421487603305785,0.056338028169014086,0.0
llava,appfr,H08,8,huron,huron__cory1_Feb-16-2023-cory1-intloss_00000000,1486,0.901749663526245,0.3141115799343647,0.3161122906345836,0.9423347398030942,0.0,0.0
llava,appfr,H08,8,huron,huron__cory1_Feb-16-2023-cory1-intloss_00000001,2154,0.9187558031569174,0.47930595351798794,0.3752934244306305,0.9379178605539638,0.5,0.0
llava,appfr,H08,8,huron,huron__cory1_Feb-16-2023-cory1-intloss_00000002,1653,0.8517846339987901,0.3839175276079625,0.3397589758975898,0.8751568381430364,0.2765957446808511,0.0
llava,appfr,H08,8,huron,huron__soda3_Feb-21-2023-soda3-intloss_00000000,2414,0.8562551781275891,0.32380353524767697,0.321186579989539,0.935513169845595,0.035897435897435895,0.0
llava,appfr,H08,8,huron,huron__soda3_Feb-21-2023-soda3-intloss_00000001,1368,0.5124269005847953,0.4223895993567863,0.33978543060279137,0.4432485322896282,0.8239202657807309,0.0
llava,appfr,H08,8,huron,huron__soda3_Feb-21-2023-soda3-intloss_00000002,531,0.9585687382297552,0.46909103467329744,0.47887166596844016,0.9862204724409449,0.42105263157894735,0.0
llava,appfr,H08,8,pal,pal__rosbag2_2025_07_11-13_23_07,2151,0.8698279869827987,0.8698279869827987,0.3101276313608487,0.8698279869827987,,
llava,appfr,H08,8,pal,pal__rosbag2_2025_07_11-13_37_37,3038,0.6481237656352864,0.5233032014940654,0.3153887634990162,0.9446419502285424,0.1019644527595884,
llava,appfr,H08,8,pal,pal__rosbag2_2025_07_11-13_55_25,4060,0.35763546798029555,0.33477236388117476,0.24144036021809412,0.8454935622317596,0.1588235294117647,0.0
llava,appfr,H10,10,crowdbot,crowdbot__defaced_2021-04-24-11-20-18,1619,0.30203829524397774,0.26011833978364435,0.2056078099608488,0.5456790123456791,0.23467600700525393,0.0
llava,appfr,H10,10,crowdbot,crowdbot__defaced_2021-04-24-11-23-43,1032,0.4273255813953488,0.46446295639844026,0.2748682548354739,0.6981566820276498,0.23076923076923078,
llava,appfr,H10,10,crowdbot,crowdbot__defaced_2021-04-24-11-35-54,1211,0.5664739884393064,0.35124705854942806,0.35061159070941733,0.6918990703851262,0.3618421052631579,0.0
llava,appfr,H10,10,crowdbot,crowdbot__defaced_2021-04-24-11-40-33,986,0.579107505070994,0.379325278246936,0.36266734151147845,0.813953488372093,0.3240223463687151,0.0
llava,appfr,H10,10,crowdbot,crowdbot__defaced_2021-04-24-11-43-54,583,0.36192109777015435,0.27637957017114445,0.24462025316455696,0.5991735537190083,0.22996515679442509,0.0
llava,appfr,H10,10,crowdbot,crowdbot__defaced_2021-04-24-11-48-21,1555,0.5967845659163987,0.4020902392525291,0.39530749086304645,0.7354430379746836,0.4708276797829037,0.0
llava,appfr,H10,10,crowdbot,crowdbot__defaced_2021-04-24-11-55-30,1815,0.5162534435261708,0.33095897170707306,0.3241896843539422,0.6819960861056752,0.31088082901554404,0.0
llava,appfr,H10,10,huron,huron__bww1_Feb-16-2023-bww1-intloss_00000000,342,0.847953216374269,0.45183450429352073,0.43244678027286715,0.898360655737705,0.45714285714285713,0.0
llava,appfr,H10,10,huron,huron__bww1_Feb-16-2023-bww1-intloss_00000001,1674,0.7646356033452808,0.3349847923201217,0.3310458645173671,0.8323353293413174,0.17261904761904762,0.0
llava,appfr,H10,10,huron,huron__bww1_Feb-16-2023-bww1-intloss_00000002,334,0.7904191616766467,0.7707055214723926,0.34229584616665276,0.7914110429447853,0.75,
llava,appfr,H10,10,huron,huron__bww2_Feb-20-2023-bww2-intloss_00000000,754,0.7599469496021221,0.33011873907540235,0.3176125274691501,0.7988668555240793,0.19148936170212766,0.0
llava,appfr,H10,10,huron,huron__bww2_Feb-20-2023-bww2-intloss_00000001,819,0.8046398046398047,0.5002551345834928,0.3309053875613279,0.8084577114427861,0.6923076923076923,0.0
llava,appfr,H10,10,huron,huron__bww2_Feb-20-2023-bww2-intloss_00000002,482,0.7033195020746889,0.48809523809523814,0.3137709808006439,0.7142857142857143,0.75,0.0
llava,appfr,H10,10,huron,huron__bww8_Feb-03-2023-bww8-intloss_00000000,1095,0.5917808219178082,0.34308472009765295,0.33715471725697804,0.6996245306633292,0.3296296296296296,0.0
llava,appfr,H10,10,huron,huron__bww8_Feb-03-2023-bww8-intloss_00000001,1051,0.8116079923882017,0.420640886438932,0.40580909214449584,0.8773072747014115,0.38461538461538464,0.0
llava,appfr,H10,10,huron,huron__bww8_Feb-03-2023-bww8-intloss_00000002,705,0.825531914893617,0.34966825747875685,0.3434876325251434,0.9504132231404959,0.09859154929577464,0.0
llava,appfr,H10,10,huron,huron__cory1_Feb-16-2023-cory1-intloss_00000000,1486,0.9037685060565276,0.3148148148148148,0.31648403440556144,0.9444444444444444,0.0,0.0
llava,appfr,H10,10,huron,huron__cory1_Feb-16-2023-cory1-intloss_00000001,2154,0.9136490250696379,0.48850684495383634,0.3738315544252848,0.9321872015281757,0.5333333333333333,0.0
llava,appfr,H10,10,huron,huron__cory1_Feb-16-2023-cory1-intloss_00000002,1653,0.8433151845130067,0.4016391254438186,0.34279491100358755,0.8644918444165621,0.3404255319148936,0.0
llava,appfr,H10,10,huron,huron__soda3_Feb-21-2023-soda3-intloss_00000000,2414,0.8500414250207126,0.3199748480402431,0.3177906040433471,0.9291553133514986,0.03076923076923077,0.0
llava,appfr,H10,10,huron,huron__soda3_Feb-21-2023-soda3-intloss_00000001,1368,0.506578947368421,0.42134286017688377,0.33664005786767937,0.4334637964774951,0.8305647840531561,0.0
llava,appfr,H10,10,huron,huron__soda3_Feb-21-2023-soda3-intloss_00000002,531,0.9529190207156308,0.46712253073628957,0.46584107327141383,0.9803149606299213,0.42105263157894735,0.0
llava,appfr,H10,10,pal,pal__rosbag2_2025_07_11-13_23_07,2151,0.8619246861924686,0.8619246861924686,0.3086142322097378,0.8619246861924686,,
llava,appfr,H10,10,pal,pal__rosbag2_2025_07_11-13_37_37,3038,0.6504279131007241,0.529356570338849,0.32405255243775005,0.9380396140172677,0.12067352666043031,
llava,appfr,H10,10,pal,pal__rosbag2_2025_07_11-13_55_25,4060,0.35714285714285715,0.33387191786585885,0.2426861053266363,0.8369098712446352,0.16470588235294117,0.0
llava,appfr,H12,12,crowdbot,crowdbot__defaced_2021-04-24-11-20-18,1619,0.3563928350833848,0.2555281687603151,0.2322917007515025,0.4049382716049383,0.361646234676007,0.0
llava,appfr,H12,12,crowdbot,crowdbot__defaced_2021-04-24-11-23-43,1032,0.43507751937984496,0.4594616463480419,0.28759972341273404,0.6129032258064516,0.3060200668896321,
llava,appfr,H12,12,crowdbot,crowdbot__defaced_2021-04-24-11-35-54,1211,0.5317919075144508,0.3470707812026747,0.3447553557259984,0.5697211155378487,0.47149122807017546,0.0
llava,appfr,H12,12,crowdbot,crowdbot__defaced_2021-04-24-11-40-33,986,0.550709939148073,0.3693247119257253,0.3559524568484272,0.7280858676207513,0.37988826815642457,0.0
llava,appfr,H12,12,crowdbot,crowdbot__defaced_2021-04-24-11-43-54,583,0.40480274442538594,0.3004482583196552,0.28291023828549183,0.5041322314049587,0.397212543554007,0.0
llava,appfr,H12,12,crowdbot,crowdbot__defaced_2021-04-24-11-48-21,1555,0.5787781350482315,0.3931281452347011,0.38932374149201426,0.5810126582278481,0.5983717774762551,0.0
llava,appfr,H12,12,crowdbot,crowdbot__defaced_2021-04-24-11-55-30,1815,0.4765840220385675,0.31423535416011816,0.31236538554083265,0.5489236790606654,0.39378238341968913,0.0
llava,appfr,H12,12,huron,huron__bww1_Feb-16-2023-bww1-intloss_00000000,342,0.8216374269005848,0.45042935206869633,0.4191278878627574,0.8655737704918033,0.4857142857142857,0.0
llava,appfr,H12,12,huron,huron__bww1_Feb-16-2023-bww1-intloss_00000001,1674,0.7335722819593787,0.3305016950226531,0.32417830406518416,0.7950765136393879,0.19642857142857142,0.0
llava,appfr,H12,12,huron,huron__bww1_Feb-16-2023-bww1-intloss_00000002,334,0.7634730538922155,0.8788343558282208,0.34351673249441234,0.7576687116564417,1.0,
llava,appfr,H12,12,huron,huron__bww2_Feb-20-2023-bww2-intloss_00000000,754,0.7320954907161804,0.346683945110803,0.31896035371201004,0.7634560906515581,0.2765957446808511,0.0
llava,appfr,H12,12,huron,huron__bww2_Feb-20-2023-bww2-intloss_00000001,819,0.7728937728937729,0.539928562316622,0.32563923005099477,0.7736318407960199,0.8461538461538461,0.0
llava,appfr,H12,12,huron,huron__bww2_Feb-20-2023-bww2-intloss_00000002,482,0.6410788381742739,0.4935064935064935,0.29562972658522396,0.6471861471861472,0.8333333333333334,0.0
llava,appfr,H12,12,huron,huron__bww8_Feb-03-2023-bww8-intloss_00000000,1095,0.5488584474885845,0.33573757320106923,0.3252312245652978,0.6220275344180225,0.3851851851851852,0.0
llava,appfr,H12,12,huron,huron__bww8_Feb-03-2023-bww8-intloss_00000001,1051,0.7916270218839201,0.43791122618484185,0.4074041360467307,0.8436482084690554,0.4700854700854701,0.0
llava,appfr,H12,12,huron,huron__bww8_Feb-03-2023-bww8-intloss_00000002,705,0.8170212765957446,0.3546502153416366,0.34867950118675356,0.9371900826446281,0.1267605633802817,0.0
llava,appfr,H12,12,huron,huron__cory1_Feb-16-2023-cory1-intloss_00000000,1486,0.8889636608344549,0.30965775902484766,0.31373946087163046,0.9289732770745429,0.0,0.0
llava,appfr,H12,12,huron,huron__cory1_Feb-16-2023-cory1-intloss_00000001,2154,0.903899721448468,0.48516396052212674,0.3657182968173604,0.9221585482330468,0.5333333333333333,0.0
llava,appfr,H12,12,huron,huron__cory1_Feb-16-2023-cory1-intloss_00000002,1653,0.8257713248638838,0.45752244676401754,0.3517988225691422,0.8406524466750314,0.5319148936170213,0.0
llava,appfr,H12,12,huron,huron__soda3_Feb-21-2023-soda3-intloss_00000000,2414,0.8446561723280862,0.3304711334684087,0.3293649302483412,0.9196185286103542,0.07179487179487179,0.0
llava,appfr,H12,12,huron,huron__soda3_Feb-21-2023-soda3-intloss_00000001,1368,0.4992690058479532,0.4243313763861709,0.33336239660183326,0.4158512720156556,0.8571428571428571,0.0
llava,appfr,H12,12,huron,huron__soda3_Feb-21-2023-soda3-intloss_00000002,531,0.9453860640301318,0.46449785882027905,0.4511311086114236,0.9724409448818898,0.42105263157894735,0.0
llava,appfr,H12,12,pal,pal__rosbag2_2025_07_11-13_23_07,2151,0.8698279869827987,0.8698279869827987,0.3101276313608487,0.8698279869827987,,
llava,appfr,H12,12,pal,pal__rosbag2_2025_07_11-13_37_37,3038,0.6491112574061882,0.5244925911972335,0.3165734384269853,0.9451498222447943,0.1038353601496726,
llava,appfr,H12,12,pal,pal__rosbag2_2025_07_11-13_55_25,4060,0.3502463054187192,0.3278310752054756,0.2362893485878832,0.8276108726752504,0.15588235294117647,0.0
llava,appfr,H14,14,crowdbot,crowdbot__defaced_2021-04-24-11-20-18,1619,0.35145151327980234,0.251068445366947,0.22879553672945185,0.3950617283950617,0.35814360770577935,0.0
llava,appfr,H14,14,crowdbot,crowdbot__defaced_2021-04-24-11-23-43,1032,0.43410852713178294,0.4579936192839419,0.28712492191121053,0.6082949308755761,0.3076923076923077,
llava,appfr,H14,14,crowdbot,crowdbot__defaced_2021-04-24-11-35-54,1211,0.5227085053674649,0.3410480883483609,0.3387919768275416,0.5604249667994687,0.46271929824561403,0.0
llava,appfr,H14,14,crowdbot,crowdbot__defaced_2021-04-24-11-40-33,986,0.5456389452332657,0.36734758464003625,0.3542848570362802,0.7137745974955277,0.388268156424581,0.0
llava,appfr,H14,14,crowdbot,crowdbot__defaced_2021-04-24-11-43-54,583,0.3979416809605489,0.29731428955375744,0.27734854377322615,0.5330578512396694,0.3588850174216028,0.0
llava,appfr,H14,14,crowdbot,crowdbot__defaced_2021-04-24-11-48-21,1555,0.5762057877813505,0.3914403815216209,0.3876059817991022,0.5759493670886076,0.5983717774762551,0.0
llava,appfr,H14,14,crowdbot,crowdbot__defaced_2021-04-24-11-55-30,1815,0.48044077134986224,0.31651845918294924,0.3146047079850231,0.5557729941291585,0.39378238341968913,0.0
llava,appfr,H14,14,huron,huron__bww1_Feb-16-2023-bww1-intloss_00000000,342,0.8187134502923976,0.4156128024980484,0.39814814814814814,0.8754098360655738,0.37142857142857144,0.0
llava,appfr,H14,14,huron,huron__bww1_Feb-16-2023-bww1-intloss_00000001,1674,0.7377538829151732,0.33734119063460377,0.3290180139495208,0.7977378576180971,0.21428571428571427,0.0
llava,appfr,H14,14,huron,huron__bww1_Feb-16-2023-bww1-intloss_00000002,334,0.7724550898203593,0.8224693251533742,0.3413558887607331,0.7699386503067485,0.875,
llava,appfr,H14,14,huron,huron__bww2_Feb-20-2023-bww2-intloss_00000000,754,0.726790450928382,0.3249352058344886,0.30948811653874764,0.7620396600566572,0.2127659574468085,0.0
llava,appfr,H14,14,huron,huron__bww2_Feb-20-2023-bww2-intloss_00000001,819,0.7753357753357754,0.5407577497129736,0.326507796410709,0.7761194029850746,0.8461538461538461,0.0
llava,appfr,H14,14,huron,huron__bww2_Feb-20-2023-bww2-intloss_00000002,482,0.6618257261410788,0.5007215007215007,0.30292405102067266,0.6688311688311688,0.8333333333333334,0.0
llava,appfr,H14,14,huron,huron__bww8_Feb-03-2023-bww8-intloss_00000000,1095,0.5634703196347032,0.35140376087393194,0.3382011584732895,0.6282853566958698,0.42592592592592593,0.0
llava,appfr,H14,14,huron,huron__bww8_Feb-03-2023-bww8-intloss_00000001,1051,0.8058991436726927,0.445827185240866,0.41752913377958617,0.8588490770901195,0.47863247863247865,0.0
llava,appfr,H14,14,huron,huron__bww8_Feb-03-2023-bww8-intloss_00000002,705,0.8198581560283688,0.3640398867031389,0.3583796437659033,0.9371900826446281,0.15492957746478872,0.0
llava,appfr,H14,14,huron,huron__cory1_Feb-16-2023-cory1-intloss_00000000,1486,0.8876177658142664,0.30918893577121426,0.3134878193701723,0.9275668073136427,0.0,0.0
llava,appfr,H14,14,huron,huron__cory1_Feb-16-2023-cory1-intloss_00000001,2154,0.9108635097493036,0.5313594396688952,0.38087484975593,0.9274116523400191,0.6666666666666666,0.0
llava,appfr,H14,14,huron,huron__cory1_Feb-16-2023-cory1-intloss_00000002,1653,0.8294010889292196,0.46566023296582043,0.3550443708338445,0.8437892095357591,0.5531914893617021,0.0
llava,appfr,H14,14,huron,huron__soda3_Feb-21-2023-soda3-intloss_00000000,2414,0.8450704225352113,0.3352965835254664,0.3340818483250672,0.9187102633969119,0.08717948717948718,0.0
llava,appfr,H14,14,huron,huron__soda3_Feb-21-2023-soda3-intloss_00000001,1368,0.5146198830409356,0.4335244770096634,0.34293991404284413,0.4334637964774951,0.867109634551495,0.0
llava,appfr,H14,14,huron,huron__soda3_Feb-21-2023-soda3-intloss_00000002,531,0.9397363465160076,0.4625293548832712,0.441651127929509,0.9665354330708661,0.42105263157894735,0.0
llava,appfr,H14,14,pal,pal__rosbag2_2025_07_11-13_23_07,2151,0.8707577870757787,0.8707577870757787,0.31030483764082173,0.8707577870757787,,
llava,appfr,H14,14,pal,pal__rosbag2_2025_07_11-13_37_37,3038,0.6494404213298223,0.5266706447599153,0.32022813437828,0.9410868461147791,0.11225444340505145,
llava,appfr,H14,14,pal,pal__rosbag2_2025_07_11-13_55_25,4060,0.34753694581280786,0.32571656988975844,0.23276711826330146,0.8283261802575107,0.14882352941176472,0.0
llava,appfr,H16,16,crowdbot,crowdbot__defaced_2021-04-24-11-20-18,1619,0.33662754786905497,0.2626537804588009,0.22537452369218677,0.48148148148148145,0.3064798598949212,0.0
llava,appfr,H16,16,crowdbot,crowdbot__defaced_2021-04-24-11-23-43,1032,0.43410852713178294,0.46905198588228036,0.28126354884875554,0.6889400921658986,0.2491638795986622,
llava,appfr,H16,16,crowdbot,crowdbot__defaced_2021-04-24-11-35-54,1211,0.5425268373245252,0.3358146361920738,0.3350222106573983,0.6653386454183267,0.34210526315789475,0.0
llava,appfr,H16,16,crowdbot,crowdbot__defaced_2021-04-24-11-40-33,986,0.5415821501014199,0.3525749292931312,0.33454449873214176,0.7728085867620751,0.2849162011173184,0.0
llava,appfr,H16,16,crowdbot,crowdbot__defaced_2021-04-24-11-43-54,583,0.39451114922813035,0.2997427553968574,0.2689424828185785,0.6239669421487604,0.27526132404181186,0.0
llava,appfr,H16,16,crowdbot,crowdbot__defaced_2021-04-24-11-48-21,1555,0.580064308681672,0.3918480096639931,0.3872601587047984,0.6721518987341772,0.5033921302578019,0.0
llava,appfr,H16,16,crowdbot,crowdbot__defaced_2021-04-24-11-55-30,1815,0.509641873278237,0.32936874089546386,0.32484733276145206,0.6487279843444227,0.3393782383419689,0.0
llava,appfr,H16,16,huron,huron__bww1_Feb-16-2023-bww1-intloss_00000000,342,0.8391812865497076,0.4064012490241999,0.3993703266430539,0.9049180327868852,0.3142857142857143,0.0
llava,appfr,H16,16,huron,huron__bww1_Feb-16-2023-bww1-intloss_00000001,1674,0.7610513739545998,0.3213176820961252,0.3207499122700777,0.8330006653359947,0.13095238095238096,0.0
llava,appfr,H16,16,huron,huron__bww1_Feb-16-2023-bww1-intloss_00000002,334,0.7904191616766467,0.709739263803681,0.3353174603174603,0.7944785276073619,0.625,
llava,appfr,H16,16,huron,huron__bww2_Feb-20-2023-bww2-intloss_00000000,754,0.7824933687002652,0.32490506901332045,0.3186676924724456,0.8257790368271954,0.14893617021276595,0.0
llava,appfr,H16,16,huron,huron__bww2_Feb-20-2023-bww2-intloss_00000001,819,0.8131868131868132,0.4527044265850236,0.3270137736779674,0.8196517412935324,0.5384615384615384,0.0
llava,appfr,H16,16,huron,huron__bww2_Feb-20-2023-bww2-intloss_00000002,482,0.7302904564315352,0.49747474747474746,0.32333574273282595,0.7424242424242424,0.75,0.0
llava,appfr,H16,16,huron,huron__bww8_Feb-03-2023-bww8-intloss_00000000,1095,0.6027397260273972,0.3644385729074924,0.35480501921179886,0.6896120150187734,0.40370370370370373,0.0
llava,appfr,H16,16,huron,huron__bww8_Feb-03-2023-bww8-intloss_00000001,1051,0.8230256898192198,0.4498547658156779,0.42742545706731844,0.8794788273615635,0.4700854700854701,0.0
llava,appfr,H16,16,huron,huron__bww8_Feb-03-2023-bww8-intloss_00000002,705,0.8326241134751773,0.3607108214022427,0.35613437195715675,0.9553719008264463,0.1267605633802817,0.0
llava,appfr,H16,16,huron,huron__cory1_Feb-16-2023-cory1-intloss_00000000,1486,0.8983849259757739,0.3129395218002813,0.31549096065225096,0.9388185654008439,0.0,0.0
llava,appfr,H16,16,huron,huron__cory1_Feb-16-2023-cory1-intloss_00000001,2154,0.9350046425255338,0.5505889843998726,0.409683426443203,0.9517669531996179,0.7,0.0
llava,appfr,H16,16,huron,huron__cory1_Feb-16-2023-cory1-intloss_00000002,1653,0.837870538415003,0.4548217161874761,0.35555211611549636,0.8538268506900878,0.5106382978723404,0.0
llava,appfr,H16,16,huron,huron__soda3_Feb-21-2023-soda3-intloss_00000000,2414,0.855840927920464,0.33300030275507114,0.33161226977934927,0.9323342415985467,0.06666666666666667,0.0
llava,appfr,H16,16,huron,huron__soda3_Feb-21-2023-soda3-intloss_00000001,1368,0.5343567251461988,0.4376431681305845,0.35373949915149977,0.4657534246575342,0.8471760797342193,0.0
llava,appfr,H16,16,huron,huron__soda3_Feb-21-2023-soda3-intloss_00000002,531,0.9397363465160076,0.4625293548832712,0.441651127929509,0.9665354330708661,0.42105263157894735,0.0
llava,appfr,H16,16,pal,pal__rosbag2_2025_07_11-13_23_07,2151,0.8833100883310089,0.8833100883310089,0.3126799967086316,0.8833100883310089,,
llava,appfr,H16,16,pal,pal__rosbag2_2025_07_11-13_37_37,3038,0.6563528637261357,0.5324308826093505,0.3237986270022883,0.9507364144235653,0.11412535079513564,
llava,appfr,H16,16,pal,pal__rosbag2_2025_07_11-13_55_25,4060,0.3263546798029557,0.3094891862324329,0.20314677386442348,0.8390557939914163,0.08941176470588236,0.0
llava,appfr,H18,18,crowdbot,crowdbot__defaced_2021-04-24-11-20-18,1619,0.3378628783199506,0.257394795067494,0.22474513987671882,0.454320987654321,0.3178633975481611,0.0
llava,appfr,H18,18,crowdbot,crowdbot__defaced_2021-04-24-11-23-43,1032,0.4312015503875969,0.4712829246489835,0.27515692632823896,0.7235023041474654,0.21906354515050167,
llava,appfr,H18,18,crowdbot,crowdbot__defaced_2021-04-24-11-35-54,1211,0.5516102394715111,0.3418373290463876,0.3411159328347466,0.6746347941567065,0.3508771929824561,0.0
llava,appfr,H18,18,crowdbot,crowdbot__defaced_2021-04-24-11-40-33,986,0.5618661257606491,0.36148782575961996,0.3397037987542439,0.8246869409660107,0.25977653631284914,0.0
llava,appfr,H18,18,crowdbot,crowdbot__defaced_2021-04-24-11-43-54,583,0.4099485420240137,0.3134352713066682,0.27547418417175235,0.6859504132231405,0.25435540069686413,0.0
llava,appfr,H18,18,crowdbot,crowdbot__defaced_2021-04-24-11-48-21,1555,0.5691318327974276,0.3844019259284704,0.37979756647855467,0.6620253164556962,0.49118046132971505,0.0
llava,appfr,H18,18,crowdbot,crowdbot__defaced_2021-04-24-11-55-30,1815,0.512396694214876,0.33057704592235077,0.3256246708408918,0.6575342465753424,0.33419689119170987,0.0
llava,appfr,H18,18,huron,huron__bww1_Feb-16-2023-bww1-intloss_00000000,342,0.8362573099415205,0.4137392661982826,0.4034330011074197,0.898360655737705,0.34285714285714286,0.0
llava,appfr,H18,18,huron,huron__bww1_Feb-16-2023-bww1-intloss_00000001,1674,0.7628434886499402,0.31493362481386433,0.3159114315139032,0.8376580172987359,0.10714285714285714,0.0
llava,appfr,H18,18,huron,huron__bww1_Feb-16-2023-bww1-intloss_00000002,334,0.7964071856287425,0.7737730061349692,0.34478458049886623,0.7975460122699386,0.75,
llava,appfr,H18,18,huron,huron__bww2_Feb-20-2023-bww2-intloss_00000000,754,0.7917771883289124,0.3282100737347558,0.3217016259877905,0.8356940509915014,0.14893617021276595,0.0
llava,appfr,H18,18,huron,huron__bww2_Feb-20-2023-bww2-intloss_00000001,819,0.8327228327228328,0.45933792575583626,0.33393538029299613,0.8395522388059702,0.5384615384615384,0.0
llava,appfr,H18,18,huron,huron__bww2_Feb-20-2023-bww2-intloss_00000002,482,0.7510373443983402,0.45057720057720063,0.32249209653789807,0.7683982683982684,0.5833333333333334,0.0
llava,appfr,H18,18,huron,huron__bww8_Feb-03-2023-bww8-intloss_00000000,1095,0.5945205479452055,0.360683879540784,0.3506592438663554,0.6783479349186483,0.40370370370370373,0.0
llava,appfr,H18,18,huron,huron__bww8_Feb-03-2023-bww8-intloss_00000001,1051,0.8239771646051379,0.44275545904210395,0.4232450373580023,0.8838219326818675,0.4444444444444444,0.0
llava,appfr,H18,18,huron,huron__bww8_Feb-03-2023-bww8-intloss_00000002,705,0.8382978723404255,0.362914678151554,0.3593239896431386,0.9619834710743802,0.1267605633802817,0.0
llava,appfr,H18,18,huron,huron__cory1_Feb-16-2023-cory1-intloss_00000000,1486,0.8970390309555855,0.31247069854664794,0.31524181151708647,0.9374120956399438,0.0,0.0
llava,appfr,H18,18,huron,huron__cory1_Feb-16-2023-cory1-intloss_00000001,2154,0.9373259052924791,0.5513849092645654,0.4133883094833859,0.9541547277936963,0.7,0.0
llava,appfr,H18,18,huron,huron__cory1_Feb-16-2023-cory1-intloss_00000002,1653,0.8469449485783425,0.4510753979906921,0.3580794351412806,0.8638644918444166,0.48936170212765956,0.0
llava,appfr,H18,18,huron,huron__soda3_Feb-21-2023-soda3-intloss_00000000,2414,0.8583264291632146,0.3307925196208575,0.32905244927634164,0.9359673024523161,0.05641025641025641,0.0
llava,appfr,H18,18,huron,huron__soda3_Feb-21-2023-soda3-intloss_00000001,1368,0.5431286549707602,0.4446821098621035,0.3595054494157222,0.4735812133072407,0.8604651162790697,0.0
llava,appfr,H18,18,huron,huron__soda3_Feb-21-2023-soda3-intloss_00000002,531,0.9397363465160076,0.4625293548832712,0.441651127929509,0.9665354330708661,0.42105263157894735,0.0
llava,appfr,H18,18,pal,pal__rosbag2_2025_07_11-13_23_07,2151,0.8819153881915388,0.8819153881915388,0.31241765480895917,0.8819153881915388,,
llava,appfr,H18,18,pal,pal__rosbag2_2025_07_11-13_37_37,3038,0.6576695194206715,0.5360121167145954,0.3289240536639096,0.94667343829355,0.1253507951356408,
llava,appfr,H18,18,pal,pal__rosbag2_2025_07_11-13_55_25,4060,0.32733990147783254,0.3097652108053522,0.20697095661231238,0.8304721030042919,0.0988235294117647,0.0
llava,appfr,H20,20,crowdbot,crowdbot__defaced_2021-04-24-11-20-18,1619,0.34465719579987647,0.2537004605305831,0.22684508268589845,0.4222222222222222,0.33887915936952717,0.0
llava,appfr,H20,20,crowdbot,crowdbot__defaced_2021-04-24-11-23-43,1032,0.436046511627907,0.47230399334186146,0.28167349319590534,0.7004608294930875,0.24414715719063546,
llava,appfr,H20,20,crowdbot,crowdbot__defaced_2021-04-24-11-35-54,1211,0.5433526011560693,0.3423120383961231,0.3420479064481034,0.6387782204515272,0.3881578947368421,0.0
llava,appfr,H20,20,crowdbot,crowdbot__defaced_2021-04-24-11-40-33,986,0.5598377281947262,0.36431276921078143,0.34589796401946665,0.7996422182468694,0.29329608938547486,0.0
llava,appfr,H20,20,crowdbot,crowdbot__defaced_2021-04-24-11-43-54,583,0.41680960548885077,0.3178650617675008,0.28186662060351586,0.6818181818181818,0.27177700348432055,0.0
llava,appfr,H20,20,crowdbot,crowdbot__defaced_2021-04-24-11-48-21,1555,0.5678456591639871,0.3840738768756906,0.3801464173305324,0.6379746835443038,0.514246947082768,0.0
llava,appfr,H20,20,crowdbot,crowdbot__defaced_2021-04-24-11-55-30,1815,0.5107438016528926,0.3314997515792462,0.32784229681330673,0.636986301369863,0.35751295336787564,0.0
llava,appfr,H20,20,huron,huron__bww1_Feb-16-2023-bww1-intloss_00000000,342,0.8333333333333334,0.42107728337236533,0.4071444375163425,0.8918032786885246,0.37142857142857144,0.0
llava,appfr,H20,20,huron,huron__bww1_Feb-16-2023-bww1-intloss_00000001,1674,0.7520908004778972,0.3038922155688623,0.3069264069264069,0.8283433133732535,0.08333333333333333,0.0
llava,appfr,H20,20,huron,huron__bww1_Feb-16-2023-bww1-intloss_00000002,334,0.7964071856287425,0.8957055214723926,0.358012611437269,0.7914110429447853,1.0,
llava,appfr,H20,20,huron,huron__bww2_Feb-20-2023-bww2-intloss_00000000,754,0.7891246684350133,0.3206457316215619,0.31730398851419966,0.8342776203966006,0.1276595744680851,0.0
llava,appfr,H20,20,huron,huron__bww2_Feb-20-2023-bww2-intloss_00000001,819,0.8315018315018315,0.45892333205766045,0.3334870194353809,0.8383084577114428,0.5384615384615384,0.0
llava,appfr,H20,20,huron,huron__bww2_Feb-20-2023-bww2-intloss_00000002,482,0.7614107883817427,0.48124098124098125,0.33074310496205267,0.7770562770562771,0.6666666666666666,0.0
llava,appfr,H20,20,huron,huron__bww8_Feb-03-2023-bww8-intloss_00000000,1095,0.5707762557077626,0.34820222809375917,0.33767999385327513,0.6483103879849812,0.3962962962962963,0.0
llava,appfr,H20,20,huron,huron__bww8_Feb-03-2023-bww8-intloss_00000001,1051,0.8192197906755471,0.4434329092309548,0.4220397777150437,0.8773072747014115,0.452991452991453,0.0
llava,appfr,H20,20,huron,huron__bww8_Feb-03-2023-bww8-intloss_00000002,705,0.8425531914893617,0.3728553137003841,0.3721028114728902,0.9636363636363636,0.15492957746478872,0.0
llava,appfr,H20,20,huron,huron__cory1_Feb-16-2023-cory1-intloss_00000000,1486,0.8990578734858681,0.313173933427098,0.31561540278762107,0.939521800281294,0.0,0.0
llava,appfr,H20,20,huron,huron__cory1_Feb-16-2023-cory1-intloss_00000001,2154,0.9336118848653667,0.5391595033428844,0.40565808644973284,0.9508118433619867,0.6666666666666666,0.0
llava,appfr,H20,20,huron,huron__cory1_Feb-16-2023-cory1-intloss_00000002,1653,0.8415003024803388,0.4560764213317672,0.357285350552537,0.8575909661229612,0.5106382978723404,0.0
llava,appfr,H20,20,huron,huron__soda3_Feb-21-2023-soda3-intloss_00000000,2414,0.852112676056338,0.3254058082395957,0.32373187771061607,0.9300635785649409,0.046153846153846156,0.0
llava,appfr,H20,20,huron,huron__soda3_Feb-21-2023-soda3-intloss_00000001,1368,0.5409356725146199,0.4452661599842231,0.35852909366212415,0.46868884540117417,0.867109634551495,0.0
llava,appfr,H20,20,huron,huron__soda3_Feb-21-2023-soda3-intloss_00000002,531,0.9378531073446328,0.46187318690426854,0.4387351778656126,0.9645669291338582,0.42105263157894735,0.0
llava,appfr,H20,20,pal,pal__rosbag2_2025_07_11-13_23_07,2151,0.8721524872152487,0.8721524872152487,0.3105703170267362,0.8721524872152487,,
llava,appfr,H20,20,pal,pal__rosbag2_2025_07_11-13_37_37,3038,0.6596445029624753,0.5403150136754874,0.3345365455080643,0.9431183341797867,0.13751169317118803,
llava,appfr,H20,20,pal,pal__rosbag2_2025_07_11-13_55_25,4060,0.3288177339901478,0.3100521753765884,0.2126095501257497,0.8154506437768241,0.11470588235294117,0.0
llava,appfr,H22,22,crowdbot,crowdbot__defaced_2021-04-24-11-20-18,1619,0.3329215565163681,0.25134159261421374,0.22097575755615292,0.43703703703703706,0.3169877408056042,0.0
llava,appfr,H22,22,crowdbot,crowdbot__defaced_2021-04-24-11-23-43,1032,0.44089147286821706,0.4831196153075536,0.2801268550407547,0.7488479262672811,0.21739130434782608,
llava,appfr,H22,22,crowdbot,crowdbot__defaced_2021-04-24-11-35-54,1211,0.5466556564822461,0.3357214417185061,0.3343325226986487,0.6826029216467463,0.32456140350877194,0.0
llava,appfr,H22,22,crowdbot,crowdbot__defaced_2021-04-24-11-40-33,986,0.552738336713996,0.35612109946266113,0.3349726428635745,0.8085867620751341,0.25977653631284914,0.0
llava,appfr,H22,22,crowdbot,crowdbot__defaced_2021-04-24-11-43-54,583,0.40308747855917665,0.3092214511283247,0.2684794142673926,0.6942148760330579,0.23344947735191637,0.0
llava,appfr,H22,22,crowdbot,crowdbot__defaced_2021-04-24-11-48-21,1555,0.5614147909967846,0.3790048606220909,0.37412339836542685,0.660759493670886,0.4762550881953867,0.0
llava,appfr,H22,22,crowdbot,crowdbot__defaced_2021-04-24-11-55-30,1815,0.5041322314049587,0.324628467328446,0.3192874854181927,0.6526418786692759,0.32124352331606215,0.0
llava,appfr,H22,22,huron,huron__bww1_Feb-16-2023-bww1-intloss_00000000,342,0.8362573099415205,0.4306010928961748,0.4143441099962839,0.8918032786885246,0.4,0.0
llava,appfr,H22,22,huron,huron__bww1_Feb-16-2023-bww1-intloss_00000001,1674,0.7514934289127837,0.2948586953077971,0.299668082346153,0.8310046573519627,0.05357142857142857,0.0
llava,appfr,H22,22,huron,huron__bww1_Feb-16-2023-bww1-intloss_00000002,334,0.781437125748503,0.8880368098159509,0.351231944525302,0.7760736196319018,1.0,
llava,appfr,H22,22,huron,huron__bww2_Feb-20-2023-bww2-intloss_00000000,754,0.7970822281167109,0.31685853776143696,0.31608481838543184,0.8441926345609065,0.10638297872340426,0.0
llava,appfr,H22,22,huron,huron__bww2_Feb-20-2023-bww2-intloss_00000001,819,0.8449328449328449,0.46348386273759407,0.3385595800026882,0.8519900497512438,0.5384615384615384,0.0
llava,appfr,H22,22,huron,huron__bww2_Feb-20-2023-bww2-intloss_00000002,482,0.7987551867219918,0.4401154401154401,0.33499301187980435,0.8203463203463204,0.5,0.0
llava,appfr,H22,22,huron,huron__bww8_Feb-03-2023-bww8-intloss_00000000,1095,0.5607305936073059,0.3378915001776912,0.32885142980930043,0.6433041301627034,0.37037037037037035,0.0
llava,appfr,H22,22,huron,huron__bww8_Feb-03-2023-bww8-intloss_00000001,1051,0.8249286393910561,0.45057861670239524,0.42872888059024133,0.8816503800217155,0.4700854700854701,0.0
llava,appfr,H22,22,huron,huron__bww8_Feb-03-2023-bww8-intloss_00000002,705,0.8482269503546099,0.3792030419431187,0.3818769268713775,0.968595041322314,0.16901408450704225,0.0
llava,appfr,H22,22,huron,huron__cory1_Feb-16-2023-cory1-intloss_00000000,1486,0.9024226110363391,0.3143459915611814,0.3162362928899894,0.9430379746835443,0.0,0.0
llava,appfr,H22,22,huron,huron__cory1_Feb-16-2023-cory1-intloss_00000001,2154,0.9377901578458682,0.551544094237504,0.4156293744259924,0.954632282712512,0.7,0.0
llava,appfr,H22,22,huron,huron__cory1_Feb-16-2023-cory1-intloss_00000002,1653,0.8396854204476709,0.4554490687596216,0.3564142177988106,0.8557089084065245,0.5106382978723404,0.0
llava,appfr,H22,22,huron,huron__soda3_Feb-21-2023-soda3-intloss_00000000,2414,0.8512841756420878,0.31731293229930835,0.31470146414841915,0.9314259763851045,0.020512820512820513,0.0
llava,appfr,H22,22,huron,huron__soda3_Feb-21-2023-soda3-intloss_00000001,1368,0.5402046783625731,0.43790864545882063,0.356663047723957,0.4765166340508806,0.8372093023255814,0.0
llava,appfr,H22,22,huron,huron__soda3_Feb-21-2023-soda3-intloss_00000002,531,0.9340866290018832,0.4605608509462633,0.4332233223322332,0.9606299212598425,0.42105263157894735,0.0
llava,appfr,H22,22,pal,pal__rosbag2_2025_07_11-13_23_07,2151,0.8758716875871687,0.8758716875871687,0.311276332094176,0.8758716875871687,,
llava,appfr,H22,22,pal,pal__rosbag2_2025_07_11-13_37_37,3038,0.6603028308097433,0.5406090948523441,0.3344573631582695,0.9446419502285424,0.13657623947614594,
llava,appfr,H22,22,pal,pal__rosbag2_2025_07_11-13_55_25,4060,0.32241379310344825,0.30503885101966394,0.20422741911872344,0.8168812589413448,0.09823529411764706,0.0
llava,appfr,H24,24,crowdbot,crowdbot__defaced_2021-04-24-11-20-18,1619,0.33106856084002473,0.26905652490396603,0.22365664458411186,0.5234567901234568,0.28371278458844135,0.0
llava,appfr,H24,24,crowdbot,crowdbot__defaced_2021-04-24-11-23-43,1032,0.4437984496124031,0.49731824977266775,0.2694779811211196,0.8341013824884793,0.1605351170568562,
llava,appfr,H24,24,crowdbot,crowdbot__defaced_2021-04-24-11-35-54,1211,0.5615194054500413,0.3341749959227418,0.32778112248310926,0.750332005312085,0.25219298245614036,0.0
llava,appfr,H24,24,crowdbot,crowdbot__defaced_2021-04-24-11-40-33,986,0.577079107505071,0.362732066772602,0.3305450336700337,0.8926654740608229,0.19553072625698323,0.0
llava,appfr,H24,24,crowdbot,crowdbot__defaced_2021-04-24-11-43-54,583,0.3979416809605489,0.30660101170078996,0.26149755003999586,0.7107438016528925,0.20905923344947736,0.0
llava,appfr,H24,24,crowdbot,crowdbot__defaced_2021-04-24-11-48-21,1555,0.5588424437299035,0.37604268645266187,0.36810411077894534,0.7088607594936709,0.41926729986431477,0.0
llava,appfr,H24,24,crowdbot,crowdbot__defaced_2021-04-24-11-55-30,1815,0.5146005509641873,0.3282905610253186,0.31987687842142826,0.6947162426614482,0.29015544041450775,0.0
llava,appfr,H24,24,huron,huron__bww1_Feb-16-2023-bww1-intloss_00000000,342,0.8362573099415205,0.4306010928961748,0.4143441099962839,0.8918032786885246,0.4,0.0
llava,appfr,H24,24,huron,huron__bww1_Feb-16-2023-bww1-intloss_00000001,1674,0.7514934289127837,0.28957165035009347,0.29525651356432986,0.8330006653359947,0.03571428571428571,0.0
llava,appfr,H24,24,huron,huron__bww1_Feb-16-2023-bww1-intloss_00000002,334,0.7874251497005988,0.8911042944785277,0.35390164929009965,0.7822085889570553,1.0,
llava,appfr,H24,24,huron,huron__bww2_Feb-20-2023-bww2-intloss_00000000,754,0.8156498673740054,0.3102284371044542,0.3133525748139146,0.8668555240793201,0.06382978723404255,0.0
llava,appfr,H24,24,huron,huron__bww2_Feb-20-2023-bww2-intloss_00000001,819,0.8595848595848596,0.4684589871157035,0.34451457367770394,0.8669154228855721,0.5384615384615384,0.0
llava,appfr,H24,24,huron,huron__bww2_Feb-20-2023-bww2-intloss_00000002,482,0.8360995850622407,0.4801587301587302,0.3567017363784107,0.8571428571428571,0.5833333333333334,0.0
llava,appfr,H24,24,huron,huron__bww8_Feb-03-2023-bww8-intloss_00000000,1095,0.5442922374429223,0.32711259444676216,0.31862478252052046,0.6257822277847309,0.35555555555555557,0.0
llava,appfr,H24,24,huron,huron__bww8_Feb-03-2023-bww8-intloss_00000001,1051,0.8277830637488106,0.4417160834098945,0.4249140375218676,0.8892508143322475,0.4358974358974359,0.0
llava,appfr,H24,24,huron,huron__bww8_Feb-03-2023-bww8-intloss_00000002,705,0.8453900709219858,0.3781011135684631,0.38180430897737083,0.9652892561983472,0.16901408450704225,0.0
llava,appfr,H24,24,huron,huron__cory1_Feb-16-2023-cory1-intloss_00000000,1486,0.9037685060565276,0.3148148148148148,0.31648403440556144,0.9444444444444444,0.0,0.0
llava,appfr,H24,24,huron,huron__cory1_Feb-16-2023-cory1-intloss_00000001,2154,0.9456824512534819,0.5542502387774594,0.42950923750872966,0.9627507163323782,0.7,0.0
llava,appfr,H24,24,huron,huron__cory1_Feb-16-2023-cory1-intloss_00000002,1653,0.8402903811252269,0.4556581862836701,0.356703577735058,0.85633626097867,0.5106382978723404,0.0
llava,appfr,H24,24,huron,huron__soda3_Feb-21-2023-soda3-intloss_00000000,2414,0.8541839270919636,0.32304664756980833,0.32075896386163744,0.9332425068119891,0.035897435897435895,0.0
llava,appfr,H24,24,huron,huron__soda3_Feb-21-2023-soda3-intloss_00000001,1368,0.543859649122807,0.43094555439251203,0.3568350056949665,0.49217221135029354,0.8006644518272426,0.0
llava,appfr,H24,24,huron,huron__soda3_Feb-21-2023-soda3-intloss_00000002,531,0.935969868173258,0.46121701892526595,0.4380764163372859,0.9625984251968503,0.42105263157894735,0.0
llava,appfr,H24,24,pal,pal__rosbag2_2025_07_11-13_23_07,2151,0.8749418874941888,0.8749418874941888,0.3111000909166047,0.8749418874941888,,
llava,appfr,H24,24,pal,pal__rosbag2_2025_07_11-13_37_37,3038,0.6579986833443054,0.5392591244742527,0.33419025627373083,0.9400711020822753,0.1384471468662301,
llava,appfr,H24,24,pal,pal__rosbag2_2025_07_11-13_55_25,4060,0.32315270935960594,0.3056270863137816,0.20575205931022186,0.8168812589413448,0.1,0.0
llava,appfr,H26,26,crowdbot,crowdbot__defaced_2021-04-24-11-20-18,1619,0.3211859172328598,0.27288491059652764,0.21835175710239227,0.562962962962963,0.25569176882662,0.0
llava,appfr,H26,26,crowdbot,crowdbot__defaced_2021-04-24-11-23-43,1032,0.4418604651162791,0.5019650755976142,0.25818971441136856,0.880184331797235,0.12374581939799331,
llava,appfr,H26,26,crowdbot,crowdbot__defaced_2021-04-24-11-35-54,1211,0.5631709331131296,0.3333304210060343,0.3255988513806805,0.7609561752988048,0.23903508771929824,0.0
llava,appfr,H26,26,crowdbot,crowdbot__defaced_2021-04-24-11-40-33,986,0.5821501014198783,0.36370480673455857,0.32787711101506123,0.9123434704830053,0.1787709497206704,0.0
llava,appfr,H26,26,crowdbot,crowdbot__defaced_2021-04-24-11-43-54,583,0.37735849056603776,0.2920158186233574,0.24458140206115553,0.6983471074380165,0.17770034843205576,0.0
llava,appfr,H26,26,crowdbot,crowdbot__defaced_2021-04-24-11-48-21,1555,0.5459807073954984,0.3667239178102582,0.35642916430738375,0.720253164556962,0.37991858887381275,0.0
llava,appfr,H26,26,crowdbot,crowdbot__defaced_2021-04-24-11-55-30,1815,0.5201101928374655,0.329228476116119,0.31743922632290045,0.726027397260274,0.2616580310880829,0.0
llava,appfr,H26,26,huron,huron__bww1_Feb-16-2023-bww1-intloss_00000000,342,0.8508771929824561,0.4360655737704919,0.42439000496812707,0.9081967213114754,0.4,0.0
llava,appfr,H26,26,huron,huron__bww1_Feb-16-2023-bww1-intloss_00000001,1674,0.7562724014336918,0.2895835313499984,0.2949490795948298,0.8389886892880905,0.02976190476190476,0.0
llava,appfr,H26,26,huron,huron__bww1_Feb-16-2023-bww1-intloss_00000002,334,0.7664670658682635,0.8803680981595092,0.34477475473842883,0.7607361963190185,1.0,
llava,appfr,H26,26,huron,huron__bww2_Feb-20-2023-bww2-intloss_00000000,754,0.8381962864721485,0.31163482209229904,0.31470945446325604,0.8923512747875354,0.0425531914893617,0.0
llava,appfr,H26,26,huron,huron__bww2_Feb-20-2023-bww2-intloss_00000001,819,0.8693528693528694,0.4717757367011098,0.34879851621525787,0.8768656716417911,0.5384615384615384,0.0
llava,appfr,H26,26,huron,huron__bww2_Feb-20-2023-bww2-intloss_00000002,482,0.8692946058091287,0.4375901875901876,0.3591314629689348,0.8961038961038961,0.4166666666666667,0.0
llava,appfr,H26,26,huron,huron__bww8_Feb-03-2023-bww8-intloss_00000000,1095,0.5168949771689497,0.3047883928985306,0.29872482376511006,0.6032540675844806,0.3111111111111111,0.0
llava,appfr,H26,26,huron,huron__bww8_Feb-03-2023-bww8-intloss_00000001,1051,0.8325404376784015,0.4310903235984669,0.42040776139136793,0.9001085776330076,0.39316239316239315,0.0
llava,appfr,H26,26,huron,huron__bww8_Feb-03-2023-bww8-intloss_00000002,705,0.8482269503546099,0.3667714274628487,0.3680771725032425,0.9735537190082645,0.1267605633802817,0.0
llava,appfr,H26,26,huron,huron__cory1_Feb-16-2023-cory1-intloss_00000000,1486,0.9030955585464334,0.3145804031879981,0.31636020744931637,0.9437412095639943,0.0,0.0
llava,appfr,H26,26,huron,huron__cory1_Feb-16-2023-cory1-intloss_00000001,2154,0.9442896935933147,0.520916905444126,0.41631926414954384,0.9627507163323782,0.6,0.0
llava,appfr,H26,26,huron,huron__cory1_Feb-16-2023-cory1-intloss_00000002,1653,0.8445251058681186,0.4571220089520098,0.35875810630859234,0.8607277289836889,0.5106382978723404,0.0
llava,appfr,H26,26,huron,huron__soda3_Feb-21-2023-soda3-intloss_00000000,2414,0.8574979287489644,0.3242576678543981,0.3216974352178434,0.9368755676657584,0.035897435897435895,0.0
llava,appfr,H26,26,huron,huron__soda3_Feb-21-2023-soda3-intloss_00000001,1368,0.5409356725146199,0.4241720899892292,0.3538300192969209,0.49510763209393344,0.7774086378737541,0.0
llava,appfr,H26,26,huron,huron__soda3_Feb-21-2023-soda3-intloss_00000002,531,0.9322033898305084,0.45990468296726067,0.43256325632563253,0.9586614173228346,0.42105263157894735,0.0
llava,appfr,H26,26,pal,pal__rosbag2_2025_07_11-13_23_07,2151,0.8758716875871687,0.8758716875871687,0.311276332094176,0.8758716875871687,,
llava,appfr,H26,26,pal,pal__rosbag2_2025_07_11-13_37_37,3038,0.6576695194206715,0.5392189793055219,0.33440619293006346,0.9390553580497715,0.13938260056127222,
llava,appfr,H26,26,pal,pal__rosbag2_2025_07_11-13_55_25,4060,0.32487684729064037,0.30657606103958035,0.20976877159492646,0.8097281831187411,0.11,0.0
llava,appfr,H28,28,crowdbot,crowdbot__defaced_2021-04-24-11-20-18,1619,0.32612723903644225,0.27734463398989573,0.22171646655494234,0.5728395061728395,0.2591943957968476,0.0
llava,appfr,H28,28,crowdbot,crowdbot__defaced_2021-04-24-11-23-43,1032,0.4312015503875969,0.48834440454356304,0.25471289130436997,0.847926267281106,0.12876254180602006,
llava,appfr,H28,28,crowdbot,crowdbot__defaced_2021-04-24-11-35-54,1211,0.5656482246077622,0.3369650054751753,0.3307403209196833,0.7543160690571049,0.2565789473684211,0.0
llava,appfr,H28,28,crowdbot,crowdbot__defaced_2021-04-24-11-40-33,986,0.5831643002028397,0.3629619265581329,0.324743169920411,0.9212880143112702,0.16759776536312848,0.0
llava,appfr,H28,28,crowdbot,crowdbot__defaced_2021-04-24-11-43-54,583,0.37564322469982847,0.28977452702508133,0.24625523727320134,0.6776859504132231,0.1916376306620209,0.0
llava,appfr,H28,28,crowdbot,crowdbot__defaced_2021-04-24-11-48-21,1555,0.5485530546623795,0.36829030909892424,0.3572457898999674,0.730379746835443,0.37449118046132973,0.0
llava,appfr,H28,28,crowdbot,crowdbot__defaced_2021-04-24-11-55-30,1815,0.5267217630853994,0.333247991509756,0.3210510096100465,0.7367906066536204,0.26295336787564766,0.0
llava,appfr,H28,28,huron,huron__bww1_Feb-16-2023-bww1-intloss_00000000,342,0.868421052631579,0.4510538641686183,0.44434566145092463,0.9245901639344263,0.42857142857142855,0.0
llava,appfr,H28,28,huron,huron__bww1_Feb-16-2023-bww1-intloss_00000001,1674,0.7664277180406213,0.29335376865316987,0.2974827763975402,0.8502994011976048,0.02976190476190476,0.0
llava,appfr,H28,28,huron,huron__bww1_Feb-16-2023-bww1-intloss_00000002,334,0.781437125748503,0.8880368098159509,0.351231944525302,0.7760736196319018,1.0,
llava,appfr,H28,28,huron,huron__bww2_Feb-20-2023-bww2-intloss_00000000,754,0.8607427055702918,0.3130412070801439,0.31480195816644413,0.9178470254957507,0.02127659574468085,0.0
llava,appfr,H28,28,huron,huron__bww2_Feb-20-2023-bww2-intloss_00000001,819,0.8803418803418803,0.47550707998469194,0.3541731895830256,0.8880597014925373,0.5384615384615384,0.0
llava,appfr,H28,28,huron,huron__bww2_Feb-20-2023-bww2-intloss_00000002,482,0.8817427385892116,0.4148629148629148,0.3576884920634921,0.9112554112554112,0.3333333333333333,0.0
llava,appfr,H28,28,huron,huron__bww8_Feb-03-2023-bww8-intloss_00000000,1095,0.5050228310502283,0.2985475671750182,0.29260839787155574,0.5882352941176471,0.3074074074074074,0.0
llava,appfr,H28,28,huron,huron__bww8_Feb-03-2023-bww8-intloss_00000001,1051,0.8392007611798288,0.4311367242963334,0.4234257748776509,0.9087947882736156,0.38461538461538464,0.0
llava,appfr,H28,28,huron,huron__bww8_Feb-03-2023-bww8-intloss_00000002,705,0.8524822695035461,0.36428044853140884,0.365068006928472,0.9801652892561984,0.11267605633802817,0.0
llava,appfr,H28,28,huron,huron__cory1_Feb-16-2023-cory1-intloss_00000000,1486,0.9084791386271871,0.3164556962025316,0.31734837799717913,0.9493670886075949,0.0,0.0
llava,appfr,H28,28,huron,huron__cory1_Feb-16-2023-cory1-intloss_00000001,2154,0.9489322191272052,0.5115568290353391,0.4208849413298566,0.9680038204393505,0.5666666666666667,0.0
llava,appfr,H28,28,huron,huron__cory1_Feb-16-2023-cory1-intloss_00000002,1653,0.8463399879007865,0.45774936152415524,0.35965478206587154,0.8626097867001254,0.5106382978723404,0.0
llava,appfr,H28,28,huron,huron__soda3_Feb-21-2023-soda3-intloss_00000000,2414,0.8641259320629661,0.32512168424974963,0.3217072667263195,0.9445958219800181,0.03076923076923077,0.0
llava,appfr,H28,28,huron,huron__soda3_Feb-21-2023-soda3-intloss_00000001,1368,0.5358187134502924,0.4140763664497338,0.3489167734733534,0.4980430528375734,0.7441860465116279,0.0
llava,appfr,H28,28,huron,huron__soda3_Feb-21-2023-soda3-intloss_00000002,531,0.9322033898305084,0.45990468296726067,0.43256325632563253,0.9586614173228346,0.42105263157894735,0.0
llava,appfr,H28,28,pal,pal__rosbag2_2025_07_11-13_23_07,2151,0.8781961878196188,0.8781961878196188,0.31171617161716175,0.8781961878196188,,
llava,appfr,H28,28,pal,pal__rosbag2_2025_07_11-13_37_37,3038,0.6589861751152074,0.5404485141774208,0.33532849911990364,0.9405789740985272,0.1403180542563143,
llava,appfr,H28,28,pal,pal__rosbag2_2025_07_11-13_55_25,4060,0.32019704433497537,0.30246935397907376,0.20592546701124603,0.8032904148783977,0.10411764705882352,0.0
llava,appfr,H30,30,crowdbot,crowdbot__defaced_2021-04-24-11-20-18,1619,0.33662754786905497,0.2833690082376597,0.22857585990764548,0.5777777777777777,0.2723292469352014,0.0
llava,appfr,H30,30,crowdbot,crowdbot__defaced_2021-04-24-11-23-43,1032,0.4321705426356589,0.4888645716135197,0.2561420658194852,0.8456221198156681,0.13210702341137123,
llava,appfr,H30,30,crowdbot,crowdbot__defaced_2021-04-24-11-35-54,1211,0.5681255161023947,0.33886966752871556,0.33289997585995285,0.7556440903054449,0.26096491228070173,0.0
llava,appfr,H30,30,crowdbot,crowdbot__defaced_2021-04-24-11-40-33,986,0.5811359026369168,0.3614345249397867,0.32285136561827105,0.9194991055456172,0.164804469273743,0.0
llava,appfr,H30,30,crowdbot,crowdbot__defaced_2021-04-24-11-43-54,583,0.379073756432247,0.2920974073967422,0.24936595788613727,0.6776859504132231,0.1986062717770035,0.0
llava,appfr,H30,30,crowdbot,crowdbot__defaced_2021-04-24-11-48-21,1555,0.547266881028939,0.36768917209121255,0.35773442368721037,0.7177215189873418,0.3853459972862958,0.0
llava,appfr,H30,30,crowdbot,crowdbot__defaced_2021-04-24-11-55-30,1815,0.5410468319559228,0.34320679084324485,0.3319322070433541,0.7485322896281801,0.2810880829015544,0.0
llava,appfr,H30,30,huron,huron__bww1_Feb-16-2023-bww1-intloss_00000000,342,0.8801169590643275,0.463856362217018,0.4596235579842138,0.9344262295081968,0.45714285714285713,0.0
llava,appfr,H30,30,huron,huron__bww1_Feb-16-2023-bww1-intloss_00000001,1674,0.7753882915173238,0.29491810030732185,0.29804725826275763,0.8609447771124418,0.023809523809523808,0.0
llava,appfr,H30,30,huron,huron__bww1_Feb-16-2023-bww1-intloss_00000002,334,0.7754491017964071,0.8849693251533742,0.34861383561556875,0.7699386503067485,1.0,
llava,appfr,H30,30,huron,huron__bww2_Feb-20-2023-bww2-intloss_00000000,754,0.8713527851458885,0.3168183553332128,0.3173400673400673,0.9291784702549575,0.02127659574468085,0.0
llava,appfr,H30,30,huron,huron__bww2_Feb-20-2023-bww2-intloss_00000001,819,0.8815628815628815,0.425468809797168,0.3438648415340979,0.8917910447761194,0.38461538461538464,0.0
llava,appfr,H30,30,huron,huron__bww2_Feb-20-2023-bww2-intloss_00000002,482,0.9087136929460581,0.42424242424242425,0.376858966540635,0.9393939393939394,0.3333333333333333,0.0
llava,appfr,H30,30,huron,huron__bww8_Feb-03-2023-bww8-intloss_00000000,1095,0.4885844748858447,0.28858604119346715,0.2832896006092263,0.5694618272841051,0.2962962962962963,0.0
llava,appfr,H30,30,huron,huron__bww8_Feb-03-2023-bww8-intloss_00000001,1051,0.8487155090390105,0.43973013354120843,0.4337450205103144,0.9174809989142236,0.4017094017094017,0.0
llava,appfr,H30,30,huron,huron__bww8_Feb-03-2023-bww8-intloss_00000002,705,0.8539007092198582,0.36483141271873665,0.3659982213041857,0.9818181818181818,0.11267605633802817,0.0
llava,appfr,H30,30,huron,huron__cory1_Feb-16-2023-cory1-intloss_00000000,1486,0.9111709286675639,0.3173933427097984,0.31784037558685446,0.9521800281293952,0.0,0.0
llava,appfr,H30,30,huron,huron__cory1_Feb-16-2023-cory1-intloss_00000001,2154,0.9498607242339833,0.5118751989812161,0.4227051539103106,0.9689589302769819,0.5666666666666667,0.0
llava,appfr,H30,30,huron,huron__cory1_Feb-16-2023-cory1-intloss_00000002,1653,0.8469449485783425,0.4510753979906921,0.3580794351412806,0.8638644918444166,0.48936170212765956,0.0
llava,appfr,H30,30,huron,huron__soda3_Feb-21-2023-soda3-intloss_00000000,2414,0.8624689312344657,0.31984210158597076,0.3154681687231175,0.944141689373297,0.015384615384615385,0.0
llava,appfr,H30,30,huron,huron__soda3_Feb-21-2023-soda3-intloss_00000001,1368,0.5328947368421053,0.4135529968597824,0.3474788745473117,0.4931506849315068,0.7475083056478405,0.0
llava,appfr,H30,30,huron,huron__soda3_Feb-21-2023-soda3-intloss_00000002,531,0.9303201506591338,0.4592485149882581,0.42995354732576874,0.9566929133858267,0.42105263157894735,0.0
llava,appfr,H30,30,pal,pal__rosbag2_2025_07_11-13_23_07,2151,0.8860994886099489,0.8860994886099489,0.31320351655574724,0.8860994886099489,,
llava,appfr,H30,30,pal,pal__rosbag2_2025_07_11-13_37_37,3038,0.6593153390388413,0.5419851952219172,0.33758783214282406,0.9380396140172677,0.14593077642656688,
llava,appfr,H30,30,pal,pal__rosbag2_2025_07_11-13_55_25,4060,0.31724137931034485,0.3004552722376504,0.19995903529949344,0.8090128755364807,0.09235294117647058,0.0
llava,appfr,H32,32,crowdbot,crowdbot__defaced_2021-04-24-11-20-18,1619,0.3403335392217418,0.29893047357534613,0.2319164742859028,0.6419753086419753,0.2548161120840631,0.0
llava,appfr,H32,32,crowdbot,crowdbot__defaced_2021-04-24-11-23-43,1032,0.43992248062015504,0.5021885547832252,0.25301072808094255,0.8940092165898618,0.11036789297658862,
llava,appfr,H32,32,crowdbot,crowdbot__defaced_2021-04-24-11-35-54,1211,0.5672997522708505,0.3349671489480674,0.3265323246927605,0.7702523240371846,0.23464912280701755,0.0
llava,appfr,H32,32,crowdbot,crowdbot__defaced_2021-04-24-11-40-33,986,0.59026369168357,0.3654620681384355,0.32331144657175587,0.9427549194991055,0.15363128491620112,0.0
llava,appfr,H32,32,crowdbot,crowdbot__defaced_2021-04-24-11-43-54,583,0.3876500857632933,0.29898445973834004,0.25407639459161707,0.6983471074380165,0.1986062717770035,0.0
llava,appfr,H32,32,crowdbot,crowdbot__defaced_2021-04-24-11-48-21,1555,0.5466237942122186,0.36690311388969993,0.3554439705000661,0.7316455696202532,0.36906377204884666,0.0
llava,appfr,H32,32,crowdbot,crowdbot__defaced_2021-04-24-11-55-30,1815,0.5382920110192837,0.3390410958904109,0.32418952618453867,0.7671232876712328,0.25,0.0
llava,appfr,H32,32,huron,huron__bww1_Feb-16-2023-bww1-intloss_00000000,342,0.8801169590643275,0.4554254488680718,0.4559661441709814,0.9377049180327869,0.42857142857142855,0.0
llava,appfr,H32,32,huron,huron__bww1_Feb-16-2023-bww1-intloss_00000001,1674,0.7825567502986858,0.2975794442860311,0.2997894629483929,0.8689288090485695,0.023809523809523808,0.0
llava,appfr,H32,32,huron,huron__bww1_Feb-16-2023-bww1-intloss_00000002,334,0.7874251497005988,0.8911042944785277,0.35390164929009965,0.7822085889570553,1.0,
llava,appfr,H32,32,huron,huron__bww2_Feb-20-2023-bww2-intloss_00000000,754,0.883289124668435,0.32106764711791536,0.32027496798139005,0.9419263456090652,0.02127659574468085,0.0
llava,appfr,H32,32,huron,huron__bww2_Feb-20-2023-bww2-intloss_00000001,819,0.8901098901098901,0.4031445337415487,0.3415481557399927,0.9017412935323383,0.3076923076923077,0.0
llava,appfr,H32,32,huron,huron__bww2_Feb-20-2023-bww2-intloss_00000002,482,0.9107883817427386,0.39790764790764793,0.36350774484693255,0.9437229437229437,0.25,0.0
llava,appfr,H32,32,huron,huron__bww8_Feb-03-2023-bww8-intloss_00000000,1095,0.4639269406392694,0.2765045813439639,0.27124489260411594,0.5369211514392991,0.29259259259259257,0.0
llava,appfr,H32,32,huron,huron__bww8_Feb-03-2023-bww8-intloss_00000001,1051,0.8591817316841104,0.44868546822944216,0.4452494433356724,0.9272529858849077,0.4188034188034188,0.0
llava,appfr,H32,32,huron,huron__bww8_Feb-03-2023-bww8-intloss_00000002,705,0.8595744680851064,0.36703526946804793,0.36986621172667683,0.9884297520661157,0.11267605633802817,0.0
llava,appfr,H32,32,huron,huron__cory1_Feb-16-2023-cory1-intloss_00000000,1486,0.9138627187079408,0.31833098921706515,0.31833098921706515,0.9549929676511955,0.0,0.0
llava,appfr,H32,32,huron,huron__cory1_Feb-16-2023-cory1-intloss_00000001,2154,0.9484679665738162,0.4675899395097103,0.40285209615663176,0.9694364851957975,0.43333333333333335,0.0
llava,appfr,H32,32,huron,huron__cory1_Feb-16-2023-cory1-intloss_00000002,1653,0.8445251058681186,0.450238927894498,0.3569025298574548,0.8613550815558344,0.48936170212765956,0.0
llava,appfr,H32,32,huron,huron__soda3_Feb-21-2023-soda3-intloss_00000000,2414,0.8591549295774648,0.315515032953725,0.3109372871019675,0.94141689373297,0.005128205128205128,0.0
llava,appfr,H32,32,huron,huron__soda3_Feb-21-2023-soda3-intloss_00000001,1368,0.5307017543859649,0.4110119995752363,0.34583325688353944,0.49217221135029354,0.7408637873754153,0.0
llava,appfr,H32,32,huron,huron__soda3_Feb-21-2023-soda3-intloss_00000002,531,0.928436911487759,0.4417046553391352,0.418014301430143,0.9566929133858267,0.3684210526315789,0.0
llava,appfr,H32,32,pal,pal__rosbag2_2025_07_11-13_23_07,2151,0.8809855880985588,0.8809855880985588,0.3122425440764541,0.8809855880985588,,
llava,appfr,H32,32,pal,pal__rosbag2_2025_07_11-13_37_37,3038,0.6649111257406188,0.5501503424691702,0.34620751254560506,0.9375317420010157,0.1627689429373246,
llava,appfr,H32,32,pal,pal__rosbag2_2025_07_11-13_55_25,4060,0.31527093596059114,0.2986325002103846,0.19840066779883547,0.8047210300429185,0.09117647058823529,0.0
llava,appod,H02,2,crowdbot,crowdbot__defaced_2021-04-24-11-20-18,1619,0.36936380481778874,0.2611266062715761,0.23928661049581787,0.4024691358024691,0.3809106830122592,0.0
llava,appod,H02,2,crowdbot,crowdbot__defaced_2021-04-24-11-23-43,1032,0.4573643410852713,0.481535995561241,0.3028311330198123,0.6336405529953917,0.3294314381270903,
llava,appod,H02,2,crowdbot,crowdbot__defaced_2021-04-24-11-35-54,1211,0.48224607762180016,0.3317548519372801,0.32039702196951203,0.43824701195219123,0.5570175438596491,0.0
llava,appod,H02,2,crowdbot,crowdbot__defaced_2021-04-24-11-40-33,986,0.5172413793103449,0.35065110282727535,0.3380575315766585,0.6636851520572451,0.388268156424581,0.0
llava,appod,H02,2,crowdbot,crowdbot__defaced_2021-04-24-11-43-54,583,0.4236706689536878,0.30933663527898564,0.294354712060314,0.4297520661157025,0.49825783972125437,0.0
llava,appod,H02,2,crowdbot,crowdbot__defaced_2021-04-24-11-48-21,1555,0.5292604501607717,0.3587574211794881,0.35549525101763907,0.5620253164556962,0.514246947082768,0.0
llava,appod,H02,2,crowdbot,crowdbot__defaced_2021-04-24-11-55-30,1815,0.47988980716253443,0.32432512361889887,0.3205293741211081,0.4794520547945205,0.49352331606217614,0.0
llava,appod,H02,2,huron,huron__bww1_Feb-16-2023-bww1-intloss_00000000,342,0.8391812865497076,0.49071038251366117,0.4474638000411197,0.8721311475409836,0.6,0.0
llava,appod,H02,2,huron,huron__bww1_Feb-16-2023-bww1-intloss_00000001,1674,0.7359617682198327,0.3490122928745683,0.33568654850235435,0.791084497671324,0.25595238095238093,0.0
llava,appod,H02,2,huron,huron__bww1_Feb-16-2023-bww1-intloss_00000002,334,0.7275449101796407,0.8604294478527608,0.32910745719981566,0.7208588957055214,1.0,
llava,appod,H02,2,huron,huron__bww2_Feb-20-2023-bww2-intloss_00000000,754,0.5915119363395226,0.41579772165631973,0.29918625749760314,0.5878186968838527,0.6595744680851063,0.0
llava,appod,H02,2,huron,huron__bww2_Feb-20-2023-bww2-intloss_00000001,819,0.608058608058608,0.3830526852914913,0.2655316805671871,0.6106965174129353,0.5384615384615384,0.0
llava,appod,H02,2,huron,huron__bww2_Feb-20-2023-bww2-intloss_00000002,482,0.21991701244813278,0.4011544011544011,0.13240635675390092,0.20346320346320346,1.0,0.0
llava,appod,H02,2,huron,huron__bww8_Feb-03-2023-bww8-intloss_00000000,1095,0.4520547945205479,0.316037021585624,0.2882233182313471,0.4518147684605757,0.4962962962962963,0.0
llava,appod,H02,2,huron,huron__bww8_Feb-03-2023-bww8-intloss_00000001,1051,0.7783063748810657,0.46766335365683903,0.41531349918403815,0.8132464712269273,0.5897435897435898,0.0
llava,appod,H02,2,huron,huron__bww8_Feb-03-2023-bww8-intloss_00000002,705,0.7262411347517731,0.32353237884607927,0.31594096447776615,0.8297520661157025,0.14084507042253522,0.0
llava,appod,H02,2,huron,huron__cory1_Feb-16-2023-cory1-intloss_00000000,1486,0.8963660834454913,0.31223628691983124,0.31511710432931156,0.9367088607594937,0.0,0.0
llava,appod,H02,2,huron,huron__cory1_Feb-16-2023-cory1-intloss_00000001,2154,0.8955431754874652,0.5808659662527857,0.3779872229310431,0.9092645654250239,0.8333333333333334,0.0
llava,appod,H02,2,huron,huron__cory1_Feb-16-2023-cory1-intloss_00000002,1653,0.8112522686025408,0.459386707244365,0.3470432776447317,0.8249686323713927,0.5531914893617021,0.0
llava,appod,H02,2,huron,huron__soda3_Feb-21-2023-soda3-intloss_00000000,2414,0.8703396851698426,0.40373553180092686,0.39906723431553653,0.9291553133514986,0.28205128205128205,0.0
llava,appod,H02,2,huron,huron__soda3_Feb-21-2023-soda3-intloss_00000001,1368,0.47149122807017546,0.4158436869491345,0.3169660740717704,0.37377690802348335,0.8737541528239202,0.0
llava,appod,H02,2,huron,huron__soda3_Feb-21-2023-soda3-intloss_00000002,531,0.9510357815442562,0.3989155960768062,0.4137916126242975,0.9862204724409449,0.21052631578947367,0.0
llava,appod,H02,2,pal,pal__rosbag2_2025_07_11-13_23_07,2151,0.5332403533240353,0.5332403533240353,0.23185769153022032,0.5332403533240353,,
llava,appod,H02,2,pal,pal__rosbag2_2025_07_11-13_37_37,3038,0.6346280447662936,0.5793807762127761,0.38724784667586415,0.765871000507872,0.3928905519176801,
llava,appod,H02,2,pal,pal__rosbag2_2025_07_11-13_55_25,4060,0.33029556650246306,0.2949633930825549,0.248892661546832,0.5407725321888412,0.34411764705882353,0.0
llava,appod,H04,4,crowdbot,crowdbot__defaced_2021-04-24-11-20-18,1619,0.34403953057442865,0.24862813776999415,0.2251557790077425,0.4,0.3458844133099825,0.0
llava,appod,H04,4,crowdbot,crowdbot__defaced_2021-04-24-11-23-43,1032,0.46124031007751937,0.475085923893778,0.3074449703252949,0.5622119815668203,0.3879598662207358,
llava,appod,H04,4,crowdbot,crowdbot__defaced_2021-04-24-11-35-54,1211,0.5276630883567299,0.3540836653386454,0.34747991497640235,0.5205843293492696,0.5416666666666666,0.0
llava,appod,H04,4,crowdbot,crowdbot__defaced_2021-04-24-11-40-33,986,0.4847870182555781,0.3278866558066246,0.31579254437627235,0.6261180679785331,0.3575418994413408,0.0
llava,appod,H04,4,crowdbot,crowdbot__defaced_2021-04-24-11-43-54,583,0.37221269296740994,0.268230291511888,0.25420240475041606,0.30991735537190085,0.49477351916376305,0.0
llava,appod,H04,4,crowdbot,crowdbot__defaced_2021-04-24-11-48-21,1555,0.5466237942122186,0.37115114874419614,0.36764057753693846,0.5544303797468354,0.5590230664857531,0.0
llava,appod,H04,4,crowdbot,crowdbot__defaced_2021-04-24-11-55-30,1815,0.4584022038567493,0.309809408893801,0.30618145215131626,0.45792563600782776,0.47150259067357514,0.0
llava,appod,H04,4,huron,huron__bww1_Feb-16-2023-bww1-intloss_00000000,342,0.8801169590643275,0.4554254488680718,0.4529018080111877,0.9377049180327869,0.42857142857142855,0.0
llava,appod,H04,4,huron,huron__bww1_Feb-16-2023-bww1-intloss_00000001,1674,0.7670250896057348,0.33763425529892593,0.3332175395204284,0.8343313373253493,0.17857142857142858,0.0
llava,appod,H04,4,huron,huron__bww1_Feb-16-2023-bww1-intloss_00000002,334,0.7514970059880239,0.7507668711656441,0.32715471051100703,0.7515337423312883,0.75,
llava,appod,H04,4,huron,huron__bww2_Feb-20-2023-bww2-intloss_00000000,754,0.7506631299734748,0.39963433990316033,0.3430768738369248,0.773371104815864,0.425531914893617,0.0
llava,appod,H04,4,huron,huron__bww2_Feb-20-2023-bww2-intloss_00000001,819,0.6984126984126984,0.33805332312794995,0.2844977228787067,0.7064676616915423,0.3076923076923077,0.0
llava,appod,H04,4,huron,huron__bww2_Feb-20-2023-bww2-intloss_00000002,482,0.46265560165975106,0.48556998556998554,0.2366582135812905,0.45670995670995673,1.0,0.0
llava,appod,H04,4,huron,huron__bww8_Feb-03-2023-bww8-intloss_00000000,1095,0.5461187214611872,0.31323413526166966,0.3085622059909002,0.6508135168961201,0.28888888888888886,0.0
llava,appod,H04,4,huron,huron__bww8_Feb-03-2023-bww8-intloss_00000001,1051,0.8192197906755471,0.4285104447970897,0.41309411646787614,0.8838219326818675,0.4017094017094017,0.0
llava,appod,H04,4,huron,huron__bww8_Feb-03-2023-bww8-intloss_00000002,705,0.7787234042553192,0.32319869631009196,0.31598296242233265,0.8991735537190083,0.07042253521126761,0.0
llava,appod,H04,4,huron,huron__cory1_Feb-16-2023-cory1-intloss_00000000,1486,0.9185733512786003,0.319971870604782,0.3191862504384427,0.959915611814346,0.0,0.0
llava,appod,H04,4,huron,huron__cory1_Feb-16-2023-cory1-intloss_00000001,2154,0.9280408542246983,0.5482012098057943,0.3971998879327736,0.944603629417383,0.7,0.0
llava,appod,H04,4,huron,huron__cory1_Feb-16-2023-cory1-intloss_00000002,1653,0.8493647912885662,0.41061338174181555,0.34744672064232957,0.8701380175658721,0.3617021276595745,0.0
llava,appod,H04,4,huron,huron__soda3_Feb-21-2023-soda3-intloss_00000000,2414,0.8782104391052196,0.3489648105451921,0.3497284840633991,0.9545867393278837,0.09230769230769231,0.0
llava,appod,H04,4,huron,huron__soda3_Feb-21-2023-soda3-intloss_00000001,1368,0.5219298245614035,0.4328797463553755,0.3465723988181255,0.4481409001956947,0.8504983388704319,0.0
llava,appod,H04,4,huron,huron__soda3_Feb-21-2023-soda3-intloss_00000002,531,0.9548022598870056,0.40022793203481144,0.4208044382801665,0.9901574803149606,0.21052631578947367,0.0
llava,appod,H04,4,pal,pal__rosbag2_2025_07_11-13_23_07,2151,0.7703393770339377,0.7703393770339377,0.29009103641456585,0.7703393770339377,,
llava,appod,H04,4,pal,pal__rosbag2_2025_07_11-13_37_37,3038,0.6494404213298223,0.555318617238858,0.3621469278304115,0.8730319959370239,0.23760523854069224,
llava,appod,H04,4,pal,pal__rosbag2_2025_07_11-13_55_25,4060,0.3258620689655172,0.3034211338326461,0.22462744293961143,0.7432045779685265,0.16705882352941176,0.0
llava,appod,H06,6,crowdbot,crowdbot__defaced_2021-04-24-11-20-18,1619,0.36936380481778874,0.26272008533148833,0.23993688720063244,0.40987654320987654,0.37828371278458844,0.0
llava,appod,H06,6,crowdbot,crowdbot__defaced_2021-04-24-11-23-43,1032,0.4476744186046512,0.46559191159471663,0.29789560263200127,0.5783410138248848,0.3528428093645485,
llava,appod,H06,6,crowdbot,crowdbot__defaced_2021-04-24-11-35-54,1211,0.49793559042113955,0.33958901237156636,0.3299775355686829,0.46613545816733065,0.5526315789473685,0.0
llava,appod,H06,6,crowdbot,crowdbot__defaced_2021-04-24-11-40-33,986,0.48782961460446245,0.3336931138672077,0.32162533632617984,0.6100178890876565,0.39106145251396646,0.0
llava,appod,H06,6,crowdbot,crowdbot__defaced_2021-04-24-11-43-54,583,0.4236706689536878,0.309984546126453,0.2948624742517872,0.44214876033057854,0.4878048780487805,0.0
llava,appod,H06,6,crowdbot,crowdbot__defaced_2021-04-24-11-48-21,1555,0.5363344051446945,0.36461249563460035,0.36080425654726006,0.5253164556962026,0.5685210312075983,0.0
llava,appod,H06,6,crowdbot,crowdbot__defaced_2021-04-24-11-55-30,1815,0.44077134986225897,0.29958359949842667,0.29503423095413084,0.4246575342465753,0.4740932642487047,0.0
llava,appod,H06,6,huron,huron__bww1_Feb-16-2023-bww1-intloss_00000000,342,0.868421052631579,0.4510538641686183,0.443053267435475,0.9245901639344263,0.42857142857142855,0.0
llava,appod,H06,6,huron,huron__bww1_Feb-16-2023-bww1-intloss_00000001,1674,0.7682198327359617,0.3504142508633527,0.34225930304361674,0.8310046573519627,0.22023809523809523,0.0
llava,appod,H06,6,huron,huron__bww1_Feb-16-2023-bww1-intloss_00000002,334,0.7395209580838323,0.6226993865030674,0.3107926885276017,0.745398773006135,0.5,
llava,appod,H06,6,huron,huron__bww2_Feb-20-2023-bww2-intloss_00000000,754,0.7625994694960212,0.3774034114881562,0.33810436292005536,0.7917847025495751,0.3404255319148936,0.0
llava,appod,H06,6,huron,huron__bww2_Feb-20-2023-bww2-intloss_00000001,819,0.7484737484737485,0.405504528638857,0.3037270911780817,0.7549751243781094,0.46153846153846156,0.0
llava,appod,H06,6,huron,huron__bww2_Feb-20-2023-bww2-intloss_00000002,482,0.5746887966804979,0.5245310245310245,0.2768930843004464,0.5735930735930735,1.0,0.0
llava,appod,H06,6,huron,huron__bww8_Feb-03-2023-bww8-intloss_00000000,1095,0.5716894977168949,0.3339065807568102,0.3275572293050742,0.672090112640801,0.3296296296296296,0.0
llava,appod,H06,6,huron,huron__bww8_Feb-03-2023-bww8-intloss_00000001,1051,0.8201712654614652,0.4189240606178717,0.4082653329823638,0.8892508143322475,0.36752136752136755,0.0
llava,appod,H06,6,huron,huron__bww8_Feb-03-2023-bww8-intloss_00000002,705,0.774468085106383,0.3215458037481085,0.3145691474648266,0.8942148760330578,0.07042253521126761,0.0
llava,appod,H06,6,huron,huron__cory1_Feb-16-2023-cory1-intloss_00000000,1486,0.9152086137281292,0.31879981247069855,0.31857577887092997,0.9563994374120957,0.0,0.0
llava,appod,H06,6,huron,huron__cory1_Feb-16-2023-cory1-intloss_00000001,2154,0.9303621169916435,0.4942375039796243,0.3868767912531588,0.9493791786055397,0.5333333333333333,0.0
llava,appod,H06,6,huron,huron__cory1_Feb-16-2023-cory1-intloss_00000002,1653,0.8433151845130067,0.37410680121377154,0.33426922420628946,0.8670012547051443,0.2553191489361702,0.0
llava,appod,H06,6,huron,huron__soda3_Feb-21-2023-soda3-intloss_00000000,2414,0.8806959403479702,0.35143109993246235,0.3528158204197324,0.9568574023614895,0.09743589743589744,0.0
llava,appod,H06,6,huron,huron__soda3_Feb-21-2023-soda3-intloss_00000001,1368,0.5241228070175439,0.4307331725299231,0.347262833008447,0.45499021526418787,0.8372093023255814,0.0
llava,appod,H06,6,huron,huron__soda3_Feb-21-2023-soda3-intloss_00000002,531,0.96045197740113,0.4359718193120597,0.46446164672765655,0.9921259842519685,0.3157894736842105,0.0
llava,appod,H06,6,pal,pal__rosbag2_2025_07_11-13_23_07,2151,0.8363551836355184,0.8363551836355184,0.30362869198312237,0.8363551836355184,,
llava,appod,H06,6,pal,pal__rosbag2_2025_07_11-13_37_37,3038,0.6425279789335089,0.5324551122378153,0.33560332621890954,0.9040121889283901,0.16089803554724041,
llava,appod,H06,6,pal,pal__rosbag2_2025_07_11-13_55_25,4060,0.33275862068965517,0.31306235799040644,0.21820648718109328,0.8133047210300429,0.12588235294117647,0.0
llava,appod,H08,8,crowdbot,crowdbot__defaced_2021-04-24-11-20-18,1619,0.34156886967263744,0.2814548153913789,0.2312628719258636,0.5580246913580247,0.28633975481611207,0.0
llava,appod,H08,8,crowdbot,crowdbot__defaced_2021-04-24-11-23-43,1032,0.437015503875969,0.4646093737959095,0.28756735567431546,0.6382488479262672,0.2909698996655518,
llava,appod,H08,8,crowdbot,crowdbot__defaced_2021-04-24-11-35-54,1211,0.5136251032204789,0.33185387106544584,0.33055555555555555,0.5657370517928287,0.4298245614035088,0.0
llava,appod,H08,8,crowdbot,crowdbot__defaced_2021-04-24-11-40-33,986,0.5354969574036511,0.3590409849991505,0.34543325526932084,0.7084078711985689,0.3687150837988827,0.0
llava,appod,H08,8,crowdbot,crowdbot__defaced_2021-04-24-11-43-54,583,0.411663807890223,0.30898148414778126,0.2857774943716409,0.5785123966942148,0.34843205574912894,0.0
llava,appod,H08,8,crowdbot,crowdbot__defaced_2021-04-24-11-48-21,1555,0.5434083601286174,0.36700845599390847,0.3624823565358622,0.6329113924050633,0.4681139755766621,0.0
llava,appod,H08,8,crowdbot,crowdbot__defaced_2021-04-24-11-55-30,1815,0.46170798898071624,0.30363353375987345,0.30175258004064714,0.5391389432485323,0.37176165803108807,0.0
llava,appod,H08,8,huron,huron__bww1_Feb-16-2023-bww1-intloss_00000000,342,0.8508771929824561,0.4360655737704919,0.42439000496812707,0.9081967213114754,0.4,0.0
llava,appod,H08,8,huron,huron__bww1_Feb-16-2023-bww1-intloss_00000001,1674,0.7610513739545998,0.34599055856540883,0.3381453550843043,0.8236859614105123,0.21428571428571427,0.0
llava,appod,H08,8,huron,huron__bww1_Feb-16-2023-bww1-intloss_00000002,334,0.7634730538922155,0.6349693251533742,0.3186605205716132,0.7699386503067485,0.5,
llava,appod,H08,8,huron,huron__bww2_Feb-20-2023-bww2-intloss_00000000,754,0.7586206896551724,0.38260703594318207,0.33906867104646604,0.7861189801699717,0.3617021276595745,0.0
llava,appod,H08,8,huron,huron__bww2_Feb-20-2023-bww2-intloss_00000001,819,0.7509157509157509,0.4567865799209083,0.3100239684985448,0.7549751243781094,0.6153846153846154,0.0
llava,appod,H08,8,huron,huron__bww2_Feb-20-2023-bww2-intloss_00000002,482,0.5705394190871369,0.468975468975469,0.2711098100442363,0.5735930735930735,0.8333333333333334,0.0
llava,appod,H08,8,huron,huron__bww8_Feb-03-2023-bww8-intloss_00000000,1095,0.5780821917808219,0.34009641681731795,0.33314149161109513,0.6758448060075094,0.34444444444444444,0.0
llava,appod,H08,8,huron,huron__bww8_Feb-03-2023-bww8-intloss_00000001,1051,0.813510941960038,0.42136473732564933,0.4072469380839425,0.8794788273615635,0.38461538461538464,0.0
llava,appod,H08,8,huron,huron__bww8_Feb-03-2023-bww8-intloss_00000002,705,0.7829787234042553,0.32485158887207544,0.3174713075316263,0.9041322314049587,0.07042253521126761,0.0
llava,appod,H08,8,huron,huron__cory1_Feb-16-2023-cory1-intloss_00000000,1486,0.9125168236877523,0.3178621659634318,0.3180858550316678,0.9535864978902954,0.0,0.0
llava,appod,H08,8,huron,huron__cory1_Feb-16-2023-cory1-intloss_00000001,2154,0.9294336118848654,0.5048710601719198,0.3914684039400593,0.9479465138490927,0.5666666666666667,0.0
llava,appod,H08,8,huron,huron__cory1_Feb-16-2023-cory1-intloss_00000002,1653,0.8421052631578947,0.4081039714532333,0.3443332186184231,0.8626097867001254,0.3617021276595745,0.0
llava,appod,H08,8,huron,huron__soda3_Feb-21-2023-soda3-intloss_00000000,2414,0.8811101905550953,0.35625654998952,0.3583842539994473,0.9559491371480472,0.11282051282051282,0.0
llava,appod,H08,8,huron,huron__soda3_Feb-21-2023-soda3-intloss_00000001,1368,0.533625730994152,0.43731701027018005,0.3532921601230672,0.46477495107632094,0.8471760797342193,0.0
llava,appod,H08,8,huron,huron__soda3_Feb-21-2023-soda3-intloss_00000002,531,0.9623352165725048,0.47040337063130266,0.49350227420402853,0.9901574803149606,0.42105263157894735,0.0
llava,appod,H08,8,pal,pal__rosbag2_2025_07_11-13_23_07,2151,0.8544862854486286,0.8544862854486286,0.3071780730341773,0.8544862854486286,,
llava,appod,H08,8,pal,pal__rosbag2_2025_07_11-13_37_37,3038,0.6445029624753127,0.5271374214259279,0.32562490645113007,0.9233113255459624,0.13096351730589337,
llava,appod,H08,8,pal,pal__rosbag2_2025_07_11-13_55_25,4060,0.32561576354679805,0.30843501921512523,0.20475921972285294,0.8311874105865522,0.09411764705882353,0.0
llava,appod,H10,10,crowdbot,crowdbot__defaced_2021-04-24-11-20-18,1619,0.4002470660901791,0.2746585659409166,0.2555028024755583,0.39753086419753086,0.4264448336252189,0.0
llava,appod,H10,10,crowdbot,crowdbot__defaced_2021-04-24-11-23-43,1032,0.45542635658914726,0.465961808177797,0.30359575320512816,0.532258064516129,0.3996655518394649,
llava,appod,H10,10,crowdbot,crowdbot__defaced_2021-04-24-11-35-54,1211,0.4962840627580512,0.3447583933272757,0.33043522695749933,0.4355909694555113,0.5986842105263158,0.0
llava,appod,H10,10,crowdbot,crowdbot__defaced_2021-04-24-11-40-33,986,0.49290060851926976,0.3480576848122645,0.33362385550153656,0.5581395348837209,0.4860335195530726,0.0
llava,appod,H10,10,crowdbot,crowdbot__defaced_2021-04-24-11-43-54,583,0.41680960548885077,0.30361102312321825,0.2888699918873217,0.4090909090909091,0.5017421602787456,0.0
llava,appod,H10,10,crowdbot,crowdbot__defaced_2021-04-24-11-48-21,1555,0.5176848874598071,0.3534989036406002,0.34673181788991053,0.4417721518987342,0.6187245590230664,0.0
llava,appod,H10,10,crowdbot,crowdbot__defaced_2021-04-24-11-55-30,1815,0.4666666666666667,0.3190322406200041,0.3127735312671533,0.4324853228962818,0.5246113989637305,0.0
llava,appod,H10,10,huron,huron__bww1_Feb-16-2023-bww1-intloss_00000000,342,0.8508771929824561,0.4444964871194379,0.42961319611347343,0.9049180327868852,0.42857142857142855,0.0
llava,appod,H10,10,huron,huron__bww1_Feb-16-2023-bww1-intloss_00000001,1674,0.7431302270011948,0.33228780534169755,0.32657108905473914,0.8063872255489022,0.19047619047619047,0.0
llava,appod,H10,10,huron,huron__bww1_Feb-16-2023-bww1-intloss_00000002,334,0.7694610778443114,0.7599693251533742,0.33394785016139156,0.7699386503067485,0.75,
llava,appod,H10,10,huron,huron__bww2_Feb-20-2023-bww2-intloss_00000000,754,0.7175066312997348,0.34811042131275993,0.3162420055106531,0.7464589235127479,0.2978723404255319,0.0
llava,appod,H10,10,huron,huron__bww2_Feb-20-2023-bww2-intloss_00000001,819,0.7216117216117216,0.522515626993239,0.3083136123136123,0.7213930348258707,0.8461538461538461,0.0
llava,appod,H10,10,huron,huron__bww2_Feb-20-2023-bww2-intloss_00000002,482,0.5186721991701245,0.47799422799422797,0.25563320757828767,0.5173160173160173,0.9166666666666666,0.0
llava,appod,H10,10,huron,huron__bww8_Feb-03-2023-bww8-intloss_00000000,1095,0.547945205479452,0.3418594230442374,0.3288964055665174,0.6107634543178974,0.4148148148148148,0.0
llava,appod,H10,10,huron,huron__bww8_Feb-03-2023-bww8-intloss_00000001,1051,0.8068506184586108,0.43872787846729216,0.4144922974304783,0.8631921824104235,0.452991452991453,0.0
llava,appod,H10,10,huron,huron__bww8_Feb-03-2023-bww8-intloss_00000002,705,0.8,0.3604702595739728,0.35335174891154836,0.912396694214876,0.16901408450704225,0.0
llava,appod,H10,10,huron,huron__cory1_Feb-16-2023-cory1-intloss_00000000,1486,0.9084791386271871,0.3164556962025316,0.31734837799717913,0.9493670886075949,0.0,0.0
llava,appod,H10,10,huron,huron__cory1_Feb-16-2023-cory1-intloss_00000001,2154,0.9187558031569174,0.5231136580706781,0.38523985985035897,0.936007640878701,0.6333333333333333,0.0
llava,appod,H10,10,huron,huron__cory1_Feb-16-2023-cory1-intloss_00000002,1653,0.822141560798548,0.41496925527465583,0.33982574888503403,0.8406524466750314,0.40425531914893614,0.0
llava,appod,H10,10,huron,huron__soda3_Feb-21-2023-soda3-intloss_00000000,2414,0.8661971830985915,0.3399007894920702,0.3388825067985488,0.9427792915531336,0.07692307692307693,0.0
llava,appod,H10,10,huron,huron__soda3_Feb-21-2023-soda3-intloss_00000001,1368,0.5073099415204678,0.42713785099895324,0.3380272691404078,0.42759295499021527,0.8538205980066446,0.0
llava,appod,H10,10,huron,huron__soda3_Feb-21-2023-soda3-intloss_00000002,531,0.96045197740113,0.4697472026523,0.4836856617647059,0.9881889763779528,0.42105263157894735,0.0
llava,appod,H10,10,pal,pal__rosbag2_2025_07_11-13_23_07,2151,0.8396094839609484,0.8396094839609484,0.3042709123073035,0.8396094839609484,,
llava,appod,H10,10,pal,pal__rosbag2_2025_07_11-13_37_37,3038,0.6445029624753127,0.5309856565350396,0.3318639335831313,0.9141696292534282,0.14780168381665107,
llava,appod,H10,10,pal,pal__rosbag2_2025_07_11-13_55_25,4060,0.3275862068965517,0.30907178321972567,0.21147457772150835,0.8154506437768241,0.11176470588235295,0.0
llava,appod,H12,12,crowdbot,crowdbot__defaced_2021-04-24-11-20-18,1619,0.3662754786905497,0.2527621024410283,0.23501882286194217,0.37037037037037035,0.38791593695271454,0.0
llava,appod,H12,12,crowdbot,crowdbot__defaced_2021-04-24-11-23-43,1032,0.45445736434108525,0.46796926775888914,0.3029302512372802,0.5529953917050692,0.38294314381270905,
llava,appod,H12,12,crowdbot,crowdbot__defaced_2021-04-24-11-35-54,1211,0.48637489677952106,0.3279134922299108,0.32094778602131546,0.47277556440903057,0.5109649122807017,0.0
llava,appod,H12,12,crowdbot,crowdbot__defaced_2021-04-24-11-40-33,986,0.486815415821501,0.33845354333856353,0.3257340654094056,0.5796064400715564,0.43575418994413406,0.0
llava,appod,H12,12,crowdbot,crowdbot__defaced_2021-04-24-11-43-54,583,0.43567753001715265,0.3217861222295812,0.3045264028484517,0.512396694214876,0.4529616724738676,0.0
llava,appod,H12,12,crowdbot,crowdbot__defaced_2021-04-24-11-48-21,1555,0.5279742765273312,0.3595520670525394,0.3549226077886412,0.4911392405063291,0.587516960651289,0.0
llava,appod,H12,12,crowdbot,crowdbot__defaced_2021-04-24-11-55-30,1815,0.46115702479338844,0.3121795456773099,0.30823150312030195,0.45596868884540115,0.4805699481865285,0.0
llava,appod,H12,12,huron,huron__bww1_Feb-16-2023-bww1-intloss_00000000,342,0.8333333333333334,0.4463700234192038,0.4222672755177445,0.8819672131147541,0.45714285714285713,0.0
llava,appod,H12,12,huron,huron__bww1_Feb-16-2023-bww1-intloss_00000001,1674,0.7186379928315412,0.3284819250388113,0.32080940120155804,0.7771124417831005,0.20833333333333334,0.0
llava,appod,H12,12,huron,huron__bww1_Feb-16-2023-bww1-intloss_00000002,334,0.7634730538922155,0.8178680981595092,0.33771544335359205,0.7607361963190185,0.875,
llava,appod,H12,12,huron,huron__bww2_Feb-20-2023-bww2-intloss_00000000,754,0.7002652519893899,0.32873244530166956,0.30566746221161495,0.7308781869688386,0.2553191489361702,0.0
llava,appod,H12,12,huron,huron__bww2_Feb-20-2023-bww2-intloss_00000001,819,0.7264957264957265,0.5746268656716418,0.3146089466089466,0.7238805970149254,1.0,0.0
llava,appod,H12,12,huron,huron__bww2_Feb-20-2023-bww2-intloss_00000002,482,0.5,0.4444444444444445,0.24690539345711762,0.5,0.8333333333333334,0.0
llava,appod,H12,12,huron,huron__bww8_Feb-03-2023-bww8-intloss_00000000,1095,0.5424657534246575,0.3426258131306108,0.3280833518055503,0.5982478097622027,0.42962962962962964,0.0
llava,appod,H12,12,huron,huron__bww8_Feb-03-2023-bww8-intloss_00000001,1051,0.7925784966698383,0.44573438384513303,0.4112800838400206,0.8414766558089034,0.49572649572649574,0.0
llava,appod,H12,12,huron,huron__bww8_Feb-03-2023-bww8-intloss_00000002,705,0.7872340425531915,0.35551158188802234,0.34717999229155067,0.8975206611570248,0.16901408450704225,0.0
llava,appod,H12,12,huron,huron__cory1_Feb-16-2023-cory1-intloss_00000000,1486,0.901749663526245,0.3141115799343647,0.3161122906345836,0.9423347398030942,0.0,0.0
llava,appod,H12,12,huron,huron__cory1_Feb-16-2023-cory1-intloss_00000001,2154,0.9094707520891365,0.519929958611907,0.3770401371336871,0.9264565425023877,0.6333333333333333,0.0
llava,appod,H12,12,huron,huron__cory1_Feb-16-2023-cory1-intloss_00000002,1653,0.8124621899576527,0.43227261806241496,0.3410627502298588,0.828732747804266,0.46808510638297873,0.0
llava,appod,H12,12,huron,huron__soda3_Feb-21-2023-soda3-intloss_00000000,2414,0.859983429991715,0.3376301264584643,0.3364448683765077,0.9359673024523161,0.07692307692307693,0.0
llava,appod,H12,12,huron,huron__soda3_Feb-21-2023-soda3-intloss_00000001,1368,0.5116959064327485,0.4345636311230449,0.3415762349062866,0.42661448140900193,0.8770764119601329,0.0
llava,appod,H12,12,huron,huron__soda3_Feb-21-2023-soda3-intloss_00000002,531,0.9566854990583804,0.4684348666942948,0.4782199878974072,0.984251968503937,0.42105263157894735,0.0
llava,appod,H12,12,pal,pal__rosbag2_2025_07_11-13_23_07,2151,0.8563458856345886,0.8563458856345886,0.30753819183571246,0.8563458856345886,,
llava,appod,H12,12,pal,pal__rosbag2_2025_07_11-13_37_37,3038,0.6448321263989467,0.5265361940764735,0.32432418601675944,0.925850685627222,0.12722170252572498,
llava,appod,H12,12,pal,pal__rosbag2_2025_07_11-13_55_25,4060,0.31945812807881774,0.3025588375550506,0.20110598741033525,0.8147353361945636,0.09294117647058824,0.0
llava,appod,H14,14,crowdbot,crowdbot__defaced_2021-04-24-11-20-18,1619,0.390982087708462,0.25647013037555944,0.24457191277736237,0.3333333333333333,0.436077057793345,0.0
llava,appod,H14,14,crowdbot,crowdbot__defaced_2021-04-24-11-23-43,1032,0.4331395348837209,0.4397800656566435,0.28846103849933075,0.4815668202764977,0.3979933110367893,
llava,appod,H14,14,crowdbot,crowdbot__defaced_2021-04-24-11-35-54,1211,0.518579686209744,0.3572872253675357,0.34466648058881066,0.46879150066401065,0.6030701754385965,0.0
llava,appod,H14,14,crowdbot,crowdbot__defaced_2021-04-24-11-40-33,986,0.46247464503042596,0.32715543518453744,0.3132864954193062,0.5205724508050089,0.46089385474860334,0.0
llava,appod,H14,14,crowdbot,crowdbot__defaced_2021-04-24-11-43-54,583,0.41337907375643224,0.3012881427515574,0.2867259707382652,0.4090909090909091,0.49477351916376305,0.0
llava,appod,H14,14,crowdbot,crowdbot__defaced_2021-04-24-11-48-21,1555,0.5041800643086817,0.3446381441469293,0.33690398609753447,0.4151898734177215,0.6187245590230664,0.0
llava,appod,H14,14,crowdbot,crowdbot__defaced_2021-04-24-11-55-30,1815,0.45234159779614325,0.31181958907489465,0.30329682884536363,0.3953033268101761,0.5401554404145078,0.0
llava,appod,H14,14,huron,huron__bww1_Feb-16-2023-bww1-intloss_00000000,342,0.8304093567251462,0.4368462138953942,0.41554433221099885,0.8819672131147541,0.42857142857142855,0.0
llava,appod,H14,14,huron,huron__bww1_Feb-16-2023-bww1-intloss_00000001,1674,0.7162485065710872,0.32759481037924154,0.3199563128003495,0.7744510978043913,0.20833333333333334,0.0
llava,appod,H14,14,huron,huron__bww1_Feb-16-2023-bww1-intloss_00000002,334,0.7784431137724551,0.8865030674846626,0.3499166987056261,0.7730061349693251,1.0,
llava,appod,H14,14,huron,huron__bww2_Feb-20-2023-bww2-intloss_00000000,754,0.6989389920424404,0.328260301770036,0.305227074715998,0.7294617563739377,0.2553191489361702,0.0
llava,appod,H14,14,huron,huron__bww2_Feb-20-2023-bww2-intloss_00000001,819,0.717948717948718,0.5717247097844113,0.31170165038106334,0.7151741293532339,1.0,0.0
llava,appod,H14,14,huron,huron__bww2_Feb-20-2023-bww2-intloss_00000002,482,0.524896265560166,0.4801587301587302,0.2578508026440038,0.5238095238095238,0.9166666666666666,0.0
llava,appod,H14,14,huron,huron__bww8_Feb-03-2023-bww8-intloss_00000000,1095,0.5424657534246575,0.35161699037376964,0.3330705240835918,0.5844806007509387,0.4703703703703704,0.0
llava,appod,H14,14,huron,huron__bww8_Feb-03-2023-bww8-intloss_00000001,1051,0.7992388201712655,0.45324201675993203,0.41807435386283354,0.8469055374592834,0.5128205128205128,0.0
llava,appod,H14,14,huron,huron__bww8_Feb-03-2023-bww8-intloss_00000002,705,0.7886524822695036,0.36435028906219685,0.35465495469242186,0.8958677685950414,0.19718309859154928,0.0
llava,appod,H14,14,huron,huron__cory1_Feb-16-2023-cory1-intloss_00000000,1486,0.8997308209959624,0.3134083450539147,0.31573975675994803,0.940225035161744,0.0,0.0
llava,appod,H14,14,huron,huron__cory1_Feb-16-2023-cory1-intloss_00000001,2154,0.9099350046425255,0.5419929958611908,0.38197465899766936,0.9259789875835721,0.7,0.0
llava,appod,H14,14,huron,huron__cory1_Feb-16-2023-cory1-intloss_00000002,1653,0.8124621899576527,0.45980494229246194,0.3475318887469628,0.8262233375156838,0.5531914893617021,0.0
llava,appod,H14,14,huron,huron__soda3_Feb-21-2023-soda3-intloss_00000000,2414,0.8583264291632146,0.3385826404899974,0.3374520884858145,0.9336966394187103,0.08205128205128205,0.0
llava,appod,H14,14,huron,huron__soda3_Feb-21-2023-soda3-intloss_00000001,1368,0.5190058479532164,0.44251278083708795,0.34671685908210953,0.43052837573385516,0.8970099667774086,0.0
llava,appod,H14,14,huron,huron__soda3_Feb-21-2023-soda3-intloss_00000002,531,0.9472693032015066,0.4651540267992817,0.4574983628028815,0.9744094488188977,0.42105263157894735,0.0
llava,appod,H14,14,pal,pal__rosbag2_2025_07_11-13_23_07,2151,0.8586703858670386,0.8586703858670386,0.30798732699683173,0.8586703858670386,,
llava,appod,H14,14,pal,pal__rosbag2_2025_07_11-13_37_37,3038,0.6428571428571429,0.5252263688671128,0.32386658581891553,0.9222955815134586,0.12815715622076707,
llava,appod,H14,14,pal,pal__rosbag2_2025_07_11-13_55_25,4060,0.32019704433497537,0.3032317877079301,0.20175272633060956,0.8161659513590844,0.09352941176470589,0.0
llava,appod,H16,16,crowdbot,crowdbot__defaced_2021-04-24-11-20-18,1619,0.3224212476837554,0.29205927079054145,0.2198709862843092,0.6493827160493827,0.22679509632224168,0.0
llava,appod,H16,16,crowdbot,crowdbot__defaced_2021-04-24-11-23-43,1032,0.44573643410852715,0.4797173373610961,0.29002673404411433,0.6935483870967742,0.26588628762541805,
llava,appod,H16,16,crowdbot,crowdbot__defaced_2021-04-24-11-35-54,1211,0.5772089182493807,0.36074998252603624,0.3605235788998882,0.6918990703851262,0.39035087719298245,0.0
llava,appod,H16,16,crowdbot,crowdbot__defaced_2021-04-24-11-40-33,986,0.5040567951318459,0.32883774231052393,0.3121231860727659,0.7155635062611807,0.2709497206703911,0.0
llava,appod,H16,16,crowdbot,crowdbot__defaced_2021-04-24-11-43-54,583,0.4099485420240137,0.3095478062218639,0.2824490153844467,0.6115702479338843,0.3170731707317073,0.0
llava,appod,H16,16,crowdbot,crowdbot__defaced_2021-04-24-11-48-21,1555,0.5196141479099678,0.3497581139183255,0.3425956194834914,0.6544303797468355,0.3948439620081411,0.0
llava,appod,H16,16,crowdbot,crowdbot__defaced_2021-04-24-11-55-30,1815,0.49421487603305786,0.3178070362221118,0.31227879890021865,0.6438356164383562,0.30958549222797926,0.0
llava,appod,H16,16,huron,huron__bww1_Feb-16-2023-bww1-intloss_00000000,342,0.8508771929824561,0.4529274004683841,0.4345797212221172,0.9016393442622951,0.45714285714285713,0.0
llava,appod,H16,16,huron,huron__bww1_Feb-16-2023-bww1-intloss_00000001,1674,0.7317801672640383,0.3192622691125685,0.31678048037653583,0.7970725216234198,0.16071428571428573,0.0
llava,appod,H16,16,huron,huron__bww1_Feb-16-2023-bww1-intloss_00000002,334,0.7874251497005988,0.7691717791411044,0.3410702639618302,0.7883435582822086,0.75,
llava,appod,H16,16,huron,huron__bww2_Feb-20-2023-bww2-intloss_00000000,754,0.7281167108753316,0.3187872943161955,0.3072796613721135,0.7648725212464589,0.19148936170212766,0.0
llava,appod,H16,16,huron,huron__bww2_Feb-20-2023-bww2-intloss_00000001,819,0.73992673992674,0.5791873963515755,0.3192495574797159,0.7375621890547264,1.0,0.0
llava,appod,H16,16,huron,huron__bww2_Feb-20-2023-bww2-intloss_00000002,482,0.558091286307054,0.5187590187590188,0.27149181996827426,0.5562770562770563,1.0,0.0
llava,appod,H16,16,huron,huron__bww8_Feb-03-2023-bww8-intloss_00000000,1095,0.5515981735159817,0.3549714921429565,0.3373410752051529,0.5982478097622027,0.4666666666666667,0.0
llava,appod,H16,16,huron,huron__bww8_Feb-03-2023-bww8-intloss_00000001,1051,0.8125594671741199,0.46079605037259763,0.42735205286923234,0.8610206297502715,0.5213675213675214,0.0
llava,appod,H16,16,huron,huron__bww8_Feb-03-2023-bww8-intloss_00000002,705,0.7957446808510639,0.3629612385054126,0.35455546529470167,0.9057851239669421,0.18309859154929578,0.0
llava,appod,H16,16,huron,huron__cory1_Feb-16-2023-cory1-intloss_00000000,1486,0.9111709286675639,0.3173933427097984,0.31784037558685446,0.9521800281293952,0.0,0.0
llava,appod,H16,16,huron,huron__cory1_Feb-16-2023-cory1-intloss_00000001,2154,0.9289693593314763,0.5485195797516714,0.4006029049054535,0.9455587392550143,0.7,0.0
llava,appod,H16,16,huron,huron__cory1_Feb-16-2023-cory1-intloss_00000002,1653,0.822141560798548,0.43561849844719114,0.345131410932892,0.8387703889585947,0.46808510638297873,0.0
llava,appod,H16,16,huron,huron__soda3_Feb-21-2023-soda3-intloss_00000000,2414,0.8674399337199669,0.3387968979249633,0.3375563781252007,0.9445958219800181,0.07179487179487179,0.0
llava,appod,H16,16,huron,huron__soda3_Feb-21-2023-soda3-intloss_00000001,1368,0.5314327485380117,0.4480574644639634,0.3541672978685761,0.4471624266144814,0.8970099667774086,0.0
llava,appod,H16,16,huron,huron__soda3_Feb-21-2023-soda3-intloss_00000002,531,0.9453860640301318,0.4476101671501589,0.44350502839217265,0.9744094488188977,0.3684210526315789,0.0
llava,appod,H16,16,pal,pal__rosbag2_2025_07_11-13_23_07,2151,0.8716875871687587,0.8716875871687587,0.310481867858917,0.8716875871687587,,
llava,appod,H16,16,pal,pal__rosbag2_2025_07_11-13_37_37,3038,0.6484529295589203,0.5286881176476736,0.324726291430413,0.9329608938547486,0.1244153414405987,
llava,appod,H16,16,pal,pal__rosbag2_2025_07_11-13_55_25,4060,0.3211822660098522,0.30482089259165757,0.199020820923873,0.8297567954220315,0.08470588235294117,0.0
llava,appod,H18,18,crowdbot,crowdbot__defaced_2021-04-24-11-20-18,1619,0.3996294008647313,0.28233407565962537,0.25851014452357085,0.4345679012345679,0.4124343257443082,0.0
llava,appod,H18,18,crowdbot,crowdbot__defaced_2021-04-24-11-23-43,1032,0.46027131782945735,0.47677743014348906,0.30656318822357936,0.5806451612903226,0.3729096989966555,
llava,appod,H18,18,crowdbot,crowdbot__defaced_2021-04-24-11-35-54,1211,0.5433526011560693,0.36134118496773143,0.3562623212289023,0.5511288180610889,0.5328947368421053,0.0
llava,appod,H18,18,crowdbot,crowdbot__defaced_2021-04-24-11-40-33,986,0.4482758620689655,0.3070893421679442,0.29597495596526446,0.5581395348837209,0.36312849162011174,0.0
llava,appod,H18,18,crowdbot,crowdbot__defaced_2021-04-24-11-43-54,583,0.4528301886792453,0.3351282863477985,0.31658362989323846,0.5454545454545454,0.45993031358885017,0.0
llava,appod,H18,18,crowdbot,crowdbot__defaced_2021-04-24-11-48-21,1555,0.48617363344051445,0.3303660065609811,0.3270556894017014,0.48227848101265824,0.508819538670285,0.0
llava,appod,H18,18,crowdbot,crowdbot__defaced_2021-04-24-11-55-30,1815,0.47713498622589534,0.31846949156552395,0.31629898659901007,0.5136986301369864,0.4417098445595855,0.0
llava,appod,H18,18,huron,huron__bww1_Feb-16-2023-bww1-intloss_00000000,342,0.8421052631578947,0.4580796252927401,0.4329405162738496,0.8885245901639345,0.4857142857142857,0.0
llava,appod,H18,18,huron,huron__bww1_Feb-16-2023-bww1-intloss_00000001,1674,0.7168458781362007,0.3031437125748503,0.30487776383480836,0.7844311377245509,0.125,0.0
llava,appod,H18,18,huron,huron__bww1_Feb-16-2023-bww1-intloss_00000002,334,0.7754491017964071,0.8240030674846626,0.3425898973433467,0.7730061349693251,0.875,
llava,appod,H18,18,huron,huron__bww2_Feb-20-2023-bww2-intloss_00000000,754,0.7042440318302388,0.2904285455970104,0.29217850930014716,0.7436260623229461,0.1276595744680851,0.0
llava,appod,H18,18,huron,huron__bww2_Feb-20-2023-bww2-intloss_00000001,819,0.7252747252747253,0.574212271973466,0.31419160901520277,0.722636815920398,1.0,0.0
llava,appod,H18,18,huron,huron__bww2_Feb-20-2023-bww2-intloss_00000002,482,0.5394190871369294,0.5122655122655123,0.264996623073617,0.5367965367965368,1.0,0.0
llava,appod,H18,18,huron,huron__bww8_Feb-03-2023-bww8-intloss_00000000,1095,0.5351598173515981,0.35154900415643003,0.33097424897026095,0.5694618272841051,0.48518518518518516,0.0
llava,appod,H18,18,huron,huron__bww8_Feb-03-2023-bww8-intloss_00000001,1051,0.7849666983824929,0.45030021251519625,0.4100986206436996,0.8295331161780674,0.5213675213675214,0.0
llava,appod,H18,18,huron,huron__bww8_Feb-03-2023-bww8-intloss_00000002,705,0.7829787234042553,0.35385868932603887,0.3448402948402948,0.8925619834710744,0.16901408450704225,0.0
llava,appod,H18,18,huron,huron__cory1_Feb-16-2023-cory1-intloss_00000000,1486,0.9098250336473755,0.316924519456165,0.31759455015268967,0.9507735583684951,0.0,0.0
llava,appod,H18,18,huron,huron__cory1_Feb-16-2023-cory1-intloss_00000001,2154,0.9210770659238626,0.545813435211716,0.3917390275018855,0.937440305635148,0.7,0.0
llava,appod,H18,18,huron,huron__cory1_Feb-16-2023-cory1-intloss_00000002,1653,0.8160919540229885,0.433527323206706,0.3425930983253771,0.8324968632371392,0.46808510638297873,0.0
llava,appod,H18,18,huron,huron__soda3_Feb-21-2023-soda3-intloss_00000000,2414,0.8595691797845899,0.3390367730967186,0.3379552965715351,0.9350590372388737,0.08205128205128205,0.0
llava,appod,H18,18,huron,huron__soda3_Feb-21-2023-soda3-intloss_00000001,1368,0.5168128654970761,0.44465935466254036,0.3458587261638644,0.42367906066536204,0.9102990033222591,0.0
llava,appod,H18,18,huron,huron__soda3_Feb-21-2023-soda3-intloss_00000002,531,0.943502824858757,0.44695399917115625,0.4401768172888016,0.9724409448818898,0.3684210526315789,0.0
llava,appod,H18,18,pal,pal__rosbag2_2025_07_11-13_23_07,2151,0.8675034867503487,0.8675034867503487,0.3096838436644262,0.8675034867503487,,
llava,appod,H18,18,pal,pal__rosbag2_2025_07_11-13_37_37,3038,0.6471362738643844,0.5291689094909355,0.32672475270013207,0.9273743016759777,0.13096351730589337,
llava,appod,H18,18,pal,pal__rosbag2_2025_07_11-13_55_25,4060,0.31970443349753697,0.3027549159864232,0.20127284057256242,0.8147353361945636,0.09352941176470589,0.0
llava,appod,H20,20,crowdbot,crowdbot__defaced_2021-04-24-11-20-18,1619,0.34403953057442865,0.30864918236002103,0.23461573253728804,0.6790123456790124,0.2469352014010508,0.0
llava,appod,H20,20,crowdbot,crowdbot__defaced_2021-04-24-11-23-43,1032,0.46027131782945735,0.5042653699736449,0.29236466874712064,0.7811059907834101,0.22742474916387959,
llava,appod,H20,20,crowdbot,crowdbot__defaced_2021-04-24-11-35-54,1211,0.5862923203963666,0.36388947135434874,0.3634413517132982,0.7144754316069057,0.37719298245614036,0.0
llava,appod,H20,20,crowdbot,crowdbot__defaced_2021-04-24-11-40-33,986,0.5182555780933062,0.33249884237281924,0.31108783183742444,0.7656529516994633,0.23184357541899442,0.0
llava,appod,H20,20,crowdbot,crowdbot__defaced_2021-04-24-11-43-54,583,0.4236706689536878,0.3244545550532247,0.28321793603692713,0.71900826446281,0.25435540069686413,0.0
llava,appod,H20,20,crowdbot,crowdbot__defaced_2021-04-24-11-48-21,1555,0.5080385852090032,0.3411618547080478,0.3311658216158765,0.6734177215189874,0.35006784260515605,0.0
llava,appod,H20,20,crowdbot,crowdbot__defaced_2021-04-24-11-55-30,1815,0.5184573002754821,0.3304680449793659,0.32169247166873083,0.7025440313111546,0.28886010362694303,0.0
llava,appod,H20,20,huron,huron__bww1_Feb-16-2023-bww1-intloss_00000000,342,0.8391812865497076,0.45698672911787663,0.4308821393157373,0.8852459016393442,0.4857142857142857,0.0
llava,appod,H20,20,huron,huron__bww1_Feb-16-2023-bww1-intloss_00000001,1674,0.7132616487455197,0.296525995627792,0.3002802491042062,0.782435129740519,0.10714285714285714,0.0
llava,appod,H20,20,huron,huron__bww1_Feb-16-2023-bww1-intloss_00000002,334,0.7664670658682635,0.8803680981595092,0.34477475473842883,0.7607361963190185,1.0,
llava,appod,H20,20,huron,huron__bww2_Feb-20-2023-bww2-intloss_00000000,754,0.6962864721485411,0.28759568440720873,0.28989924813015805,0.7351274787535411,0.1276595744680851,0.0
llava,appod,H20,20,huron,huron__bww2_Feb-20-2023-bww2-intloss_00000001,819,0.7155067155067155,0.5204426585023599,0.3063348052230789,0.7151741293532339,0.8461538461538461,0.0
llava,appod,H20,20,huron,huron__bww2_Feb-20-2023-bww2-intloss_00000002,482,0.558091286307054,0.4917027417027417,0.2697632327047737,0.5584415584415584,0.9166666666666666,0.0
llava,appod,H20,20,huron,huron__bww8_Feb-03-2023-bww8-intloss_00000000,1095,0.5260273972602739,0.3506466416353775,0.32779390176940576,0.5519399249061326,0.5,0.0
llava,appod,H20,20,huron,huron__bww8_Feb-03-2023-bww8-intloss_00000001,1051,0.7716460513796385,0.4502074111194632,0.4049237372182894,0.8121606948968513,0.5384615384615384,0.0
llava,appod,H20,20,huron,huron__bww8_Feb-03-2023-bww8-intloss_00000002,705,0.8,0.37290187405424285,0.36340507973004615,0.9074380165289256,0.2112676056338028,0.0
llava,appod,H20,20,huron,huron__cory1_Feb-16-2023-cory1-intloss_00000000,1486,0.9064602960969045,0.31575246132208157,0.3169784680550653,0.9472573839662447,0.0,0.0
llava,appod,H20,20,huron,huron__cory1_Feb-16-2023-cory1-intloss_00000001,2154,0.9196843082636954,0.5453358802929004,0.3912489515401114,0.936007640878701,0.7,0.0
llava,appod,H20,20,huron,huron__cory1_Feb-16-2023-cory1-intloss_00000002,1653,0.8052026618269812,0.42288012671632097,0.33655542004969957,0.821831869510665,0.44680851063829785,0.0
llava,appod,H20,20,huron,huron__soda3_Feb-21-2023-soda3-intloss_00000000,2414,0.855840927920464,0.33923239945038314,0.3381162505675522,0.9305177111716622,0.08717948717948718,0.0
llava,appod,H20,20,huron,huron__soda3_Feb-21-2023-soda3-intloss_00000001,1368,0.5116959064327485,0.4447200351947087,0.34307888593602875,0.41389432485322897,0.920265780730897,0.0
llava,appod,H20,20,huron,huron__soda3_Feb-21-2023-soda3-intloss_00000002,531,0.9397363465160076,0.44564166321315096,0.4339457567804024,0.968503937007874,0.3684210526315789,0.0
llava,appod,H20,20,pal,pal__rosbag2_2025_07_11-13_23_07,2151,0.8572756857275686,0.8572756857275686,0.30771798080934504,0.8572756857275686,,
llava,appod,H20,20,pal,pal__rosbag2_2025_07_11-13_37_37,3038,0.6474654377880185,0.5326297080899879,0.33212000070946107,0.920264093448451,0.1449953227315248,
llava,appod,H20,20,pal,pal__rosbag2_2025_07_11-13_55_25,4060,0.3216748768472906,0.30394232657297543,0.20549125251986944,0.8082975679542204,0.10352941176470588,0.0
llava,appod,H22,22,crowdbot,crowdbot__defaced_2021-04-24-11-20-18,1619,0.4305126621371217,0.2889609594026796,0.2713317005799221,0.39753086419753086,0.46935201401050786,0.0
llava,appod,H22,22,crowdbot,crowdbot__defaced_2021-04-24-11-23-43,1032,0.4738372093023256,0.4891150224249804,0.3157725339692779,0.5852534562211982,0.39297658862876256,
llava,appod,H22,22,crowdbot,crowdbot__defaced_2021-04-24-11-35-54,1211,0.5532617671345995,0.3747262412338948,0.3657789234905189,0.5298804780876494,0.5942982456140351,0.0
llava,appod,H22,22,crowdbot,crowdbot__defaced_2021-04-24-11-40-33,986,0.4746450304259635,0.32661076743186657,0.31470018435651587,0.5831842576028623,0.39664804469273746,0.0
llava,appod,H22,22,crowdbot,crowdbot__defaced_2021-04-24-11-43-54,583,0.4699828473413379,0.3452308962286789,0.32792634051962416,0.5165289256198347,0.519163763066202,0.0
llava,appod,H22,22,crowdbot,crowdbot__defaced_2021-04-24-11-48-21,1555,0.47845659163987136,0.3258792344377079,0.3215875845627462,0.4430379746835443,0.5345997286295794,0.0
llava,appod,H22,22,crowdbot,crowdbot__defaced_2021-04-24-11-55-30,1815,0.46611570247933887,0.31353065038919253,0.3105914455260976,0.4794520547945205,0.46113989637305697,0.0
llava,appod,H22,22,huron,huron__bww1_Feb-16-2023-bww1-intloss_00000000,342,0.8245614035087719,0.44309133489461355,0.41650700073691965,0.8721311475409836,0.45714285714285713,0.0
llava,appod,H22,22,huron,huron__bww1_Feb-16-2023-bww1-intloss_00000001,1674,0.7132616487455197,0.296525995627792,0.3002802491042062,0.782435129740519,0.10714285714285714,0.0
llava,appod,H22,22,huron,huron__bww1_Feb-16-2023-bww1-intloss_00000002,334,0.7544910179640718,0.8742331288343559,0.3398018856665473,0.7484662576687117,1.0,
llava,appod,H22,22,huron,huron__bww2_Feb-20-2023-bww2-intloss_00000000,754,0.6830238726790451,0.28287424909087255,0.2861061063601221,0.7209631728045326,0.1276595744680851,0.0
llava,appod,H22,22,huron,huron__bww2_Feb-20-2023-bww2-intloss_00000001,819,0.7008547008547008,0.49024110218140066,0.29940960323686056,0.7014925373134329,0.7692307692307693,0.0
llava,appod,H22,22,huron,huron__bww2_Feb-20-2023-bww2-intloss_00000002,482,0.5518672199170125,0.4624819624819625,0.26528562460765853,0.5541125541125541,0.8333333333333334,0.0
llava,appod,H22,22,huron,huron__bww8_Feb-03-2023-bww8-intloss_00000000,1095,0.5031963470319635,0.3320431403451846,0.3119612639194987,0.5331664580725908,0.46296296296296297,0.0
llava,appod,H22,22,huron,huron__bww8_Feb-03-2023-bww8-intloss_00000001,1051,0.7716460513796385,0.46015572074204,0.40926056946999356,0.8078175895765473,0.5726495726495726,0.0
llava,appod,H22,22,huron,huron__bww8_Feb-03-2023-bww8-intloss_00000002,705,0.7886524822695036,0.36435028906219685,0.35465495469242186,0.8958677685950414,0.19718309859154928,0.0
llava,appod,H22,22,huron,huron__cory1_Feb-16-2023-cory1-intloss_00000000,1486,0.905114401076716,0.3152836380684482,0.3167314258801366,0.9458509142053446,0.0,0.0
llava,appod,H22,22,huron,huron__cory1_Feb-16-2023-cory1-intloss_00000001,2154,0.9136490250696379,0.5651703279210443,0.39203484705418457,0.9288443170964661,0.7666666666666667,0.0
llava,appod,H22,22,huron,huron__cory1_Feb-16-2023-cory1-intloss_00000002,1653,0.7991530550514216,0.43455511359085935,0.3373537102593496,0.8143036386449184,0.48936170212765956,0.0
llava,appod,H22,22,huron,huron__soda3_Feb-21-2023-soda3-intloss_00000000,2414,0.8570836785418393,0.34124455623093225,0.3402200420574572,0.9314259763851045,0.09230769230769231,0.0
llava,appod,H22,22,huron,huron__soda3_Feb-21-2023-soda3-intloss_00000001,1368,0.5102339181286549,0.4456302431772327,0.34239767318800407,0.40998043052837574,0.9269102990033222,0.0
llava,appod,H22,22,huron,huron__soda3_Feb-21-2023-soda3-intloss_00000002,531,0.9378531073446328,0.4449854952341483,0.43102302669263376,0.9665354330708661,0.3684210526315789,0.0
llava,appod,H22,22,pal,pal__rosbag2_2025_07_11-13_23_07,2151,0.8512319851231985,0.8512319851231985,0.3065461242256822,0.8512319851231985,,
llava,appod,H22,22,pal,pal__rosbag2_2025_07_11-13_37_37,3038,0.6481237656352864,0.53356516178503,0.333085532176993,0.920264093448451,0.146866230121609,
llava,appod,H22,22,pal,pal__rosbag2_2025_07_11-13_55_25,4060,0.31970443349753697,0.30195012482818595,0.20496639563576682,0.8011444921316166,0.10470588235294118,0.0
llava,appod,H24,24,crowdbot,crowdbot__defaced_2021-04-24-11-20-18,1619,0.36009882643607166,0.3003034168630588,0.24417891372438572,0.6049382716049383,0.29597197898423816,0.0
llava,appod,H24,24,crowdbot,crowdbot__defaced_2021-04-24-11-23-43,1032,0.4689922480620155,0.5064192469522063,0.3039426964677873,0.7419354838709677,0.2709030100334448,
llava,appod,H24,24,crowdbot,crowdbot__defaced_2021-04-24-11-35-54,1211,0.5813377374071016,0.36440495328627015,0.3642837952097606,0.6918990703851262,0.40131578947368424,0.0
llava,appod,H24,24,crowdbot,crowdbot__defaced_2021-04-24-11-40-33,986,0.48884381338742394,0.31922360693310414,0.3032682285885311,0.6923076923076923,0.26536312849162014,0.0
llava,appod,H24,24,crowdbot,crowdbot__defaced_2021-04-24-11-43-54,583,0.4339622641509434,0.3266718499534464,0.3002624843791781,0.628099173553719,0.3519163763066202,0.0
llava,appod,H24,24,crowdbot,crowdbot__defaced_2021-04-24-11-48-21,1555,0.48488745980707393,0.32703399000395034,0.3220983297245381,0.5835443037974684,0.39755766621438265,0.0
llava,appod,H24,24,crowdbot,crowdbot__defaced_2021-04-24-11-55-30,1815,0.4815426997245179,0.30861546833226866,0.3023674633657026,0.636986301369863,0.28886010362694303,0.0
llava,appod,H24,24,huron,huron__bww1_Feb-16-2023-bww1-intloss_00000000,342,0.8245614035087719,0.4346604215456675,0.41178678678678676,0.8754098360655738,0.42857142857142855,0.0
llava,appod,H24,24,huron,huron__bww1_Feb-16-2023-bww1-intloss_00000001,1674,0.7150537634408602,0.29366663498400025,0.29840806645254014,0.7857618097139055,0.09523809523809523,0.0
llava,appod,H24,24,huron,huron__bww1_Feb-16-2023-bww1-intloss_00000002,334,0.7514970059880239,0.8726993865030674,0.3385820714467463,0.745398773006135,1.0,
llava,appod,H24,24,huron,huron__bww2_Feb-20-2023-bww2-intloss_00000000,754,0.6962864721485411,0.2743555743073554,0.2847425717354951,0.7379603399433428,0.0851063829787234,0.0
llava,appod,H24,24,huron,huron__bww2_Feb-20-2023-bww2-intloss_00000001,819,0.6984126984126984,0.4894119147850491,0.29864787350362815,0.6990049751243781,0.7692307692307693,0.0
llava,appod,H24,24,huron,huron__bww2_Feb-20-2023-bww2-intloss_00000002,482,0.5622406639004149,0.4660894660894661,0.26886002886002885,0.564935064935065,0.8333333333333334,0.0
llava,appod,H24,24,huron,huron__bww8_Feb-03-2023-bww8-intloss_00000000,1095,0.4849315068493151,0.32451675705743294,0.30286340269480494,0.5068836045056321,0.4666666666666667,0.0
llava,appod,H24,24,huron,huron__bww8_Feb-03-2023-bww8-intloss_00000001,1051,0.7773549000951475,0.462327273402192,0.4125656951743908,0.8143322475570033,0.5726495726495726,0.0
llava,appod,H24,24,huron,huron__bww8_Feb-03-2023-bww8-intloss_00000002,705,0.7943262411347518,0.37898576029177816,0.36772341651400203,0.8975206611570248,0.23943661971830985,0.0
llava,appod,H24,24,huron,huron__cory1_Feb-16-2023-cory1-intloss_00000000,1486,0.9044414535666218,0.3150492264416315,0.3166077738515901,0.9451476793248945,0.0,0.0
llava,appod,H24,24,huron,huron__cory1_Feb-16-2023-cory1-intloss_00000001,2154,0.9164345403899722,0.5770773638968482,0.3972238357296414,0.9312320916905444,0.8,0.0
llava,appod,H24,24,huron,huron__cory1_Feb-16-2023-cory1-intloss_00000002,1653,0.7967332123411979,0.4337186434946653,0.33643200742314355,0.8117942283563363,0.48936170212765956,0.0
llava,appod,H24,24,huron,huron__soda3_Feb-21-2023-soda3-intloss_00000000,2414,0.8537696768848384,0.3369174875986865,0.33574668854880724,0.9287011807447775,0.08205128205128205,0.0
llava,appod,H24,24,huron,huron__soda3_Feb-21-2023-soda3-intloss_00000001,1368,0.5051169590643275,0.4425658763027352,0.3391540589882484,0.4041095890410959,0.9235880398671097,0.0
llava,appod,H24,24,huron,huron__soda3_Feb-21-2023-soda3-intloss_00000002,531,0.9378531073446328,0.4449854952341483,0.43102302669263376,0.9665354330708661,0.3684210526315789,0.0
llava,appod,H24,24,pal,pal__rosbag2_2025_07_11-13_23_07,2151,0.8544862854486286,0.8544862854486286,0.3071780730341773,0.8544862854486286,,
llava,appod,H24,24,pal,pal__rosbag2_2025_07_11-13_37_37,3038,0.6514154048716261,0.5378148485814502,0.33721229760548105,0.9212798374809548,0.15434985968194576,
llava,appod,H24,24,pal,pal__rosbag2_2025_07_11-13_55_25,4060,0.32068965517241377,0.30286151084181884,0.2056855032218967,0.8032904148783977,0.10529411764705883,0.0
llava,appod,H26,26,crowdbot,crowdbot__defaced_2021-04-24-11-20-18,1619,0.342804200123533,0.30806541119831643,0.23376281305559823,0.6790123456790124,0.24518388791593695,0.0
llava,appod,H26,26,crowdbot,crowdbot__defaced_2021-04-24-11-23-43,1032,0.47771317829457366,0.5253186504939661,0.30142109764485525,0.8248847926267281,0.225752508361204,
llava,appod,H26,26,crowdbot,crowdbot__defaced_2021-04-24-11-35-54,1211,0.5978530140379852,0.3646088161971995,0.36263189032953863,0.7583001328021248,0.3355263157894737,0.0
llava,appod,H26,26,crowdbot,crowdbot__defaced_2021-04-24-11-40-33,986,0.5172413793103449,0.32788499015600486,0.3024954228218017,0.7853309481216458,0.19832402234636873,0.0
llava,appod,H26,26,crowdbot,crowdbot__defaced_2021-04-24-11-43-54,583,0.4339622641509434,0.330991255603229,0.2932484053560287,0.7107438016528925,0.28222996515679444,0.0
llava,appod,H26,26,crowdbot,crowdbot__defaced_2021-04-24-11-48-21,1555,0.47138263665594854,0.316534702780688,0.3072244960777439,0.6253164556962025,0.3242876526458616,0.0
llava,appod,H26,26,crowdbot,crowdbot__defaced_2021-04-24-11-55-30,1815,0.5129476584022039,0.32551652927478036,0.3150697202900464,0.7084148727984344,0.26813471502590674,0.0
llava,appod,H26,26,huron,huron__bww1_Feb-16-2023-bww1-intloss_00000000,342,0.827485380116959,0.43575331772053083,0.4136524117197517,0.8786885245901639,0.42857142857142855,0.0
llava,appod,H26,26,huron,huron__bww1_Feb-16-2023-bww1-intloss_00000001,1674,0.7162485065710872,0.2976348889522542,0.3011452525078708,0.7857618097139055,0.10714285714285714,0.0
llava,appod,H26,26,huron,huron__bww1_Feb-16-2023-bww1-intloss_00000002,334,0.7365269461077845,0.8650306748466258,0.3326059283506092,0.7300613496932515,1.0,
llava,appod,H26,26,huron,huron__bww2_Feb-20-2023-bww2-intloss_00000000,754,0.6962864721485411,0.26111546420750203,0.2794011629082138,0.7407932011331445,0.0425531914893617,0.0
llava,appod,H26,26,huron,huron__bww2_Feb-20-2023-bww2-intloss_00000001,819,0.6947496947496947,0.41248883786197216,0.29075742851253056,0.6990049751243781,0.5384615384615384,0.0
llava,appod,H26,26,huron,huron__bww2_Feb-20-2023-bww2-intloss_00000002,482,0.5663900414937759,0.4945887445887445,0.27247175310416416,0.5670995670995671,0.9166666666666666,0.0
llava,appod,H26,26,huron,huron__bww8_Feb-03-2023-bww8-intloss_00000000,1095,0.4639269406392694,0.3051128725721967,0.2874076037341344,0.493116395494368,0.4222222222222222,0.0
llava,appod,H26,26,huron,huron__bww8_Feb-03-2023-bww8-intloss_00000001,1051,0.7735490009514748,0.45093126200618056,0.4058511663774822,0.8143322475570033,0.5384615384615384,0.0
llava,appod,H26,26,huron,huron__bww8_Feb-03-2023-bww8-intloss_00000002,705,0.8070921985815603,0.388088309471152,0.37869708591185103,0.9107438016528926,0.2535211267605634,0.0
llava,appod,H26,26,huron,huron__cory1_Feb-16-2023-cory1-intloss_00000000,1486,0.9057873485868102,0.31551804969526487,0.3168549905838041,0.9465541490857946,0.0,0.0
llava,appod,H26,26,huron,huron__cory1_Feb-16-2023-cory1-intloss_00000001,2154,0.9196843082636954,0.578191658707418,0.40025164639902955,0.934574976122254,0.8,0.0
llava,appod,H26,26,huron,huron__cory1_Feb-16-2023-cory1-intloss_00000002,1653,0.7961282516636419,0.42662644491310503,0.334653470798957,0.8117942283563363,0.46808510638297873,0.0
llava,appod,H26,26,huron,huron__soda3_Feb-21-2023-soda3-intloss_00000000,2414,0.855840927920464,0.32988425440741515,0.32826266277853944,0.9332425068119891,0.05641025641025641,0.0
llava,appod,H26,26,huron,huron__soda3_Feb-21-2023-soda3-intloss_00000001,1368,0.5021929824561403,0.4389174593061181,0.33705826276294654,0.40313111545988256,0.9136212624584718,0.0
llava,appod,H26,26,huron,huron__soda3_Feb-21-2023-soda3-intloss_00000002,531,0.9378531073446328,0.4449854952341483,0.43102302669263376,0.9665354330708661,0.3684210526315789,0.0
llava,appod,H26,26,pal,pal__rosbag2_2025_07_11-13_23_07,2151,0.8572756857275686,0.8572756857275686,0.30771798080934504,0.8572756857275686,,
llava,appod,H26,26,pal,pal__rosbag2_2025_07_11-13_37_37,3038,0.6524028966425279,0.540500774160384,0.3406119502009913,0.9182326053834434,0.1627689429373246,
llava,appod,H26,26,pal,pal__rosbag2_2025_07_11-13_55_25,4060,0.3187192118226601,0.30086930909702936,0.20499605793892095,0.796137339055794,0.10647058823529412,0.0
llava,appod,H28,28,crowdbot,crowdbot__defaced_2021-04-24-11-20-18,1619,0.3150092649783817,0.32626898157156964,0.20996702444070867,0.8246913580246914,0.15411558669001751,0.0
llava,appod,H28,28,crowdbot,crowdbot__defaced_2021-04-24-11-23-43,1032,0.4748062015503876,0.5313410292372425,0.28871518768379173,0.8870967741935484,0.17558528428093645,
llava,appod,H28,28,crowdbot,crowdbot__defaced_2021-04-24-11-35-54,1211,0.5995045417010735,0.35136646396868665,0.340168019960845,0.8260292164674635,0.22807017543859648,0.0
llava,appod,H28,28,crowdbot,crowdbot__defaced_2021-04-24-11-40-33,986,0.5283975659229209,0.3250700406085621,0.28411013734517215,0.855098389982111,0.12011173184357542,0.0
llava,appod,H28,28,crowdbot,crowdbot__defaced_2021-04-24-11-43-54,583,0.43567753001715265,0.33625613115635294,0.28380742836188383,0.7892561983471075,0.21951219512195122,0.0
llava,appod,H28,28,crowdbot,crowdbot__defaced_2021-04-24-11-48-21,1555,0.5048231511254019,0.33720122059438135,0.3170532375765729,0.7443037974683544,0.2672998643147897,0.0
llava,appod,H28,28,crowdbot,crowdbot__defaced_2021-04-24-11-55-30,1815,0.531129476584022,0.32888626385325936,0.3028759615287459,0.8091976516634051,0.17746113989637305,0.0
llava,appod,H28,28,huron,huron__bww1_Feb-16-2023-bww1-intloss_00000000,342,0.8450292397660819,0.45074160811865727,0.4303478175189674,0.8950819672131147,0.45714285714285713,0.0
llava,appod,H28,28,huron,huron__bww1_Feb-16-2023-bww1-intloss_00000001,1674,0.7305854241338112,0.3082446218673764,0.3092486031190059,0.7997338656021291,0.125,0.0
llava,appod,H28,28,huron,huron__bww1_Feb-16-2023-bww1-intloss_00000002,334,0.7425149700598802,0.8680981595092024,0.3349730940668376,0.7361963190184049,1.0,
llava,appod,H28,28,huron,huron__bww2_Feb-20-2023-bww2-intloss_00000000,754,0.7148541114058355,0.2677254736503727,0.284038590619889,0.7606232294617564,0.0425531914893617,0.0
llava,appod,H28,28,huron,huron__bww2_Feb-20-2023-bww2-intloss_00000001,819,0.7142857142857143,0.44434876897563463,0.2988706108706109,0.7176616915422885,0.6153846153846154,0.0
llava,appod,H28,28,huron,huron__bww2_Feb-20-2023-bww2-intloss_00000002,482,0.6078838174273858,0.481962481962482,0.28427944604415195,0.6125541125541125,0.8333333333333334,0.0
llava,appod,H28,28,huron,huron__bww8_Feb-03-2023-bww8-intloss_00000000,1095,0.4547945205479452,0.2952193328079853,0.27993997103131646,0.48936170212765956,0.3962962962962963,0.0
llava,appod,H28,28,huron,huron__bww8_Feb-03-2023-bww8-intloss_00000001,1051,0.7830637488106565,0.4520634390341231,0.4103523614470322,0.8262757871878393,0.5299145299145299,0.0
llava,appod,H28,28,huron,huron__bww8_Feb-03-2023-bww8-intloss_00000002,705,0.8127659574468085,0.37786055174019323,0.3717397134095864,0.9223140495867769,0.2112676056338028,0.0
llava,appod,H28,28,huron,huron__cory1_Feb-16-2023-cory1-intloss_00000000,1486,0.9071332436069987,0.31598687294889827,0.3171018583862621,0.9479606188466948,0.0,0.0
llava,appod,H28,28,huron,huron__cory1_Feb-16-2023-cory1-intloss_00000001,2154,0.9285051067780873,0.5593123209169054,0.40326446505070224,0.944603629417383,0.7333333333333333,0.0
llava,appod,H28,28,huron,huron__cory1_Feb-16-2023-cory1-intloss_00000002,1653,0.7931034482758621,0.4118146951778389,0.3303994823334066,0.8099121706398996,0.425531914893617,0.0
llava,appod,H28,28,huron,huron__soda3_Feb-21-2023-soda3-intloss_00000000,2414,0.8637116818558409,0.32964437923565987,0.3272328280984403,0.9427792915531336,0.046153846153846156,0.0
llava,appod,H28,28,huron,huron__soda3_Feb-21-2023-soda3-intloss_00000001,1368,0.5058479532163743,0.43742320120147454,0.3388714429517857,0.41193737769080235,0.9003322259136213,0.0
llava,appod,H28,28,huron,huron__soda3_Feb-21-2023-soda3-intloss_00000002,531,0.9378531073446328,0.4449854952341483,0.43102302669263376,0.9665354330708661,0.3684210526315789,0.0
llava,appod,H28,28,pal,pal__rosbag2_2025_07_11-13_23_07,2151,0.8582054858205486,0.8582054858205486,0.30789758985906096,0.8582054858205486,,
llava,appod,H28,28,pal,pal__rosbag2_2025_07_11-13_37_37,3038,0.6550362080315998,0.5431736347435768,0.342759116456695,0.9207719654647029,0.16557530402245088,
llava,appod,H28,28,pal,pal__rosbag2_2025_07_11-13_55_25,4060,0.31822660098522165,0.30035007994614155,0.2049334749224531,0.7939914163090128,0.10705882352941176,0.0
llava,appod,H30,30,crowdbot,crowdbot__defaced_2021-04-24-11-20-18,1619,0.32365657813465104,0.32610610221040265,0.21761267495452055,0.8049382716049382,0.1733800350262697,0.0
llava,appod,H30,30,crowdbot,crowdbot__defaced_2021-04-24-11-23-43,1032,0.47771317829457366,0.5325855771157314,0.29309376226708694,0.8778801843317973,0.18729096989966554,
llava,appod,H30,30,crowdbot,crowdbot__defaced_2021-04-24-11-35-54,1211,0.6218001651527663,0.3653368980219473,0.35483914667642047,0.852589641434263,0.24342105263157895,0.0
llava,appod,H30,30,crowdbot,crowdbot__defaced_2021-04-24-11-40-33,986,0.5273833671399595,0.32514332923583283,0.2855873982634546,0.8497316636851521,0.12569832402234637,0.0
llava,appod,H30,30,crowdbot,crowdbot__defaced_2021-04-24-11-43-54,583,0.4065180102915952,0.3132720937598987,0.2663686530034979,0.7272727272727273,0.21254355400696864,0.0
llava,appod,H30,30,crowdbot,crowdbot__defaced_2021-04-24-11-48-21,1555,0.5086816720257235,0.3405824731349009,0.3254862730837353,0.7164556962025317,0.30529172320217096,0.0
llava,appod,H30,30,crowdbot,crowdbot__defaced_2021-04-24-11-55-30,1815,0.5366391184573003,0.3336265374202772,0.31037127064393116,0.8052837573385518,0.1955958549222798,0.0
llava,appod,H30,30,huron,huron__bww1_Feb-16-2023-bww1-intloss_00000000,342,0.8625730994152047,0.4741608118657299,0.4528699103593003,0.9081967213114754,0.5142857142857142,0.0
llava,appod,H30,30,huron,huron__bww1_Feb-16-2023-bww1-intloss_00000001,1674,0.7240143369175627,0.29699331495738684,0.30109835007238445,0.7957418496340652,0.09523809523809523,0.0
llava,appod,H30,30,huron,huron__bww1_Feb-16-2023-bww1-intloss_00000002,334,0.7395209580838323,0.8665644171779141,0.3337858349800957,0.7331288343558282,1.0,
llava,appod,H30,30,huron,huron__bww2_Feb-20-2023-bww2-intloss_00000000,754,0.7175066312997348,0.2686697607136399,0.2846973648173948,0.7634560906515581,0.0425531914893617,0.0
llava,appod,H30,30,huron,huron__bww2_Feb-20-2023-bww2-intloss_00000001,819,0.7252747252747253,0.4733065442020666,0.30466264302110196,0.7276119402985075,0.6923076923076923,0.0
llava,appod,H30,30,huron,huron__bww2_Feb-20-2023-bww2-intloss_00000002,482,0.6224066390041494,0.4058441558441559,0.2806114312027584,0.6341991341991342,0.5833333333333334,0.0
llava,appod,H30,30,huron,huron__bww8_Feb-03-2023-bww8-intloss_00000000,1095,0.4410958904109589,0.28896151053013797,0.2730118411577451,0.47058823529411764,0.3962962962962963,0.0
llava,appod,H30,30,huron,huron__bww8_Feb-03-2023-bww8-intloss_00000001,1051,0.7849666983824929,0.460248522137773,0.41497961329184957,0.8251900108577633,0.5555555555555556,0.0
llava,appod,H30,30,huron,huron__bww8_Feb-03-2023-bww8-intloss_00000002,705,0.8085106382978723,0.36791991619136305,0.3617598047269228,0.9206611570247933,0.18309859154929578,0.0
llava,appod,H30,30,huron,huron__cory1_Feb-16-2023-cory1-intloss_00000000,1486,0.9098250336473755,0.316924519456165,0.31759455015268967,0.9507735583684951,0.0,0.0
llava,appod,H30,30,huron,huron__cory1_Feb-16-2023-cory1-intloss_00000001,2154,0.9340761374187558,0.5612225405921681,0.40965350990249433,0.9503342884431709,0.7333333333333333,0.0
llava,appod,H30,30,huron,huron__cory1_Feb-16-2023-cory1-intloss_00000002,1653,0.7894736842105263,0.41055999003354776,0.32907078953388963,0.8061480552070264,0.425531914893617,0.0
llava,appod,H30,30,huron,huron__soda3_Feb-21-2023-soda3-intloss_00000000,2414,0.8645401822700911,0.3299471343068073,0.32751327958082666,0.9436875567665758,0.046153846153846156,0.0
llava,appod,H30,30,huron,huron__soda3_Feb-21-2023-soda3-intloss_00000001,1368,0.5087719298245614,0.4387278326430923,0.3406496166554569,0.4158512720156556,0.9003322259136213,0.0
llava,appod,H30,30,huron,huron__soda3_Feb-21-2023-soda3-intloss_00000002,531,0.9340866290018832,0.4436731592761431,0.42552009067310154,0.9625984251968503,0.3684210526315789,0.0
llava,appod,H30,30,pal,pal__rosbag2_2025_07_11-13_23_07,2151,0.8628544862854486,0.8628544862854486,0.30879294567839616,0.8628544862854486,,
llava,appod,H30,30,pal,pal__rosbag2_2025_07_11-13_37_37,3038,0.6573403554970375,0.5470890951944095,0.34698944124225556,0.9192483494159471,0.17492984097287184,
llava,appod,H30,30,pal,pal__rosbag2_2025_07_11-13_55_25,4060,0.31822660098522165,0.30043479480490337,0.20452737502132945,0.7954220314735336,0.10588235294117647,0.0
llava,appod,H32,32,crowdbot,crowdbot__defaced_2021-04-24-11-20-18,1619,0.35145151327980234,0.33180471773583275,0.23907262287039246,0.7703703703703704,0.22504378283712784,0.0
llava,appod,H32,32,crowdbot,crowdbot__defaced_2021-04-24-11-23-43,1032,0.48255813953488375,0.5301311591634172,0.30496780672219265,0.8294930875576036,0.23076923076923078,
llava,appod,H32,32,crowdbot,crowdbot__defaced_2021-04-24-11-35-54,1211,0.6003303055326177,0.3633419538221383,0.36023088023088023,0.7742363877822045,0.3157894736842105,0.0
llava,appod,H32,32,crowdbot,crowdbot__defaced_2021-04-24-11-40-33,986,0.5192697768762677,0.32572963825399837,0.29590047371901124,0.8067978533094812,0.17039106145251395,0.0
llava,appod,H32,32,crowdbot,crowdbot__defaced_2021-04-24-11-43-54,583,0.43567753001715265,0.3323686660715485,0.2942618578351274,0.7148760330578512,0.28222996515679444,0.0
llava,appod,H32,32,crowdbot,crowdbot__defaced_2021-04-24-11-48-21,1555,0.5106109324758843,0.34263721667840313,0.3314697617158224,0.6873417721518987,0.3405698778833107,0.0
llava,appod,H32,32,crowdbot,crowdbot__defaced_2021-04-24-11-55-30,1815,0.5201101928374655,0.32785540222192927,0.3140182697381471,0.738747553816047,0.24481865284974094,0.0
llava,appod,H32,32,huron,huron__bww1_Feb-16-2023-bww1-intloss_00000000,342,0.8567251461988304,0.48040593286494926,0.4537745174548671,0.898360655737705,0.5428571428571428,0.0
llava,appod,H32,32,huron,huron__bww1_Feb-16-2023-bww1-intloss_00000001,1674,0.7168458781362007,0.2943319709786776,0.2989447784323848,0.7877578176979375,0.09523809523809523,0.0
llava,appod,H32,32,huron,huron__bww1_Feb-16-2023-bww1-intloss_00000002,334,0.7425149700598802,0.8680981595092024,0.3349730940668376,0.7361963190184049,1.0,
llava,appod,H32,32,huron,huron__bww2_Feb-20-2023-bww2-intloss_00000000,754,0.7175066312997348,0.2686697607136399,0.2846973648173948,0.7634560906515581,0.0425531914893617,0.0
llava,appod,H32,32,huron,huron__bww2_Feb-20-2023-bww2-intloss_00000001,819,0.702075702075702,0.46542926393672657,0.29752473230589166,0.7039800995024875,0.6923076923076923,0.0
llava,appod,H32,32,huron,huron__bww2_Feb-20-2023-bww2-intloss_00000002,482,0.6161825726141079,0.4577922077922078,0.2843448801113533,0.6233766233766234,0.75,0.0
llava,appod,H32,32,huron,huron__bww8_Feb-03-2023-bww8-intloss_00000000,1095,0.4246575342465753,0.2830868832954774,0.2653796376771617,0.4455569461827284,0.40370370370370373,0.0
llava,appod,H32,32,huron,huron__bww8_Feb-03-2023-bww8-intloss_00000001,1051,0.7773549000951475,0.4548660411852595,0.40969183033611123,0.8175895765472313,0.5470085470085471,0.0
llava,appod,H32,32,huron,huron__bww8_Feb-03-2023-bww8-intloss_00000002,705,0.8042553191489362,0.37041089512280295,0.36327948860772924,0.9140495867768595,0.19718309859154928,0.0
llava,appod,H32,32,huron,huron__cory1_Feb-16-2023-cory1-intloss_00000000,1486,0.9131897711978466,0.3180965775902485,0.3182084652362528,0.9542897327707455,0.0,0.0
llava,appod,H32,32,huron,huron__cory1_Feb-16-2023-cory1-intloss_00000001,2154,0.9294336118848654,0.5596306908627825,0.4047352375126915,0.9455587392550143,0.7333333333333333,0.0
llava,appod,H32,32,huron,huron__cory1_Feb-16-2023-cory1-intloss_00000002,1653,0.7858439201451906,0.42307144700428023,0.3307758665147658,0.801129234629862,0.46808510638297873,0.0
llava,appod,H32,32,huron,huron__soda3_Feb-21-2023-soda3-intloss_00000000,2414,0.8603976801988401,0.3299913831248981,0.32799296423528634,0.9386920980926431,0.05128205128205128,0.0
llava,appod,H32,32,huron,huron__soda3_Feb-21-2023-soda3-intloss_00000001,1368,0.5029239766081871,0.4408061408698554,0.3377064911767443,0.4021526418786693,0.920265780730897,0.0
llava,appod,H32,32,huron,huron__soda3_Feb-21-2023-soda3-intloss_00000002,531,0.9322033898305084,0.44301699129714045,0.42292490118577075,0.9606299212598425,0.3684210526315789,0.0
llava,appod,H32,32,pal,pal__rosbag2_2025_07_11-13_23_07,2151,0.8568107856810786,0.8568107856810786,0.30762810882991154,0.8568107856810786,,
llava,appod,H32,32,pal,pal__rosbag2_2025_07_11-13_37_37,3038,0.6596445029624753,0.5520735098422176,0.3526682783952206,0.915185373285932,0.18896164639850327,
llava,appod,H32,32,pal,pal__rosbag2_2025_07_11-13_55_25,4060,0.31305418719211825,0.29559707144660435,0.20108930715274745,0.7832618025751072,0.10352941176470588,0.0
