metric,model,approach,history_1,history_2,n_pairs,nonzero_pairs,friedman_holm_p,median_difference_h1_minus_h2,mean_difference_h1_minus_h2,wilcoxon_statistic,raw_p,holm_p,rank_biserial_h1_minus_h2,significant_holm,significant_better_history
accuracy,qwen,appfr,H02,H04,25,23,3.917591313096919e-05,0.0,0.0008314444765660567,113.0,0.4470311611751585,1.0,-0.18115942028985507,False,No difference
accuracy,qwen,appfr,H02,H06,25,25,3.917591313096919e-05,0.0018832391713747842,-0.0038183238048440813,162.0,1.0,1.0,0.003076923076923077,False,No difference
accuracy,qwen,appfr,H02,H08,25,24,3.917591313096919e-05,0.0,-0.0005992874144342641,148.0,0.954431397113681,1.0,0.013333333333333334,False,No difference
accuracy,qwen,appfr,H02,H10,25,24,3.917591313096919e-05,-0.0038585209003215715,-0.004527305402949686,139.0,0.7533040472859123,1.0,-0.07333333333333333,False,No difference
accuracy,qwen,appfr,H02,H12,25,24,3.917591313096919e-05,0.0,-0.0025029019405676633,144.0,0.8638867905449266,1.0,0.04,False,No difference
accuracy,qwen,appfr,H02,H14,25,25,3.917591313096919e-05,0.002389486260453988,-0.0048749369787895345,151.0,0.7711594104766846,1.0,-0.07076923076923076,False,No difference
accuracy,qwen,appfr,H02,H16,25,24,3.917591313096919e-05,0.0,-0.004452958493834302,136.0,0.6891565167793516,1.0,-0.09333333333333334,False,No difference
accuracy,qwen,appfr,H02,H18,25,25,3.917591313096919e-05,-0.0017921146953405742,-0.010344192804368718,124.0,0.312333345413208,1.0,-0.23692307692307693,False,No difference
accuracy,qwen,appfr,H02,H20,25,25,3.917591313096919e-05,-0.0014619883040936088,-0.01073131195254739,120.0,0.2634761333465576,1.0,-0.26153846153846155,False,No difference
accuracy,qwen,appfr,H02,H22,25,25,3.917591313096919e-05,-0.0014184397163120588,-0.010820194268930708,128.0,0.3665854334831238,1.0,-0.2123076923076923,False,No difference
accuracy,qwen,appfr,H02,H24,25,25,3.917591313096919e-05,-0.0017921146953405742,-0.011163006860583856,126.0,0.33878785371780396,1.0,-0.2246153846153846,False,No difference
accuracy,qwen,appfr,H02,H26,25,25,3.917591313096919e-05,-0.004844961240310086,-0.011567376616771203,116.0,0.21998637914657593,1.0,-0.28615384615384615,False,No difference
accuracy,qwen,appfr,H02,H28,25,25,3.917591313096919e-05,-0.006056527590847849,-0.012287693683041749,106.5,0.13184776568644038,1.0,-0.3446153846153846,False,No difference
accuracy,qwen,appfr,H02,H30,25,25,3.917591313096919e-05,-0.00907441016333932,-0.010980960510864944,111.0,0.17295855283737183,1.0,-0.3169230769230769,False,No difference
accuracy,qwen,appfr,H02,H32,25,25,3.917591313096919e-05,-0.0029239766081872176,-0.010750850014290145,115.0,0.20993918180465698,1.0,-0.2923076923076923,False,No difference
accuracy,qwen,appfr,H04,H06,25,22,3.917591313096919e-05,-0.0006430868167203174,-0.0046497682814101386,98.0,0.35482494312859736,1.0,-0.22529644268774704,False,No difference
accuracy,qwen,appfr,H04,H08,25,24,3.917591313096919e-05,0.0,-0.0014307318910003208,129.0,0.5485062355001472,1.0,-0.14,False,No difference
accuracy,qwen,appfr,H04,H10,25,24,3.917591313096919e-05,0.00041425020712504423,-0.005358749879515743,144.0,0.8638867905449266,1.0,0.04,False,No difference
accuracy,qwen,appfr,H04,H12,25,25,3.917591313096919e-05,0.0018596001859599864,-0.00333434641713372,159.5,0.9356611412487527,1.0,-0.018461538461538463,False,No difference
accuracy,qwen,appfr,H04,H14,25,24,3.917591313096919e-05,0.0004642525533889996,-0.005706381455355592,124.0,0.45756817506250735,1.0,-0.17333333333333334,False,No difference
accuracy,qwen,appfr,H04,H16,25,24,3.917591313096919e-05,0.0,-0.00528440297040036,122.0,0.4237107971667934,1.0,-0.18666666666666668,False,No difference
accuracy,qwen,appfr,H04,H18,25,24,3.917591313096919e-05,-0.0029868578255675127,-0.011175637280934774,98.0,0.1373547103361862,1.0,-0.3466666666666667,False,No difference
accuracy,qwen,appfr,H04,H20,25,24,3.917591313096919e-05,-0.0014619883040936088,-0.011562756429113448,92.0,0.09749059620220792,1.0,-0.38666666666666666,False,No difference
accuracy,qwen,appfr,H04,H22,25,25,3.917591313096919e-05,-0.002389486260453988,-0.011651638745496764,107.0,0.14091521501541138,1.0,-0.3415384615384615,False,No difference
accuracy,qwen,appfr,H04,H24,25,25,3.917591313096919e-05,-0.0029868578255675127,-0.011994451337149912,96.0,0.07547956705093384,1.0,-0.40923076923076923,False,No difference
accuracy,qwen,appfr,H04,H26,25,24,3.917591313096919e-05,-0.0032019704433497442,-0.01239882109333726,87.0,0.07186063822585158,1.0,-0.42,False,No difference
accuracy,qwen,appfr,H04,H28,25,25,3.917591313096919e-05,-0.0026333113890717463,-0.013119138159607807,94.0,0.06670159101486206,1.0,-0.42153846153846153,False,No difference
accuracy,qwen,appfr,H04,H30,25,25,3.917591313096919e-05,-0.005172413793103459,-0.011812404987431,76.0,0.018744707107543945,1.0,-0.5323076923076923,False,No difference
accuracy,qwen,appfr,H04,H32,25,24,3.917591313096919e-05,-0.003629764065335772,-0.011582294490856203,79.0,0.042501961142818866,1.0,-0.47333333333333333,False,No difference
accuracy,qwen,appfr,H06,H08,25,23,3.917591313096919e-05,0.0,0.0032190363904098175,107.0,0.3457507008948919,1.0,0.2246376811594203,False,No difference
accuracy,qwen,appfr,H06,H10,25,25,3.917591313096919e-05,0.0012210012210012167,-0.0007089815981056047,129.0,0.3809836506843567,1.0,0.20615384615384616,False,No difference
accuracy,qwen,appfr,H06,H12,25,24,3.917591313096919e-05,0.00046425255338911064,0.0013154218642764182,141.0,0.7970684943591221,1.0,0.06,False,No difference
accuracy,qwen,appfr,H06,H14,25,21,3.917591313096919e-05,0.0,-0.0010566131739454532,99.0,0.5663053702569848,1.0,-0.14285714285714285,False,No difference
accuracy,qwen,appfr,H06,H16,25,24,3.917591313096919e-05,0.0,-0.000634634688990221,126.0,0.4928932964396343,1.0,-0.16,False,No difference
accuracy,qwen,appfr,H06,H18,25,22,3.917591313096919e-05,-0.0013458950201884479,-0.006525868999524636,88.0,0.21132602018191227,1.0,-0.30434782608695654,False,No difference
accuracy,qwen,appfr,H06,H20,25,23,3.917591313096919e-05,-0.0020746887966804906,-0.00691298814770331,95.0,0.1909265697823631,1.0,-0.3115942028985507,False,No difference
accuracy,qwen,appfr,H06,H22,25,23,3.917591313096919e-05,-0.0020746887966804906,-0.007001870464086626,102.0,0.2735436610893661,1.0,-0.2608695652173913,False,No difference
accuracy,qwen,appfr,H06,H24,25,22,3.917591313096919e-05,-0.0006729475100941684,-0.007344683055739773,88.0,0.21132602018191227,1.0,-0.30434782608695654,False,No difference
accuracy,qwen,appfr,H06,H26,25,23,3.917591313096919e-05,-0.0020746887966804906,-0.007749052811927122,79.0,0.07273623070102449,1.0,-0.427536231884058,False,No difference
accuracy,qwen,appfr,H06,H28,25,22,3.917591313096919e-05,-0.0020746887966804906,-0.008469369878197668,67.0,0.05339578044263108,1.0,-0.47035573122529645,False,No difference
accuracy,qwen,appfr,H06,H30,25,23,3.917591313096919e-05,-0.0020746887966804906,-0.007162636706020862,92.0,0.16178664110148655,1.0,-0.3333333333333333,False,No difference
accuracy,qwen,appfr,H06,H32,25,22,3.917591313096919e-05,0.0,-0.006932526209446063,96.0,0.32207523283525596,1.0,-0.24110671936758893,False,No difference
accuracy,qwen,appfr,H08,H10,25,24,3.917591313096919e-05,0.00046425255338911064,-0.003928017988515422,146.0,0.9090113066460508,1.0,0.02666666666666667,False,No difference
accuracy,qwen,appfr,H08,H12,25,22,3.917591313096919e-05,0.0,-0.0019036145261333993,116.0,0.7331868995612068,1.0,0.08300395256916997,False,No difference
accuracy,qwen,appfr,H08,H14,25,22,3.917591313096919e-05,0.0,-0.00427564956435527,116.0,0.7331868995612068,1.0,-0.08300395256916997,False,No difference
accuracy,qwen,appfr,H08,H16,25,21,3.917591313096919e-05,0.0,-0.0038536710794000385,115.0,0.9861333548723077,1.0,-0.004329004329004329,False,No difference
accuracy,qwen,appfr,H08,H18,25,23,3.917591313096919e-05,-0.0024420024420024333,-0.009744905389934453,63.0,0.022541258667558565,1.0,-0.5434782608695652,False,No difference
accuracy,qwen,appfr,H08,H20,25,24,3.917591313096919e-05,-0.00366300366300365,-0.010132024538113127,77.0,0.03700451161641875,1.0,-0.4866666666666667,False,No difference
accuracy,qwen,appfr,H08,H22,25,24,3.917591313096919e-05,-0.0029940119760478723,-0.010220906854496442,65.0,0.015158438877439449,1.0,-0.5666666666666667,False,No difference
accuracy,qwen,appfr,H08,H24,25,24,3.917591313096919e-05,-0.004710632570659401,-0.01056371944614959,40.0,0.0016730747221523166,0.20076896665827798,-0.7333333333333333,False,No difference
accuracy,qwen,appfr,H08,H26,25,24,3.917591313096919e-05,-0.0029940119760478723,-0.01096808920233694,59.0,0.009322376047437493,1.0,-0.6066666666666667,False,No difference
accuracy,qwen,appfr,H08,H28,25,24,3.917591313096919e-05,-0.0032019704433497442,-0.011688406268607485,56.0,0.00723749486912432,0.8178369202110481,-0.6266666666666667,False,No difference
accuracy,qwen,appfr,H08,H30,25,24,3.917591313096919e-05,-0.00366300366300365,-0.010381673096430679,56.0,0.00723749486912432,0.8178369202110481,-0.6266666666666667,False,No difference
accuracy,qwen,appfr,H08,H32,25,24,3.917591313096919e-05,-0.00366300366300365,-0.010151562599855881,70.0,0.022270978959232784,1.0,-0.5333333333333333,False,No difference
accuracy,qwen,appfr,H10,H12,25,22,3.917591313096919e-05,0.0,0.002024403462382023,116.0,0.7331868995612068,1.0,0.08300395256916997,False,No difference
accuracy,qwen,appfr,H10,H14,25,23,3.917591313096919e-05,-0.000604960677555999,-0.0003476315758398485,112.0,0.429067256009819,1.0,-0.18840579710144928,False,No difference
accuracy,qwen,appfr,H10,H16,25,23,3.917591313096919e-05,-0.0018264840182649067,7.434690911538366e-05,103.0,0.28709167639284705,1.0,-0.2536231884057971,False,No difference
accuracy,qwen,appfr,H10,H18,25,23,3.917591313096919e-05,-0.005418719211822631,-0.005816887401419031,47.0,0.005644287492610328,0.6603816366354084,-0.6594202898550725,False,No difference
accuracy,qwen,appfr,H10,H20,25,23,3.917591313096919e-05,-0.0064039408866994885,-0.006204006549597705,47.0,0.005644287492610328,0.6603816366354084,-0.6594202898550725,False,No difference
accuracy,qwen,appfr,H10,H22,25,23,3.917591313096919e-05,-0.00605652759084796,-0.006292888865981021,68.0,0.03325039468686109,1.0,-0.5072463768115942,False,No difference
accuracy,qwen,appfr,H10,H24,25,22,3.917591313096919e-05,-0.006105006105006083,-0.006635701457634169,35.0,0.002972118525693996,0.35368210455758553,-0.7233201581027668,False,No difference
accuracy,qwen,appfr,H10,H26,25,24,3.917591313096919e-05,-0.004037685060565233,-0.007040071213821517,73.0,0.02780689502699719,1.0,-0.5133333333333333,False,No difference
accuracy,qwen,appfr,H10,H28,25,24,3.917591313096919e-05,-0.005116959064327409,-0.007760388280092063,64.0,0.014004698339500191,1.0,-0.5733333333333334,False,No difference
accuracy,qwen,appfr,H10,H30,25,23,3.917591313096919e-05,-0.005813953488372103,-0.0064536551079152574,62.0,0.020803242477548358,1.0,-0.5507246376811594,False,No difference
accuracy,qwen,appfr,H10,H32,25,24,3.917591313096919e-05,-0.003364737550471064,-0.006223544611340459,85.0,0.06329083223334525,1.0,-0.43333333333333335,False,No difference
accuracy,qwen,appfr,H12,H14,25,23,3.917591313096919e-05,-0.00046425255338911064,-0.002372035038221871,114.0,0.46538952128032496,1.0,-0.17391304347826086,False,No difference
accuracy,qwen,appfr,H12,H16,25,23,3.917591313096919e-05,-0.0012210012210012167,-0.0019500565532666392,111.0,0.4115302280988584,1.0,-0.1956521739130435,False,No difference
accuracy,qwen,appfr,H12,H18,25,20,3.917591313096919e-05,-0.0019029495718363432,-0.007841290863801054,43.0,0.020633435105949553,1.0,-0.5904761904761905,False,No difference
accuracy,qwen,appfr,H12,H20,25,22,3.917591313096919e-05,-0.0029940119760478723,-0.008228410011979728,54.0,0.01858462375906245,1.0,-0.5731225296442688,False,No difference
accuracy,qwen,appfr,H12,H22,25,24,3.917591313096919e-05,-0.003024803387779773,-0.008317292328363044,64.0,0.014004698339500191,1.0,-0.5733333333333334,False,No difference
accuracy,qwen,appfr,H12,H24,25,23,3.917591313096919e-05,-0.005847953216374324,-0.008660104920016192,48.0,0.006193715096235894,0.7060835209708919,-0.6521739130434783,False,No difference
accuracy,qwen,appfr,H12,H26,25,23,3.917591313096919e-05,-0.0029940119760478723,-0.00906447467620354,56.0,0.012630323368642548,1.0,-0.5942028985507246,False,No difference
accuracy,qwen,appfr,H12,H28,25,24,3.917591313096919e-05,-0.005847953216374324,-0.009784791742474087,53.0,0.0055810915679556945,0.6585688050187719,-0.6466666666666666,False,No difference
accuracy,qwen,appfr,H12,H30,25,24,3.917591313096919e-05,-0.004757373929590858,-0.00847805857029728,76.0,0.034490871763967416,1.0,-0.49333333333333335,False,No difference
accuracy,qwen,appfr,H12,H32,25,24,3.917591313096919e-05,-0.0029940119760478723,-0.008247948073722483,86.0,0.06746383613161147,1.0,-0.4266666666666667,False,No difference
accuracy,qwen,appfr,H14,H16,25,20,3.917591313096919e-05,0.0,0.00042197848495523216,105.0,1.0,1.0,0.0,False,No difference
accuracy,qwen,appfr,H14,H18,25,21,3.917591313096919e-05,-0.0018264840182647957,-0.005469255825579182,59.0,0.04955245211417102,1.0,-0.48917748917748916,False,No difference
accuracy,qwen,appfr,H14,H20,25,19,3.917591313096919e-05,-0.0006729475100941684,-0.005856374973757857,44.0,0.040135536373545506,1.0,-0.5368421052631579,False,No difference
accuracy,qwen,appfr,H14,H22,25,21,3.917591313096919e-05,-0.0023041474654378336,-0.005945257290141173,64.0,0.07345086128284452,1.0,-0.4458874458874459,False,No difference
accuracy,qwen,appfr,H14,H24,25,20,3.917591313096919e-05,-0.0014619883040934978,-0.00628806988179432,47.0,0.030365113315399057,1.0,-0.5523809523809524,False,No difference
accuracy,qwen,appfr,H14,H26,25,22,3.917591313096919e-05,-0.0018832391713747842,-0.006692439637981669,56.0,0.022089328068250483,1.0,-0.5573122529644269,False,No difference
accuracy,qwen,appfr,H14,H28,25,22,3.917591313096919e-05,-0.003629764065335772,-0.007412756704252215,51.0,0.014239798947219487,1.0,-0.5968379446640316,False,No difference
accuracy,qwen,appfr,H14,H30,25,22,3.917591313096919e-05,-0.00423472474289166,-0.006106023532075408,61.0,0.033461641724253414,1.0,-0.5177865612648221,False,No difference
accuracy,qwen,appfr,H14,H32,25,22,3.917591313096919e-05,-0.0013262599469495706,-0.00587591303550061,70.0,0.06660810358411856,1.0,-0.44664031620553357,False,No difference
accuracy,qwen,appfr,H16,H18,25,23,3.917591313096919e-05,-0.0013262599469495706,-0.0058912343105344146,75.0,0.05534701671168453,1.0,-0.45652173913043476,False,No difference
accuracy,qwen,appfr,H16,H20,25,22,3.917591313096919e-05,-0.002419842710223774,-0.006278353458713089,61.0,0.033461641724253414,1.0,-0.5177865612648221,False,No difference
accuracy,qwen,appfr,H16,H22,25,21,3.917591313096919e-05,-0.0013166556945359842,-0.006367235775096405,60.0,0.05372470829093752,1.0,-0.4805194805194805,False,No difference
accuracy,qwen,appfr,H16,H24,25,21,3.917591313096919e-05,-0.0026525198938991412,-0.006710048366749552,46.0,0.01570686359758342,1.0,-0.6017316017316018,False,No difference
accuracy,qwen,appfr,H16,H26,25,21,3.917591313096919e-05,-0.0026525198938991412,-0.007114418122936901,50.0,0.0228085645428799,1.0,-0.5670995670995671,False,No difference
accuracy,qwen,appfr,H16,H28,25,21,3.917591313096919e-05,-0.0049261083743842304,-0.007834735189207447,36.0,0.005723186500070235,0.6603816366354084,-0.6883116883116883,False,No difference
accuracy,qwen,appfr,H16,H30,25,21,3.917591313096919e-05,-0.0032543003254300595,-0.0065280020170306405,60.0,0.05372470829093752,1.0,-0.4805194805194805,False,No difference
accuracy,qwen,appfr,H16,H32,25,22,3.917591313096919e-05,-0.00296247531270577,-0.006297891520455842,70.0,0.06660810358411856,1.0,-0.44664031620553357,False,No difference
accuracy,qwen,appfr,H18,H20,25,22,3.917591313096919e-05,-0.00041425020712515526,-0.000387119148178674,100.0,0.3896017975794499,1.0,-0.20948616600790515,False,No difference
accuracy,qwen,appfr,H18,H22,25,23,3.917591313096919e-05,-0.0012210012210012167,-0.0004760014645619903,96.0,0.2014511720662171,1.0,-0.30434782608695654,False,No difference
accuracy,qwen,appfr,H18,H24,25,21,3.917591313096919e-05,-0.00041425020712515526,-0.0008188140562151381,89.0,0.357009849322944,1.0,-0.22943722943722944,False,No difference
accuracy,qwen,appfr,H18,H26,25,24,3.917591313096919e-05,-0.0013262599469495706,-0.0012231838124024863,110.0,0.2530979089471155,1.0,-0.26666666666666666,False,No difference
accuracy,qwen,appfr,H18,H28,25,23,3.917591313096919e-05,-0.0013262599469495706,-0.0019435008786730323,90.0,0.14431267887665597,1.0,-0.34782608695652173,False,No difference
accuracy,qwen,appfr,H18,H30,25,24,3.917591313096919e-05,-0.002192982456140413,-0.0006367677064962263,114.0,0.3036811097223192,1.0,-0.24,False,No difference
accuracy,qwen,appfr,H18,H32,25,24,3.917591313096919e-05,-0.0012210012210012167,-0.00040665720992142827,122.0,0.4237107971667934,1.0,-0.18666666666666668,False,No difference
accuracy,qwen,appfr,H20,H22,25,19,3.917591313096919e-05,0.0,-8.888231638331634e-05,80.0,0.5460878490645904,1.0,-0.15789473684210525,False,No difference
accuracy,qwen,appfr,H20,H24,25,20,3.917591313096919e-05,-0.00046425255338911064,-0.00043169490803646404,90.0,0.5754862281364963,1.0,-0.14285714285714285,False,No difference
accuracy,qwen,appfr,H20,H26,25,21,3.917591313096919e-05,-0.0006729475100941684,-0.0008360646642238123,88.0,0.33915541347158473,1.0,-0.23809523809523808,False,No difference
accuracy,qwen,appfr,H20,H28,25,21,3.917591313096919e-05,-0.0013262599469495706,-0.0015563817304943583,84.0,0.2735753578226747,1.0,-0.2727272727272727,False,No difference
accuracy,qwen,appfr,H20,H30,25,19,3.917591313096919e-05,0.0,-0.0002496485583175523,74.0,0.39806292572561963,1.0,-0.22105263157894736,False,No difference
accuracy,qwen,appfr,H20,H32,25,20,3.917591313096919e-05,-0.00046425255338911064,-1.95380617427543e-05,88.0,0.5256531981764858,1.0,-0.1619047619047619,False,No difference
accuracy,qwen,appfr,H22,H24,25,16,3.917591313096919e-05,0.0,-0.0003428125916531477,55.0,0.5014474714870738,1.0,-0.19117647058823528,False,No difference
accuracy,qwen,appfr,H22,H26,25,16,3.917591313096919e-05,0.0,-0.000747182347840496,59.0,0.6416601266046645,1.0,-0.1323529411764706,False,No difference
accuracy,qwen,appfr,H22,H28,25,17,3.917591313096919e-05,0.0,-0.001467499414111042,58.0,0.3811632511856291,1.0,-0.24183006535947713,False,No difference
accuracy,qwen,appfr,H22,H30,25,18,3.917591313096919e-05,0.0,-0.00016076624193423595,74.0,0.6164914109936318,1.0,-0.13450292397660818,False,No difference
accuracy,qwen,appfr,H22,H32,25,17,3.917591313096919e-05,0.0,6.934425464056205e-05,61.0,0.4631068149666542,1.0,-0.20261437908496732,False,No difference
accuracy,qwen,appfr,H24,H26,25,16,3.917591313096919e-05,0.0,-0.00040436975618734827,64.0,0.836138661741041,1.0,0.058823529411764705,False,No difference
accuracy,qwen,appfr,H24,H28,25,17,3.917591313096919e-05,0.0,-0.0011246868224578943,66.0,0.6191537066890378,1.0,-0.13725490196078433,False,No difference
accuracy,qwen,appfr,H24,H30,25,18,3.917591313096919e-05,0.0,0.00018204634971891176,81.0,0.8446284810712963,1.0,-0.05263157894736842,False,No difference
accuracy,qwen,appfr,H24,H32,25,15,3.917591313096919e-05,0.0,0.00041215684629370976,58.0,0.9095609385561121,1.0,-0.03333333333333333,False,No difference
accuracy,qwen,appfr,H26,H28,25,17,3.917591313096919e-05,0.0,-0.0007203170662705461,53.0,0.2659466461059248,1.0,-0.30718954248366015,False,No difference
accuracy,qwen,appfr,H26,H30,25,17,3.917591313096919e-05,0.0,0.0005864161059062601,69.0,0.7225627705707576,1.0,-0.09803921568627451,False,No difference
accuracy,qwen,appfr,H26,H32,25,17,3.917591313096919e-05,0.0,0.000816526602481058,75.0,0.9433920568226559,1.0,-0.0196078431372549,False,No difference
accuracy,qwen,appfr,H28,H30,25,17,3.917591313096919e-05,0.0,0.001306733172176806,63.0,0.5227810104666994,1.0,0.17647058823529413,False,No difference
accuracy,qwen,appfr,H28,H32,25,17,3.917591313096919e-05,0.0,0.001536843668751604,60.0,0.43475617175843206,1.0,0.21568627450980393,False,No difference
accuracy,qwen,appfr,H30,H32,25,17,3.917591313096919e-05,0.0,0.000230110496574798,71.0,0.7945864126678862,1.0,0.0718954248366013,False,No difference
accuracy,qwen,appod,H02,H04,25,25,7.173706809430005e-15,0.02722323049001818,0.024627023130857465,92.0,0.05875152349472046,1.0,0.4338461538461538,False,No difference
accuracy,qwen,appod,H02,H06,25,24,7.173706809430005e-15,-0.0237442922374429,-0.018295213229719,53.0,0.0055810915679556945,0.40725356340408325,-0.6466666666666666,False,No difference
accuracy,qwen,appod,H02,H08,25,24,7.173706809430005e-15,-0.009929078014184411,-0.007028643955965821,77.0,0.03700451161641875,1.0,-0.4866666666666667,False,No difference
accuracy,qwen,appod,H02,H10,25,24,7.173706809430005e-15,-0.014336917562724039,-0.020707384598497698,53.0,0.0055810915679556945,0.40725356340408325,-0.6466666666666666,False,No difference
accuracy,qwen,appod,H02,H12,25,25,7.173706809430005e-15,-0.017021276595744705,-0.02238158809038829,82.0,0.029578447341918945,1.0,-0.49538461538461537,False,No difference
accuracy,qwen,appod,H02,H14,25,25,7.173706809430005e-15,-0.02636916835699793,-0.030289121151419525,62.0,0.005578815937042236,0.40725356340408325,-0.6184615384615385,False,No difference
accuracy,qwen,appod,H02,H16,25,25,7.173706809430005e-15,-0.019115890083632014,-0.025872755903509796,74.0,0.01597297191619873,0.8944864273071289,-0.5446153846153846,False,No difference
accuracy,qwen,appod,H02,H18,25,24,7.173706809430005e-15,-0.027444253859348233,-0.03251113127534151,51.0,0.004675626589095523,0.3459963675930687,-0.66,False,No difference
accuracy,qwen,appod,H02,H20,25,25,7.173706809430005e-15,-0.01682368775235532,-0.021506825911978732,93.0,0.0626264214515686,1.0,-0.4276923076923077,False,No difference
accuracy,qwen,appod,H02,H22,25,25,7.173706809430005e-15,-0.016129032258064502,-0.027368246254985587,74.0,0.01597297191619873,0.8944864273071289,-0.5446153846153846,False,No difference
accuracy,qwen,appod,H02,H24,25,23,7.173706809430005e-15,-0.0174966352624496,-0.032869377167817654,39.0,0.002603199399433283,0.21606555015296247,-0.717391304347826,False,No difference
accuracy,qwen,appod,H02,H26,25,24,7.173706809430005e-15,-0.0174966352624496,-0.035948639469929045,33.0,0.0008292057593073193,0.08374978169003926,-0.78,False,No difference
accuracy,qwen,appod,H02,H28,25,24,7.173706809430005e-15,-0.029787234042553234,-0.036351180260657576,42.0,0.0020306384450003404,0.18226146697998047,-0.72,False,No difference
accuracy,qwen,appod,H02,H30,25,25,7.173706809430005e-15,-0.028901734104046173,-0.04147827485733927,26.0,6.365776062011719e-05,0.0076389312744140625,-0.84,True,H30
accuracy,qwen,appod,H02,H32,25,25,7.173706809430005e-15,-0.03378995433789955,-0.045033385470741275,31.0,0.0001398921012878418,0.016507267951965332,-0.8092307692307692,True,H32
accuracy,qwen,appod,H04,H06,25,25,7.173706809430005e-15,-0.04076590487955528,-0.04292223636057647,32.0,0.00016230344772338867,0.018827199935913086,-0.803076923076923,True,H06
accuracy,qwen,appod,H04,H08,25,25,7.173706809430005e-15,-0.038297872340425476,-0.03165566708682328,57.0,0.003419220447540283,0.2666991949081421,-0.6492307692307693,False,No difference
accuracy,qwen,appod,H04,H10,25,24,7.173706809430005e-15,-0.04852521408182686,-0.045334407729355174,30.0,0.0006067668456360628,0.0637105187917866,-0.8,False,No difference
accuracy,qwen,appod,H04,H12,25,25,7.173706809430005e-15,-0.04662226450999052,-0.04700861122124576,44.0,0.0008081197738647461,0.0824282169342041,-0.7292307692307692,False,No difference
accuracy,qwen,appod,H04,H14,25,25,7.173706809430005e-15,-0.05328258801141772,-0.054916144282277,38.0,0.0003764033317565918,0.04027515649795532,-0.7661538461538462,True,H14
accuracy,qwen,appod,H04,H16,25,25,7.173706809430005e-15,-0.052482269503546064,-0.05049977903436727,50.0,0.001625359058380127,0.1560344696044922,-0.6923076923076923,False,No difference
accuracy,qwen,appod,H04,H18,25,24,7.173706809430005e-15,-0.052482269503546064,-0.05713815440619897,43.0,0.002234577508303178,0.19664282073067965,-0.7133333333333334,False,No difference
accuracy,qwen,appod,H04,H20,25,24,7.173706809430005e-15,-0.04539007092198577,-0.0461338490428362,59.0,0.009322376047437493,0.5964014558851392,-0.6066666666666667,False,No difference
accuracy,qwen,appod,H04,H22,25,24,7.173706809430005e-15,-0.04255319148936165,-0.05199526938584304,43.0,0.002234577508303178,0.19664282073067965,-0.7133333333333334,False,No difference
accuracy,qwen,appod,H04,H24,25,25,7.173706809430005e-15,-0.045638945233265726,-0.05749640029867511,34.0,0.00021690130233764648,0.024509847164154053,-0.7907692307692308,True,H24
accuracy,qwen,appod,H04,H26,25,25,7.173706809430005e-15,-0.05882352941176472,-0.06057566260078651,31.0,0.0001398921012878418,0.016507267951965332,-0.8092307692307692,True,H26
accuracy,qwen,appod,H04,H28,25,25,7.173706809430005e-15,-0.056591639871382604,-0.06097820339151504,32.0,0.00016230344772338867,0.018827199935913086,-0.803076923076923,True,H28
accuracy,qwen,appod,H04,H30,25,25,7.173706809430005e-15,-0.0675547098001903,-0.06610529798819673,27.0,7.49826431274414e-05,0.008922934532165527,-0.8338461538461538,True,H30
accuracy,qwen,appod,H04,H32,25,25,7.173706809430005e-15,-0.0675547098001903,-0.06966040860159874,33.0,0.00018787384033203125,0.021417617797851562,-0.796923076923077,True,H32
accuracy,qwen,appod,H06,H08,25,25,7.173706809430005e-15,0.010291595197255587,0.011266569273753177,50.0,0.001625359058380127,0.1560344696044922,0.6923076923076923,False,No difference
accuracy,qwen,appod,H06,H10,25,23,7.173706809430005e-15,-0.004884004884004867,-0.0024121713687786993,107.0,0.3457507008948919,1.0,-0.2246376811594203,False,No difference
accuracy,qwen,appod,H06,H12,25,24,7.173706809430005e-15,-0.006254114549045453,-0.004086374860669289,109.0,0.24142655338204444,1.0,-0.2733333333333333,False,No difference
accuracy,qwen,appod,H06,H14,25,24,7.173706809430005e-15,-0.01144010767160164,-0.011993907921700528,66.0,0.016395071849192262,0.8944864273071289,-0.56,False,No difference
accuracy,qwen,appod,H06,H16,25,25,7.173706809430005e-15,-0.008563273073263544,-0.007577542673790798,105.0,0.12664812803268433,1.0,-0.35384615384615387,False,No difference
accuracy,qwen,appod,H06,H18,25,25,7.173706809430005e-15,-0.012099213551119203,-0.014215918045622509,91.0,0.055070459842681885,1.0,-0.44,False,No difference
accuracy,qwen,appod,H06,H20,25,25,7.173706809430005e-15,-0.010466222645099887,-0.003211612682259732,132.0,0.42614197731018066,1.0,-0.18769230769230769,False,No difference
accuracy,qwen,appod,H06,H22,25,25,7.173706809430005e-15,-0.011417697431018059,-0.009073033025266585,100.0,0.09573346376419067,1.0,-0.38461538461538464,False,No difference
accuracy,qwen,appod,H06,H24,25,24,7.173706809430005e-15,-0.014970059880239472,-0.014574163938098648,61.0,0.010995017215527,0.670696050147147,-0.5933333333333334,False,No difference
accuracy,qwen,appod,H06,H26,25,25,7.173706809430005e-15,-0.015477792732166984,-0.01765342624021005,57.0,0.003419220447540283,0.2666991949081421,-0.6492307692307693,False,No difference
accuracy,qwen,appod,H06,H28,25,23,7.173706809430005e-15,-0.016438356164383605,-0.018055967030938577,48.0,0.006193715096235894,0.42904436588287354,-0.6521739130434783,False,No difference
accuracy,qwen,appod,H06,H30,25,25,7.173706809430005e-15,-0.01949860724233976,-0.023183061627620266,40.0,0.0004894733428955078,0.05188417434692383,-0.7538461538461538,False,No difference
accuracy,qwen,appod,H06,H32,25,25,7.173706809430005e-15,-0.020958083832335328,-0.026738172241022276,54.0,0.002507925033569336,0.21317362785339355,-0.6676923076923077,False,No difference
accuracy,qwen,appod,H08,H10,25,25,7.173706809430005e-15,-0.012534818941504211,-0.013678740642531877,54.0,0.002507925033569336,0.21317362785339355,-0.6676923076923077,False,No difference
accuracy,qwen,appod,H08,H12,25,25,7.173706809430005e-15,-0.010932475884244286,-0.015352944134422467,72.0,0.013554692268371582,0.7997268438339233,-0.556923076923077,False,No difference
accuracy,qwen,appod,H08,H14,25,25,7.173706809430005e-15,-0.026862026862026878,-0.023260477195453707,55.0,0.0027848482131958008,0.22835755348205566,-0.6615384615384615,False,No difference
accuracy,qwen,appod,H08,H16,25,23,7.173706809430005e-15,-0.014184397163120588,-0.018844111947543974,60.0,0.01767455609157178,0.9367514728533043,-0.5652173913043478,False,No difference
accuracy,qwen,appod,H08,H18,25,25,7.173706809430005e-15,-0.02197802197802201,-0.025482487319375687,63.0,0.006129205226898193,0.42904436588287354,-0.6123076923076923,False,No difference
accuracy,qwen,appod,H08,H20,25,25,7.173706809430005e-15,-0.015531660692950977,-0.01447818195601291,92.0,0.05875152349472046,1.0,-0.4338461538461538,False,No difference
accuracy,qwen,appod,H08,H22,25,25,7.173706809430005e-15,-0.019536019536019578,-0.020339602299019766,78.0,0.021908342838287354,1.0,-0.52,False,No difference
accuracy,qwen,appod,H08,H24,25,25,7.173706809430005e-15,-0.022835394862036118,-0.025840733211851825,42.0,0.0006313323974609375,0.0656585693359375,-0.7415384615384616,False,No difference
accuracy,qwen,appod,H08,H26,25,25,7.173706809430005e-15,-0.020932445290199775,-0.028919995513963227,35.0,0.0002498030662536621,0.02722853422164917,-0.7846153846153846,True,H26
accuracy,qwen,appod,H08,H28,25,25,7.173706809430005e-15,-0.024198427102238296,-0.029322536304691754,34.0,0.00021690130233764648,0.024509847164154053,-0.7907692307692308,True,H28
accuracy,qwen,appod,H08,H30,25,24,7.173706809430005e-15,-0.0232126276694522,-0.03444963090137345,24.0,0.00031821718031506727,0.03436745547402727,-0.84,True,H30
accuracy,qwen,appod,H08,H32,25,24,7.173706809430005e-15,-0.025531914893617058,-0.03800474151477545,33.0,0.0008292057593073193,0.08374978169003926,-0.78,False,No difference
accuracy,qwen,appod,H10,H12,25,25,7.173706809430005e-15,-0.0029940119760478723,-0.001674203491890589,125.0,0.325391948223114,1.0,-0.23076923076923078,False,No difference
accuracy,qwen,appod,H10,H14,25,25,7.173706809430005e-15,-0.008748317631224745,-0.009581736552921829,87.0,0.04215019941329956,1.0,-0.4646153846153846,False,No difference
accuracy,qwen,appod,H10,H16,25,25,7.173706809430005e-15,-0.006660323501427201,-0.005165371305012098,128.0,0.3665854334831238,1.0,-0.2123076923076923,False,No difference
accuracy,qwen,appod,H10,H18,25,25,7.173706809430005e-15,-0.0119760479041916,-0.011803746676843809,107.0,0.14091521501541138,1.0,-0.3415384615384615,False,No difference
accuracy,qwen,appod,H10,H20,25,25,7.173706809430005e-15,-0.00928505106778088,-0.0007994413134810329,148.0,0.7111607789993286,1.0,-0.08923076923076922,False,No difference
accuracy,qwen,appod,H10,H22,25,25,7.173706809430005e-15,-0.009514747859181716,-0.006660861656487886,120.0,0.2634761333465576,1.0,-0.26153846153846155,False,No difference
accuracy,qwen,appod,H10,H24,25,24,7.173706809430005e-15,-0.01187214611872145,-0.012161992569319949,71.0,0.023999149663337077,1.0,-0.5266666666666666,False,No difference
accuracy,qwen,appod,H10,H26,25,24,7.173706809430005e-15,-0.01200686106346488,-0.015241254871431348,61.0,0.010995017215527,0.670696050147147,-0.5933333333333334,False,No difference
accuracy,qwen,appod,H10,H28,25,24,7.173706809430005e-15,-0.012786002691790088,-0.015643795662159878,59.0,0.0093187727482053,0.5964014558851392,-0.6066666666666667,False,No difference
accuracy,qwen,appod,H10,H30,25,25,7.173706809430005e-15,-0.013184584178498937,-0.02077089025884157,52.0,0.002025127410888672,0.18226146697998047,-0.68,False,No difference
accuracy,qwen,appod,H10,H32,25,25,7.173706809430005e-15,-0.017094017094017033,-0.024326000872243573,55.0,0.0027848482131958008,0.22835755348205566,-0.6615384615384615,False,No difference
accuracy,qwen,appod,H12,H14,25,24,7.173706809430005e-15,-0.006105006105006083,-0.00790753306103124,48.0,0.0035650346308531587,0.2673775973139869,-0.68,False,No difference
accuracy,qwen,appod,H12,H16,25,24,7.173706809430005e-15,-0.0029239766081871066,-0.0034911678131215097,95.0,0.11608313373865504,1.0,-0.36666666666666664,False,No difference
accuracy,qwen,appod,H12,H18,25,24,7.173706809430005e-15,-0.006654567453115545,-0.01012954318495322,78.0,0.03967248626597541,1.0,-0.48,False,No difference
accuracy,qwen,appod,H12,H20,25,23,7.173706809430005e-15,-0.003629764065335661,0.0008747621784095561,137.0,0.975736119417176,1.0,0.007246376811594203,False,No difference
accuracy,qwen,appod,H12,H22,25,25,7.173706809430005e-15,-0.00510677808727944,-0.004986658164597297,111.0,0.17295855283737183,1.0,-0.3169230769230769,False,No difference
accuracy,qwen,appod,H12,H24,25,25,7.173706809430005e-15,-0.007751937984496138,-0.010487789077429359,50.0,0.001625359058380127,0.1560344696044922,-0.6923076923076923,False,No difference
accuracy,qwen,appod,H12,H26,25,25,7.173706809430005e-15,-0.008547008547008517,-0.01356705137954076,53.0,0.002255260944366455,0.19664282073067965,-0.6738461538461539,False,No difference
accuracy,qwen,appod,H12,H28,25,24,7.173706809430005e-15,-0.010610079575596787,-0.01396959217026929,40.0,0.0016730747221523166,0.1560344696044922,-0.7333333333333333,False,No difference
accuracy,qwen,appod,H12,H30,25,25,7.173706809430005e-15,-0.011299435028248594,-0.019096686766950983,47.0,0.0011548399925231934,0.11317431926727295,-0.7107692307692308,False,No difference
accuracy,qwen,appod,H12,H32,25,25,7.173706809430005e-15,-0.012704174228675091,-0.022651797380352987,34.0,0.00021690130233764648,0.024509847164154053,-0.7907692307692308,True,H32
accuracy,qwen,appod,H14,H16,25,25,7.173706809430005e-15,0.001814882032667886,0.00441636524790973,115.0,0.20993918180465698,1.0,0.2923076923076923,False,No difference
accuracy,qwen,appod,H14,H18,25,25,7.173706809430005e-15,0.0018529956763434496,-0.0022220101239219803,155.0,0.8531995415687561,1.0,0.046153846153846156,False,No difference
accuracy,qwen,appod,H14,H20,25,25,7.173706809430005e-15,0.0013262599469496816,0.008782295239440796,103.0,0.1134914755821228,1.0,0.36615384615384616,False,No difference
accuracy,qwen,appod,H14,H22,25,24,7.173706809430005e-15,0.0009132420091324533,0.0029208748964339427,138.0,0.7317059346728588,1.0,0.08,False,No difference
accuracy,qwen,appod,H14,H24,25,24,7.173706809430005e-15,-0.004037685060565344,-0.0025802560163981194,102.0,0.17024139590961385,1.0,-0.32,False,No difference
accuracy,qwen,appod,H14,H26,25,24,7.173706809430005e-15,-0.003303055326176696,-0.00565951831850952,87.0,0.07186063822585158,1.0,-0.42,False,No difference
accuracy,qwen,appod,H14,H28,25,23,7.173706809430005e-15,-0.004037685060565344,-0.006062059109238049,76.0,0.059331738977628015,1.0,-0.4492753623188406,False,No difference
accuracy,qwen,appod,H14,H30,25,24,7.173706809430005e-15,-0.004037685060565344,-0.011189153705919741,76.0,0.034490871763967416,1.0,-0.49333333333333335,False,No difference
accuracy,qwen,appod,H14,H32,25,25,7.173706809430005e-15,-0.00877192982456143,-0.014744264319321744,63.0,0.006129205226898193,0.42904436588287354,-0.6123076923076923,False,No difference
accuracy,qwen,appod,H16,H18,25,22,7.173706809430005e-15,-0.0018264840182647957,-0.0066383753718317106,88.0,0.21132602018191227,1.0,-0.30434782608695654,False,No difference
accuracy,qwen,appod,H16,H20,25,24,7.173706809430005e-15,0.0053050397877983935,0.004365929991531066,95.0,0.11608313373865504,1.0,0.36666666666666664,False,No difference
accuracy,qwen,appod,H16,H22,25,25,7.173706809430005e-15,0.0027855153203342198,-0.0014954903514757879,157.0,0.8948604464530945,1.0,0.033846153846153845,False,No difference
accuracy,qwen,appod,H16,H24,25,25,7.173706809430005e-15,-0.003303055326176696,-0.00699662126430785,96.0,0.07547956705093384,1.0,-0.40923076923076923,False,No difference
accuracy,qwen,appod,H16,H26,25,25,7.173706809430005e-15,-0.006085192697768804,-0.01007588356641925,77.0,0.02027493715286255,1.0,-0.5261538461538462,False,No difference
accuracy,qwen,appod,H16,H28,25,25,7.173706809430005e-15,-0.007431874483897594,-0.01047842435714778,73.0,0.014722049236297607,0.8538788557052612,-0.5507692307692308,False,No difference
accuracy,qwen,appod,H16,H30,25,25,7.173706809430005e-15,-0.011299435028248594,-0.01560551895382947,69.0,0.010510802268981934,0.6516697406768799,-0.5753846153846154,False,No difference
accuracy,qwen,appod,H16,H32,25,25,7.173706809430005e-15,-0.01134751773049647,-0.019160629567231476,51.0,0.0018156766891479492,0.16704225540161133,-0.6861538461538461,False,No difference
accuracy,qwen,appod,H18,H20,25,23,7.173706809430005e-15,0.0064039408866994885,0.011004305363362776,34.0,0.0015606913947156687,0.15138706528741985,0.7536231884057971,False,No difference
accuracy,qwen,appod,H18,H22,25,25,7.173706809430005e-15,0.002419842710223885,0.0051428850203559225,125.0,0.325391948223114,1.0,0.23076923076923078,False,No difference
accuracy,qwen,appod,H18,H24,25,24,7.173706809430005e-15,-0.0035842293906810374,-0.00035824589247613893,118.0,0.36056673509747184,1.0,-0.21333333333333335,False,No difference
accuracy,qwen,appod,H18,H26,25,24,7.173706809430005e-15,-0.005070993914807309,-0.00343750819458754,111.0,0.265156633625956,1.0,-0.26,False,No difference
accuracy,qwen,appod,H18,H28,25,23,7.173706809430005e-15,-0.005673758865248235,-0.003840048985316069,88.0,0.12832317312205774,1.0,-0.36231884057971014,False,No difference
accuracy,qwen,appod,H18,H30,25,24,7.173706809430005e-15,-0.005145797598627766,-0.008967143581997761,82.0,0.052033421360799366,1.0,-0.4533333333333333,False,No difference
accuracy,qwen,appod,H18,H32,25,25,7.173706809430005e-15,-0.0073260073260073,-0.012522254195399764,57.0,0.003419220447540283,0.2666991949081421,-0.6492307692307693,False,No difference
accuracy,qwen,appod,H20,H22,25,23,7.173706809430005e-15,-0.0012210012210012167,-0.005861420343006854,88.0,0.12832317312205774,1.0,-0.36231884057971014,False,No difference
accuracy,qwen,appod,H20,H24,25,25,7.173706809430005e-15,-0.007532956685499026,-0.011362551255838915,46.0,0.0010271072387695312,0.1016836166381836,-0.7169230769230769,False,No difference
accuracy,qwen,appod,H20,H26,25,25,7.173706809430005e-15,-0.01035625517812755,-0.014441813557950316,73.0,0.014722049236297607,0.8538788557052612,-0.5507692307692308,False,No difference
accuracy,qwen,appod,H20,H28,25,24,7.173706809430005e-15,-0.008982035928143728,-0.014844354348678845,46.0,0.002964178167173091,0.23713425337384728,-0.6933333333333334,False,No difference
accuracy,qwen,appod,H20,H30,25,25,7.173706809430005e-15,-0.01098901098901095,-0.019971448945360536,56.0,0.0030878782272338867,0.24394237995147705,-0.6553846153846153,False,No difference
accuracy,qwen,appod,H20,H32,25,24,7.173706809430005e-15,-0.014970059880239583,-0.023526559558762542,31.0,0.0006738585313537617,0.06940742872943746,-0.7933333333333333,False,No difference
accuracy,qwen,appod,H22,H24,25,24,7.173706809430005e-15,-0.0029940119760478723,-0.005501130912832062,56.0,0.00723749486912432,0.4776746613622051,-0.6266666666666667,False,No difference
accuracy,qwen,appod,H22,H26,25,24,7.173706809430005e-15,-0.0014184397163120588,-0.008580393214943463,86.0,0.06746383613161147,1.0,-0.4266666666666667,False,No difference
accuracy,qwen,appod,H22,H28,25,23,7.173706809430005e-15,-0.0041425020712509975,-0.008982934005671992,36.0,0.0019200688528340584,0.1747262656078993,-0.7391304347826086,False,No difference
accuracy,qwen,appod,H22,H30,25,23,7.173706809430005e-15,-0.005649717514124353,-0.014110028602353684,50.0,0.007439203931621479,0.4835482555553961,-0.6376811594202898,False,No difference
accuracy,qwen,appod,H22,H32,25,24,7.173706809430005e-15,-0.01065891472868219,-0.017665139215755687,21.0,0.00022806209587862398,0.025086830546648637,-0.86,True,H32
accuracy,qwen,appod,H24,H26,25,22,7.173706809430005e-15,0.0,-0.0030792623021114007,98.0,0.35482494312859736,1.0,-0.22529644268774704,False,No difference
accuracy,qwen,appod,H24,H28,25,19,7.173706809430005e-15,0.0,-0.00348180309283993,55.0,0.10746614473256638,1.0,-0.42105263157894735,False,No difference
accuracy,qwen,appod,H24,H30,25,23,7.173706809430005e-15,-0.0019029495718363432,-0.008608897689521621,80.0,0.07772065120493127,1.0,-0.42028985507246375,False,No difference
accuracy,qwen,appod,H24,H32,25,25,7.173706809430005e-15,-0.004971002485501197,-0.012164008302923626,63.0,0.006129205226898193,0.42904436588287354,-0.6123076923076923,False,No difference
accuracy,qwen,appod,H26,H28,25,23,7.173706809430005e-15,0.0,-0.0004025407907285294,126.0,0.7151267545585855,1.0,-0.08695652173913043,False,No difference
accuracy,qwen,appod,H26,H30,25,21,7.173706809430005e-15,0.0,-0.005529635387410221,78.0,0.19243418492041608,1.0,-0.3246753246753247,False,No difference
accuracy,qwen,appod,H26,H32,25,23,7.173706809430005e-15,-0.0027855153203342198,-0.009084746000812225,61.0,0.019183212767887602,0.9783438511622677,-0.5579710144927537,False,No difference
accuracy,qwen,appod,H28,H30,25,23,7.173706809430005e-15,0.0,-0.0051270945966816915,122.0,0.6265140021742197,1.0,-0.11594202898550725,False,No difference
accuracy,qwen,appod,H28,H32,25,24,7.173706809430005e-15,-0.00510677808727944,-0.008682205210083695,67.0,0.017719471291181378,0.9367514728533043,-0.5533333333333333,False,No difference
accuracy,qwen,appod,H30,H32,25,21,7.173706809430005e-15,-0.0026525198938991412,-0.003555110613402004,89.0,0.357009849322944,1.0,-0.22943722943722944,False,No difference
accuracy,internvl,appfr,H02,H04,25,22,3.4594714195472126e-17,0.0009514747859181716,0.012116431299056749,90.0,0.2360189360536452,1.0,0.2885375494071146,False,No difference
accuracy,internvl,appfr,H02,H06,25,24,3.4594714195472126e-17,0.13742690058479534,0.1327259011730044,26.0,0.0003958170582658894,0.0294836359640335,0.8266666666666667,True,H02
accuracy,internvl,appfr,H02,H08,25,24,3.4594714195472126e-17,0.12146118721461185,0.13206213885315107,16.0,0.0001288892255353885,0.013920036357821958,0.8933333333333333,True,H02
accuracy,internvl,appfr,H02,H10,25,23,3.4594714195472126e-17,0.1842105263157895,0.1876183735547684,20.0,0.000331994064682034,0.02821949549797289,0.855072463768116,True,H02
accuracy,internvl,appfr,H02,H12,25,23,3.4594714195472126e-17,0.14670255720053837,0.16701552078799978,14.0,0.00016229894900734112,0.0173659875437855,0.8985507246376812,True,H02
accuracy,internvl,appfr,H02,H14,25,24,3.4594714195472126e-17,0.01754385964912286,0.025785960954171766,57.0,0.007880604073348726,0.3703883914473901,0.62,False,No difference
accuracy,internvl,appfr,H02,H16,25,23,3.4594714195472126e-17,0.011494252873563204,0.029672973323626204,55.0,0.011588241607237268,0.49829438911120255,0.6014492753623188,False,No difference
accuracy,internvl,appfr,H02,H18,25,23,3.4594714195472126e-17,0.16589861751152074,0.18563115451694387,15.0,0.0001832608969158505,0.01873978654249533,0.8913043478260869,True,H02
accuracy,internvl,appfr,H02,H20,25,23,3.4594714195472126e-17,0.15251141552511416,0.15697354555125084,14.0,0.00016229894900734112,0.0173659875437855,0.8985507246376812,True,H02
accuracy,internvl,appfr,H02,H22,25,23,3.4594714195472126e-17,0.1589041095890411,0.17562517957703855,20.0,0.000331994064682034,0.02821949549797289,0.855072463768116,True,H02
accuracy,internvl,appfr,H02,H24,25,23,3.4594714195472126e-17,0.1552511415525114,0.1705347912653934,16.0,0.0002067487536799894,0.020261377860638963,0.8840579710144928,True,H02
accuracy,internvl,appfr,H02,H26,25,23,3.4594714195472126e-17,0.13997308209959625,0.17441834434230669,15.0,0.0001832608969158505,0.01873978654249533,0.8913043478260869,True,H02
accuracy,internvl,appfr,H02,H28,25,23,3.4594714195472126e-17,0.11988304093567259,0.15152852613358783,15.0,0.0001832608969158505,0.01873978654249533,0.8913043478260869,True,H02
accuracy,internvl,appfr,H02,H30,25,23,3.4594714195472126e-17,0.13930013458950208,0.15085894957654583,18.0,0.0002624503030412823,0.02416282301640701,0.8695652173913043,True,H02
accuracy,internvl,appfr,H02,H32,25,23,3.4594714195472126e-17,0.12627669452181978,0.13831268539157393,14.0,0.00016229894900734112,0.0173659875437855,0.8985507246376812,True,H02
accuracy,internvl,appfr,H04,H06,25,23,3.4594714195472126e-17,0.14619883040935666,0.12060946987394765,28.0,0.0008209146701677178,0.0550012829012371,0.7971014492753623,False,No difference
accuracy,internvl,appfr,H04,H08,25,23,3.4594714195472126e-17,0.12237442922374425,0.11994570755409431,15.0,0.0001832608969158505,0.01873978654249533,0.8913043478260869,True,H04
accuracy,internvl,appfr,H04,H10,25,22,3.4594714195472126e-17,0.1929824561403508,0.17550194225571164,17.0,0.00037799533287222436,0.0294836359640335,0.8656126482213439,True,H04
accuracy,internvl,appfr,H04,H12,25,22,3.4594714195472126e-17,0.15208613728129206,0.15489908948894304,16.0,0.0003339221696229232,0.02821949549797289,0.8735177865612648,True,H04
accuracy,internvl,appfr,H04,H14,25,24,3.4594714195472126e-17,0.007717041800643087,0.013669529655115016,100.0,0.1531274510196695,1.0,0.3333333333333333,False,No difference
accuracy,internvl,appfr,H04,H16,25,25,3.4594714195472126e-17,0.009646302250803873,0.017556542024569455,84.0,0.034173786640167236,1.0,0.48307692307692307,False,No difference
accuracy,internvl,appfr,H04,H18,25,22,3.4594714195472126e-17,0.18817204301075274,0.17351472321788713,15.0,0.0002946941121244842,0.026227775979079094,0.8814229249011858,True,H04
accuracy,internvl,appfr,H04,H20,25,22,3.4594714195472126e-17,0.15342465753424656,0.1448571142521941,15.0,0.0002946941121244842,0.026227775979079094,0.8814229249011858,True,H04
accuracy,internvl,appfr,H04,H22,25,22,3.4594714195472126e-17,0.1598173515981735,0.16350874827798179,17.0,0.00037799533287222436,0.0294836359640335,0.8656126482213439,True,H04
accuracy,internvl,appfr,H04,H24,25,22,3.4594714195472126e-17,0.1561643835616438,0.15841835996633669,16.0,0.0003339221696229232,0.02821949549797289,0.8735177865612648,True,H04
accuracy,internvl,appfr,H04,H26,25,22,3.4594714195472126e-17,0.1578947368421052,0.16230191304324998,14.0,0.0002598153012516883,0.02416282301640701,0.8893280632411067,True,H04
accuracy,internvl,appfr,H04,H28,25,22,3.4594714195472126e-17,0.1296803652968036,0.1394120948345311,17.0,0.00037799533287222436,0.0294836359640335,0.8656126482213439,True,H04
accuracy,internvl,appfr,H04,H30,25,22,3.4594714195472126e-17,0.14468371467025576,0.1387425182774891,17.0,0.00037799533287222436,0.0294836359640335,0.8656126482213439,True,H04
accuracy,internvl,appfr,H04,H32,25,22,3.4594714195472126e-17,0.13022700119474317,0.12619625409251717,18.0,0.0004274598674209223,0.030349650586885484,0.857707509881423,True,H04
accuracy,internvl,appfr,H06,H08,25,22,3.4594714195472126e-17,0.0,-0.0006637623198533316,123.0,0.9095312825191832,1.0,0.02766798418972332,False,No difference
accuracy,internvl,appfr,H06,H10,25,23,3.4594714195472126e-17,0.051169590643274865,0.054892472381764,28.0,0.0008209146701677178,0.0550012829012371,0.7971014492753623,False,No difference
accuracy,internvl,appfr,H06,H12,25,23,3.4594714195472126e-17,0.03423304805793287,0.03428961961499539,14.0,0.00016229894900734112,0.0173659875437855,0.8985507246376812,True,H06
accuracy,internvl,appfr,H06,H14,25,24,3.4594714195472126e-17,-0.0831050228310502,-0.10693994021883262,27.0,0.0004409382679493639,0.030865678756455475,-0.82,True,H14
accuracy,internvl,appfr,H06,H16,25,25,3.4594714195472126e-17,-0.07497928748964378,-0.10305292784937818,29.0,0.000102996826171875,0.01132965087890625,-0.8215384615384616,True,H16
accuracy,internvl,appfr,H06,H18,25,23,3.4594714195472126e-17,0.032894736842105254,0.05290525334393949,21.0,0.00037290847799537573,0.029459769761634683,0.8478260869565217,True,H06
accuracy,internvl,appfr,H06,H20,25,23,3.4594714195472126e-17,0.01053324555628704,0.024247644378246464,64.0,0.024404130322722078,0.8541445612952727,0.5362318840579711,False,No difference
accuracy,internvl,appfr,H06,H22,25,23,3.4594714195472126e-17,0.015065913370998163,0.04289927840403416,47.0,0.005644287492610328,0.2765700871379061,0.6594202898550725,False,No difference
accuracy,internvl,appfr,H06,H24,25,23,3.4594714195472126e-17,0.02477291494632533,0.03780889009238902,41.0,0.0031751641568663422,0.16828370031391615,0.7028985507246377,False,No difference
accuracy,internvl,appfr,H06,H26,25,23,3.4594714195472126e-17,0.024657534246575352,0.041692443169302304,17.0,0.00023304255763850054,0.022122023300226525,0.8768115942028986,True,H06
accuracy,internvl,appfr,H06,H28,25,23,3.4594714195472126e-17,0.017543859649122806,0.018802624960583447,62.0,0.020803242477548358,0.7905232141468376,0.5507246376811594,False,No difference
accuracy,internvl,appfr,H06,H30,25,23,3.4594714195472126e-17,0.007099391480730244,0.018133048403541442,55.0,0.011588241607237268,0.49829438911120255,0.6014492753623188,False,No difference
accuracy,internvl,appfr,H06,H32,25,22,3.4594714195472126e-17,0.005787781350482302,0.005586784218569547,101.0,0.4077418149342378,1.0,0.2015810276679842,False,No difference
accuracy,internvl,appfr,H08,H10,25,23,3.4594714195472126e-17,0.06666666666666671,0.05555623470161733,41.0,0.0031751641568663422,0.16828370031391615,0.7028985507246377,False,No difference
accuracy,internvl,appfr,H08,H12,25,23,3.4594714195472126e-17,0.04111405835543769,0.03495338193484872,22.0,0.000418499334469344,0.030131952081792767,0.8405797101449275,True,H08
accuracy,internvl,appfr,H08,H14,25,24,3.4594714195472126e-17,-0.06959403479701742,-0.1062761778989793,19.0,0.00018193967516985757,0.01873978654249533,-0.8733333333333333,True,H14
accuracy,internvl,appfr,H08,H16,25,25,3.4594714195472126e-17,-0.0684931506849315,-0.10238916552952487,21.0,2.664327621459961e-05,0.003197193145751953,-0.8707692307692307,True,H16
accuracy,internvl,appfr,H08,H18,25,23,3.4594714195472126e-17,0.035616438356164404,0.05356901566379282,23.0,0.00046925417321687623,0.03237853795196446,0.8333333333333334,True,H08
accuracy,internvl,appfr,H08,H20,25,22,3.4594714195472126e-17,0.019736842105263164,0.0249114066980998,33.0,0.002401067283616069,0.1320587005988838,0.7391304347826086,False,No difference
accuracy,internvl,appfr,H08,H22,25,22,3.4594714195472126e-17,0.020737327188940113,0.04356304072388749,30.0,0.001730676179816164,0.10514517401062591,0.7628458498023716,False,No difference
accuracy,internvl,appfr,H08,H24,25,23,3.4594714195472126e-17,0.025198938992042452,0.03847265241224235,38.0,0.0023540622219814507,0.13182748443096123,0.7246376811594203,False,No difference
accuracy,internvl,appfr,H08,H26,25,23,3.4594714195472126e-17,0.026512013256006606,0.042356205489155634,35.0,0.0017318266888954315,0.10514517401062591,0.7463768115942029,False,No difference
accuracy,internvl,appfr,H08,H28,25,23,3.4594714195472126e-17,0.007305936073059349,0.01946638728043678,62.0,0.020803242477548358,0.7905232141468376,0.5507246376811594,False,No difference
accuracy,internvl,appfr,H08,H30,25,23,3.4594714195472126e-17,0.00869925434962715,0.018796810723394775,62.0,0.020803242477548358,0.7905232141468376,0.5507246376811594,False,No difference
accuracy,internvl,appfr,H08,H32,25,23,3.4594714195472126e-17,0.0030425963488843744,0.006250546538422878,97.0,0.21239270063434001,1.0,0.2971014492753623,False,No difference
accuracy,internvl,appfr,H10,H12,25,19,3.4594714195472126e-17,-0.0146198830409357,-0.020602852766768612,32.0,0.011236471025746899,0.49440472513286354,-0.6631578947368421,False,No difference
accuracy,internvl,appfr,H10,H14,25,24,3.4594714195472126e-17,-0.16666666666666663,-0.16183241260059664,25.0,0.00035503938074694154,0.028758189840502265,-0.8333333333333334,True,H14
accuracy,internvl,appfr,H10,H16,25,25,3.4594714195472126e-17,-0.16666666666666663,-0.1579454002311422,30.0,0.00012022256851196289,0.013104259967803955,-0.8153846153846154,True,H16
accuracy,internvl,appfr,H10,H18,25,18,3.4594714195472126e-17,0.0,-0.0019872190378245123,79.0,0.7771175732880233,1.0,-0.07602339181286549,False,No difference
accuracy,internvl,appfr,H10,H20,25,19,3.4594714195472126e-17,-0.025689819219790633,-0.030644828003517536,33.0,0.012595170865161685,0.5164020054716291,-0.6526315789473685,False,No difference
accuracy,internvl,appfr,H10,H22,25,21,3.4594714195472126e-17,0.0,-0.011993193977729844,89.0,0.357009849322944,1.0,-0.22943722943722944,False,No difference
accuracy,internvl,appfr,H10,H24,25,21,3.4594714195472126e-17,-0.011560693641618491,-0.01708358228937499,61.0,0.05818627247985126,1.0,-0.47186147186147187,False,No difference
accuracy,internvl,appfr,H10,H26,25,19,3.4594714195472126e-17,0.0,-0.013200029212461701,58.0,0.13649771056887278,1.0,-0.3894736842105263,False,No difference
accuracy,internvl,appfr,H10,H28,25,19,3.4594714195472126e-17,-0.01989389920424406,-0.03608984742118056,17.0,0.001695889903397192,0.10514517401062591,-0.8210526315789474,False,No difference
accuracy,internvl,appfr,H10,H30,25,19,3.4594714195472126e-17,-0.024853801169590684,-0.03675942397822256,24.0,0.0042740329557000925,0.21797568074070472,-0.7473684210526316,False,No difference
accuracy,internvl,appfr,H10,H32,25,19,3.4594714195472126e-17,-0.04491017964071853,-0.04930568816319446,24.0,0.0042740329557000925,0.21797568074070472,-0.7473684210526316,False,No difference
accuracy,internvl,appfr,H12,H14,25,24,3.4594714195472126e-17,-0.119634703196347,-0.14122955983382804,23.0,0.0002849939018541178,0.02593444506872472,-0.8466666666666667,True,H14
accuracy,internvl,appfr,H12,H16,25,25,3.4594714195472126e-17,-0.11403508771929827,-0.13734254746437358,26.0,6.365776062011719e-05,0.007384300231933594,-0.84,True,H16
accuracy,internvl,appfr,H12,H18,25,19,3.4594714195472126e-17,0.0,0.018615633728944102,55.0,0.10746614473256638,1.0,0.42105263157894735,False,No difference
accuracy,internvl,appfr,H12,H20,25,17,3.4594714195472126e-17,0.0,-0.01004197523674892,48.0,0.17729327255318428,1.0,-0.37254901960784315,False,No difference
accuracy,internvl,appfr,H12,H22,25,21,3.4594714195472126e-17,0.0007309941520468044,0.008609658789038773,86.0,0.30519775344657996,1.0,0.2554112554112554,False,No difference
accuracy,internvl,appfr,H12,H24,25,21,3.4594714195472126e-17,0.000550964187327807,0.003519270477393627,92.0,0.4140400034242331,1.0,0.20346320346320346,False,No difference
accuracy,internvl,appfr,H12,H26,25,19,3.4594714195472126e-17,0.0,0.007402823554306914,78.0,0.4939012303138084,1.0,0.17894736842105263,False,No difference
accuracy,internvl,appfr,H12,H28,25,19,3.4594714195472126e-17,-0.0037664783427495685,-0.01548699465441194,48.0,0.058573296793890506,1.0,-0.49473684210526314,False,No difference
accuracy,internvl,appfr,H12,H30,25,18,3.4594714195472126e-17,-0.0045662100456621,-0.016156571211453946,41.0,0.05262434185535094,1.0,-0.52046783625731,False,No difference
accuracy,internvl,appfr,H12,H32,25,19,3.4594714195472126e-17,-0.009283819628647216,-0.02870283539642584,16.0,0.0014771661952373803,0.09306147029995496,-0.8315789473684211,False,No difference
accuracy,internvl,appfr,H14,H16,25,24,3.4594714195472126e-17,0.0,0.003887012369454439,118.0,0.36056673509747184,1.0,0.21333333333333335,False,No difference
accuracy,internvl,appfr,H14,H18,25,24,3.4594714195472126e-17,0.13515981735159815,0.15984519356277216,21.0,0.00022806209587862398,0.022122023300226525,0.86,True,H14
accuracy,internvl,appfr,H14,H20,25,24,3.4594714195472126e-17,0.12247644683714676,0.13118758459707908,24.0,0.00031821718031506727,0.027684894687410852,0.84,True,H14
accuracy,internvl,appfr,H14,H22,25,24,3.4594714195472126e-17,0.136986301369863,0.14983921862286675,26.0,0.0003958170582658894,0.0294836359640335,0.8266666666666667,True,H14
accuracy,internvl,appfr,H14,H24,25,24,3.4594714195472126e-17,0.12303231151615568,0.14474883031122165,21.0,0.00022806209587862398,0.022122023300226525,0.86,True,H14
accuracy,internvl,appfr,H14,H26,25,24,3.4594714195472126e-17,0.12113055181695831,0.14863238338813495,21.0,0.00022806209587862398,0.022122023300226525,0.86,True,H14
accuracy,internvl,appfr,H14,H28,25,24,3.4594714195472126e-17,0.10233918128654973,0.12574256517941607,23.0,0.0002849939018541178,0.02593444506872472,0.8466666666666667,True,H14
accuracy,internvl,appfr,H14,H30,25,24,3.4594714195472126e-17,0.1150684931506849,0.12507298862237407,25.0,0.00035503938074694154,0.028758189840502265,0.8333333333333334,True,H14
accuracy,internvl,appfr,H14,H32,25,24,3.4594714195472126e-17,0.10497981157469716,0.11252672443740218,24.0,0.00031821718031506727,0.027684894687410852,0.84,True,H14
accuracy,internvl,appfr,H16,H18,25,25,3.4594714195472126e-17,0.12178956089478044,0.1559581811933177,27.0,7.49826431274414e-05,0.008473038673400879,0.8338461538461538,True,H16
accuracy,internvl,appfr,H16,H20,25,25,3.4594714195472126e-17,0.10936205468102733,0.12730057222762467,25.0,5.3882598876953125e-05,0.006358146667480469,0.8461538461538461,True,H16
accuracy,internvl,appfr,H16,H22,25,25,3.4594714195472126e-17,0.11051373954599752,0.14595220625341235,27.0,7.49826431274414e-05,0.008473038673400879,0.8338461538461538,True,H16
accuracy,internvl,appfr,H16,H24,25,25,3.4594714195472126e-17,0.10434496379196839,0.14086181794176722,24.0,4.5418739318847656e-05,0.005404829978942871,0.8523076923076923,True,H16
accuracy,internvl,appfr,H16,H26,25,25,3.4594714195472126e-17,0.1238223418573351,0.14474537101868049,26.0,6.365776062011719e-05,0.007384300231933594,0.84,True,H16
accuracy,internvl,appfr,H16,H28,25,25,3.4594714195472126e-17,0.10026917900403765,0.12185555280996162,26.0,6.365776062011719e-05,0.007384300231933594,0.84,True,H16
accuracy,internvl,appfr,H16,H30,25,25,3.4594714195472126e-17,0.09941520467836251,0.12118597625291963,27.0,7.49826431274414e-05,0.008473038673400879,0.8338461538461538,True,H16
accuracy,internvl,appfr,H16,H32,25,25,3.4594714195472126e-17,0.09771689497716896,0.10863971206794774,25.0,5.3882598876953125e-05,0.006358146667480469,0.8461538461538461,True,H16
accuracy,internvl,appfr,H18,H20,25,18,3.4594714195472126e-17,-0.012427506213753103,-0.028657608965693023,9.0,0.0008634758631167839,0.056125931102590954,-0.8947368421052632,False,No difference
accuracy,internvl,appfr,H18,H22,25,21,3.4594714195472126e-17,0.0,-0.010005974939905331,85.0,0.28909532129487003,1.0,-0.26406926406926406,False,No difference
accuracy,internvl,appfr,H18,H24,25,21,3.4594714195472126e-17,-0.0018264840182648512,-0.015096363251550475,59.0,0.04955245211417102,1.0,-0.48917748917748916,False,No difference
accuracy,internvl,appfr,H18,H26,25,18,3.4594714195472126e-17,0.0,-0.011212810174637189,55.0,0.18408369354964227,1.0,-0.3567251461988304,False,No difference
accuracy,internvl,appfr,H18,H28,25,19,3.4594714195472126e-17,-0.015350877192982448,-0.03410262838335604,20.0,0.0025431154240612964,0.13732823289931,-0.7894736842105263,False,No difference
accuracy,internvl,appfr,H18,H30,25,19,3.4594714195472126e-17,-0.020091324200913252,-0.034772204940398045,14.0,0.0011156286211977205,0.07140023175665411,-0.8526315789473684,False,No difference
accuracy,internvl,appfr,H18,H32,25,19,3.4594714195472126e-17,-0.00877192982456143,-0.047318469125369945,17.0,0.001695889903397192,0.10514517401062591,-0.8210526315789474,False,No difference
accuracy,internvl,appfr,H20,H22,25,21,3.4594714195472126e-17,0.004844961240310086,0.01865163402578769,41.0,0.00961307994613869,0.44220167752237977,0.645021645021645,False,No difference
accuracy,internvl,appfr,H20,H24,25,21,3.4594714195472126e-17,0.006403940886699544,0.013561245714142547,57.0,0.04200444899023452,1.0,0.5064935064935064,False,No difference
accuracy,internvl,appfr,H20,H26,25,19,3.4594714195472126e-17,0.0,0.017444798791055836,55.0,0.10746614473256638,1.0,0.42105263157894735,False,No difference
accuracy,internvl,appfr,H20,H28,25,19,3.4594714195472126e-17,0.0,-0.005445019417663019,75.0,0.4209099170051037,1.0,-0.21052631578947367,False,No difference
accuracy,internvl,appfr,H20,H30,25,19,3.4594714195472126e-17,0.0,-0.006114595974705024,75.0,0.4209099170051037,1.0,-0.21052631578947367,False,No difference
accuracy,internvl,appfr,H20,H32,25,19,3.4594714195472126e-17,-0.0029940119760478723,-0.01866086015967692,41.0,0.02977446084184663,1.0,-0.5684210526315789,False,No difference
accuracy,internvl,appfr,H22,H24,25,21,3.4594714195472126e-17,-0.0036529680365297024,-0.005090388311645144,66.0,0.08534092651572474,1.0,-0.42857142857142855,False,No difference
accuracy,internvl,appfr,H22,H26,25,21,3.4594714195472126e-17,0.0,-0.0012068352347318566,113.0,0.9307556694906441,1.0,-0.021645021645021644,False,No difference
accuracy,internvl,appfr,H22,H28,25,21,3.4594714195472126e-17,-0.013182674199623379,-0.02409665344345071,54.0,0.032549589477940045,1.0,-0.5324675324675324,False,No difference
accuracy,internvl,appfr,H22,H30,25,21,3.4594714195472126e-17,-0.010964912280701788,-0.024766230000492717,47.0,0.017270445346494193,0.6908178138597677,-0.5930735930735931,False,No difference
accuracy,internvl,appfr,H22,H32,25,20,3.4594714195472126e-17,-0.00511695906432752,-0.03731249418546462,32.0,0.0064246026289671515,0.3083809261904233,-0.6952380952380952,False,No difference
accuracy,internvl,appfr,H24,H26,25,21,3.4594714195472126e-17,0.0,0.0038835530769132875,105.0,0.7151447551766743,1.0,0.09090909090909091,False,No difference
accuracy,internvl,appfr,H24,H28,25,21,3.4594714195472126e-17,-0.0029239766081871066,-0.019006265131805568,62.0,0.06295144588265443,1.0,-0.46320346320346323,False,No difference
accuracy,internvl,appfr,H24,H30,25,21,3.4594714195472126e-17,-0.000550964187327807,-0.019675841688847572,61.0,0.05818627247985126,1.0,-0.47186147186147187,False,No difference
accuracy,internvl,appfr,H24,H32,25,21,3.4594714195472126e-17,-0.005649717514124242,-0.03222210587381947,41.0,0.00961307994613869,0.44220167752237977,-0.645021645021645,False,No difference
accuracy,internvl,appfr,H26,H28,25,19,3.4594714195472126e-17,-0.022053982883475987,-0.022889818208718857,11.0,0.0007239534999888531,0.04922883799924201,-0.8842105263157894,True,H28
accuracy,internvl,appfr,H26,H30,25,19,3.4594714195472126e-17,-0.017812758906379456,-0.02355939476576086,17.0,0.001695889903397192,0.10514517401062591,-0.8210526315789474,False,No difference
accuracy,internvl,appfr,H26,H32,25,19,3.4594714195472126e-17,-0.023872679045092826,-0.036105658950732755,18.0,0.0019440584341867799,0.11081133074864645,-0.8105263157894737,False,No difference
accuracy,internvl,appfr,H28,H30,25,19,3.4594714195472126e-17,0.0,-0.0006695765570420043,94.0,0.9679000486136345,1.0,0.010526315789473684,False,No difference
accuracy,internvl,appfr,H28,H32,25,19,3.4594714195472126e-17,0.0,-0.0132158407420139,48.0,0.058573296793890506,1.0,-0.49473684210526314,False,No difference
accuracy,internvl,appfr,H30,H32,25,19,3.4594714195472126e-17,-0.005813953488372103,-0.012546264184971895,37.0,0.01959328479398985,0.7641381069656041,-0.6105263157894737,False,No difference
accuracy,internvl,appod,H02,H04,25,25,5.335302238150561e-10,-0.006861063464837058,-0.00013862923650450386,141.0,0.5782062411308289,1.0,-0.13230769230769232,False,No difference
accuracy,internvl,appod,H02,H06,25,25,5.335302238150561e-10,0.07602339181286555,0.0842007421774194,21.0,2.664327621459961e-05,0.002930760383605957,0.8707692307692307,True,H02
accuracy,internvl,appod,H02,H08,25,24,5.335302238150561e-10,0.07945205479452055,0.09222900821548681,16.0,0.0001288892255353885,0.013275590230145014,0.8933333333333333,True,H02
accuracy,internvl,appod,H02,H10,25,25,5.335302238150561e-10,0.07894736842105265,0.06464813570215362,45.0,0.0009118914604187012,0.0802464485168457,0.7230769230769231,False,No difference
accuracy,internvl,appod,H02,H12,25,25,5.335302238150561e-10,0.0721461187214612,0.06635287871919009,41.0,0.0005564093589782715,0.05174607038497925,0.7476923076923077,False,No difference
accuracy,internvl,appod,H02,H14,25,25,5.335302238150561e-10,-0.02100456621004565,-0.03217855665768834,87.0,0.04215019941329956,1.0,-0.4646153846153846,False,No difference
accuracy,internvl,appod,H02,H16,25,24,5.335302238150561e-10,-0.010889292196007205,-0.012838354085852089,111.0,0.265156633625956,1.0,-0.26,False,No difference
accuracy,internvl,appod,H02,H18,25,25,5.335302238150561e-10,0.03823178016726414,0.05487395776940991,29.0,0.000102996826171875,0.01071309210706425,0.8215384615384616,True,H02
accuracy,internvl,appod,H02,H20,25,25,5.335302238150561e-10,0.037012113055181595,0.056245595712528955,33.0,0.00018787384033203125,0.018411636352539062,0.796923076923077,True,H02
accuracy,internvl,appod,H02,H22,25,25,5.335302238150561e-10,0.01724137931034475,0.03411383067551257,95.0,0.0709836483001709,1.0,0.4153846153846154,False,No difference
accuracy,internvl,appod,H02,H24,25,25,5.335302238150561e-10,0.022835394862036118,0.03989869701491073,78.0,0.021908342838287354,1.0,0.52,False,No difference
accuracy,internvl,appod,H02,H26,25,25,5.335302238150561e-10,0.07751937984496127,0.0785749326823516,59.0,0.0041751861572265625,0.3006134033203125,0.6369230769230769,False,No difference
accuracy,internvl,appod,H02,H28,25,25,5.335302238150561e-10,0.08600650860065084,0.08694074358613049,51.0,0.0018156766891479492,0.1470698118209839,0.6861538461538461,False,No difference
accuracy,internvl,appod,H02,H30,25,25,5.335302238150561e-10,0.003978779840848823,0.03783323659179248,116.0,0.21998637914657593,1.0,0.28615384615384615,False,No difference
accuracy,internvl,appod,H02,H32,25,24,5.335302238150561e-10,0.021220159151193574,0.053798478318760674,64.0,0.014004698339500191,0.8542865987095116,0.5733333333333334,False,No difference
accuracy,internvl,appod,H04,H06,25,25,5.335302238150561e-10,0.07945041816009568,0.08433937141392389,24.0,4.5418739318847656e-05,0.0049506425857543945,0.8523076923076923,True,H04
accuracy,internvl,appod,H04,H08,25,25,5.335302238150561e-10,0.08602150537634412,0.09236763745199131,31.0,0.0001398921012878418,0.014268994331359863,0.8092307692307692,True,H04
accuracy,internvl,appod,H04,H10,25,25,5.335302238150561e-10,0.05137395459976113,0.06478676493865815,57.0,0.003419220447540283,0.25644153356552124,0.6492307692307693,False,No difference
accuracy,internvl,appod,H04,H12,25,25,5.335302238150561e-10,0.06989247311827962,0.06649150795569458,51.0,0.0018156766891479492,0.1470698118209839,0.6861538461538461,False,No difference
accuracy,internvl,appod,H04,H14,25,24,5.335302238150561e-10,-0.02298850574712652,-0.032039927421183834,17.0,0.00014469608785023995,0.014469608785023996,-0.8866666666666667,True,H14
accuracy,internvl,appod,H04,H16,25,25,5.335302238150561e-10,-0.009083402146985942,-0.012699724849347584,87.0,0.04215019941329956,1.0,-0.4646153846153846,False,No difference
accuracy,internvl,appod,H04,H18,25,25,5.335302238150561e-10,0.029970760233918148,0.05501258700591441,50.0,0.001625359058380127,0.1332794427871704,0.6923076923076923,False,No difference
accuracy,internvl,appod,H04,H20,25,25,5.335302238150561e-10,0.04104979811574694,0.05638422494903346,45.0,0.0009118914604187012,0.0802464485168457,0.7230769230769231,False,No difference
accuracy,internvl,appod,H04,H22,25,25,5.335302238150561e-10,0.027649769585253448,0.03425245991201707,89.0,0.04826241731643677,1.0,0.4523076923076923,False,No difference
accuracy,internvl,appod,H04,H24,25,25,5.335302238150561e-10,0.04871626069782753,0.04003732625141523,74.0,0.01597297191619873,0.9583783149719238,0.5446153846153846,False,No difference
accuracy,internvl,appod,H04,H26,25,25,5.335302238150561e-10,0.040182648401826504,0.0787135619188561,83.0,0.03180783987045288,1.0,0.48923076923076925,False,No difference
accuracy,internvl,appod,H04,H28,25,25,5.335302238150561e-10,0.0547945205479452,0.08707937282263499,76.0,0.018744707107543945,1.0,0.5323076923076923,False,No difference
accuracy,internvl,appod,H04,H30,25,25,5.335302238150561e-10,0.0013458950201884479,0.037971865828296994,115.0,0.20993918180465698,1.0,0.2923076923076923,False,No difference
accuracy,internvl,appod,H04,H32,25,24,5.335302238150561e-10,0.024899057873485897,0.05393710755526517,82.0,0.052033421360799366,1.0,0.4533333333333333,False,No difference
accuracy,internvl,appod,H06,H08,25,23,5.335302238150561e-10,0.006896551724137945,0.008028266038067411,78.0,0.06801654474625561,1.0,0.43478260869565216,False,No difference
accuracy,internvl,appod,H06,H10,25,25,5.335302238150561e-10,-0.01671309192200554,-0.019552606475265764,63.0,0.006129205226898193,0.42291516065597534,-0.6123076923076923,False,No difference
accuracy,internvl,appod,H06,H12,25,25,5.335302238150561e-10,-0.010284331518451317,-0.017847863458229304,87.0,0.04215019941329956,1.0,-0.4646153846153846,False,No difference
accuracy,internvl,appod,H06,H14,25,25,5.335302238150561e-10,-0.10928242264647792,-0.11637929883510773,10.0,2.562999725341797e-06,0.00030243396759033203,-0.9384615384615385,True,H14
accuracy,internvl,appod,H06,H16,25,23,5.335302238150561e-10,-0.09052007899934167,-0.0970390962632715,10.0,9.896561114846671e-05,0.010490354781737472,-0.927536231884058,True,H16
accuracy,internvl,appod,H06,H18,25,24,5.335302238150561e-10,-0.026315789473684292,-0.02932678440800949,29.0,0.0005459353541811291,0.05131792329302613,-0.8066666666666666,False,No difference
accuracy,internvl,appod,H06,H20,25,25,5.335302238150561e-10,-0.01816680429397194,-0.02795514646489044,44.0,0.0008081197738647461,0.07273077964782715,-0.7292307692307692,False,No difference
accuracy,internvl,appod,H06,H22,25,25,5.335302238150561e-10,-0.050709939148073035,-0.050086911501906826,18.0,1.5079975128173828e-05,0.0017191171646118164,-0.8892307692307693,True,H22
accuracy,internvl,appod,H06,H24,25,24,5.335302238150561e-10,-0.04539007092198577,-0.04430204516250868,14.0,0.00010202944863870715,0.01071309210706425,-0.9066666666666666,True,H24
accuracy,internvl,appod,H06,H26,25,25,5.335302238150561e-10,-0.02058319039451112,-0.005625809495067782,159.0,0.936802864074707,1.0,0.021538461538461538,False,No difference
accuracy,internvl,appod,H06,H28,25,25,5.335302238150561e-10,-0.011872146118721505,0.002740001408711106,147.0,0.6915188431739807,1.0,0.09538461538461539,False,No difference
accuracy,internvl,appod,H06,H30,25,25,5.335302238150561e-10,-0.03705991352686844,-0.046367505585626904,87.0,0.04215019941329956,1.0,-0.4646153846153846,False,No difference
accuracy,internvl,appod,H06,H32,25,25,5.335302238150561e-10,-0.015977961432506904,-0.030402263858658723,115.0,0.20993918180465698,1.0,-0.2923076923076923,False,No difference
accuracy,internvl,appod,H08,H10,25,25,5.335302238150561e-10,-0.026013309134906293,-0.027580872513333174,14.0,6.556510925292969e-06,0.0007605552673339844,-0.9138461538461539,True,H10
accuracy,internvl,appod,H08,H12,25,25,5.335302238150561e-10,-0.019893899204244003,-0.025876129496296717,31.0,0.0001398921012878418,0.014268994331359863,-0.8092307692307692,True,H12
accuracy,internvl,appod,H08,H14,25,24,5.335302238150561e-10,-0.1347305389221557,-0.12440756487317514,11.0,7.144292229000313e-05,0.007715835607320338,-0.9266666666666666,True,H14
accuracy,internvl,appod,H08,H16,25,24,5.335302238150561e-10,-0.08982035928143717,-0.10506736230133891,18.0,0.00016231562257156015,0.016069246634584453,-0.88,True,H16
accuracy,internvl,appod,H08,H18,25,25,5.335302238150561e-10,-0.03405017921146947,-0.0373550504460769,18.0,1.5079975128173828e-05,0.0017191171646118164,-0.8892307692307693,True,H18
accuracy,internvl,appod,H08,H20,25,25,5.335302238150561e-10,-0.026950354609929117,-0.03598341250295785,17.0,1.233816146850586e-05,0.0014188885688781738,-0.8953846153846153,True,H20
accuracy,internvl,appod,H08,H22,25,25,5.335302238150561e-10,-0.05565638233514825,-0.058115177539974236,6.0,8.344650268554688e-07,9.930133819580078e-05,-0.963076923076923,True,H22
accuracy,internvl,appod,H08,H24,25,25,5.335302238150561e-10,-0.05620155038759689,-0.05233031120057607,10.0,2.562999725341797e-06,0.00030243396759033203,-0.9384615384615385,True,H24
accuracy,internvl,appod,H08,H26,25,25,5.335302238150561e-10,-0.02826379542395696,-0.01365407553313519,143.0,0.615043044090271,1.0,-0.12,False,No difference
accuracy,internvl,appod,H08,H28,25,25,5.335302238150561e-10,-0.015437392795883353,-0.005288264629356305,162.0,1.0,1.0,0.003076923076923077,False,No difference
accuracy,internvl,appod,H08,H30,25,25,5.335302238150561e-10,-0.0471063257065949,-0.05439577162369431,71.0,0.012466490268707275,0.7853888869285583,-0.563076923076923,False,No difference
accuracy,internvl,appod,H08,H32,25,25,5.335302238150561e-10,-0.01831501831501836,-0.038430529896726136,100.0,0.09573346376419067,1.0,-0.38461538461538464,False,No difference
accuracy,internvl,appod,H10,H12,25,24,5.335302238150561e-10,0.0027397260273973045,0.0017047430170364585,137.0,0.7103183482536846,1.0,0.08666666666666667,False,No difference
accuracy,internvl,appod,H10,H14,25,25,5.335302238150561e-10,-0.11976047904191611,-0.09682669235984197,53.0,0.002255260944366455,0.17365509271621704,-0.6738461538461539,False,No difference
accuracy,internvl,appod,H10,H16,25,24,5.335302238150561e-10,-0.07485029940119758,-0.07748648978800571,52.0,0.005110260660855864,0.3577182462599105,-0.6533333333333333,False,No difference
accuracy,internvl,appod,H10,H18,25,25,5.335302238150561e-10,0.0005973715651135247,-0.009774177932743726,134.0,0.457846462726593,1.0,-0.1753846153846154,False,No difference
accuracy,internvl,appod,H10,H20,25,24,5.335302238150561e-10,0.0,-0.008402539989624673,140.0,0.7750969621959847,1.0,-0.06666666666666667,False,No difference
accuracy,internvl,appod,H10,H22,25,24,5.335302238150561e-10,-0.017241379310344807,-0.030534305026641066,50.0,0.004274733960172559,0.3035061111722517,-0.6666666666666666,False,No difference
accuracy,internvl,appod,H10,H24,25,25,5.335302238150561e-10,-0.02148760330578514,-0.024749438687242904,70.0,0.011453330516815186,0.7559198141098022,-0.5692307692307692,False,No difference
accuracy,internvl,appod,H10,H26,25,24,5.335302238150561e-10,0.0,0.01392679698019798,125.0,0.475050524053953,1.0,0.16666666666666666,False,No difference
accuracy,internvl,appod,H10,H28,25,24,5.335302238150561e-10,0.005145797598627766,0.022292607883976866,109.0,0.24142655338204444,1.0,0.2733333333333333,False,No difference
accuracy,internvl,appod,H10,H30,25,25,5.335302238150561e-10,-0.02401372212692976,-0.02681489911036114,114.0,0.2002161741256714,1.0,-0.29846153846153844,False,No difference
accuracy,internvl,appod,H10,H32,25,25,5.335302238150561e-10,0.005144694533761984,-0.010849657383392962,161.0,0.978915274143219,1.0,-0.009230769230769232,False,No difference
accuracy,internvl,appod,H12,H14,25,25,5.335302238150561e-10,-0.1227544910179641,-0.09853143537687842,48.0,0.0012963414192199707,0.10889267921447754,-0.7046153846153846,False,No difference
accuracy,internvl,appod,H12,H16,25,25,5.335302238150561e-10,-0.07784431137724557,-0.07919123280504216,52.0,0.002025127410888672,0.15998506546020508,-0.68,False,No difference
accuracy,internvl,appod,H12,H18,25,24,5.335302238150561e-10,0.0,-0.011478920949780185,106.0,0.20870191067235688,1.0,-0.29333333333333333,False,No difference
accuracy,internvl,appod,H12,H20,25,24,5.335302238150561e-10,-0.0019379844961240345,-0.010107283006661132,115.0,0.31731050786291415,1.0,-0.23333333333333334,False,No difference
accuracy,internvl,appod,H12,H22,25,24,5.335302238150561e-10,-0.025531914893617058,-0.03223904804367752,34.0,0.0009187757254428566,0.0802464485168457,-0.7733333333333333,False,No difference
accuracy,internvl,appod,H12,H24,25,24,5.335302238150561e-10,-0.016676961087090825,-0.02645418170427936,49.0,0.0039052650736518353,0.2889896154502358,-0.6733333333333333,False,No difference
accuracy,internvl,appod,H12,H26,25,24,5.335302238150561e-10,-0.0018832391713747842,0.012222053963161526,132.0,0.6070522480710051,1.0,0.12,False,No difference
accuracy,internvl,appod,H12,H28,25,23,5.335302238150561e-10,0.010094212651413192,0.02058786486694041,105.0,0.3155263919366913,1.0,0.2391304347826087,False,No difference
accuracy,internvl,appod,H12,H30,25,25,5.335302238150561e-10,-0.028412600370599117,-0.028519642127397597,115.0,0.20993918180465698,1.0,-0.2923076923076923,False,No difference
accuracy,internvl,appod,H12,H32,25,24,5.335302238150561e-10,0.0,-0.012554400400429419,143.0,0.8414805811217939,1.0,-0.04666666666666667,False,No difference
accuracy,internvl,appod,H14,H16,25,25,5.335302238150561e-10,0.01754385964912286,0.01934020257183625,18.0,1.5079975128173828e-05,0.0017191171646118164,0.8892307692307693,True,H14
accuracy,internvl,appod,H14,H18,25,25,5.335302238150561e-10,0.08584474885844745,0.08705251442709824,39.0,0.000429689884185791,0.040820538997650146,0.76,True,H14
accuracy,internvl,appod,H14,H20,25,23,5.335302238150561e-10,0.09041095890410955,0.0884241523702173,25.0,0.0005884351465884492,0.054136033486137325,0.8188405797101449,False,No difference
accuracy,internvl,appod,H14,H22,25,25,5.335302238150561e-10,0.06750298685782563,0.0662923873332009,55.0,0.0027848482131958008,0.21164846420288086,0.6615384615384615,False,No difference
accuracy,internvl,appod,H14,H24,25,25,5.335302238150561e-10,0.08900836320191163,0.07207725367259907,52.0,0.002025127410888672,0.15998506546020508,0.68,False,No difference
accuracy,internvl,appod,H14,H26,25,25,5.335302238150561e-10,0.05296803652968035,0.11075348934003997,75.0,0.017312347888946533,1.0,0.5384615384615384,False,No difference
accuracy,internvl,appod,H14,H28,25,25,5.335302238150561e-10,0.06757990867579905,0.11911930024381885,70.0,0.011453330516815186,0.7559198141098022,0.5692307692307692,False,No difference
accuracy,internvl,appod,H14,H30,25,25,5.335302238150561e-10,0.003364737550471064,0.07001179324948081,91.0,0.055070459842681885,1.0,0.44,False,No difference
accuracy,internvl,appod,H14,H32,25,25,5.335302238150561e-10,0.026917900403768513,0.085977034976449,77.0,0.02027493715286255,1.0,0.5261538461538462,False,No difference
accuracy,internvl,appod,H16,H18,25,25,5.335302238150561e-10,0.0474885844748858,0.067712311855262,45.0,0.0009118914604187012,0.0802464485168457,0.7230769230769231,False,No difference
accuracy,internvl,appod,H16,H20,25,25,5.335302238150561e-10,0.0520547945205479,0.06908394979838105,43.0,0.0007149577140808105,0.06506115198135376,0.7353846153846154,False,No difference
accuracy,internvl,appod,H16,H22,25,24,5.335302238150561e-10,0.037634408602150615,0.04695218476136466,62.0,0.01192737613987041,0.7633520729517063,0.5866666666666667,False,No difference
accuracy,internvl,appod,H16,H24,25,25,5.335302238150561e-10,0.04979811574697168,0.05273705110076282,63.0,0.006129205226898193,0.42291516065597534,0.6123076923076923,False,No difference
accuracy,internvl,appod,H16,H26,25,25,5.335302238150561e-10,0.019515477792732105,0.09141328676820368,85.0,0.036682069301605225,1.0,0.47692307692307695,False,No difference
accuracy,internvl,appod,H16,H28,25,25,5.335302238150561e-10,0.03432032301480481,0.09977909767198259,75.0,0.017312347888946533,1.0,0.5384615384615384,False,No difference
accuracy,internvl,appod,H16,H30,25,25,5.335302238150561e-10,0.0006729475100941684,0.05067159067764458,102.0,0.10731470584869385,1.0,0.3723076923076923,False,No difference
accuracy,internvl,appod,H16,H32,25,25,5.335302238150561e-10,0.024226110363391617,0.06663683240461275,90.0,0.05157625675201416,1.0,0.4461538461538462,False,No difference
accuracy,internvl,appod,H18,H20,25,25,5.335302238150561e-10,0.005418719211822631,0.001371637943119053,123.0,0.2996123433113098,1.0,0.24307692307692308,False,No difference
accuracy,internvl,appod,H18,H22,25,25,5.335302238150561e-10,-0.022589531680440755,-0.020760127093897338,35.0,0.0002498030662536621,0.024230897426605225,-0.7846153846153846,True,H22
accuracy,internvl,appod,H18,H24,25,25,5.335302238150561e-10,-0.017341040462427793,-0.014975260754499176,72.0,0.013554692268371582,0.8403909206390381,-0.556923076923077,False,No difference
accuracy,internvl,appod,H18,H26,25,25,5.335302238150561e-10,-0.005649717514124353,0.02370097491294171,137.0,0.507703959941864,1.0,0.15692307692307692,False,No difference
accuracy,internvl,appod,H18,H28,25,23,5.335302238150561e-10,0.006729475100942128,0.0320667858167206,92.0,0.16178664110148655,1.0,0.3333333333333333,False,No difference
accuracy,internvl,appod,H18,H30,25,25,5.335302238150561e-10,-0.026917900403768513,-0.01704072117761742,133.0,0.4418373703956604,1.0,-0.18153846153846154,False,No difference
accuracy,internvl,appod,H18,H32,25,25,5.335302238150561e-10,-0.0028368794326241176,-0.0010754794506492348,153.0,0.8119303584098816,1.0,0.05846153846153846,False,No difference
accuracy,internvl,appod,H20,H22,25,25,5.335302238150561e-10,-0.01807802093244526,-0.022131765037016384,27.0,7.49826431274414e-05,0.00802314281463623,-0.8338461538461538,True,H22
accuracy,internvl,appod,H20,H24,25,24,5.335302238150561e-10,-0.01551724137931032,-0.01634689869761823,56.0,0.00723749486912432,0.48491215623132944,-0.6266666666666667,False,No difference
accuracy,internvl,appod,H20,H26,25,25,5.335302238150561e-10,-0.01715265866209259,0.022329336969822654,139.0,0.5424043536186218,1.0,0.14461538461538462,False,No difference
accuracy,internvl,appod,H20,H28,25,25,5.335302238150561e-10,-0.006056527590847849,0.030695147873601537,122.0,0.2872292995452881,1.0,0.24923076923076923,False,No difference
accuracy,internvl,appod,H20,H30,25,25,5.335302238150561e-10,-0.03404255319148941,-0.01841235912073647,127.0,0.3525196313858032,1.0,-0.21846153846153846,False,No difference
accuracy,internvl,appod,H20,H32,25,25,5.335302238150561e-10,-0.008264462809917383,-0.002447117393768288,146.0,0.6720751523971558,1.0,-0.10153846153846154,False,No difference
accuracy,internvl,appod,H22,H24,25,25,5.335302238150561e-10,0.008075370121130576,0.00578486633939816,88.0,0.04512268304824829,1.0,0.4584615384615385,False,No difference
accuracy,internvl,appod,H22,H26,25,24,5.335302238150561e-10,0.02074688796680496,0.04446110200683905,86.0,0.06746383613161147,1.0,0.4266666666666667,False,No difference
accuracy,internvl,appod,H22,H28,25,25,5.335302238150561e-10,0.04437299035369768,0.05282691291061793,80.0,0.02550506591796875,1.0,0.5076923076923077,False,No difference
accuracy,internvl,appod,H22,H30,25,24,5.335302238150561e-10,-0.013182674199623268,0.0037194059162799185,148.0,0.954431397113681,1.0,0.013333333333333334,False,No difference
accuracy,internvl,appod,H22,H32,25,24,5.335302238150561e-10,0.017630853994490325,0.0196846476432481,102.0,0.17024139590961385,1.0,0.32,False,No difference
accuracy,internvl,appod,H24,H26,25,25,5.335302238150561e-10,0.009127789046653123,0.038676235667440884,106.0,0.13364005088806152,1.0,0.3476923076923077,False,No difference
accuracy,internvl,appod,H24,H28,25,25,5.335302238150561e-10,0.022546419098143256,0.04704204657121977,87.0,0.04215019941329956,1.0,0.4646153846153846,False,No difference
accuracy,internvl,appod,H24,H30,25,25,5.335302238150561e-10,-0.011735639283508292,-0.0020654604231182417,154.0,0.8325093984603882,1.0,-0.052307692307692305,False,No difference
accuracy,internvl,appod,H24,H32,25,25,5.335302238150561e-10,0.02269503546099283,0.01389978130384994,124.0,0.312333345413208,1.0,0.23692307692307693,False,No difference
accuracy,internvl,appod,H26,H28,25,24,5.335302238150561e-10,0.007881773399014802,0.008365810903778888,39.0,0.0015169116773216492,0.12590366921769688,0.74,False,No difference
accuracy,internvl,appod,H26,H30,25,25,5.335302238150561e-10,-0.04898446833930703,-0.04074169609055913,4.0,4.172325134277344e-07,5.0067901611328125e-05,-0.9753846153846154,True,H30
accuracy,internvl,appod,H26,H32,25,24,5.335302238150561e-10,-0.033877797943133725,-0.024776454363590945,49.0,0.0039052650736518353,0.2889896154502358,-0.6733333333333333,False,No difference
accuracy,internvl,appod,H28,H30,25,24,5.335302238150561e-10,-0.04790419161676651,-0.04910750699433801,0.0,1.821529714896801e-05,0.002021897983535449,-1.0,True,H30
accuracy,internvl,appod,H28,H32,25,25,5.335302238150561e-10,-0.04416212946158499,-0.03314226526736983,44.0,0.0008081197738647461,0.07273077964782715,-0.7292307692307692,False,No difference
accuracy,internvl,appod,H30,H32,25,24,5.335302238150561e-10,0.008510638297872353,0.01596524172696818,23.0,0.0002849939018541178,0.02735941457799531,0.8466666666666667,True,H30
accuracy,llava,appfr,H02,H04,25,25,4.200758974439625e-08,-0.041134751773049705,-0.0521868371646663,49.0,0.0014527440071105957,0.1656128168106079,-0.6984615384615385,False,No difference
accuracy,llava,appfr,H02,H06,25,25,4.200758974439625e-08,-0.040935672514619825,-0.06155351121809999,61.0,0.0050716400146484375,0.5325222015380859,-0.6246153846153846,False,No difference
accuracy,llava,appfr,H02,H08,25,25,4.200758974439625e-08,-0.045321637426900596,-0.06542303187571756,61.0,0.0050716400146484375,0.5325222015380859,-0.6246153846153846,False,No difference
accuracy,llava,appfr,H02,H10,25,25,4.200758974439625e-08,-0.03947368421052627,-0.06370504145562597,65.0,0.007370948791503906,0.7149820327758789,-0.6,False,No difference
accuracy,llava,appfr,H02,H12,25,25,4.200758974439625e-08,-0.0232126276694522,-0.04946580956956604,76.0,0.018744707107543945,1.0,-0.5323076923076923,False,No difference
accuracy,llava,appfr,H02,H14,25,25,4.200758974439625e-08,-0.030176415970287862,-0.05155043694448937,74.0,0.01597297191619873,1.0,-0.5446153846153846,False,No difference
accuracy,llava,appfr,H02,H16,25,25,4.200758974439625e-08,-0.045670789724072236,-0.06737620594924554,64.0,0.0067255496978759766,0.6658294200897217,-0.6061538461538462,False,No difference
accuracy,llava,appfr,H02,H18,25,25,4.200758974439625e-08,-0.04662226450999041,-0.07177615796157552,61.0,0.0050716400146484375,0.5325222015380859,-0.6246153846153846,False,No difference
accuracy,llava,appfr,H02,H20,25,25,4.200758974439625e-08,-0.04186489058039955,-0.06978064866265803,60.0,0.004604637622833252,0.49269622564315796,-0.6307692307692307,False,No difference
accuracy,llava,appfr,H02,H22,25,25,4.200758974439625e-08,-0.04757373929590858,-0.07011467368166918,66.0,0.00806879997253418,0.7503983974456787,-0.5938461538461538,False,No difference
accuracy,llava,appfr,H02,H24,25,25,4.200758974439625e-08,-0.050428163653663094,-0.07487171446836582,63.0,0.006129205226898193,0.6190497279167175,-0.6123076923076923,False,No difference
accuracy,llava,appfr,H02,H26,25,25,4.200758974439625e-08,-0.0465753424657534,-0.07536096100551923,68.0,0.00963503122329712,0.8478827476501465,-0.5815384615384616,False,No difference
accuracy,llava,appfr,H02,H28,25,25,4.200758974439625e-08,-0.05555555555555558,-0.07957105018170235,67.0,0.008822321891784668,0.7851866483688354,-0.5876923076923077,False,No difference
accuracy,llava,appfr,H02,H30,25,25,4.200758974439625e-08,-0.06578947368421056,-0.08274668151797346,65.0,0.007370948791503906,0.7149820327758789,-0.6,False,No difference
accuracy,llava,appfr,H02,H32,25,25,4.200758974439625e-08,-0.06359649122807015,-0.08467163256483923,66.0,0.00806879997253418,0.7503983974456787,-0.5938461538461538,False,No difference
accuracy,llava,appfr,H04,H06,25,24,4.200758974439625e-08,-0.004037685060565344,-0.009366674053433681,102.0,0.17024139590961385,1.0,-0.32,False,No difference
accuracy,llava,appfr,H04,H08,25,24,4.200758974439625e-08,-0.00657108721624855,-0.01323619471105126,101.0,0.16151331846754213,1.0,-0.32666666666666666,False,No difference
accuracy,llava,appfr,H04,H10,25,24,4.200758974439625e-08,0.0,-0.011518204290959667,119.0,0.37577150825113037,1.0,-0.20666666666666667,False,No difference
accuracy,llava,appfr,H04,H12,25,25,4.200758974439625e-08,0.015477792732166873,0.002721027595100258,130.0,0.39571136236190796,1.0,0.2,False,No difference
accuracy,llava,appfr,H04,H14,25,24,4.200758974439625e-08,0.016333938294010864,0.0006364002201769314,123.0,0.44045294529422474,1.0,0.18,False,No difference
accuracy,llava,appfr,H04,H16,25,24,4.200758974439625e-08,-0.0028544243577545148,-0.01518936878457924,109.0,0.24142655338204444,1.0,-0.2733333333333333,False,No difference
accuracy,llava,appfr,H04,H18,25,25,4.200758974439625e-08,-0.0038058991436726863,-0.019589320796909206,111.0,0.17295855283737183,1.0,-0.3169230769230769,False,No difference
accuracy,llava,appfr,H04,H20,25,25,4.200758974439625e-08,0.00423472474289166,-0.017593811497991718,125.0,0.325391948223114,1.0,-0.23076923076923078,False,No difference
accuracy,llava,appfr,H04,H22,25,25,4.200758974439625e-08,0.0020188425302826163,-0.017927836517002877,127.0,0.3525196313858032,1.0,-0.21846153846153846,False,No difference
accuracy,llava,appfr,H04,H24,25,25,4.200758974439625e-08,-0.007611798287345373,-0.022684877303699516,119.0,0.25210392475128174,1.0,-0.2676923076923077,False,No difference
accuracy,llava,appfr,H04,H26,25,25,4.200758974439625e-08,0.001209921355111887,-0.023174123840852916,132.0,0.42614197731018066,1.0,-0.18769230769230769,False,No difference
accuracy,llava,appfr,H04,H28,25,24,4.200758974439625e-08,-0.004037685060565344,-0.027384213017036044,104.0,0.1887500729032935,1.0,-0.30666666666666664,False,No difference
accuracy,llava,appfr,H04,H30,25,25,4.200758974439625e-08,-0.011695906432748537,-0.03055984435330716,104.0,0.11993378400802612,1.0,-0.36,False,No difference
accuracy,llava,appfr,H04,H32,25,25,4.200758974439625e-08,-0.01194743130227005,-0.032484795400172926,101.0,0.10139739513397217,1.0,-0.37846153846153846,False,No difference
accuracy,llava,appfr,H06,H08,25,24,4.200758974439625e-08,-0.0009285051067781103,-0.003869520657617578,118.0,0.36056673509747184,1.0,-0.21333333333333335,False,No difference
accuracy,llava,appfr,H06,H10,25,25,4.200758974439625e-08,0.004178272980501441,-0.002151530237525985,157.0,0.8948604464530945,1.0,-0.033846153846153845,False,No difference
accuracy,llava,appfr,H06,H12,25,24,4.200758974439625e-08,0.013927576601671321,0.01208770164853394,64.0,0.014004698339500191,1.0,0.5733333333333334,False,No difference
accuracy,llava,appfr,H06,H14,25,25,4.200758974439625e-08,0.011156186612576113,0.010003074273610612,86.0,0.03933870792388916,1.0,0.4707692307692308,False,No difference
accuracy,llava,appfr,H06,H16,25,24,4.200758974439625e-08,0.0037282518641259532,-0.005822694731145559,116.0,0.3313349065031326,1.0,-0.22666666666666666,False,No difference
accuracy,llava,appfr,H06,H18,25,25,4.200758974439625e-08,-0.0026525198938991412,-0.010222646743475526,110.0,0.16449612379074097,1.0,-0.3230769230769231,False,No difference
accuracy,llava,appfr,H06,H20,25,24,4.200758974439625e-08,-0.0030425963488843744,-0.008227137444558037,121.0,0.40734696094047373,1.0,-0.19333333333333333,False,No difference
accuracy,llava,appfr,H06,H22,25,25,4.200758974439625e-08,-0.0039499670836076195,-0.008561162463569196,136.0,0.49078595638275146,1.0,-0.16307692307692306,False,No difference
accuracy,llava,appfr,H06,H24,25,25,4.200758974439625e-08,-0.011560693641618491,-0.013318203250265837,113.0,0.19081425666809082,1.0,-0.3046153846153846,False,No difference
accuracy,llava,appfr,H06,H26,25,25,4.200758974439625e-08,-0.0029940119760479833,-0.013807449787419239,122.0,0.2872292995452881,1.0,-0.24923076923076923,False,No difference
accuracy,llava,appfr,H06,H28,25,24,4.200758974439625e-08,-0.01568951279933939,-0.018017538963602364,88.0,0.07648946089689826,1.0,-0.41333333333333333,False,No difference
accuracy,llava,appfr,H06,H30,25,25,4.200758974439625e-08,-0.018166804293971883,-0.021193170299873484,89.0,0.04826241731643677,1.0,-0.4523076923076923,False,No difference
accuracy,llava,appfr,H06,H32,25,25,4.200758974439625e-08,-0.02395209580838331,-0.02311812134673925,84.0,0.034173786640167236,1.0,-0.48307692307692307,False,No difference
accuracy,llava,appfr,H08,H10,25,24,4.200758974439625e-08,0.0040567951318457585,0.001717990420091593,127.0,0.5110890641174397,1.0,0.15333333333333332,False,No difference
accuracy,llava,appfr,H08,H12,25,24,4.200758974439625e-08,0.013320647002854402,0.015957222306151517,49.0,0.0039052650736518353,0.4295791581017019,0.6733333333333333,False,No difference
accuracy,llava,appfr,H08,H14,25,25,4.200758974439625e-08,0.014131897711978536,0.01387259493122819,64.0,0.0067255496978759766,0.6658294200897217,0.6061538461538462,False,No difference
accuracy,llava,appfr,H08,H16,25,25,4.200758974439625e-08,-0.00366300366300365,-0.0019531740735279812,143.0,0.615043044090271,1.0,-0.12,False,No difference
accuracy,llava,appfr,H08,H18,25,25,4.200758974439625e-08,-0.0033057851239669533,-0.006353126085857947,120.0,0.2634761333465576,1.0,-0.26153846153846155,False,No difference
accuracy,llava,appfr,H08,H20,25,25,4.200758974439625e-08,-0.0016528925619835322,-0.004357616786940459,149.0,0.7309892177581787,1.0,-0.08307692307692308,False,No difference
accuracy,llava,appfr,H08,H22,25,25,4.200758974439625e-08,-0.0006729475100941684,-0.004691641805951619,143.0,0.615043044090271,1.0,-0.12,False,No difference
accuracy,llava,appfr,H08,H24,25,25,4.200758974439625e-08,-0.005113900511390046,-0.009448682592648259,127.0,0.3525196313858032,1.0,-0.21846153846153846,False,No difference
accuracy,llava,appfr,H08,H26,25,25,4.200758974439625e-08,-0.006043700604369984,-0.00993792912980166,119.0,0.25210392475128174,1.0,-0.2676923076923077,False,No difference
accuracy,llava,appfr,H08,H28,25,24,4.200758974439625e-08,-0.008368200836820106,-0.014148018305984786,92.0,0.09749059620220792,1.0,-0.38666666666666666,False,No difference
accuracy,llava,appfr,H08,H30,25,25,4.200758974439625e-08,-0.011191573403554922,-0.0173236496422559,91.0,0.055070459842681885,1.0,-0.44,False,No difference
accuracy,llava,appfr,H08,H32,25,25,4.200758974439625e-08,-0.015503875968992276,-0.01924860068912167,84.0,0.034173786640167236,1.0,-0.48307692307692307,False,No difference
accuracy,llava,appfr,H10,H12,25,25,4.200758974439625e-08,0.01754385964912286,0.014239231886059925,59.0,0.0041751861572265625,0.4550952911376953,0.6369230769230769,False,No difference
accuracy,llava,appfr,H10,H14,25,25,4.200758974439625e-08,0.01391409558378709,0.012154604511136598,68.0,0.00963503122329712,0.8478827476501465,0.5815384615384616,False,No difference
accuracy,llava,appfr,H10,H16,25,24,4.200758974439625e-08,-0.00592495062541154,-0.0036711644936195742,112.0,0.27760541836356367,1.0,-0.25333333333333335,False,No difference
accuracy,llava,appfr,H10,H18,25,25,4.200758974439625e-08,-0.0059880239520957446,-0.00807111650594954,102.0,0.10731470584869385,1.0,-0.3723076923076923,False,No difference
accuracy,llava,appfr,H10,H20,25,25,4.200758974439625e-08,-0.0059880239520957446,-0.006075607207032052,127.0,0.3525196313858032,1.0,-0.21846153846153846,False,No difference
accuracy,llava,appfr,H10,H22,25,25,4.200758974439625e-08,-0.0012427506213752437,-0.006409632226043211,130.0,0.39571136236190796,1.0,-0.2,False,No difference
accuracy,llava,appfr,H10,H24,25,24,4.200758974439625e-08,-0.0041425020712509975,-0.011166673012739851,105.0,0.19854279368666194,1.0,-0.3,False,No difference
accuracy,llava,appfr,H10,H26,25,25,4.200758974439625e-08,-0.0072416063199474134,-0.011655919549893255,109.0,0.15633821487426758,1.0,-0.3292307692307692,False,No difference
accuracy,llava,appfr,H10,H28,25,25,4.200758974439625e-08,-0.010468319559228667,-0.01586600872607638,87.0,0.04215019941329956,1.0,-0.4646153846153846,False,No difference
accuracy,llava,appfr,H10,H30,25,25,4.200758974439625e-08,-0.012427506213753103,-0.019041640062347497,84.0,0.034173786640167236,1.0,-0.48307692307692307,False,No difference
accuracy,llava,appfr,H10,H32,25,25,4.200758974439625e-08,-0.017921146953404965,-0.020966591109213263,80.0,0.02550506591796875,1.0,-0.5076923076923077,False,No difference
accuracy,llava,appfr,H12,H14,25,25,4.200758974439625e-08,-0.00041425020712504423,-0.0020846273749233267,135.0,0.4741646647453308,1.0,-0.16923076923076924,False,No difference
accuracy,llava,appfr,H12,H16,25,25,4.200758974439625e-08,-0.013482101348210151,-0.017910396379679498,45.0,0.0009118914604187012,0.10577940940856934,-0.7230769230769231,False,No difference
accuracy,llava,appfr,H12,H18,25,25,4.200758974439625e-08,-0.019818331957060287,-0.022310348392009464,36.0,0.00028705596923828125,0.03415966033935547,-0.7784615384615384,True,H18
accuracy,llava,appfr,H12,H20,25,25,4.200758974439625e-08,-0.012006861063464824,-0.020314839093091973,38.0,0.0003764033317565918,0.04403918981552124,-0.7661538461538462,True,H20
accuracy,llava,appfr,H12,H22,25,25,4.200758974439625e-08,-0.01391409558378709,-0.020648864112103135,55.0,0.0027848482131958008,0.3091181516647339,-0.6615384615384615,False,No difference
accuracy,llava,appfr,H12,H24,25,25,4.200758974439625e-08,-0.014804845222072704,-0.025405904898799774,52.0,0.002025127410888672,0.22681427001953125,-0.68,False,No difference
accuracy,llava,appfr,H12,H26,25,25,4.200758974439625e-08,-0.01875378100423475,-0.02589515143595318,78.0,0.021908342838287354,1.0,-0.52,False,No difference
accuracy,llava,appfr,H12,H28,25,25,4.200758974439625e-08,-0.020568663036902635,-0.030105240612136305,65.0,0.007370948791503906,0.7149820327758789,-0.6,False,No difference
accuracy,llava,appfr,H12,H30,25,25,4.200758974439625e-08,-0.022207267833109,-0.033280871948407426,68.0,0.00963503122329712,0.8478827476501465,-0.5815384615384616,False,No difference
accuracy,llava,appfr,H12,H32,25,25,4.200758974439625e-08,-0.024899057873485897,-0.03520582299527319,65.0,0.007370948791503906,0.7149820327758789,-0.6,False,No difference
accuracy,llava,appfr,H14,H16,25,23,4.200758974439625e-08,-0.012765957446808529,-0.01582576900475617,30.0,0.0010204937218340382,0.11735677801091439,-0.782608695652174,False,No difference
accuracy,llava,appfr,H14,H18,25,24,4.200758974439625e-08,-0.01754385964912286,-0.020225721017086144,25.0,0.0003547923888745886,0.04186550188720146,-0.8333333333333334,True,H18
accuracy,llava,appfr,H14,H20,25,25,4.200758974439625e-08,-0.014198782961460488,-0.01823021171816865,28.0,8.803606033325195e-05,0.010564327239990234,-0.8276923076923077,True,H20
accuracy,llava,appfr,H14,H22,25,25,4.200758974439625e-08,-0.01086240947992101,-0.018564236737179808,51.0,0.0018156766891479492,0.20517146587371826,-0.6861538461538461,False,No difference
accuracy,llava,appfr,H14,H24,25,24,4.200758974439625e-08,-0.014970059880239583,-0.023321277523876454,51.0,0.004675626589095523,0.4956164184441254,-0.66,False,No difference
accuracy,llava,appfr,H14,H26,25,25,4.200758974439625e-08,-0.015477792732166984,-0.023810524061029854,79.0,0.023649930953979492,1.0,-0.5138461538461538,False,No difference
accuracy,llava,appfr,H14,H28,25,25,4.200758974439625e-08,-0.020861372812920664,-0.028020613237212975,72.0,0.013554692268371582,1.0,-0.556923076923077,False,No difference
accuracy,llava,appfr,H14,H30,25,25,4.200758974439625e-08,-0.018274853801169666,-0.03119624457348409,66.0,0.00806879997253418,0.7503983974456787,-0.5938461538461538,False,No difference
accuracy,llava,appfr,H14,H32,25,25,4.200758974439625e-08,-0.016081871345029253,-0.03312119562034986,59.0,0.0041751861572265625,0.4550952911376953,-0.6369230769230769,False,No difference
accuracy,llava,appfr,H16,H18,25,24,4.200758974439625e-08,-0.00232126276694522,-0.004399952012329966,69.0,0.020652054892417553,1.0,-0.54,False,No difference
accuracy,llava,appfr,H16,H20,25,25,4.200758974439625e-08,-0.0019379844961240345,-0.002404442713412478,123.0,0.2996123433113098,1.0,-0.24307692307692308,False,No difference
accuracy,llava,appfr,H16,H22,25,25,4.200758974439625e-08,-0.0019029495718363432,-0.0027384677324236374,144.0,0.6338268518447876,1.0,-0.11384615384615385,False,No difference
accuracy,llava,appfr,H16,H24,25,25,4.200758974439625e-08,-0.003430531732418529,-0.007495508519120278,109.0,0.15633821487426758,1.0,-0.3292307692307692,False,No difference
accuracy,llava,appfr,H16,H26,25,25,4.200758974439625e-08,-0.006578947368421129,-0.00798475505627368,119.0,0.25210392475128174,1.0,-0.2676923076923077,False,No difference
accuracy,llava,appfr,H16,H28,25,25,4.200758974439625e-08,-0.008285004142502106,-0.012194844232456805,102.0,0.10731470584869385,1.0,-0.3723076923076923,False,No difference
accuracy,llava,appfr,H16,H30,25,24,4.200758974439625e-08,-0.00907441016333943,-0.015370475568727922,84.0,0.05933346675499405,1.0,-0.44,False,No difference
accuracy,llava,appfr,H16,H32,25,25,4.200758974439625e-08,-0.008558262014483176,-0.017295426615593686,78.0,0.021908342838287354,1.0,-0.52,False,No difference
accuracy,llava,appfr,H18,H20,25,24,4.200758974439625e-08,0.0018832391713747842,0.0019955092989174883,103.0,0.17931823604537578,1.0,0.31333333333333335,False,No difference
accuracy,llava,appfr,H18,H22,25,24,4.200758974439625e-08,0.004941321803582477,0.001661484279906329,105.0,0.19854279368666194,1.0,0.3,False,No difference
accuracy,llava,appfr,H18,H24,25,24,4.200758974439625e-08,-0.0003291639236339128,-0.0030955565067903113,134.0,0.6475683676310555,1.0,-0.10666666666666667,False,No difference
accuracy,llava,appfr,H18,H26,25,24,4.200758974439625e-08,0.0,-0.003584803043943714,127.0,0.5110890641174397,1.0,-0.15333333333333332,False,No difference
accuracy,llava,appfr,H18,H28,25,24,4.200758974439625e-08,-0.0035842293906810374,-0.007794892220126839,112.0,0.27760541836356367,1.0,-0.25333333333333335,False,No difference
accuracy,llava,appfr,H18,H30,25,24,4.200758974439625e-08,-0.004184100418410108,-0.010970523556397955,96.0,0.12286544122931756,1.0,-0.36,False,No difference
accuracy,llava,appfr,H18,H32,25,25,4.200758974439625e-08,-0.008720930232558155,-0.01289547460326372,99.0,0.09031611680984497,1.0,-0.39076923076923076,False,No difference
accuracy,llava,appfr,H20,H22,25,25,4.200758974439625e-08,0.0005973715651135247,-0.00033402501901115935,148.0,0.7111607789993286,1.0,0.08923076923076922,False,No difference
accuracy,llava,appfr,H20,H24,25,25,4.200758974439625e-08,-0.0028368794326241176,-0.0050910658057078,114.0,0.19187777256106342,1.0,-0.29846153846153844,False,No difference
accuracy,llava,appfr,H20,H26,25,24,4.200758974439625e-08,-0.004181600955794562,-0.005580312342861203,110.0,0.2530979089471155,1.0,-0.26666666666666666,False,No difference
accuracy,llava,appfr,H20,H28,25,25,4.200758974439625e-08,-0.009421265141319024,-0.009790401519044327,107.0,0.14091521501541138,1.0,-0.3415384615384615,False,No difference
accuracy,llava,appfr,H20,H30,25,25,4.200758974439625e-08,-0.01134751773049647,-0.012966032855315444,97.0,0.0801958441734314,1.0,-0.40307692307692305,False,No difference
accuracy,llava,appfr,H20,H32,25,25,4.200758974439625e-08,-0.008833100883310019,-0.01489098390218121,92.0,0.05875152349472046,1.0,-0.4338461538461538,False,No difference
accuracy,llava,appfr,H22,H24,25,23,4.200758974439625e-08,-0.0018832391713747842,-0.00475704078669664,66.0,0.02853318507900548,1.0,-0.5217391304347826,False,No difference
accuracy,llava,appfr,H22,H26,25,23,4.200758974439625e-08,-0.0024630541871921152,-0.005246287323850043,92.0,0.16178664110148655,1.0,-0.3333333333333333,False,No difference
accuracy,llava,appfr,H22,H28,25,24,4.200758974439625e-08,-0.00605652759084796,-0.009456376500033168,84.0,0.05933346675499405,1.0,-0.44,False,No difference
accuracy,llava,appfr,H22,H30,25,25,4.200758974439625e-08,-0.008748317631224745,-0.012632007836304283,86.0,0.03933870792388916,1.0,-0.4707692307692308,False,No difference
accuracy,llava,appfr,H22,H32,25,25,4.200758974439625e-08,-0.00787075393537695,-0.014556958883170051,76.0,0.018744707107543945,1.0,-0.5323076923076923,False,No difference
accuracy,llava,appfr,H24,H26,25,25,4.200758974439625e-08,-0.0016515276630882925,-0.0004892465371534027,138.0,0.5249125957489014,1.0,-0.15076923076923077,False,No difference
accuracy,llava,appfr,H24,H28,25,25,4.200758974439625e-08,-0.004128819157720898,-0.004699335713336528,114.0,0.2002161741256714,1.0,-0.29846153846153844,False,No difference
accuracy,llava,appfr,H24,H30,25,25,4.200758974439625e-08,-0.006606110652353392,-0.007874967049607644,109.0,0.15633821487426758,1.0,-0.3292307692307692,False,No difference
accuracy,llava,appfr,H24,H32,25,24,4.200758974439625e-08,-0.006043700604369984,-0.00979991809647341,82.0,0.052033421360799366,1.0,-0.4533333333333333,False,No difference
accuracy,llava,appfr,H26,H28,25,24,4.200758974439625e-08,-0.004255319148936176,-0.004210089176183125,63.0,0.012929172172726561,1.0,-0.58,False,No difference
accuracy,llava,appfr,H26,H30,25,25,4.200758974439625e-08,-0.005571030640668551,-0.0073857205124542415,66.0,0.00806879997253418,0.7503983974456787,-0.5938461538461538,False,No difference
accuracy,llava,appfr,H26,H32,25,24,4.200758974439625e-08,-0.008113590263691628,-0.009310671559320007,52.0,0.005110260660855864,0.5325222015380859,-0.6533333333333333,False,No difference
accuracy,llava,appfr,H28,H30,25,25,4.200758974439625e-08,-0.0012210012210012167,-0.0031756313362711164,100.0,0.09573346376419067,1.0,-0.38461538461538464,False,No difference
accuracy,llava,appfr,H28,H32,25,25,4.200758974439625e-08,-0.005988023952095856,-0.005100582383136883,63.0,0.006129205226898193,0.6190497279167175,-0.6123076923076923,False,No difference
accuracy,llava,appfr,H30,H32,25,24,4.200758974439625e-08,-0.0020746887966804906,-0.001924951046865766,88.0,0.07648946089689826,1.0,-0.41333333333333333,False,No difference
accuracy,llava,appod,H02,H04,25,25,3.2352715926414504e-05,-0.031063321385902065,-0.04455831540391499,51.0,0.0018156766891479492,0.2106184959411621,-0.6861538461538461,False,No difference
accuracy,llava,appod,H02,H06,25,23,3.2352715926414504e-05,-0.018842530282637937,-0.05462497760318317,31.0,0.0011363215962114429,0.13294962675673883,-0.7753623188405797,False,No difference
accuracy,llava,appod,H02,H08,25,25,3.2352715926414504e-05,-0.02508960573476704,-0.057130449406166,40.0,0.0004894733428955078,0.05824732780456543,-0.7538461538461538,False,No difference
accuracy,llava,appod,H02,H10,25,25,3.2352715926414504e-05,-0.012113055181695809,-0.047404073735265555,46.0,0.0010271072387695312,0.12119865417480469,-0.7169230769230769,False,No difference
accuracy,llava,appod,H02,H12,25,25,3.2352715926414504e-05,-0.005649717514124242,-0.04095570709420242,86.0,0.03933870792388916,1.0,-0.4707692307692308,False,No difference
accuracy,llava,appod,H02,H14,25,25,3.2352715926414504e-05,-0.008229098090849263,-0.04035065300714763,100.0,0.09573346376419067,1.0,-0.38461538461538464,False,No difference
accuracy,llava,appod,H02,H16,25,25,3.2352715926414504e-05,-0.014325068870523427,-0.05380709462350275,57.0,0.003419220447540283,0.3897911310195923,-0.6492307692307693,False,No difference
accuracy,llava,appod,H02,H18,25,25,3.2352715926414504e-05,-0.013458950201884257,-0.045733115704357875,68.0,0.00963503122329712,1.0,-0.5815384615384616,False,No difference
accuracy,llava,appod,H02,H20,25,23,3.2352715926414504e-05,-0.010094212651413192,-0.04714092522174124,62.0,0.020803242477548358,1.0,-0.5507246376811594,False,No difference
accuracy,llava,appod,H02,H22,25,25,3.2352715926414504e-05,-0.016472868217054293,-0.041940295292244655,80.0,0.02550506591796875,1.0,-0.5076923076923077,False,No difference
accuracy,llava,appod,H02,H24,25,25,3.2352715926414504e-05,-0.010291595197255587,-0.04053053830257353,97.0,0.0801958441734314,1.0,-0.40307692307692305,False,No difference
accuracy,llava,appod,H02,H26,25,24,3.2352715926414504e-05,-0.010291595197255587,-0.042001507631609085,84.0,0.05933346675499405,1.0,-0.44,False,No difference
accuracy,llava,appod,H02,H28,25,25,3.2352715926414504e-05,-0.012006861063464824,-0.04922966118820127,74.0,0.01597297191619873,1.0,-0.5446153846153846,False,No difference
accuracy,llava,appod,H02,H30,25,25,3.2352715926414504e-05,-0.013458950201884257,-0.05101800815001639,79.0,0.023649930953979492,1.0,-0.5138461538461538,False,No difference
accuracy,llava,appod,H02,H32,25,25,3.2352715926414504e-05,-0.01682368775235532,-0.04798489312626823,84.0,0.034173786640167236,1.0,-0.48307692307692307,False,No difference
accuracy,llava,appod,H04,H06,25,25,3.2352715926414504e-05,-0.002192982456140413,-0.010066662199268175,136.0,0.49078595638275146,1.0,-0.16307692307692306,False,No difference
accuracy,llava,appod,H04,H08,25,25,3.2352715926414504e-05,-0.0028997514498757537,-0.01257213400225101,113.0,0.19081425666809082,1.0,-0.3046153846153846,False,No difference
accuracy,llava,appod,H04,H10,25,25,3.2352715926414504e-05,0.00493745885450958,-0.0028457583313505654,156.0,0.8739878535270691,1.0,0.04,False,No difference
accuracy,llava,appod,H04,H12,25,25,3.2352715926414504e-05,0.0064039408866994885,0.0036026083097125718,124.0,0.312333345413208,1.0,0.23692307692307693,False,No difference
accuracy,llava,appod,H04,H14,25,25,3.2352715926414504e-05,0.007532956685499026,0.004207662396767366,121.0,0.2751842737197876,1.0,0.2553846153846154,False,No difference
accuracy,llava,appod,H04,H16,25,25,3.2352715926414504e-05,0.0009874917709019604,-0.009248779219587762,135.0,0.4741646647453308,1.0,-0.16923076923076924,False,No difference
accuracy,llava,appod,H04,H18,25,25,3.2352715926414504e-05,0.00615763546798026,-0.0011748003004428864,145.0,0.6528410911560059,1.0,0.1076923076923077,False,No difference
accuracy,llava,appod,H04,H20,25,24,3.2352715926414504e-05,0.004187192118226601,-0.0025826098178262447,148.0,0.954431397113681,1.0,0.013333333333333334,False,No difference
accuracy,llava,appod,H04,H22,25,25,3.2352715926414504e-05,0.010141987829614563,0.002618020111670334,133.0,0.4418373703956604,1.0,0.18153846153846154,False,No difference
accuracy,llava,appod,H04,H24,25,23,3.2352715926414504e-05,0.005172413793103459,0.004027777101341468,115.0,0.4842121727230406,1.0,0.16666666666666666,False,No difference
accuracy,llava,appod,H04,H26,25,25,3.2352715926414504e-05,0.008356545961002881,0.0025568077723059092,144.0,0.6338268518447876,1.0,0.11384615384615385,False,No difference
accuracy,llava,appod,H04,H28,25,25,3.2352715926414504e-05,0.008982035928143728,-0.004671345784286279,158.0,0.9158032536506653,1.0,0.027692307692307693,False,No difference
accuracy,llava,appod,H04,H30,25,25,3.2352715926414504e-05,0.008748317631224745,-0.0064596927461014085,162.0,1.0,1.0,0.003076923076923077,False,No difference
accuracy,llava,appod,H04,H32,25,25,3.2352715926414504e-05,0.0053835800807536804,-0.003426577722353239,160.0,0.9578450322151184,1.0,0.015384615384615385,False,No difference
accuracy,llava,appod,H06,H08,25,25,3.2352715926414504e-05,-0.00041425020712515526,-0.0025054718029828347,146.0,0.6720751523971558,1.0,-0.10153846153846154,False,No difference
accuracy,llava,appod,H06,H10,25,24,3.2352715926414504e-05,0.006861063464837058,0.00722090386791761,97.0,0.1299533902149312,1.0,0.35333333333333333,False,No difference
accuracy,llava,appod,H06,H12,25,25,3.2352715926414504e-05,0.012426900584795342,0.013669270508980747,70.0,0.011453330516815186,1.0,0.5692307692307692,False,No difference
accuracy,llava,appod,H06,H14,25,25,3.2352715926414504e-05,0.015477792732166873,0.014274324596035542,72.0,0.013554692268371582,1.0,0.556923076923077,False,No difference
accuracy,llava,appod,H06,H16,25,25,3.2352715926414504e-05,0.008547008547008517,0.0008178829796804132,131.0,0.4107651710510254,1.0,0.19384615384615383,False,No difference
accuracy,llava,appod,H06,H18,25,25,3.2352715926414504e-05,0.013054187192118205,0.008891861898825288,112.0,0.18172985315322876,1.0,0.31076923076923074,False,No difference
accuracy,llava,appod,H06,H20,25,24,3.2352715926414504e-05,0.012426900584795342,0.00748405238144193,104.0,0.1887500729032935,1.0,0.30666666666666664,False,No difference
accuracy,llava,appod,H06,H22,25,25,3.2352715926414504e-05,0.01388888888888895,0.012684682310938509,110.0,0.16449612379074097,1.0,0.3230769230769231,False,No difference
accuracy,llava,appod,H06,H24,25,25,3.2352715926414504e-05,0.012448132780082943,0.014094439300609642,88.0,0.04512268304824829,1.0,0.4584615384615385,False,No difference
accuracy,llava,appod,H06,H26,25,25,3.2352715926414504e-05,0.014039408866995062,0.012623469971574083,106.0,0.13364005088806152,1.0,0.3476923076923077,False,No difference
accuracy,llava,appod,H06,H28,25,25,3.2352715926414504e-05,0.014532019704433519,0.005395316414981897,130.0,0.39571136236190796,1.0,0.2,False,No difference
accuracy,llava,appod,H06,H30,25,24,3.2352715926414504e-05,0.014532019704433519,0.003606969453166766,125.0,0.475050524053953,1.0,0.16666666666666666,False,No difference
accuracy,llava,appod,H06,H32,25,25,3.2352715926414504e-05,0.011695906432748537,0.006640084476914936,133.0,0.4418373703956604,1.0,0.18153846153846154,False,No difference
accuracy,llava,appod,H08,H10,25,23,3.2352715926414504e-05,0.01067780872794799,0.009726375670900445,65.0,0.026398980713274567,1.0,0.5289855072463768,False,No difference
accuracy,llava,appod,H08,H12,25,24,3.2352715926414504e-05,0.01754385964912275,0.016174742311963582,49.0,0.0039052650736518353,0.4412949533226574,0.6733333333333333,False,No difference
accuracy,llava,appod,H08,H14,25,25,3.2352715926414504e-05,0.014619883040935644,0.016779796399018377,53.0,0.002255260944366455,0.25935500860214233,0.6738461538461539,False,No difference
accuracy,llava,appod,H08,H16,25,24,3.2352715926414504e-05,0.002192982456140302,0.003323354782663248,104.0,0.1887500729032935,1.0,0.30666666666666664,False,No difference
accuracy,llava,appod,H08,H18,25,24,3.2352715926414504e-05,0.00877192982456143,0.011397333701808123,91.0,0.09185084396186832,1.0,0.3933333333333333,False,No difference
accuracy,llava,appod,H08,H20,25,25,3.2352715926414504e-05,0.011695906432748537,0.009989524184424765,93.0,0.0626264214515686,1.0,0.4276923076923077,False,No difference
accuracy,llava,appod,H08,H22,25,25,3.2352715926414504e-05,0.018672199170124415,0.015190154113921344,83.0,0.03180783987045288,1.0,0.48923076923076925,False,No difference
accuracy,llava,appod,H08,H24,25,24,3.2352715926414504e-05,0.01299907149489321,0.016599911103592477,72.0,0.02584243384486978,1.0,0.52,False,No difference
accuracy,llava,appod,H08,H26,25,25,3.2352715926414504e-05,0.018255578093306246,0.015128941774556919,90.0,0.05157625675201416,1.0,0.4461538461538462,False,No difference
accuracy,llava,appod,H08,H28,25,25,3.2352715926414504e-05,0.007389162561576401,0.007900788217964732,117.0,0.23036134243011475,1.0,0.28,False,No difference
accuracy,llava,appod,H08,H30,25,25,3.2352715926414504e-05,0.008113590263691628,0.006112441256149601,123.0,0.2996123433113098,1.0,0.24307692307692308,False,No difference
accuracy,llava,appod,H08,H32,25,24,3.2352715926414504e-05,0.012561576354679804,0.00914555627989777,119.0,0.37577150825113037,1.0,0.20666666666666667,False,No difference
accuracy,llava,appod,H10,H12,25,25,3.2352715926414504e-05,0.006213753106876552,0.006448366641063137,68.0,0.00963503122329712,1.0,0.5815384615384616,False,No difference
accuracy,llava,appod,H10,H14,25,25,3.2352715926414504e-05,0.008748317631224745,0.007053420728117932,74.0,0.01597297191619873,1.0,0.5446153846153846,False,No difference
accuracy,llava,appod,H10,H16,25,23,3.2352715926414504e-05,-0.0036529680365297024,-0.006403020888237196,84.0,0.10050558691972779,1.0,-0.391304347826087,False,No difference
accuracy,llava,appod,H10,H18,25,25,3.2352715926414504e-05,0.0006176652254478165,0.0016709580309076787,139.0,0.5424043536186218,1.0,0.14461538461538462,False,No difference
accuracy,llava,appod,H10,H20,25,24,3.2352715926414504e-05,0.0029940119760478723,0.00026314851352432056,123.0,0.44045294529422474,1.0,0.18,False,No difference
accuracy,llava,appod,H10,H22,25,25,3.2352715926414504e-05,0.009113504556752194,0.005463778443020899,113.0,0.19081425666809082,1.0,0.3046153846153846,False,No difference
accuracy,llava,appod,H10,H24,25,25,3.2352715926414504e-05,0.006896551724137945,0.0068735354326920324,97.0,0.0801958441734314,1.0,0.40307692307692305,False,No difference
accuracy,llava,appod,H10,H26,25,25,3.2352715926414504e-05,0.008866995073891604,0.005402566103656474,119.0,0.25210392475128174,1.0,0.2676923076923077,False,No difference
accuracy,llava,appod,H10,H28,25,25,3.2352715926414504e-05,0.0024855012427505985,-0.001825587452935713,159.0,0.936802864074707,1.0,0.021538461538461538,False,No difference
accuracy,llava,appod,H10,H30,25,24,3.2352715926414504e-05,-0.0013458950201884479,-0.0036139344147508435,144.0,0.8638867905449266,1.0,-0.04,False,No difference
accuracy,llava,appod,H10,H32,25,24,3.2352715926414504e-05,0.0,-0.0005808193910026738,142.0,0.8192020334011836,1.0,0.05333333333333334,False,No difference
accuracy,llava,appod,H12,H14,25,23,3.2352715926414504e-05,0.0013262599469495706,0.000605054087054795,120.0,0.584056453701191,1.0,0.13043478260869565,False,No difference
accuracy,llava,appod,H12,H16,25,25,3.2352715926414504e-05,-0.0131421744324971,-0.012851387529300333,63.0,0.006129205226898193,0.6742125749588013,-0.6123076923076923,False,No difference
accuracy,llava,appod,H12,H18,25,25,3.2352715926414504e-05,-0.003978779840848823,-0.004777408610155458,104.0,0.11993378400802612,1.0,-0.36,False,No difference
accuracy,llava,appod,H12,H20,25,24,3.2352715926414504e-05,-0.0009298000929800487,-0.0061852181275388165,147.0,0.9316935455667716,1.0,-0.02,False,No difference
accuracy,llava,appod,H12,H22,25,25,3.2352715926414504e-05,0.0028997514498756427,-0.0009845881980422378,138.0,0.5249125957489014,1.0,0.15076923076923077,False,No difference
accuracy,llava,appod,H12,H24,25,25,3.2352715926414504e-05,0.0035842293906809264,0.00042516879162889597,131.0,0.4107651710510254,1.0,0.19384615384615383,False,No difference
accuracy,llava,appod,H12,H26,25,25,3.2352715926414504e-05,0.002389486260453988,-0.0010458005374066625,147.0,0.6915188431739807,1.0,0.09538461538461539,False,No difference
accuracy,llava,appod,H12,H28,25,24,3.2352715926414504e-05,-0.0037282518641259532,-0.00827395409399885,123.0,0.44045294529422474,1.0,-0.18,False,No difference
accuracy,llava,appod,H12,H30,25,25,3.2352715926414504e-05,-0.005376344086021501,-0.010062301055813981,129.0,0.3809836506843567,1.0,-0.20615384615384616,False,No difference
accuracy,llava,appod,H12,H32,25,24,3.2352715926414504e-05,-0.00041425020712515526,-0.007029186032065811,130.0,0.5677091661973526,1.0,-0.13333333333333333,False,No difference
accuracy,llava,appod,H14,H16,25,25,3.2352715926414504e-05,-0.012596899224806224,-0.013456441616355128,30.0,0.00012022256851196289,0.014426708221435547,-0.8153846153846154,True,H16
accuracy,llava,appod,H14,H18,25,25,3.2352715926414504e-05,-0.004279131007241532,-0.005382462697210253,96.0,0.07547956705093384,1.0,-0.40923076923076923,False,No difference
accuracy,llava,appod,H14,H20,25,25,3.2352715926414504e-05,-0.001477832512315258,-0.006790272214593611,129.0,0.3809836506843567,1.0,-0.20615384615384616,False,No difference
accuracy,llava,appod,H14,H22,25,24,3.2352715926414504e-05,0.0012427506213752437,-0.0015896422850970326,146.0,0.9090113066460508,1.0,0.02666666666666667,False,No difference
accuracy,llava,appod,H14,H24,25,25,3.2352715926414504e-05,0.0026525198938992522,-0.00017988529542589893,157.0,0.8948604464530945,1.0,0.033846153846153845,False,No difference
accuracy,llava,appod,H14,H26,25,24,3.2352715926414504e-05,0.001477832512315258,-0.0016508546244614576,149.0,0.9772063994750985,1.0,-0.006666666666666667,False,No difference
accuracy,llava,appod,H14,H28,25,25,3.2352715926414504e-05,-0.007402422611036297,-0.008879008181053645,116.0,0.21998637914657593,1.0,-0.28615384615384615,False,No difference
accuracy,llava,appod,H14,H30,25,25,3.2352715926414504e-05,-0.0073260073260073,-0.010667355142868776,114.0,0.2002161741256714,1.0,-0.29846153846153844,False,No difference
accuracy,llava,appod,H14,H32,25,25,3.2352715926414504e-05,-0.006430868167202619,-0.007634240119120605,126.0,0.33878785371780396,1.0,-0.2246153846153846,False,No difference
accuracy,llava,appod,H16,H18,25,25,3.2352715926414504e-05,0.011976047904191711,0.008073978919144876,60.0,0.004604637622833252,0.5157194137573242,0.6307692307692307,False,No difference
accuracy,llava,appod,H16,H20,25,24,3.2352715926414504e-05,0.00928505106778088,0.006666169401761517,86.0,0.06746383613161147,1.0,0.4266666666666667,False,No difference
accuracy,llava,appod,H16,H22,25,25,3.2352715926414504e-05,0.020455602045560184,0.011866799331258095,65.0,0.007370948791503906,0.8034334182739258,0.6,False,No difference
accuracy,llava,appod,H16,H24,25,25,3.2352715926414504e-05,0.013670256835128458,0.01327655632092923,64.0,0.008038444824642506,0.8681520410613907,0.6061538461538462,False,No difference
accuracy,llava,appod,H16,H26,25,25,3.2352715926414504e-05,0.00928505106778088,0.011805586991893671,98.0,0.08513903617858887,1.0,0.39692307692307693,False,No difference
accuracy,llava,appod,H16,H28,25,25,3.2352715926414504e-05,0.004037685060565233,0.004577433435301484,133.0,0.4418373703956604,1.0,0.18153846153846154,False,No difference
accuracy,llava,appod,H16,H30,25,25,3.2352715926414504e-05,0.0029556650246305716,0.002789086473486353,146.0,0.6720751523971558,1.0,0.10153846153846154,False,No difference
accuracy,llava,appod,H16,H32,25,25,3.2352715926414504e-05,0.007042253521126751,0.005822201497234523,142.0,0.5964998602867126,1.0,0.12615384615384614,False,No difference
accuracy,llava,appod,H18,H20,25,24,3.2352715926414504e-05,0.0035842293906810374,-0.0014078095173833583,125.0,0.475050524053953,1.0,0.16666666666666666,False,No difference
accuracy,llava,appod,H18,H22,25,24,3.2352715926414504e-05,0.005649717514124242,0.0037928204121132204,105.0,0.19854279368666194,1.0,0.3,False,No difference
accuracy,llava,appod,H18,H24,25,25,3.2352715926414504e-05,0.005649717514124242,0.005202577401784354,100.0,0.09573346376419067,1.0,0.38461538461538464,False,No difference
accuracy,llava,appod,H18,H26,25,25,3.2352715926414504e-05,0.005649717514124242,0.0037316080727487957,121.0,0.2751842737197876,1.0,0.2553846153846154,False,No difference
accuracy,llava,appod,H18,H28,25,25,3.2352715926414504e-05,-0.0029239766081872176,-0.0034965454838433918,144.0,0.6338268518447876,1.0,-0.11384615384615385,False,No difference
accuracy,llava,appod,H18,H30,25,22,3.2352715926414504e-05,-0.004971002485501197,-0.0052848924456585225,99.0,0.3719614039338499,1.0,-0.21739130434782608,False,No difference
accuracy,llava,appod,H18,H32,25,24,3.2352715926414504e-05,-0.0008285004142501995,-0.0022517774219103525,136.0,0.6891565167793516,1.0,-0.09333333333333334,False,No difference
accuracy,llava,appod,H20,H22,25,23,3.2352715926414504e-05,0.006043700604370095,0.005200629929496579,61.0,0.019183212767887602,1.0,0.5579710144927537,False,No difference
accuracy,llava,appod,H20,H24,25,24,3.2352715926414504e-05,0.002789400278940035,0.006610386919167713,81.0,0.048674875673469,1.0,0.46,False,No difference
accuracy,llava,appod,H20,H26,25,21,3.2352715926414504e-05,0.0006729475100942794,0.0051394175901321535,87.0,0.32188434536878685,1.0,0.24675324675324675,False,No difference
accuracy,llava,appod,H20,H28,25,25,3.2352715926414504e-05,-0.007570770243581326,-0.0020887359664600335,110.0,0.16449612379074097,1.0,-0.3230769230769231,False,No difference
accuracy,llava,appod,H20,H30,25,25,3.2352715926414504e-05,-0.00869925434962715,-0.0038770829282751638,109.0,0.15633821487426758,1.0,-0.3292307692307692,False,No difference
accuracy,llava,appod,H20,H32,25,25,3.2352715926414504e-05,-0.004255319148936176,-0.0008439679045269944,122.0,0.2872292995452881,1.0,-0.24923076923076923,False,No difference
accuracy,llava,appod,H22,H24,25,23,3.2352715926414504e-05,-0.0009852216748768017,0.0014097569896711337,115.0,0.4842121727230406,1.0,-0.16666666666666666,False,No difference
accuracy,llava,appod,H22,H26,25,24,3.2352715926414504e-05,-0.0019029495718363432,-6.121233936442482e-05,131.0,0.5872281657620673,1.0,-0.12666666666666668,False,No difference
accuracy,llava,appod,H22,H28,25,24,3.2352715926414504e-05,-0.006973500697350032,-0.007289365895956612,83.0,0.05558365877076873,1.0,-0.44666666666666666,False,No difference
accuracy,llava,appod,H22,H30,25,25,3.2352715926414504e-05,-0.010752688172043001,-0.009077712857771742,92.0,0.05875152349472046,1.0,-0.4338461538461538,False,No difference
accuracy,llava,appod,H22,H32,25,25,3.2352715926414504e-05,-0.0057088487155090295,-0.006044597834023573,112.0,0.18172985315322876,1.0,-0.31076923076923074,False,No difference
accuracy,llava,appod,H24,H26,25,22,3.2352715926414504e-05,-0.0009874917709018494,-0.0014709693290355585,110.0,0.5921774964028619,1.0,-0.13043478260869565,False,No difference
accuracy,llava,appod,H24,H28,25,24,3.2352715926414504e-05,-0.005813953488372103,-0.008699122885627747,61.0,0.010995017215527,1.0,-0.5933333333333334,False,No difference
accuracy,llava,appod,H24,H30,25,25,3.2352715926414504e-05,-0.008720930232558155,-0.010487469847442876,82.0,0.029578447341918945,1.0,-0.49538461538461537,False,No difference
accuracy,llava,appod,H24,H32,25,24,3.2352715926414504e-05,-0.006628003314001707,-0.007454354823694707,77.0,0.03700451161641875,1.0,-0.4866666666666667,False,No difference
accuracy,llava,appod,H26,H28,25,24,3.2352715926414504e-05,-0.005673758865248124,-0.0072281535565921875,52.0,0.005110260660855864,0.5672389333550009,-0.6533333333333333,False,No difference
accuracy,llava,appod,H26,H30,25,24,3.2352715926414504e-05,-0.006578947368421129,-0.009016500518407317,66.0,0.016395071849192262,1.0,-0.56,False,No difference
accuracy,llava,appod,H26,H32,25,25,3.2352715926414504e-05,-0.004556752278376153,-0.005983385494659148,75.0,0.017312347888946533,1.0,-0.5384615384615384,False,No difference
accuracy,llava,appod,H28,H30,25,24,3.2352715926414504e-05,-0.0026525198938992522,-0.0017883469618151305,106.0,0.20870191067235688,1.0,-0.29333333333333333,False,No difference
accuracy,llava,appod,H28,H32,25,23,3.2352715926414504e-05,0.001394700139469962,0.0012447680619330393,108.0,0.3615326171890033,1.0,0.21739130434782608,False,No difference
accuracy,llava,appod,H30,H32,25,24,3.2352715926414504e-05,0.00464252553389044,0.0030331150237481695,71.0,0.023999149663337077,1.0,0.5266666666666666,False,No difference
