metric,direction,approach,history,history_frames,friedman_holm_p,model_1,model_2,n_pairs,median_oriented_difference_model1_minus_model2,wilcoxon_statistic,raw_p,rank_biserial_model1_minus_model2,descriptive_better_model,holm_p,significant_holm,significant_better_model
msp,higher positive correctness correlation is better,appfr,H02,2,0.0003961958348183566,qwen,internvl,23,0.33957433776593493,15.0,3.266334533691406e-05,0.8913043478260869,qwen,9.799003601074219e-05,True,qwen
msp,higher positive correctness correlation is better,appfr,H02,2,0.0003961958348183566,qwen,llava,23,0.24721167249701123,19.0,7.319450378417969e-05,0.8623188405797102,qwen,0.00014638900756835938,True,qwen
msp,higher positive correctness correlation is better,appfr,H02,2,0.0003961958348183566,internvl,llava,23,-0.07580526981799704,73.0,0.04844093322753906,-0.47101449275362317,llava,0.04844093322753906,True,llava
msp,higher positive correctness correlation is better,appfr,H04,4,5.713843333901565e-05,qwen,internvl,22,0.39403798093487136,5.0,4.76837158203125e-06,0.9604743083003953,qwen,1.430511474609375e-05,True,qwen
msp,higher positive correctness correlation is better,appfr,H04,4,5.713843333901565e-05,qwen,llava,22,0.1340265465564371,25.0,0.00042819976806640625,0.8023715415019763,qwen,0.00042819976806640625,True,qwen
msp,higher positive correctness correlation is better,appfr,H04,4,5.713843333901565e-05,internvl,llava,22,-0.22169211084356683,19.0,0.00014638900756835938,-0.849802371541502,llava,0.00029277801513671875,True,llava
msp,higher positive correctness correlation is better,appfr,H06,6,5.713843333901565e-05,qwen,internvl,20,0.4352674553044521,5.0,1.9073486328125e-05,0.9523809523809523,qwen,3.814697265625e-05,True,qwen
msp,higher positive correctness correlation is better,appfr,H06,6,5.713843333901565e-05,qwen,llava,20,0.09737980537885077,41.0,0.01531219482421875,0.6095238095238096,qwen,0.01531219482421875,True,qwen
msp,higher positive correctness correlation is better,appfr,H06,6,5.713843333901565e-05,internvl,llava,20,-0.25175345925243464,3.0,9.5367431640625e-06,-0.9714285714285714,llava,2.86102294921875e-05,True,llava
msp,higher positive correctness correlation is better,appfr,H08,8,0.0004878422696082342,qwen,internvl,21,0.42885022957895685,12.0,6.67572021484375e-05,0.8961038961038961,qwen,0.000133514404296875,True,qwen
msp,higher positive correctness correlation is better,appfr,H08,8,0.0004878422696082342,qwen,llava,21,0.10539674031664123,48.0,0.017546653747558594,0.5844155844155844,qwen,0.017546653747558594,True,qwen
msp,higher positive correctness correlation is better,appfr,H08,8,0.0004878422696082342,internvl,llava,21,-0.22454502026809744,10.0,4.100799560546875e-05,-0.9134199134199135,llava,0.00012302398681640625,True,llava
msp,higher positive correctness correlation is better,appfr,H10,10,0.011316751940001315,qwen,internvl,11,0.32594174593250047,2.0,0.0029296875,0.9393939393939394,qwen,0.005859375,True,qwen
msp,higher positive correctness correlation is better,appfr,H10,10,0.011316751940001315,qwen,llava,11,0.15141119617627308,14.0,0.1015625,0.5757575757575758,qwen,0.1015625,False,No difference
msp,higher positive correctness correlation is better,appfr,H10,10,0.011316751940001315,internvl,llava,11,-0.2374350606496476,1.0,0.001953125,-0.9696969696969697,llava,0.005859375,True,llava
msp,higher positive correctness correlation is better,appfr,H12,12,0.003803335270629959,qwen,internvl,11,0.28467287822040865,0.0,0.0009765625,1.0,qwen,0.0029296875,True,qwen
msp,higher positive correctness correlation is better,appfr,H12,12,0.003803335270629959,qwen,llava,11,0.12120521009796781,12.0,0.0673828125,0.6363636363636364,qwen,0.0673828125,False,No difference
msp,higher positive correctness correlation is better,appfr,H12,12,0.003803335270629959,internvl,llava,11,-0.1859010805729725,3.0,0.0048828125,-0.9090909090909091,llava,0.009765625,True,llava
msp,higher positive correctness correlation is better,appfr,H14,14,6.506698044760981e-05,qwen,internvl,24,0.3970480945929701,11.0,6.556510925292969e-06,0.9266666666666666,qwen,1.9669532775878906e-05,True,qwen
msp,higher positive correctness correlation is better,appfr,H14,14,6.506698044760981e-05,qwen,llava,24,0.11456046786961183,62.0,0.010507822036743164,0.5866666666666667,qwen,0.010507822036743164,True,qwen
msp,higher positive correctness correlation is better,appfr,H14,14,6.506698044760981e-05,internvl,llava,24,-0.22839684398910481,23.0,7.62939453125e-05,-0.8466666666666667,llava,0.000152587890625,True,llava
msp,higher positive correctness correlation is better,appfr,H16,16,0.00018513188604605852,qwen,internvl,24,0.32838435729187254,15.0,1.633167266845703e-05,0.9,qwen,4.8995018005371094e-05,True,qwen
msp,higher positive correctness correlation is better,appfr,H16,16,0.00018513188604605852,qwen,llava,24,0.11056543269475097,66.0,0.015044927597045898,0.56,qwen,0.015044927597045898,True,qwen
msp,higher positive correctness correlation is better,appfr,H16,16,0.00018513188604605852,internvl,llava,24,-0.22289551804444013,35.0,0.0004944801330566406,-0.7666666666666667,llava,0.0009889602661132812,True,llava
msp,higher positive correctness correlation is better,appfr,H18,18,0.015620670897092888,qwen,internvl,11,0.310348972437378,1.0,0.001953125,0.9696969696969697,qwen,0.005859375,True,qwen
msp,higher positive correctness correlation is better,appfr,H18,18,0.015620670897092888,qwen,llava,11,0.10924175316231136,29.0,0.7646484375,0.12121212121212122,qwen,0.7646484375,False,No difference
msp,higher positive correctness correlation is better,appfr,H18,18,0.015620670897092888,internvl,llava,11,-0.2829488168730251,1.0,0.001953125,-0.9696969696969697,llava,0.005859375,True,llava
msp,higher positive correctness correlation is better,appfr,H22,22,0.015620670897092888,qwen,internvl,11,0.36862660364931665,1.0,0.001953125,0.9696969696969697,qwen,0.005859375,True,qwen
msp,higher positive correctness correlation is better,appfr,H22,22,0.015620670897092888,qwen,llava,11,-0.02938893136704132,32.0,0.9658203125,-0.030303030303030304,llava,0.9658203125,False,No difference
msp,higher positive correctness correlation is better,appfr,H22,22,0.015620670897092888,internvl,llava,11,-0.3463569434538956,1.0,0.001953125,-0.9696969696969697,llava,0.005859375,True,llava
msp,higher positive correctness correlation is better,appfr,H24,24,0.04944705294067866,qwen,internvl,10,0.25479049240908813,1.0,0.00390625,0.9636363636363636,qwen,0.01171875,True,qwen
msp,higher positive correctness correlation is better,appfr,H24,24,0.04944705294067866,qwen,llava,10,0.01308254043116952,26.0,0.921875,0.05454545454545454,qwen,0.921875,False,No difference
msp,higher positive correctness correlation is better,appfr,H24,24,0.04944705294067866,internvl,llava,10,-0.2926923248226519,3.0,0.009765625,-0.8909090909090909,llava,0.01953125,True,llava
msp,higher positive correctness correlation is better,appfr,H26,26,9.533061806064557e-06,qwen,internvl,21,0.9793301519815069,0.0,9.5367431640625e-07,1.0,qwen,2.86102294921875e-06,True,qwen
msp,higher positive correctness correlation is better,appfr,H26,26,9.533061806064557e-06,qwen,llava,21,0.018736641472977142,85.0,0.3038158416748047,0.26406926406926406,qwen,0.3038158416748047,False,No difference
msp,higher positive correctness correlation is better,appfr,H26,26,9.533061806064557e-06,internvl,llava,21,-0.9460855746459291,4.0,6.67572021484375e-06,-0.9653679653679653,llava,1.33514404296875e-05,True,llava
msp,higher positive correctness correlation is better,appfr,H28,28,0.00015250334954705283,qwen,internvl,22,0.8980884198226695,6.0,6.67572021484375e-06,0.9525691699604744,qwen,2.002716064453125e-05,True,qwen
msp,higher positive correctness correlation is better,appfr,H28,28,0.00015250334954705283,qwen,llava,22,0.01045986178217282,103.0,0.46277761459350586,0.1857707509881423,qwen,0.46277761459350586,False,No difference
msp,higher positive correctness correlation is better,appfr,H28,28,0.00015250334954705283,internvl,llava,22,-0.8160061565514702,8.0,1.1920928955078125e-05,-0.9367588932806324,llava,2.384185791015625e-05,True,llava
msp,higher positive correctness correlation is better,appfr,H30,30,5.589979758118008e-05,qwen,internvl,24,0.846796439941479,9.0,3.933906555175781e-06,0.94,qwen,1.1801719665527344e-05,True,qwen
msp,higher positive correctness correlation is better,appfr,H30,30,5.589979758118008e-05,qwen,llava,24,0.006434977639046921,117.0,0.35962629318237305,0.22,qwen,0.35962629318237305,False,No difference
msp,higher positive correctness correlation is better,appfr,H30,30,5.589979758118008e-05,internvl,llava,24,-0.7657025642579035,10.0,5.125999450683594e-06,-0.9333333333333333,llava,1.1801719665527344e-05,True,llava
msp,higher positive correctness correlation is better,appfr,H32,32,6.506698044760981e-05,qwen,internvl,23,0.8173558743511554,6.0,3.337860107421875e-06,0.9565217391304348,qwen,1.0013580322265625e-05,True,qwen
msp,higher positive correctness correlation is better,appfr,H32,32,6.506698044760981e-05,qwen,llava,23,0.02408189967754787,98.0,0.23447084426879883,0.2898550724637681,qwen,0.23447084426879883,False,No difference
msp,higher positive correctness correlation is better,appfr,H32,32,6.506698044760981e-05,internvl,llava,23,-0.747426626681728,9.0,7.867813110351562e-06,-0.9347826086956522,llava,1.5735626220703125e-05,True,llava
msp,higher positive correctness correlation is better,appod,H02,2,0.0005859374066077207,qwen,internvl,23,0.2927018413677965,18.0,6.031990051269531e-05,0.8695652173913043,qwen,0.00012063980102539062,True,qwen
msp,higher positive correctness correlation is better,appod,H02,2,0.0005859374066077207,qwen,llava,23,0.19791781454800822,10.0,1.0251998901367188e-05,0.927536231884058,qwen,3.075599670410156e-05,True,qwen
msp,higher positive correctness correlation is better,appod,H02,2,0.0005859374066077207,internvl,llava,23,-0.035968258624969184,122.0,0.6433901786804199,-0.11594202898550725,llava,0.6433901786804199,False,No difference
msp,higher positive correctness correlation is better,appod,H04,4,0.0006189889206191928,qwen,internvl,21,0.2614474581889351,23.0,0.0006074905395507812,0.8008658008658008,qwen,0.0018224716186523438,True,qwen
msp,higher positive correctness correlation is better,appod,H04,4,0.0006189889206191928,qwen,llava,21,0.06357516025872603,58.0,0.04599285125732422,0.49783549783549785,qwen,0.04599285125732422,True,qwen
msp,higher positive correctness correlation is better,appod,H04,4,0.0006189889206191928,internvl,llava,21,-0.12433477312088044,28.0,0.0013742446899414062,-0.7575757575757576,llava,0.0027484893798828125,True,llava
msp,higher positive correctness correlation is better,appod,H06,6,0.02278013407370439,qwen,internvl,23,0.47046282856893434,26.0,0.00025343894958496094,0.8115942028985508,qwen,0.0007603168487548828,True,qwen
msp,higher positive correctness correlation is better,appod,H06,6,0.02278013407370439,qwen,llava,23,0.08746358248217398,41.0,0.0021359920501708984,0.7028985507246377,qwen,0.0033197402954101562,True,qwen
msp,higher positive correctness correlation is better,appod,H06,6,0.02278013407370439,internvl,llava,23,-0.15005491196073328,39.0,0.0016598701477050781,-0.717391304347826,llava,0.0033197402954101562,True,llava
msp,higher positive correctness correlation is better,appod,H08,8,0.0010484793068057218,qwen,internvl,23,0.31863539754472886,22.0,0.0001277923583984375,0.8405797101449275,qwen,0.0003833770751953125,True,qwen
msp,higher positive correctness correlation is better,appod,H08,8,0.0010484793068057218,qwen,llava,23,0.07686328339520432,26.0,0.00025343894958496094,0.8115942028985508,qwen,0.0005068778991699219,True,qwen
msp,higher positive correctness correlation is better,appod,H08,8,0.0010484793068057218,internvl,llava,23,-0.35713840239097117,32.0,0.0006387233734130859,-0.7681159420289855,llava,0.0006387233734130859,True,llava
msp,higher positive correctness correlation is better,appod,H10,10,8.758130116508991e-06,qwen,internvl,23,0.5503321366425629,18.0,6.031990051269531e-05,0.8695652173913043,qwen,0.00012063980102539062,True,qwen
msp,higher positive correctness correlation is better,appod,H10,10,8.758130116508991e-06,qwen,llava,23,0.055784664856070726,0.0,2.384185791015625e-07,1.0,qwen,7.152557373046875e-07,True,qwen
msp,higher positive correctness correlation is better,appod,H10,10,8.758130116508991e-06,internvl,llava,23,-0.1734063287874415,34.0,0.0008494853973388672,-0.7536231884057971,llava,0.0008494853973388672,True,llava
msp,higher positive correctness correlation is better,appod,H12,12,7.882124047131818e-07,qwen,internvl,23,0.48615584201866735,3.0,1.1920928955078125e-06,0.9782608695652174,qwen,2.384185791015625e-06,True,qwen
msp,higher positive correctness correlation is better,appod,H12,12,7.882124047131818e-07,qwen,llava,23,0.11300352358907167,2.0,7.152557373046875e-07,0.9855072463768116,qwen,2.1457672119140625e-06,True,qwen
msp,higher positive correctness correlation is better,appod,H12,12,7.882124047131818e-07,internvl,llava,23,-0.2627581807406268,27.0,0.0002980232238769531,-0.8043478260869565,llava,0.0002980232238769531,True,llava
msp,higher positive correctness correlation is better,appod,H14,14,8.69778687466951e-06,qwen,internvl,23,0.2782370237976256,6.0,3.337860107421875e-06,0.9565217391304348,qwen,1.0013580322265625e-05,True,qwen
msp,higher positive correctness correlation is better,appod,H14,14,8.69778687466951e-06,qwen,llava,23,0.12251684109222728,18.0,6.031990051269531e-05,0.8695652173913043,qwen,0.00012063980102539062,True,qwen
msp,higher positive correctness correlation is better,appod,H14,14,8.69778687466951e-06,internvl,llava,23,-0.15209208687671383,30.0,0.00047516822814941406,-0.782608695652174,llava,0.00047516822814941406,True,llava
msp,higher positive correctness correlation is better,appod,H16,16,0.0002532745974945586,qwen,internvl,23,0.2409264231666184,6.0,3.337860107421875e-06,0.9565217391304348,qwen,1.0013580322265625e-05,True,qwen
msp,higher positive correctness correlation is better,appod,H16,16,0.0002532745974945586,qwen,llava,23,0.09453935347713174,26.0,0.00025343894958496094,0.8115942028985508,qwen,0.0005068778991699219,True,qwen
msp,higher positive correctness correlation is better,appod,H16,16,0.0002532745974945586,internvl,llava,23,-0.14127285080634197,35.0,0.0009758472442626953,-0.7463768115942029,llava,0.0009758472442626953,True,llava
msp,higher positive correctness correlation is better,appod,H18,18,5.005399755495953e-06,qwen,internvl,23,0.3066498921226729,4.0,1.6689300537109375e-06,0.9710144927536232,qwen,5.0067901611328125e-06,True,qwen
msp,higher positive correctness correlation is better,appod,H18,18,5.005399755495953e-06,qwen,llava,23,0.1363859146500371,20.0,8.845329284667969e-05,0.855072463768116,qwen,8.845329284667969e-05,True,qwen
msp,higher positive correctness correlation is better,appod,H18,18,5.005399755495953e-06,internvl,llava,23,-0.2123167194881899,15.0,3.266334533691406e-05,-0.8913043478260869,llava,6.532669067382812e-05,True,llava
msp,higher positive correctness correlation is better,appod,H20,20,5.005399755495953e-06,qwen,internvl,23,0.40890878982128975,5.0,2.384185791015625e-06,0.9637681159420289,qwen,7.152557373046875e-06,True,qwen
msp,higher positive correctness correlation is better,appod,H20,20,5.005399755495953e-06,qwen,llava,23,0.10690909607390296,18.0,6.031990051269531e-05,0.8695652173913043,qwen,0.00012063980102539062,True,qwen
msp,higher positive correctness correlation is better,appod,H20,20,5.005399755495953e-06,internvl,llava,23,-0.2381364679512755,19.0,7.319450378417969e-05,-0.8623188405797102,llava,0.00012063980102539062,True,llava
msp,higher positive correctness correlation is better,appod,H22,22,3.3708622219675547e-05,qwen,internvl,23,0.3401450405312264,7.0,4.5299530029296875e-06,0.9492753623188406,qwen,1.3589859008789062e-05,True,qwen
msp,higher positive correctness correlation is better,appod,H22,22,3.3708622219675547e-05,qwen,llava,23,0.10099763250892302,22.0,0.0001277923583984375,0.8405797101449275,qwen,0.00017690658569335938,True,qwen
msp,higher positive correctness correlation is better,appod,H22,22,3.3708622219675547e-05,internvl,llava,23,-0.22710779612485557,20.0,8.845329284667969e-05,-0.855072463768116,llava,0.00017690658569335938,True,llava
msp,higher positive correctness correlation is better,appod,H24,24,7.000246344958146e-05,qwen,internvl,23,0.3421256038927407,6.0,3.337860107421875e-06,0.9565217391304348,qwen,1.0013580322265625e-05,True,qwen
msp,higher positive correctness correlation is better,appod,H24,24,7.000246344958146e-05,qwen,llava,23,0.07474028644998867,48.0,0.004851341247558594,0.6521739130434783,qwen,0.004851341247558594,True,qwen
msp,higher positive correctness correlation is better,appod,H24,24,7.000246344958146e-05,internvl,llava,23,-0.27841054208849547,15.0,3.266334533691406e-05,-0.8913043478260869,llava,6.532669067382812e-05,True,llava
msp,higher positive correctness correlation is better,appod,H32,32,0.03207133638074137,qwen,internvl,23,0.13609594713467812,47.0,0.004338979721069336,0.6594202898550725,qwen,0.013016939163208008,True,qwen
msp,higher positive correctness correlation is better,appod,H32,32,0.03207133638074137,qwen,llava,23,0.04614333256718792,67.0,0.030086994171142578,0.5144927536231884,qwen,0.060173988342285156,False,No difference
msp,higher positive correctness correlation is better,appod,H32,32,0.03207133638074137,internvl,llava,23,-0.04855083136324661,82.0,0.09175300598144531,-0.4057971014492754,llava,0.09175300598144531,False,No difference
pcs,higher positive correctness correlation is better,appfr,H02,2,0.00044572031417065117,qwen,internvl,23,0.3376219647235296,15.0,3.266334533691406e-05,0.8913043478260869,qwen,9.799003601074219e-05,True,qwen
pcs,higher positive correctness correlation is better,appfr,H02,2,0.00044572031417065117,qwen,llava,23,0.2509473954725946,20.0,8.845329284667969e-05,0.855072463768116,qwen,0.00017690658569335938,True,qwen
pcs,higher positive correctness correlation is better,appfr,H02,2,0.00044572031417065117,internvl,llava,23,-0.059372435882598856,75.0,0.05625271797180176,-0.45652173913043476,llava,0.05625271797180176,False,No difference
pcs,higher positive correctness correlation is better,appfr,H04,4,5.713843333901565e-05,qwen,internvl,22,0.39241326670595655,5.0,4.76837158203125e-06,0.9604743083003953,qwen,1.430511474609375e-05,True,qwen
pcs,higher positive correctness correlation is better,appfr,H04,4,5.713843333901565e-05,qwen,llava,22,0.13329176809989565,25.0,0.00042819976806640625,0.8023715415019763,qwen,0.00042819976806640625,True,qwen
pcs,higher positive correctness correlation is better,appfr,H04,4,5.713843333901565e-05,internvl,llava,22,-0.22135819533042989,21.0,0.00021314620971679688,-0.83399209486166,llava,0.00042629241943359375,True,llava
pcs,higher positive correctness correlation is better,appfr,H06,6,5.713843333901565e-05,qwen,internvl,20,0.4333676424146508,5.0,1.9073486328125e-05,0.9523809523809523,qwen,3.814697265625e-05,True,qwen
pcs,higher positive correctness correlation is better,appfr,H06,6,5.713843333901565e-05,qwen,llava,20,0.09031846263988216,44.0,0.021484375,0.580952380952381,qwen,0.021484375,True,qwen
pcs,higher positive correctness correlation is better,appfr,H06,6,5.713843333901565e-05,internvl,llava,20,-0.24586013869464798,3.0,9.5367431640625e-06,-0.9714285714285714,llava,2.86102294921875e-05,True,llava
pcs,higher positive correctness correlation is better,appfr,H08,8,0.00044572031417065117,qwen,internvl,21,0.4242462127994214,11.0,5.245208740234375e-05,0.9047619047619048,qwen,0.00012302398681640625,True,qwen
pcs,higher positive correctness correlation is better,appfr,H08,8,0.00044572031417065117,qwen,llava,21,0.09467607681621021,49.0,0.01947307586669922,0.5757575757575758,qwen,0.01947307586669922,True,qwen
pcs,higher positive correctness correlation is better,appfr,H08,8,0.00044572031417065117,internvl,llava,21,-0.21495856243958367,10.0,4.100799560546875e-05,-0.9134199134199135,llava,0.00012302398681640625,True,llava
pcs,higher positive correctness correlation is better,appfr,H10,10,0.013580102328001577,qwen,internvl,11,0.31547330820388797,2.0,0.0029296875,0.9393939393939394,qwen,0.005859375,True,qwen
pcs,higher positive correctness correlation is better,appfr,H10,10,0.013580102328001577,qwen,llava,11,0.16151293180105472,14.0,0.1015625,0.5757575757575758,qwen,0.1015625,False,No difference
pcs,higher positive correctness correlation is better,appfr,H10,10,0.013580102328001577,internvl,llava,11,-0.2237588312499586,1.0,0.001953125,-0.9696969696969697,llava,0.005859375,True,llava
pcs,higher positive correctness correlation is better,appfr,H12,12,0.014865028493026653,qwen,internvl,11,0.2658527164040954,1.0,0.001953125,0.9696969696969697,qwen,0.005859375,True,qwen
pcs,higher positive correctness correlation is better,appfr,H12,12,0.014865028493026653,qwen,llava,11,0.12419246350348895,10.0,0.0419921875,0.696969696969697,qwen,0.0419921875,True,qwen
pcs,higher positive correctness correlation is better,appfr,H12,12,0.014865028493026653,internvl,llava,11,-0.18437977175086034,3.0,0.0048828125,-0.9090909090909091,llava,0.009765625,True,llava
pcs,higher positive correctness correlation is better,appfr,H14,14,6.506698044760981e-05,qwen,internvl,24,0.39126960287857826,13.0,1.049041748046875e-05,0.9133333333333333,qwen,3.147125244140625e-05,True,qwen
pcs,higher positive correctness correlation is better,appfr,H14,14,6.506698044760981e-05,qwen,llava,24,0.10109213935371147,64.0,0.012604832649230957,0.5733333333333334,qwen,0.012604832649230957,True,qwen
pcs,higher positive correctness correlation is better,appfr,H14,14,6.506698044760981e-05,internvl,llava,24,-0.22099104042290557,26.0,0.0001270771026611328,-0.8266666666666667,llava,0.0002541542053222656,True,llava
pcs,higher positive correctness correlation is better,appfr,H16,16,0.0005025796025152683,qwen,internvl,24,0.3300122100992672,21.0,5.328655242919922e-05,0.86,qwen,0.00015985965728759766,True,qwen
pcs,higher positive correctness correlation is better,appfr,H16,16,0.0005025796025152683,qwen,llava,24,0.11272194256349936,70.0,0.02112710475921631,0.5333333333333333,qwen,0.02112710475921631,True,qwen
pcs,higher positive correctness correlation is better,appfr,H16,16,0.0005025796025152683,internvl,llava,24,-0.21544930998524456,37.0,0.0006498098373413086,-0.7533333333333333,llava,0.0012996196746826172,True,llava
pcs,higher positive correctness correlation is better,appfr,H18,18,0.014865028493026653,qwen,internvl,11,0.3183809358397005,1.0,0.001953125,0.9696969696969697,qwen,0.005859375,True,qwen
pcs,higher positive correctness correlation is better,appfr,H18,18,0.014865028493026653,qwen,llava,11,0.12176032159722706,26.0,0.5771484375,0.21212121212121213,qwen,0.5771484375,False,No difference
pcs,higher positive correctness correlation is better,appfr,H18,18,0.014865028493026653,internvl,llava,11,-0.275051861969836,1.0,0.001953125,-0.9696969696969697,llava,0.005859375,True,llava
pcs,higher positive correctness correlation is better,appfr,H22,22,0.014865028493026653,qwen,internvl,11,0.36552441479988995,1.0,0.001953125,0.9696969696969697,qwen,0.005859375,True,qwen
pcs,higher positive correctness correlation is better,appfr,H22,22,0.014865028493026653,qwen,llava,11,-0.01986367584523721,33.0,1.0,0.0,tie,1.0,False,No difference
pcs,higher positive correctness correlation is better,appfr,H22,22,0.014865028493026653,internvl,llava,11,-0.3426363461684387,1.0,0.001953125,-0.9696969696969697,llava,0.005859375,True,llava
pcs,higher positive correctness correlation is better,appfr,H24,24,0.04048382289160855,qwen,internvl,10,0.2643256118154365,1.0,0.00390625,0.9636363636363636,qwen,0.01171875,True,qwen
pcs,higher positive correctness correlation is better,appfr,H24,24,0.04048382289160855,qwen,llava,10,0.033946063217786995,26.0,0.921875,0.05454545454545454,qwen,0.921875,False,No difference
pcs,higher positive correctness correlation is better,appfr,H24,24,0.04048382289160855,internvl,llava,10,-0.2839278603876174,3.0,0.009765625,-0.8909090909090909,llava,0.01953125,True,llava
pcs,higher positive correctness correlation is better,appfr,H26,26,9.533061806064557e-06,qwen,internvl,21,0.9859124232238181,0.0,9.5367431640625e-07,1.0,qwen,2.86102294921875e-06,True,qwen
pcs,higher positive correctness correlation is better,appfr,H26,26,9.533061806064557e-06,qwen,llava,21,0.0367357750248158,84.0,0.2877340316772461,0.2727272727272727,qwen,0.2877340316772461,False,No difference
pcs,higher positive correctness correlation is better,appfr,H26,26,9.533061806064557e-06,internvl,llava,21,-0.9398812096254331,4.0,6.67572021484375e-06,-0.9653679653679653,llava,1.33514404296875e-05,True,llava
pcs,higher positive correctness correlation is better,appfr,H28,28,0.0001595952791797131,qwen,internvl,22,0.8942542652272139,7.0,9.059906005859375e-06,0.9446640316205533,qwen,2.7179718017578125e-05,True,qwen
pcs,higher positive correctness correlation is better,appfr,H28,28,0.0001595952791797131,qwen,llava,22,0.01169724822056644,94.0,0.30530881881713867,0.25691699604743085,qwen,0.30530881881713867,False,No difference
pcs,higher positive correctness correlation is better,appfr,H28,28,0.0001595952791797131,internvl,llava,22,-0.8119762530611205,10.0,2.0503997802734375e-05,-0.9209486166007905,llava,4.100799560546875e-05,True,llava
pcs,higher positive correctness correlation is better,appfr,H30,30,4.7318157077553896e-05,qwen,internvl,24,0.8525966143069921,6.0,1.6689300537109375e-06,0.96,qwen,5.0067901611328125e-06,True,qwen
pcs,higher positive correctness correlation is better,appfr,H30,30,4.7318157077553896e-05,qwen,llava,24,0.006690644682989119,115.0,0.3305051326751709,0.23333333333333334,qwen,0.3305051326751709,False,No difference
pcs,higher positive correctness correlation is better,appfr,H30,30,4.7318157077553896e-05,internvl,llava,24,-0.7568388855482001,11.0,6.556510925292969e-06,-0.9266666666666666,llava,1.3113021850585938e-05,True,llava
pcs,higher positive correctness correlation is better,appfr,H32,32,7.700270979453961e-05,qwen,internvl,23,0.8282409180509498,6.0,3.337860107421875e-06,0.9565217391304348,qwen,1.0013580322265625e-05,True,qwen
pcs,higher positive correctness correlation is better,appfr,H32,32,7.700270979453961e-05,qwen,llava,23,0.024650191033545682,100.0,0.25945234298706055,0.2753623188405797,qwen,0.25945234298706055,False,No difference
pcs,higher positive correctness correlation is better,appfr,H32,32,7.700270979453961e-05,internvl,llava,23,-0.7364777739598947,9.0,7.867813110351562e-06,-0.9347826086956522,llava,1.5735626220703125e-05,True,llava
pcs,higher positive correctness correlation is better,appod,H02,2,0.0005859374066077207,qwen,internvl,23,0.29075056506665986,19.0,7.319450378417969e-05,0.8623188405797102,qwen,0.00014638900756835938,True,qwen
pcs,higher positive correctness correlation is better,appod,H02,2,0.0005859374066077207,qwen,llava,23,0.2001266495493487,10.0,1.0251998901367188e-05,0.927536231884058,qwen,3.075599670410156e-05,True,qwen
pcs,higher positive correctness correlation is better,appod,H02,2,0.0005859374066077207,internvl,llava,23,-0.02745222282174649,124.0,0.6868791580200195,-0.10144927536231885,llava,0.6868791580200195,False,No difference
pcs,higher positive correctness correlation is better,appod,H04,4,0.005216860063942835,qwen,internvl,21,0.25972766265668523,26.0,0.0010023117065429688,0.7748917748917749,qwen,0.0030069351196289062,True,qwen
pcs,higher positive correctness correlation is better,appod,H04,4,0.005216860063942835,qwen,llava,21,0.06590254928466782,60.0,0.05469322204589844,0.4805194805194805,qwen,0.05469322204589844,False,No difference
pcs,higher positive correctness correlation is better,appod,H04,4,0.005216860063942835,internvl,llava,21,-0.12262418771477028,28.0,0.0013742446899414062,-0.7575757575757576,llava,0.0030069351196289062,True,llava
pcs,higher positive correctness correlation is better,appod,H06,6,0.02278013407370439,qwen,internvl,23,0.4414649544857378,27.0,0.0002980232238769531,0.8043478260869565,qwen,0.0008940696716308594,True,qwen
pcs,higher positive correctness correlation is better,appod,H06,6,0.02278013407370439,qwen,llava,23,0.08804761084196566,42.0,0.0024156570434570312,0.6956521739130435,qwen,0.0048313140869140625,True,qwen
pcs,higher positive correctness correlation is better,appod,H06,6,0.02278013407370439,internvl,llava,23,-0.14906286449925324,42.0,0.0024156570434570312,-0.6956521739130435,llava,0.0048313140869140625,True,llava
pcs,higher positive correctness correlation is better,appod,H08,8,0.002452587743312286,qwen,internvl,23,0.3133026796972592,23.0,0.000152587890625,0.8333333333333334,qwen,0.000457763671875,True,qwen
pcs,higher positive correctness correlation is better,appod,H08,8,0.002452587743312286,qwen,llava,23,0.07660839691385848,32.0,0.0006387233734130859,0.7681159420289855,qwen,0.0012774467468261719,True,qwen
pcs,higher positive correctness correlation is better,appod,H08,8,0.002452587743312286,internvl,llava,23,-0.35401760738617194,32.0,0.0006387233734130859,-0.7681159420289855,llava,0.0012774467468261719,True,llava
pcs,higher positive correctness correlation is better,appod,H10,10,9.36684740349024e-06,qwen,internvl,23,0.5294759681491897,18.0,6.031990051269531e-05,0.8695652173913043,qwen,0.00012063980102539062,True,qwen
pcs,higher positive correctness correlation is better,appod,H10,10,9.36684740349024e-06,qwen,llava,23,0.06359312832527708,0.0,2.384185791015625e-07,1.0,qwen,7.152557373046875e-07,True,qwen
pcs,higher positive correctness correlation is better,appod,H10,10,9.36684740349024e-06,internvl,llava,23,-0.15499535559211253,33.0,0.0007376670837402344,-0.7608695652173914,llava,0.0007376670837402344,True,llava
pcs,higher positive correctness correlation is better,appod,H12,12,7.882124047131818e-07,qwen,internvl,23,0.4842599627750087,3.0,1.1920928955078125e-06,0.9782608695652174,qwen,2.384185791015625e-06,True,qwen
pcs,higher positive correctness correlation is better,appod,H12,12,7.882124047131818e-07,qwen,llava,23,0.11682016386298032,1.0,4.76837158203125e-07,0.9927536231884058,qwen,1.430511474609375e-06,True,qwen
pcs,higher positive correctness correlation is better,appod,H12,12,7.882124047131818e-07,internvl,llava,23,-0.2541412295494088,27.0,0.0002980232238769531,-0.8043478260869565,llava,0.0002980232238769531,True,llava
pcs,higher positive correctness correlation is better,appod,H14,14,9.36684740349024e-06,qwen,internvl,23,0.27782314485812415,6.0,3.337860107421875e-06,0.9565217391304348,qwen,1.0013580322265625e-05,True,qwen
pcs,higher positive correctness correlation is better,appod,H14,14,9.36684740349024e-06,qwen,llava,23,0.12277291800633039,16.0,4.029273986816406e-05,0.8840579710144928,qwen,8.058547973632812e-05,True,qwen
pcs,higher positive correctness correlation is better,appod,H14,14,9.36684740349024e-06,internvl,llava,23,-0.14345194932960562,30.0,0.00047516822814941406,-0.782608695652174,llava,0.00047516822814941406,True,llava
pcs,higher positive correctness correlation is better,appod,H16,16,0.00013193380937491733,qwen,internvl,23,0.2360829013692499,6.0,3.337860107421875e-06,0.9565217391304348,qwen,1.0013580322265625e-05,True,qwen
pcs,higher positive correctness correlation is better,appod,H16,16,0.00013193380937491733,qwen,llava,23,0.09994674198408637,27.0,0.0002980232238769531,0.8043478260869565,qwen,0.0005960464477539062,True,qwen
pcs,higher positive correctness correlation is better,appod,H16,16,0.00013193380937491733,internvl,llava,23,-0.12767973307501623,35.0,0.0009758472442626953,-0.7463768115942029,llava,0.0009758472442626953,True,llava
pcs,higher positive correctness correlation is better,appod,H18,18,9.36684740349024e-06,qwen,internvl,23,0.29675208468995573,4.0,1.6689300537109375e-06,0.9710144927536232,qwen,5.0067901611328125e-06,True,qwen
pcs,higher positive correctness correlation is better,appod,H18,18,9.36684740349024e-06,qwen,llava,23,0.1472121573827239,21.0,0.00010657310485839844,0.8478260869565217,qwen,0.00010657310485839844,True,qwen
pcs,higher positive correctness correlation is better,appod,H18,18,9.36684740349024e-06,internvl,llava,23,-0.20613874735570376,15.0,3.266334533691406e-05,-0.8913043478260869,llava,6.532669067382812e-05,True,llava
pcs,higher positive correctness correlation is better,appod,H20,20,9.591990820757475e-07,qwen,internvl,23,0.406663561765197,3.0,1.1920928955078125e-06,0.9782608695652174,qwen,3.5762786865234375e-06,True,qwen
pcs,higher positive correctness correlation is better,appod,H20,20,9.591990820757475e-07,qwen,llava,23,0.10081556209927156,20.0,8.845329284667969e-05,0.855072463768116,qwen,0.00014638900756835938,True,qwen
pcs,higher positive correctness correlation is better,appod,H20,20,9.591990820757475e-07,internvl,llava,23,-0.23223075784137184,19.0,7.319450378417969e-05,-0.8623188405797102,llava,0.00014638900756835938,True,llava
pcs,higher positive correctness correlation is better,appod,H22,22,3.3708622219675547e-05,qwen,internvl,23,0.327323473260673,7.0,4.5299530029296875e-06,0.9492753623188406,qwen,1.3589859008789062e-05,True,qwen
pcs,higher positive correctness correlation is better,appod,H22,22,3.3708622219675547e-05,qwen,llava,23,0.09420785347777383,19.0,7.319450378417969e-05,0.8623188405797102,qwen,0.00014638900756835938,True,qwen
pcs,higher positive correctness correlation is better,appod,H22,22,3.3708622219675547e-05,internvl,llava,23,-0.21873012353561935,20.0,8.845329284667969e-05,-0.855072463768116,llava,0.00014638900756835938,True,llava
pcs,higher positive correctness correlation is better,appod,H24,24,7.000246344958146e-05,qwen,internvl,23,0.32853004474542713,6.0,3.337860107421875e-06,0.9565217391304348,qwen,1.0013580322265625e-05,True,qwen
pcs,higher positive correctness correlation is better,appod,H24,24,7.000246344958146e-05,qwen,llava,23,0.07102688344957624,47.0,0.004338979721069336,0.6594202898550725,qwen,0.004338979721069336,True,qwen
pcs,higher positive correctness correlation is better,appod,H24,24,7.000246344958146e-05,internvl,llava,23,-0.26828490076628836,14.0,2.6226043701171875e-05,-0.8985507246376812,llava,5.245208740234375e-05,True,llava
pcs,higher positive correctness correlation is better,appod,H32,32,0.04541256235092795,qwen,internvl,23,0.1250721537149869,48.0,0.004851341247558594,0.6521739130434783,qwen,0.014554023742675781,True,qwen
pcs,higher positive correctness correlation is better,appod,H32,32,0.04541256235092795,qwen,llava,23,0.03994445387322103,67.0,0.030086994171142578,0.5144927536231884,qwen,0.060173988342285156,False,No difference
pcs,higher positive correctness correlation is better,appod,H32,32,0.04541256235092795,internvl,llava,23,-0.04777510663197407,87.0,0.12621283531188965,-0.3695652173913043,llava,0.12621283531188965,False,No difference
deep_gini,more negative correctness correlation is better,appfr,H02,2,0.00013955103274797026,qwen,internvl,23,0.31868813127021545,11.0,1.3113021850585938e-05,0.9202898550724637,qwen,3.933906555175781e-05,True,qwen
deep_gini,more negative correctness correlation is better,appfr,H02,2,0.00013955103274797026,qwen,llava,23,0.287210453530117,13.0,2.09808349609375e-05,0.9057971014492754,qwen,4.1961669921875e-05,True,qwen
deep_gini,more negative correctness correlation is better,appfr,H02,2,0.00013955103274797026,internvl,llava,23,-0.03260899373131407,115.0,0.5009052753448486,-0.16666666666666666,llava,0.5009052753448486,False,No difference
deep_gini,more negative correctness correlation is better,appfr,H04,4,3.417818752562177e-05,qwen,internvl,22,0.3523682035213119,3.0,2.384185791015625e-06,0.9762845849802372,qwen,7.152557373046875e-06,True,qwen
deep_gini,more negative correctness correlation is better,appfr,H04,4,3.417818752562177e-05,qwen,llava,22,0.1707345794898293,11.0,2.6226043701171875e-05,0.9130434782608695,qwen,5.245208740234375e-05,True,qwen
deep_gini,more negative correctness correlation is better,appfr,H04,4,3.417818752562177e-05,internvl,llava,22,-0.18585142690391893,23.0,0.0003046989440917969,-0.8181818181818182,llava,0.0003046989440917969,True,llava
deep_gini,more negative correctness correlation is better,appfr,H06,6,1.2238269514802024e-05,qwen,internvl,20,0.43002074036104043,4.0,1.33514404296875e-05,0.9619047619047619,qwen,2.6702880859375e-05,True,qwen
deep_gini,more negative correctness correlation is better,appfr,H06,6,1.2238269514802024e-05,qwen,llava,20,0.13685215236803916,27.0,0.0023250579833984375,0.7428571428571429,qwen,0.0023250579833984375,True,qwen
deep_gini,more negative correctness correlation is better,appfr,H06,6,1.2238269514802024e-05,internvl,llava,20,-0.1865965779691347,1.0,3.814697265625e-06,-0.9904761904761905,llava,1.1444091796875e-05,True,llava
deep_gini,more negative correctness correlation is better,appfr,H08,8,7.016365019222996e-05,qwen,internvl,21,0.4334050159548888,10.0,4.100799560546875e-05,0.9134199134199135,qwen,8.20159912109375e-05,True,qwen
deep_gini,more negative correctness correlation is better,appfr,H08,8,7.016365019222996e-05,qwen,llava,21,0.1100529333729316,40.0,0.0071010589599609375,0.6536796536796536,qwen,0.0071010589599609375,True,qwen
deep_gini,more negative correctness correlation is better,appfr,H08,8,7.016365019222996e-05,internvl,llava,21,-0.23416936555082202,6.0,1.33514404296875e-05,-0.948051948051948,llava,4.00543212890625e-05,True,llava
deep_gini,more negative correctness correlation is better,appfr,H10,10,0.011316751940001315,qwen,internvl,11,0.31691311208668327,1.0,0.001953125,0.9696969696969697,qwen,0.005859375,True,qwen
deep_gini,more negative correctness correlation is better,appfr,H10,10,0.011316751940001315,qwen,llava,11,0.14762528392199475,12.0,0.0673828125,0.6363636363636364,qwen,0.0673828125,False,No difference
deep_gini,more negative correctness correlation is better,appfr,H10,10,0.011316751940001315,internvl,llava,11,-0.22008246355442804,3.0,0.0048828125,-0.9090909090909091,llava,0.009765625,True,llava
deep_gini,more negative correctness correlation is better,appfr,H12,12,0.001532326970067179,qwen,internvl,11,0.31171622273839594,0.0,0.0009765625,1.0,qwen,0.0029296875,True,qwen
deep_gini,more negative correctness correlation is better,appfr,H12,12,0.001532326970067179,qwen,llava,11,0.12894004971052497,9.0,0.0322265625,0.7272727272727273,qwen,0.0322265625,True,qwen
deep_gini,more negative correctness correlation is better,appfr,H12,12,0.001532326970067179,internvl,llava,11,-0.18042269749149076,1.0,0.001953125,-0.9696969696969697,llava,0.00390625,True,llava
deep_gini,more negative correctness correlation is better,appfr,H14,14,3.340650164556218e-05,qwen,internvl,24,0.39392158721598475,8.0,2.9802322387695312e-06,0.9466666666666667,qwen,8.940696716308594e-06,True,qwen
deep_gini,more negative correctness correlation is better,appfr,H14,14,3.340650164556218e-05,qwen,llava,24,0.0749924633553368,44.0,0.0015796422958374023,0.7066666666666667,qwen,0.0015796422958374023,True,qwen
deep_gini,more negative correctness correlation is better,appfr,H14,14,3.340650164556218e-05,internvl,llava,24,-0.1945596888485005,16.0,2.014636993408203e-05,-0.8933333333333333,llava,4.029273986816406e-05,True,llava
deep_gini,more negative correctness correlation is better,appfr,H16,16,0.00014399146692471216,qwen,internvl,24,0.33120795707718054,12.0,8.344650268554688e-06,0.92,qwen,2.5033950805664062e-05,True,qwen
deep_gini,more negative correctness correlation is better,appfr,H16,16,0.00014399146692471216,qwen,llava,24,0.1182359039684132,66.0,0.015044927597045898,0.56,qwen,0.015044927597045898,True,qwen
deep_gini,more negative correctness correlation is better,appfr,H16,16,0.00014399146692471216,internvl,llava,24,-0.16377847210714266,27.0,0.00014960765838623047,-0.82,llava,0.00029921531677246094,True,llava
deep_gini,more negative correctness correlation is better,appfr,H18,18,0.011316751940001315,qwen,internvl,11,0.3248132633735633,1.0,0.001953125,0.9696969696969697,qwen,0.005859375,True,qwen
deep_gini,more negative correctness correlation is better,appfr,H18,18,0.011316751940001315,qwen,llava,11,0.11636755078536713,24.0,0.46484375,0.2727272727272727,qwen,0.46484375,False,No difference
deep_gini,more negative correctness correlation is better,appfr,H18,18,0.011316751940001315,internvl,llava,11,-0.2791683605432967,2.0,0.0029296875,-0.9393939393939394,llava,0.005859375,True,llava
deep_gini,more negative correctness correlation is better,appfr,H20,20,0.014893166141848595,qwen,internvl,10,0.2297073638578754,2.0,0.005859375,0.9272727272727272,qwen,0.017578125,True,qwen
deep_gini,more negative correctness correlation is better,appfr,H20,20,0.014893166141848595,qwen,llava,10,0.07190562580540716,25.0,0.845703125,0.09090909090909091,qwen,0.845703125,False,No difference
deep_gini,more negative correctness correlation is better,appfr,H20,20,0.014893166141848595,internvl,llava,10,-0.1877203777771937,2.0,0.005859375,-0.9272727272727272,llava,0.017578125,True,llava
deep_gini,more negative correctness correlation is better,appfr,H22,22,0.011715503172819665,qwen,internvl,11,0.37341800695458566,1.0,0.001953125,0.9696969696969697,qwen,0.005859375,True,qwen
deep_gini,more negative correctness correlation is better,appfr,H22,22,0.011715503172819665,qwen,llava,11,0.011562311905391726,28.0,0.7001953125,0.15151515151515152,qwen,0.7001953125,False,No difference
deep_gini,more negative correctness correlation is better,appfr,H22,22,0.011715503172819665,internvl,llava,11,-0.34857555249057903,1.0,0.001953125,-0.9696969696969697,llava,0.005859375,True,llava
deep_gini,more negative correctness correlation is better,appfr,H24,24,0.014893166141848595,qwen,internvl,10,0.2926847224650011,1.0,0.00390625,0.9636363636363636,qwen,0.01171875,True,qwen
deep_gini,more negative correctness correlation is better,appfr,H24,24,0.014893166141848595,qwen,llava,10,0.005095404717006383,24.0,0.76953125,0.12727272727272726,qwen,0.76953125,False,No difference
deep_gini,more negative correctness correlation is better,appfr,H24,24,0.014893166141848595,internvl,llava,10,-0.27633257152755286,2.0,0.005859375,-0.9272727272727272,llava,0.01171875,True,llava
deep_gini,more negative correctness correlation is better,appfr,H26,26,4.375153966124826e-06,qwen,internvl,21,0.9318816607041891,0.0,9.5367431640625e-07,1.0,qwen,2.86102294921875e-06,True,qwen
deep_gini,more negative correctness correlation is better,appfr,H26,26,4.375153966124826e-06,qwen,llava,21,0.06757146952345183,69.0,0.11105823516845703,0.4025974025974026,qwen,0.11105823516845703,False,No difference
deep_gini,more negative correctness correlation is better,appfr,H26,26,4.375153966124826e-06,internvl,llava,21,-0.9357215791794335,2.0,2.86102294921875e-06,-0.9826839826839827,llava,5.7220458984375e-06,True,llava
deep_gini,more negative correctness correlation is better,appfr,H28,28,4.081316667072546e-05,qwen,internvl,22,0.8740878801878788,7.0,9.059906005859375e-06,0.9446640316205533,qwen,1.811981201171875e-05,True,qwen
deep_gini,more negative correctness correlation is better,appfr,H28,28,4.081316667072546e-05,qwen,llava,22,0.050090648207234426,87.0,0.20992755889892578,0.31225296442687744,qwen,0.20992755889892578,False,No difference
deep_gini,more negative correctness correlation is better,appfr,H28,28,4.081316667072546e-05,internvl,llava,22,-0.8227002867106726,5.0,4.76837158203125e-06,-0.9604743083003953,llava,1.430511474609375e-05,True,llava
deep_gini,more negative correctness correlation is better,appfr,H30,30,4.143051582502867e-06,qwen,internvl,24,0.8595256130327114,8.0,2.9802322387695312e-06,0.9466666666666667,qwen,8.940696716308594e-06,True,qwen
deep_gini,more negative correctness correlation is better,appfr,H30,30,4.143051582502867e-06,qwen,llava,24,0.0411775943125634,109.0,0.2522493600845337,0.2733333333333333,qwen,0.2522493600845337,False,No difference
deep_gini,more negative correctness correlation is better,appfr,H30,30,4.143051582502867e-06,internvl,llava,24,-0.728855990132678,8.0,2.9802322387695312e-06,-0.9466666666666667,llava,8.940696716308594e-06,True,llava
deep_gini,more negative correctness correlation is better,appfr,H32,32,1.9023542797549675e-05,qwen,internvl,23,0.83213045576133,7.0,4.5299530029296875e-06,0.9492753623188406,qwen,1.3589859008789062e-05,True,qwen
deep_gini,more negative correctness correlation is better,appfr,H32,32,1.9023542797549675e-05,qwen,llava,23,0.04357686999022324,97.0,0.22261524200439453,0.2971014492753623,qwen,0.22261524200439453,False,No difference
deep_gini,more negative correctness correlation is better,appfr,H32,32,1.9023542797549675e-05,internvl,llava,23,-0.7274278544087585,8.0,5.9604644775390625e-06,-0.9420289855072463,llava,1.3589859008789062e-05,True,llava
deep_gini,more negative correctness correlation is better,appod,H02,2,0.00017343825634884383,qwen,internvl,23,0.2755780608764586,19.0,7.319450378417969e-05,0.8623188405797102,qwen,0.00014638900756835938,True,qwen
deep_gini,more negative correctness correlation is better,appod,H02,2,0.00017343825634884383,qwen,llava,23,0.22762978866115552,7.0,4.5299530029296875e-06,0.9492753623188406,qwen,1.3589859008789062e-05,True,qwen
deep_gini,more negative correctness correlation is better,appod,H02,2,0.00017343825634884383,internvl,llava,23,0.033884003636998714,109.0,0.39307284355163574,0.21014492753623187,internvl,0.39307284355163574,False,No difference
deep_gini,more negative correctness correlation is better,appod,H04,4,0.039448736585162895,qwen,internvl,21,0.2615967736723595,30.0,0.0018587112426757812,0.7402597402597403,qwen,0.005576133728027344,True,qwen
deep_gini,more negative correctness correlation is better,appod,H04,4,0.039448736585162895,qwen,llava,21,0.08154842633800352,46.0,0.014165878295898438,0.6017316017316018,qwen,0.014165878295898438,True,qwen
deep_gini,more negative correctness correlation is better,appod,H04,4,0.039448736585162895,internvl,llava,21,-0.07219217276011711,37.0,0.004878997802734375,-0.6796536796536796,llava,0.00975799560546875,True,llava
deep_gini,more negative correctness correlation is better,appod,H06,6,0.018484010342725354,qwen,internvl,23,0.5020952880458904,26.0,0.00025343894958496094,0.8115942028985508,qwen,0.0007603168487548828,True,qwen
deep_gini,more negative correctness correlation is better,appod,H06,6,0.018484010342725354,qwen,llava,23,0.08586364310656461,37.0,0.0012786388397216797,0.7318840579710145,qwen,0.0022368431091308594,True,qwen
deep_gini,more negative correctness correlation is better,appod,H06,6,0.018484010342725354,internvl,llava,23,-0.2175241199425459,36.0,0.0011184215545654297,-0.7391304347826086,llava,0.0022368431091308594,True,llava
deep_gini,more negative correctness correlation is better,appod,H08,8,0.002452587743312286,qwen,internvl,23,0.33979846358769705,23.0,0.000152587890625,0.8333333333333334,qwen,0.000457763671875,True,qwen
deep_gini,more negative correctness correlation is better,appod,H08,8,0.002452587743312286,qwen,llava,23,0.08456581195051661,28.0,0.00034928321838378906,0.7971014492753623,qwen,0.0006985664367675781,True,qwen
deep_gini,more negative correctness correlation is better,appod,H08,8,0.002452587743312286,internvl,llava,23,-0.3251193565435565,30.0,0.00047516822814941406,-0.782608695652174,llava,0.0006985664367675781,True,llava
deep_gini,more negative correctness correlation is better,appod,H10,10,8.700118488371175e-05,qwen,internvl,23,0.5693458698447902,17.0,4.935264587402344e-05,0.8768115942028986,qwen,9.870529174804688e-05,True,qwen
deep_gini,more negative correctness correlation is better,appod,H10,10,8.700118488371175e-05,qwen,llava,23,0.08489215925978696,4.0,1.6689300537109375e-06,0.9710144927536232,qwen,5.0067901611328125e-06,True,qwen
deep_gini,more negative correctness correlation is better,appod,H10,10,8.700118488371175e-05,internvl,llava,23,-0.18282273420513803,35.0,0.0009758472442626953,-0.7463768115942029,llava,0.0009758472442626953,True,llava
deep_gini,more negative correctness correlation is better,appod,H12,12,1.721656902275783e-05,qwen,internvl,23,0.48473059385255834,5.0,2.384185791015625e-06,0.9637681159420289,qwen,4.76837158203125e-06,True,qwen
deep_gini,more negative correctness correlation is better,appod,H12,12,1.721656902275783e-05,qwen,llava,23,0.12106395285682661,3.0,1.1920928955078125e-06,0.9782608695652174,qwen,3.5762786865234375e-06,True,qwen
deep_gini,more negative correctness correlation is better,appod,H12,12,1.721656902275783e-05,internvl,llava,23,-0.2089798260158203,30.0,0.00047516822814941406,-0.782608695652174,llava,0.00047516822814941406,True,llava
deep_gini,more negative correctness correlation is better,appod,H14,14,8.400295613949775e-05,qwen,internvl,23,0.27818193284347303,8.0,5.9604644775390625e-06,0.9420289855072463,qwen,1.7881393432617188e-05,True,qwen
deep_gini,more negative correctness correlation is better,appod,H14,14,8.400295613949775e-05,qwen,llava,23,0.12138250835569875,23.0,0.000152587890625,0.8333333333333334,qwen,0.00030517578125,True,qwen
deep_gini,more negative correctness correlation is better,appod,H14,14,8.400295613949775e-05,internvl,llava,23,-0.09363651171341147,30.0,0.00047516822814941406,-0.782608695652174,llava,0.00047516822814941406,True,llava
deep_gini,more negative correctness correlation is better,appod,H16,16,0.00013193380937491733,qwen,internvl,23,0.2577293542057488,7.0,4.5299530029296875e-06,0.9492753623188406,qwen,1.3589859008789062e-05,True,qwen
deep_gini,more negative correctness correlation is better,appod,H16,16,0.00013193380937491733,qwen,llava,23,0.09289174238375783,25.0,0.0002148151397705078,0.8188405797101449,qwen,0.0004296302795410156,True,qwen
deep_gini,more negative correctness correlation is better,appod,H16,16,0.00013193380937491733,internvl,llava,23,-0.10432719083982295,45.0,0.0034525394439697266,-0.6739130434782609,llava,0.0034525394439697266,True,llava
deep_gini,more negative correctness correlation is better,appod,H18,18,5.339093072529016e-06,qwen,internvl,23,0.330592262176549,4.0,1.6689300537109375e-06,0.9710144927536232,qwen,5.0067901611328125e-06,True,qwen
deep_gini,more negative correctness correlation is better,appod,H18,18,5.339093072529016e-06,qwen,llava,23,0.11200313648352155,24.0,0.00018143653869628906,0.8260869565217391,qwen,0.00018143653869628906,True,qwen
deep_gini,more negative correctness correlation is better,appod,H18,18,5.339093072529016e-06,internvl,llava,23,-0.22958284283329522,15.0,3.266334533691406e-05,-0.8913043478260869,llava,6.532669067382812e-05,True,llava
deep_gini,more negative correctness correlation is better,appod,H20,20,5.339093072529016e-06,qwen,internvl,23,0.3962390180922164,5.0,2.384185791015625e-06,0.9637681159420289,qwen,7.152557373046875e-06,True,qwen
deep_gini,more negative correctness correlation is better,appod,H20,20,5.339093072529016e-06,qwen,llava,23,0.10365834705902177,23.0,0.000152587890625,0.8333333333333334,qwen,0.00017690658569335938,True,qwen
deep_gini,more negative correctness correlation is better,appod,H20,20,5.339093072529016e-06,internvl,llava,23,-0.22800856368014916,20.0,8.845329284667969e-05,-0.855072463768116,llava,0.00017690658569335938,True,llava
deep_gini,more negative correctness correlation is better,appod,H22,22,8.400295613949775e-05,qwen,internvl,23,0.3613947611993764,9.0,7.867813110351562e-06,0.9347826086956522,qwen,2.3603439331054688e-05,True,qwen
deep_gini,more negative correctness correlation is better,appod,H22,22,8.400295613949775e-05,qwen,llava,23,0.08749664474229413,31.0,0.0005517005920410156,0.7753623188405797,qwen,0.0005517005920410156,True,qwen
deep_gini,more negative correctness correlation is better,appod,H22,22,8.400295613949775e-05,internvl,llava,23,-0.18461206854023882,23.0,0.000152587890625,-0.8333333333333334,llava,0.00030517578125,True,llava
deep_gini,more negative correctness correlation is better,appod,H24,24,3.9837462623252916e-05,qwen,internvl,23,0.3631327394039535,6.0,3.337860107421875e-06,0.9565217391304348,qwen,1.0013580322265625e-05,True,qwen
deep_gini,more negative correctness correlation is better,appod,H24,24,3.9837462623252916e-05,qwen,llava,23,0.07977570015020896,50.0,0.006032705307006836,0.6376811594202898,qwen,0.006032705307006836,True,qwen
deep_gini,more negative correctness correlation is better,appod,H24,24,3.9837462623252916e-05,internvl,llava,23,-0.20323418489110381,15.0,3.266334533691406e-05,-0.8913043478260869,llava,6.532669067382812e-05,True,llava
deep_gini,more negative correctness correlation is better,appod,H32,32,0.018484010342725354,qwen,internvl,23,0.14959709734108986,40.0,0.0018849372863769531,0.7101449275362319,qwen,0.005654811859130859,True,qwen
deep_gini,more negative correctness correlation is better,appod,H32,32,0.018484010342725354,qwen,llava,23,0.06716492712371248,67.0,0.030086994171142578,0.5144927536231884,qwen,0.060173988342285156,False,No difference
deep_gini,more negative correctness correlation is better,appod,H32,32,0.018484010342725354,internvl,llava,23,-0.0822875046659165,67.0,0.030086994171142578,-0.5144927536231884,llava,0.060173988342285156,False,No difference
entropy,more negative correctness correlation is better,appfr,H02,2,1.755923010919877e-05,qwen,internvl,23,0.32201518460136214,10.0,1.0251998901367188e-05,0.927536231884058,qwen,3.075599670410156e-05,True,qwen
entropy,more negative correctness correlation is better,appfr,H02,2,1.755923010919877e-05,qwen,llava,23,0.20206919368510717,17.0,4.935264587402344e-05,0.8768115942028986,qwen,9.870529174804688e-05,True,qwen
entropy,more negative correctness correlation is better,appfr,H02,2,1.755923010919877e-05,internvl,llava,23,-0.0723990144123012,65.0,0.02542257308959961,-0.5289855072463768,llava,0.02542257308959961,True,llava
entropy,more negative correctness correlation is better,appfr,H04,4,1.1312569593065823e-05,qwen,internvl,22,0.3404908926628644,1.0,9.5367431640625e-07,0.9920948616600791,qwen,2.86102294921875e-06,True,qwen
entropy,more negative correctness correlation is better,appfr,H04,4,1.1312569593065823e-05,qwen,llava,22,0.11428229816238201,33.0,0.0014548301696777344,0.7391304347826086,qwen,0.0014548301696777344,True,qwen
entropy,more negative correctness correlation is better,appfr,H04,4,1.1312569593065823e-05,internvl,llava,22,-0.21501743668333229,9.0,1.5735626220703125e-05,-0.9288537549407114,llava,3.147125244140625e-05,True,llava
entropy,more negative correctness correlation is better,appfr,H06,6,1.1312569593065823e-05,qwen,internvl,20,0.43144799481188567,3.0,9.5367431640625e-06,0.9714285714285714,qwen,1.9073486328125e-05,True,qwen
entropy,more negative correctness correlation is better,appfr,H06,6,1.1312569593065823e-05,qwen,llava,20,0.09061415051431569,44.0,0.021484375,0.580952380952381,qwen,0.021484375,True,qwen
entropy,more negative correctness correlation is better,appfr,H06,6,1.1312569593065823e-05,internvl,llava,20,-0.25121610813672024,1.0,3.814697265625e-06,-0.9904761904761905,llava,1.1444091796875e-05,True,llava
entropy,more negative correctness correlation is better,appfr,H08,8,0.00023660229965159706,qwen,internvl,21,0.4414134549191042,10.0,4.100799560546875e-05,0.9134199134199135,qwen,8.20159912109375e-05,True,qwen
entropy,more negative correctness correlation is better,appfr,H08,8,0.00023660229965159706,qwen,llava,21,0.10821582047570613,75.0,0.16780662536621094,0.35064935064935066,qwen,0.16780662536621094,False,No difference
entropy,more negative correctness correlation is better,appfr,H08,8,0.00023660229965159706,internvl,llava,21,-0.25543088022832705,3.0,4.76837158203125e-06,-0.974025974025974,llava,1.430511474609375e-05,True,llava
entropy,more negative correctness correlation is better,appfr,H10,10,0.005508914331086736,qwen,internvl,11,0.3217697003541532,1.0,0.001953125,0.9696969696969697,qwen,0.005859375,True,qwen
entropy,more negative correctness correlation is better,appfr,H10,10,0.005508914331086736,qwen,llava,11,0.11865403423485714,27.0,0.6376953125,0.18181818181818182,qwen,0.6376953125,False,No difference
entropy,more negative correctness correlation is better,appfr,H10,10,0.005508914331086736,internvl,llava,11,-0.35589247820018033,2.0,0.0029296875,-0.9393939393939394,llava,0.005859375,True,llava
entropy,more negative correctness correlation is better,appfr,H12,12,0.001532326970067179,qwen,internvl,11,0.3138202733520809,0.0,0.0009765625,1.0,qwen,0.0029296875,True,qwen
entropy,more negative correctness correlation is better,appfr,H12,12,0.001532326970067179,qwen,llava,11,0.05207043744919765,28.0,0.7001953125,0.15151515151515152,qwen,0.7001953125,False,No difference
entropy,more negative correctness correlation is better,appfr,H12,12,0.001532326970067179,internvl,llava,11,-0.2859861508367806,0.0,0.0009765625,-1.0,llava,0.0029296875,True,llava
entropy,more negative correctness correlation is better,appfr,H14,14,1.91332753524232e-05,qwen,internvl,24,0.3915612893115198,6.0,1.6689300537109375e-06,0.96,qwen,3.337860107421875e-06,True,qwen
entropy,more negative correctness correlation is better,appfr,H14,14,1.91332753524232e-05,qwen,llava,24,0.04575318316861718,103.0,0.18750131130218506,0.31333333333333335,qwen,0.18750131130218506,False,No difference
entropy,more negative correctness correlation is better,appfr,H14,14,1.91332753524232e-05,internvl,llava,24,-0.2905417856454236,3.0,5.960464477539062e-07,-0.98,llava,1.7881393432617188e-06,True,llava
entropy,more negative correctness correlation is better,appfr,H16,16,0.0005025796025152683,qwen,internvl,24,0.34802207664908413,11.0,6.556510925292969e-06,0.9266666666666666,qwen,1.3113021850585938e-05,True,qwen
entropy,more negative correctness correlation is better,appfr,H16,16,0.0005025796025152683,qwen,llava,24,0.057772066421733714,106.0,0.21821892261505127,0.29333333333333333,qwen,0.21821892261505127,False,No difference
entropy,more negative correctness correlation is better,appfr,H16,16,0.0005025796025152683,internvl,llava,24,-0.28322275556548104,7.0,2.2649765014648438e-06,-0.9533333333333334,llava,6.794929504394531e-06,True,llava
entropy,more negative correctness correlation is better,appfr,H18,18,0.004993326307240751,qwen,internvl,11,0.32961836317094584,1.0,0.001953125,0.9696969696969697,qwen,0.00390625,True,qwen
entropy,more negative correctness correlation is better,appfr,H18,18,0.004993326307240751,qwen,llava,11,-0.016606910963946897,29.0,0.7646484375,-0.12121212121212122,llava,0.7646484375,False,No difference
entropy,more negative correctness correlation is better,appfr,H18,18,0.004993326307240751,internvl,llava,11,-0.36985869374874863,0.0,0.0009765625,-1.0,llava,0.0029296875,True,llava
entropy,more negative correctness correlation is better,appfr,H20,20,0.005508914331086736,qwen,internvl,10,0.2306572119651678,1.0,0.00390625,0.9636363636363636,qwen,0.0078125,True,qwen
entropy,more negative correctness correlation is better,appfr,H20,20,0.005508914331086736,qwen,llava,10,-0.11009347823394816,17.0,0.322265625,-0.38181818181818183,llava,0.322265625,False,No difference
entropy,more negative correctness correlation is better,appfr,H20,20,0.005508914331086736,internvl,llava,10,-0.34849802051625356,0.0,0.001953125,-1.0,llava,0.005859375,True,llava
entropy,more negative correctness correlation is better,appfr,H22,22,0.004993326307240751,qwen,internvl,11,0.3730454404530136,1.0,0.001953125,0.9696969696969697,qwen,0.00390625,True,qwen
entropy,more negative correctness correlation is better,appfr,H22,22,0.004993326307240751,qwen,llava,11,0.03741958493521416,32.0,0.9658203125,-0.030303030303030304,llava,0.9658203125,False,No difference
entropy,more negative correctness correlation is better,appfr,H22,22,0.004993326307240751,internvl,llava,11,-0.3930224311085563,0.0,0.0009765625,-1.0,llava,0.0029296875,True,llava
entropy,more negative correctness correlation is better,appfr,H24,24,0.005508914331086736,qwen,internvl,10,0.3029995427012031,1.0,0.00390625,0.9636363636363636,qwen,0.0078125,True,qwen
entropy,more negative correctness correlation is better,appfr,H24,24,0.005508914331086736,qwen,llava,10,-0.12035464452079417,16.0,0.275390625,-0.41818181818181815,llava,0.275390625,False,No difference
entropy,more negative correctness correlation is better,appfr,H24,24,0.005508914331086736,internvl,llava,10,-0.3770643191480343,0.0,0.001953125,-1.0,llava,0.005859375,True,llava
entropy,more negative correctness correlation is better,appfr,H26,26,2.077066212008667e-06,qwen,internvl,21,0.9216571598270755,0.0,9.5367431640625e-07,1.0,qwen,2.86102294921875e-06,True,qwen
entropy,more negative correctness correlation is better,appfr,H26,26,2.077066212008667e-06,qwen,llava,21,0.059156495053826086,104.0,0.7079343795776367,0.09956709956709957,qwen,0.7079343795776367,False,No difference
entropy,more negative correctness correlation is better,appfr,H26,26,2.077066212008667e-06,internvl,llava,21,-0.9855487002000521,0.0,9.5367431640625e-07,-1.0,llava,2.86102294921875e-06,True,llava
entropy,more negative correctness correlation is better,appfr,H28,28,4.02275995940609e-05,qwen,internvl,22,0.8727298363004137,6.0,6.67572021484375e-06,0.9525691699604744,qwen,1.33514404296875e-05,True,qwen
entropy,more negative correctness correlation is better,appfr,H28,28,4.02275995940609e-05,qwen,llava,22,0.006108169823493506,121.0,0.8736042976379395,-0.043478260869565216,llava,0.8736042976379395,False,No difference
entropy,more negative correctness correlation is better,appfr,H28,28,4.02275995940609e-05,internvl,llava,22,-0.8550402140712343,2.0,1.430511474609375e-06,-0.9841897233201581,llava,4.291534423828125e-06,True,llava
entropy,more negative correctness correlation is better,appfr,H30,30,4.0493677550445215e-06,qwen,internvl,24,0.8641411975844255,9.0,3.933906555175781e-06,0.94,qwen,7.867813110351562e-06,True,qwen
entropy,more negative correctness correlation is better,appfr,H30,30,4.0493677550445215e-06,qwen,llava,24,0.008269881861866404,148.0,0.9664472341537476,-0.013333333333333334,llava,0.9664472341537476,False,No difference
entropy,more negative correctness correlation is better,appfr,H30,30,4.0493677550445215e-06,internvl,llava,24,-0.8353867346278689,3.0,5.960464477539062e-07,-0.98,llava,1.7881393432617188e-06,True,llava
entropy,more negative correctness correlation is better,appfr,H32,32,7.871617272691625e-06,qwen,internvl,23,0.8433996801322331,9.0,7.867813110351562e-06,0.9347826086956522,qwen,1.5735626220703125e-05,True,qwen
entropy,more negative correctness correlation is better,appfr,H32,32,7.871617272691625e-06,qwen,llava,23,0.007047242143798482,138.0,1.0,0.0,tie,1.0,False,No difference
entropy,more negative correctness correlation is better,appfr,H32,32,7.871617272691625e-06,internvl,llava,23,-0.7630696206166965,2.0,7.152557373046875e-07,-0.9855072463768116,llava,2.1457672119140625e-06,True,llava
entropy,more negative correctness correlation is better,appod,H02,2,0.0006591795824336858,qwen,internvl,23,0.28551038090482384,17.0,4.935264587402344e-05,0.8768115942028986,qwen,9.870529174804688e-05,True,qwen
entropy,more negative correctness correlation is better,appod,H02,2,0.0006591795824336858,qwen,llava,23,0.17742612524632242,11.0,1.3113021850585938e-05,0.9202898550724637,qwen,3.933906555175781e-05,True,qwen
entropy,more negative correctness correlation is better,appod,H02,2,0.0006591795824336858,internvl,llava,23,-0.005771236442578546,122.0,0.6433901786804199,-0.11594202898550725,llava,0.6433901786804199,False,No difference
entropy,more negative correctness correlation is better,appod,H04,4,0.005216860063942835,qwen,internvl,21,0.2792759784983155,27.0,0.0011758804321289062,0.7662337662337663,qwen,0.0035276412963867188,True,qwen
entropy,more negative correctness correlation is better,appod,H04,4,0.005216860063942835,qwen,llava,21,0.048749704594660506,53.0,0.02901458740234375,0.5411255411255411,qwen,0.02901458740234375,True,qwen
entropy,more negative correctness correlation is better,appod,H04,4,0.005216860063942835,internvl,llava,21,-0.08623135065826273,30.0,0.0018587112426757812,-0.7402597402597403,llava,0.0037174224853515625,True,llava
entropy,more negative correctness correlation is better,appod,H06,6,0.006562473354548655,qwen,internvl,23,0.562496555938164,25.0,0.0002148151397705078,0.8188405797101449,qwen,0.0006444454193115234,True,qwen
entropy,more negative correctness correlation is better,appod,H06,6,0.006562473354548655,qwen,llava,23,0.061237196736625574,56.0,0.011156558990478516,0.5942028985507246,qwen,0.011156558990478516,True,qwen
entropy,more negative correctness correlation is better,appod,H06,6,0.006562473354548655,internvl,llava,23,-0.35135760365308855,31.0,0.0005517005920410156,-0.7753623188405797,llava,0.0011034011840820312,True,llava
entropy,more negative correctness correlation is better,appod,H08,8,0.00450793573848251,qwen,internvl,23,0.4606513617340212,23.0,0.000152587890625,0.8333333333333334,qwen,0.000457763671875,True,qwen
entropy,more negative correctness correlation is better,appod,H08,8,0.00450793573848251,qwen,llava,23,0.057474884082988786,48.0,0.004851341247558594,0.6521739130434783,qwen,0.004851341247558594,True,qwen
entropy,more negative correctness correlation is better,appod,H08,8,0.00450793573848251,internvl,llava,23,-0.3798045505692693,28.0,0.00034928321838378906,-0.7971014492753623,llava,0.0006985664367675781,True,llava
entropy,more negative correctness correlation is better,appod,H10,10,0.00016726683476042152,qwen,internvl,23,0.5933030915511401,18.0,6.031990051269531e-05,0.8695652173913043,qwen,0.00018095970153808594,True,qwen
entropy,more negative correctness correlation is better,appod,H10,10,0.00016726683476042152,qwen,llava,23,0.06558013029736454,20.0,8.845329284667969e-05,0.855072463768116,qwen,0.00018095970153808594,True,qwen
entropy,more negative correctness correlation is better,appod,H10,10,0.00016726683476042152,internvl,llava,23,-0.3486534674771808,29.0,0.00040793418884277344,-0.7898550724637681,llava,0.00040793418884277344,True,llava
entropy,more negative correctness correlation is better,appod,H12,12,8.08928934407737e-05,qwen,internvl,23,0.5116558176650055,8.0,5.9604644775390625e-06,0.9420289855072463,qwen,1.7881393432617188e-05,True,qwen
entropy,more negative correctness correlation is better,appod,H12,12,8.08928934407737e-05,qwen,llava,23,0.07000041530535395,24.0,0.00018143653869628906,0.8260869565217391,qwen,0.0003628730773925781,True,qwen
entropy,more negative correctness correlation is better,appod,H12,12,8.08928934407737e-05,internvl,llava,23,-0.3068397940317682,31.0,0.0005517005920410156,-0.7753623188405797,llava,0.0005517005920410156,True,llava
entropy,more negative correctness correlation is better,appod,H14,14,0.00021679782043605478,qwen,internvl,23,0.2826106066526692,10.0,1.0251998901367188e-05,0.927536231884058,qwen,3.075599670410156e-05,True,qwen
entropy,more negative correctness correlation is better,appod,H14,14,0.00021679782043605478,qwen,llava,23,0.06453139576831772,57.0,0.012294530868530273,0.5869565217391305,qwen,0.012294530868530273,True,qwen
entropy,more negative correctness correlation is better,appod,H14,14,0.00021679782043605478,internvl,llava,23,-0.1782901382606807,25.0,0.0002148151397705078,-0.8188405797101449,llava,0.0004296302795410156,True,llava
entropy,more negative correctness correlation is better,appod,H16,16,0.002159346255326072,qwen,internvl,23,0.2600895784868932,10.0,1.0251998901367188e-05,0.927536231884058,qwen,3.075599670410156e-05,True,qwen
entropy,more negative correctness correlation is better,appod,H16,16,0.002159346255326072,qwen,llava,23,0.039202701249216904,66.0,0.027674198150634766,0.5217391304347826,qwen,0.027674198150634766,True,qwen
entropy,more negative correctness correlation is better,appod,H16,16,0.002159346255326072,internvl,llava,23,-0.21078789034867462,32.0,0.0006387233734130859,-0.7681159420289855,llava,0.0012774467468261719,True,llava
entropy,more negative correctness correlation is better,appod,H18,18,8.08928934407737e-05,qwen,internvl,23,0.3903188121013205,6.0,3.337860107421875e-06,0.9565217391304348,qwen,1.0013580322265625e-05,True,qwen
entropy,more negative correctness correlation is better,appod,H18,18,8.08928934407737e-05,qwen,llava,23,0.09399571187607245,56.0,0.011156558990478516,0.5942028985507246,qwen,0.011156558990478516,True,qwen
entropy,more negative correctness correlation is better,appod,H18,18,8.08928934407737e-05,internvl,llava,23,-0.3127927973259222,19.0,7.319450378417969e-05,-0.8623188405797102,llava,0.00014638900756835938,True,llava
entropy,more negative correctness correlation is better,appod,H20,20,0.00016726683476042152,qwen,internvl,23,0.4095970742923727,6.0,3.337860107421875e-06,0.9565217391304348,qwen,1.0013580322265625e-05,True,qwen
entropy,more negative correctness correlation is better,appod,H20,20,0.00016726683476042152,qwen,llava,23,0.06836884604234031,62.0,0.01955723762512207,0.5507246376811594,qwen,0.01955723762512207,True,qwen
entropy,more negative correctness correlation is better,appod,H20,20,0.00016726683476042152,internvl,llava,23,-0.3001446205251872,23.0,0.000152587890625,-0.8333333333333334,llava,0.00030517578125,True,llava
entropy,more negative correctness correlation is better,appod,H22,22,5.120951564203716e-05,qwen,internvl,23,0.4155421537408164,8.0,5.9604644775390625e-06,0.9420289855072463,qwen,1.7881393432617188e-05,True,qwen
entropy,more negative correctness correlation is better,appod,H22,22,5.120951564203716e-05,qwen,llava,23,0.06498522581550845,71.0,0.04152512550354004,0.4855072463768116,qwen,0.04152512550354004,True,qwen
entropy,more negative correctness correlation is better,appod,H22,22,5.120951564203716e-05,internvl,llava,23,-0.3108017926185621,15.0,3.266334533691406e-05,-0.8913043478260869,llava,6.532669067382812e-05,True,llava
entropy,more negative correctness correlation is better,appod,H24,24,0.00016726683476042152,qwen,internvl,23,0.4125004666095511,6.0,3.337860107421875e-06,0.9565217391304348,qwen,1.0013580322265625e-05,True,qwen
entropy,more negative correctness correlation is better,appod,H24,24,0.00016726683476042152,qwen,llava,23,0.046733333924537046,75.0,0.05625271797180176,0.45652173913043476,qwen,0.05625271797180176,False,No difference
entropy,more negative correctness correlation is better,appod,H24,24,0.00016726683476042152,internvl,llava,23,-0.32976551274241034,16.0,4.029273986816406e-05,-0.8840579710144928,llava,8.058547973632812e-05,True,llava
entropy,more negative correctness correlation is better,appod,H26,26,0.006562473354548655,qwen,internvl,24,0.16416582932475302,29.0,0.00020515918731689453,0.8066666666666666,qwen,0.0006154775619506836,True,qwen
entropy,more negative correctness correlation is better,appod,H26,26,0.006562473354548655,qwen,llava,24,0.06514659380153805,100.0,0.15998530387878418,0.3333333333333333,qwen,0.15998530387878418,False,No difference
entropy,more negative correctness correlation is better,appod,H26,26,0.006562473354548655,internvl,llava,24,-0.23018231361249852,54.0,0.004810690879821777,-0.64,llava,0.009621381759643555,True,llava
entropy,more negative correctness correlation is better,appod,H30,30,0.005425479241080391,qwen,internvl,23,0.1387502048053407,36.0,0.0011184215545654297,0.7391304347826086,qwen,0.003355264663696289,True,qwen
entropy,more negative correctness correlation is better,appod,H30,30,0.005425479241080391,qwen,llava,23,0.06871196329828666,79.0,0.07486915588378906,0.427536231884058,qwen,0.07486915588378906,False,No difference
entropy,more negative correctness correlation is better,appod,H30,30,0.005425479241080391,internvl,llava,23,-0.22146111000672616,57.0,0.012294530868530273,-0.5869565217391305,llava,0.024589061737060547,True,llava
entropy,more negative correctness correlation is better,appod,H32,32,0.005634070872467057,qwen,internvl,23,0.1907542183217234,26.0,0.00025343894958496094,0.8115942028985508,qwen,0.0007603168487548828,True,qwen
entropy,more negative correctness correlation is better,appod,H32,32,0.005634070872467057,qwen,llava,23,0.02298956126103524,96.0,0.21117830276489258,0.30434782608695654,qwen,0.21117830276489258,False,No difference
entropy,more negative correctness correlation is better,appod,H32,32,0.005634070872467057,internvl,llava,23,-0.19236501091015876,40.0,0.0018849372863769531,-0.7101449275362319,llava,0.0037698745727539062,True,llava
ece,lower calibration error is better,appfr,H02,2,0.016244514441949798,qwen,internvl,25,0.08148318514063957,23.0,3.814697265625e-05,0.8584615384615385,qwen,0.00011444091796875,True,qwen
ece,lower calibration error is better,appfr,H02,2,0.016244514441949798,qwen,llava,25,0.0647985458247148,93.0,0.0626264214515686,0.4276923076923077,qwen,0.1252528429031372,False,No difference
ece,lower calibration error is better,appfr,H02,2,0.016244514441949798,internvl,llava,25,-0.005515729358999216,101.0,0.10139739513397217,-0.37846153846153846,llava,0.1252528429031372,False,No difference
ece,lower calibration error is better,appfr,H04,4,0.0037468011884448436,qwen,internvl,25,0.10212169183791149,16.0,1.0073184967041016e-05,0.9015384615384615,qwen,3.0219554901123047e-05,True,qwen
ece,lower calibration error is better,appfr,H04,4,0.0037468011884448436,qwen,llava,25,0.07723468434316125,99.0,0.09031611680984497,0.39076923076923076,qwen,0.15095913410186768,False,No difference
ece,lower calibration error is better,appfr,H04,4,0.0037468011884448436,internvl,llava,25,-0.04599887828602664,96.0,0.07547956705093384,-0.40923076923076923,llava,0.15095913410186768,False,No difference
ece,lower calibration error is better,appfr,H06,6,1.1301647034905268e-05,qwen,internvl,25,0.3056681050460718,0.0,5.960464477539063e-08,1.0,qwen,1.7881393432617188e-07,True,qwen
ece,lower calibration error is better,appfr,H06,6,1.1301647034905268e-05,qwen,llava,25,0.11576788361590751,87.0,0.04215019941329956,0.4646153846153846,qwen,0.04215019941329956,True,qwen
ece,lower calibration error is better,appfr,H06,6,1.1301647034905268e-05,internvl,llava,25,-0.23344949742631882,24.0,4.5418739318847656e-05,-0.8523076923076923,llava,9.083747863769531e-05,True,llava
ece,lower calibration error is better,appfr,H08,8,7.789176449040449e-06,qwen,internvl,25,0.2890593173093937,0.0,5.960464477539063e-08,1.0,qwen,1.7881393432617188e-07,True,qwen
ece,lower calibration error is better,appfr,H08,8,7.789176449040449e-06,qwen,llava,25,0.12455122823462812,79.0,0.023649930953979492,0.5138461538461538,qwen,0.023649930953979492,True,qwen
ece,lower calibration error is better,appfr,H08,8,7.789176449040449e-06,internvl,llava,25,-0.22927874893190442,32.0,0.00016230344772338867,-0.803076923076923,llava,0.00032460689544677734,True,llava
ece,lower calibration error is better,appfr,H10,10,1.8416913718006097e-07,qwen,internvl,25,0.3785939236599377,0.0,5.960464477539063e-08,1.0,qwen,1.7881393432617188e-07,True,qwen
ece,lower calibration error is better,appfr,H10,10,1.8416913718006097e-07,qwen,llava,25,0.08398399393489953,85.0,0.036682069301605225,0.47692307692307695,qwen,0.036682069301605225,True,qwen
ece,lower calibration error is better,appfr,H10,10,1.8416913718006097e-07,internvl,llava,25,-0.30053545643997204,7.0,1.1324882507324219e-06,-0.9569230769230769,llava,2.2649765014648438e-06,True,llava
ece,lower calibration error is better,appfr,H12,12,2.0005173673110756e-06,qwen,internvl,25,0.34956512995786926,0.0,5.960464477539063e-08,1.0,qwen,1.7881393432617188e-07,True,qwen
ece,lower calibration error is better,appfr,H12,12,2.0005173673110756e-06,qwen,llava,25,0.09441329222462638,86.0,0.03933870792388916,0.4707692307692308,qwen,0.03933870792388916,True,qwen
ece,lower calibration error is better,appfr,H12,12,2.0005173673110756e-06,internvl,llava,25,-0.2844163121117436,12.0,4.172325134277344e-06,-0.9261538461538461,llava,8.344650268554688e-06,True,llava
ece,lower calibration error is better,appfr,H14,14,0.0010474593523794712,qwen,internvl,25,0.13025641636360322,0.0,5.960464477539063e-08,1.0,qwen,1.7881393432617188e-07,True,qwen
ece,lower calibration error is better,appfr,H14,14,0.0010474593523794712,qwen,llava,25,0.07811840431330191,92.0,0.05875152349472046,0.4338461538461538,qwen,0.09024536609649658,False,No difference
ece,lower calibration error is better,appfr,H14,14,0.0010474593523794712,internvl,llava,25,-0.09435504957969285,88.0,0.04512268304824829,-0.4584615384615385,llava,0.09024536609649658,False,No difference
ece,lower calibration error is better,appfr,H16,16,0.0009743834569024825,qwen,internvl,25,0.15776602815907453,2.0,1.7881393432617188e-07,0.9876923076923076,qwen,5.364418029785156e-07,True,qwen
ece,lower calibration error is better,appfr,H16,16,0.0009743834569024825,qwen,llava,25,0.11384036565400878,78.0,0.021908342838287354,0.52,qwen,0.04381668567657471,True,qwen
ece,lower calibration error is better,appfr,H16,16,0.0009743834569024825,internvl,llava,25,-0.08236514951408097,92.0,0.05875152349472046,-0.4338461538461538,llava,0.05875152349472046,False,No difference
ece,lower calibration error is better,appfr,H18,18,7.411590127708886e-07,qwen,internvl,25,0.38411321778612395,0.0,5.960464477539063e-08,1.0,qwen,1.7881393432617188e-07,True,qwen
ece,lower calibration error is better,appfr,H18,18,7.411590127708886e-07,qwen,llava,25,0.10652023474761495,75.0,0.017312347888946533,0.5384615384615384,qwen,0.017312347888946533,True,qwen
ece,lower calibration error is better,appfr,H18,18,7.411590127708886e-07,internvl,llava,25,-0.3138262846325901,8.0,1.4901161193847656e-06,-0.9507692307692308,llava,2.9802322387695312e-06,True,llava
ece,lower calibration error is better,appfr,H20,20,5.355347802793116e-06,qwen,internvl,25,0.3492300701902026,0.0,5.960464477539063e-08,1.0,qwen,1.7881393432617188e-07,True,qwen
ece,lower calibration error is better,appfr,H20,20,5.355347802793116e-06,qwen,llava,25,0.11792137670981631,75.0,0.017312347888946533,0.5384615384615384,qwen,0.017312347888946533,True,qwen
ece,lower calibration error is better,appfr,H20,20,5.355347802793116e-06,internvl,llava,25,-0.2857336372926249,15.0,8.165836334228516e-06,-0.9076923076923077,llava,1.633167266845703e-05,True,llava
ece,lower calibration error is better,appfr,H22,22,5.732466271849708e-07,qwen,internvl,25,0.3862302744307503,0.0,5.960464477539063e-08,1.0,qwen,1.7881393432617188e-07,True,qwen
ece,lower calibration error is better,appfr,H22,22,5.732466271849708e-07,qwen,llava,25,0.11019242951255967,69.0,0.010510802268981934,0.5753846153846154,qwen,0.010510802268981934,True,qwen
ece,lower calibration error is better,appfr,H22,22,5.732466271849708e-07,internvl,llava,25,-0.2951571359520616,9.0,1.9669532775878906e-06,-0.9446153846153846,llava,3.933906555175781e-06,True,llava
ece,lower calibration error is better,appfr,H24,24,5.732466271849708e-07,qwen,internvl,25,0.36399850125331573,0.0,5.960464477539063e-08,1.0,qwen,1.7881393432617188e-07,True,qwen
ece,lower calibration error is better,appfr,H24,24,5.732466271849708e-07,qwen,llava,25,0.11315077083065077,67.0,0.008822321891784668,0.5876923076923077,qwen,0.008822321891784668,True,qwen
ece,lower calibration error is better,appfr,H24,24,5.732466271849708e-07,internvl,llava,25,-0.28999731798318296,12.0,4.172325134277344e-06,-0.9261538461538461,llava,8.344650268554688e-06,True,llava
ece,lower calibration error is better,appfr,H26,26,1.4055338678811225e-06,qwen,internvl,25,0.4032283482176421,0.0,5.960464477539063e-08,1.0,qwen,1.7881393432617188e-07,True,qwen
ece,lower calibration error is better,appfr,H26,26,1.4055338678811225e-06,qwen,llava,25,0.10130746709092683,68.0,0.00963503122329712,0.5815384615384616,qwen,0.00963503122329712,True,qwen
ece,lower calibration error is better,appfr,H26,26,1.4055338678811225e-06,internvl,llava,25,-0.31121663972868974,11.0,3.2782554626464844e-06,-0.9323076923076923,llava,6.556510925292969e-06,True,llava
ece,lower calibration error is better,appfr,H28,28,7.789176449040449e-06,qwen,internvl,25,0.34623210624481104,0.0,5.960464477539063e-08,1.0,qwen,1.7881393432617188e-07,True,qwen
ece,lower calibration error is better,appfr,H28,28,7.789176449040449e-06,qwen,llava,25,0.11222885402149915,65.0,0.007370948791503906,0.6,qwen,0.007370948791503906,True,qwen
ece,lower calibration error is better,appfr,H28,28,7.789176449040449e-06,internvl,llava,25,-0.2502189364427315,18.0,1.5079975128173828e-05,-0.8892307692307693,llava,3.0159950256347656e-05,True,llava
ece,lower calibration error is better,appfr,H30,30,1.0190141232187423e-05,qwen,internvl,25,0.3524569008500838,0.0,5.960464477539063e-08,1.0,qwen,1.7881393432617188e-07,True,qwen
ece,lower calibration error is better,appfr,H30,30,1.0190141232187423e-05,qwen,llava,25,0.1141839836186119,68.0,0.00963503122329712,0.5815384615384616,qwen,0.00963503122329712,True,qwen
ece,lower calibration error is better,appfr,H30,30,1.0190141232187423e-05,internvl,llava,25,-0.27399879275791156,19.0,1.8298625946044922e-05,-0.8830769230769231,llava,3.6597251892089844e-05,True,llava
ece,lower calibration error is better,appfr,H32,32,1.0190141232187423e-05,qwen,internvl,25,0.292501102117783,0.0,5.960464477539063e-08,1.0,qwen,1.7881393432617188e-07,True,qwen
ece,lower calibration error is better,appfr,H32,32,1.0190141232187423e-05,qwen,llava,25,0.11567741984899432,66.0,0.00806879997253418,0.5938461538461538,qwen,0.00806879997253418,True,qwen
ece,lower calibration error is better,appfr,H32,32,1.0190141232187423e-05,internvl,llava,25,-0.19476289488199372,29.0,0.000102996826171875,-0.8215384615384616,llava,0.00020599365234375,True,llava
ece,lower calibration error is better,appod,H02,2,4.41970364646276e-05,qwen,internvl,25,0.19558173759387187,2.0,1.7881393432617188e-07,0.9876923076923076,qwen,5.364418029785156e-07,True,qwen
ece,lower calibration error is better,appod,H02,2,4.41970364646276e-05,qwen,llava,25,0.06597399433303625,144.0,0.6338268518447876,0.11384615384615385,qwen,0.6338268518447876,False,No difference
ece,lower calibration error is better,appod,H02,2,4.41970364646276e-05,internvl,llava,25,-0.16580003796431209,42.0,0.0006313323974609375,-0.7415384615384616,llava,0.001262664794921875,True,llava
ece,lower calibration error is better,appod,H04,4,1.619898312810813e-05,qwen,internvl,25,0.21246084178246555,1.0,1.1920928955078125e-07,0.9938461538461538,qwen,3.5762786865234375e-07,True,qwen
ece,lower calibration error is better,appod,H04,4,1.619898312810813e-05,qwen,llava,25,0.049144802551011,141.0,0.5782062411308289,0.13230769230769232,qwen,0.5782062411308289,False,No difference
ece,lower calibration error is better,appod,H04,4,1.619898312810813e-05,internvl,llava,25,-0.11761999217223837,46.0,0.0010271072387695312,-0.7169230769230769,llava,0.0020542144775390625,True,llava
ece,lower calibration error is better,appod,H06,6,4.483750742336261e-06,qwen,internvl,25,0.2976287580288819,1.0,1.1920928955078125e-07,0.9938461538461538,qwen,3.5762786865234375e-07,True,qwen
ece,lower calibration error is better,appod,H06,6,4.483750742336261e-06,qwen,llava,25,0.05446186913200711,126.0,0.33878785371780396,0.2246153846153846,qwen,0.33878785371780396,False,No difference
ece,lower calibration error is better,appod,H06,6,4.483750742336261e-06,internvl,llava,25,-0.29983413480917587,12.0,4.172325134277344e-06,-0.9261538461538461,llava,8.344650268554688e-06,True,llava
ece,lower calibration error is better,appod,H08,8,4.483750742336261e-06,qwen,internvl,25,0.31760897041722547,1.0,1.1920928955078125e-07,0.9938461538461538,qwen,3.5762786865234375e-07,True,qwen
ece,lower calibration error is better,appod,H08,8,4.483750742336261e-06,qwen,llava,25,0.07465371701182527,139.0,0.5424043536186218,0.14461538461538462,qwen,0.5424043536186218,False,No difference
ece,lower calibration error is better,appod,H08,8,4.483750742336261e-06,internvl,llava,25,-0.3195174408609267,11.0,3.2782554626464844e-06,-0.9323076923076923,llava,6.556510925292969e-06,True,llava
ece,lower calibration error is better,appod,H10,10,1.2587888673458228e-05,qwen,internvl,25,0.2819268791977418,1.0,1.1920928955078125e-07,0.9938461538461538,qwen,3.5762786865234375e-07,True,qwen
ece,lower calibration error is better,appod,H10,10,1.2587888673458228e-05,qwen,llava,25,0.04918851716798861,140.0,0.5601714849472046,0.13846153846153847,qwen,0.5601714849472046,False,No difference
ece,lower calibration error is better,appod,H10,10,1.2587888673458228e-05,internvl,llava,25,-0.2430183400799852,16.0,1.0073184967041016e-05,-0.9015384615384615,llava,2.014636993408203e-05,True,llava
ece,lower calibration error is better,appod,H12,12,1.2102424818667642e-05,qwen,internvl,25,0.2844533392465317,1.0,1.1920928955078125e-07,0.9938461538461538,qwen,3.5762786865234375e-07,True,qwen
ece,lower calibration error is better,appod,H12,12,1.2102424818667642e-05,qwen,llava,25,0.04471294771100105,139.0,0.5424043536186218,0.14461538461538462,qwen,0.5424043536186218,False,No difference
ece,lower calibration error is better,appod,H12,12,1.2102424818667642e-05,internvl,llava,25,-0.26862697330785656,16.0,1.0073184967041016e-05,-0.9015384615384615,llava,2.014636993408203e-05,True,llava
ece,lower calibration error is better,appod,H14,14,5.118827786912668e-05,qwen,internvl,25,0.13585182991010417,1.0,1.1920928955078125e-07,0.9938461538461538,qwen,3.5762786865234375e-07,True,qwen
ece,lower calibration error is better,appod,H14,14,5.118827786912668e-05,qwen,llava,25,0.038189643986422966,135.0,0.4741646647453308,0.16923076923076924,qwen,0.4741646647453308,False,No difference
ece,lower calibration error is better,appod,H14,14,5.118827786912668e-05,internvl,llava,25,-0.10168933295648647,62.0,0.005578815937042236,-0.6184615384615385,llava,0.011157631874084473,True,llava
ece,lower calibration error is better,appod,H16,16,1.619898312810813e-05,qwen,internvl,25,0.17686102078886556,1.0,1.1920928955078125e-07,0.9938461538461538,qwen,3.5762786865234375e-07,True,qwen
ece,lower calibration error is better,appod,H16,16,1.619898312810813e-05,qwen,llava,25,0.04148142595050933,141.0,0.5782062411308289,0.13230769230769232,qwen,0.5782062411308289,False,No difference
ece,lower calibration error is better,appod,H16,16,1.619898312810813e-05,internvl,llava,25,-0.08530224817540893,50.0,0.001625359058380127,-0.6923076923076923,llava,0.003250718116760254,True,llava
ece,lower calibration error is better,appod,H18,18,1.2587888673458228e-05,qwen,internvl,25,0.2812303458698094,1.0,1.1920928955078125e-07,0.9938461538461538,qwen,3.5762786865234375e-07,True,qwen
ece,lower calibration error is better,appod,H18,18,1.2587888673458228e-05,qwen,llava,25,0.010980698693904972,147.0,0.6915188431739807,0.09538461538461539,qwen,0.6915188431739807,False,No difference
ece,lower calibration error is better,appod,H18,18,1.2587888673458228e-05,internvl,llava,25,-0.22965241566853517,13.0,5.245208740234375e-06,-0.92,llava,1.049041748046875e-05,True,llava
ece,lower calibration error is better,appod,H20,20,1.2102424818667642e-05,qwen,internvl,25,0.2581920472734318,1.0,1.1920928955078125e-07,0.9938461538461538,qwen,3.5762786865234375e-07,True,qwen
ece,lower calibration error is better,appod,H20,20,1.2102424818667642e-05,qwen,llava,25,0.0296195409435719,149.0,0.7309892177581787,0.08307692307692308,qwen,0.7309892177581787,False,No difference
ece,lower calibration error is better,appod,H20,20,1.2102424818667642e-05,internvl,llava,25,-0.24961214468448473,16.0,1.0073184967041016e-05,-0.9015384615384615,llava,2.014636993408203e-05,True,llava
ece,lower calibration error is better,appod,H22,22,1.2587888673458228e-05,qwen,internvl,25,0.21542448905255845,1.0,1.1920928955078125e-07,0.9938461538461538,qwen,3.5762786865234375e-07,True,qwen
ece,lower calibration error is better,appod,H22,22,1.2587888673458228e-05,qwen,llava,25,0.026338748676820387,153.0,0.8119303584098816,0.05846153846153846,qwen,0.8119303584098816,False,No difference
ece,lower calibration error is better,appod,H22,22,1.2587888673458228e-05,internvl,llava,25,-0.23183426139226493,17.0,1.233816146850586e-05,-0.8953846153846153,llava,2.467632293701172e-05,True,llava
ece,lower calibration error is better,appod,H24,24,2.9098434433615647e-06,qwen,internvl,25,0.24688461169368775,0.0,5.960464477539063e-08,1.0,qwen,1.7881393432617188e-07,True,qwen
ece,lower calibration error is better,appod,H24,24,2.9098434433615647e-06,qwen,llava,25,0.0224935645271509,145.0,0.6528410911560059,0.1076923076923077,qwen,0.6528410911560059,False,No difference
ece,lower calibration error is better,appod,H24,24,2.9098434433615647e-06,internvl,llava,25,-0.25688649343687153,17.0,1.233816146850586e-05,-0.8953846153846153,llava,2.467632293701172e-05,True,llava
ece,lower calibration error is better,appod,H26,26,3.910091436689742e-06,qwen,internvl,25,0.2982839582091973,1.0,1.1920928955078125e-07,0.9938461538461538,qwen,3.5762786865234375e-07,True,qwen
ece,lower calibration error is better,appod,H26,26,3.910091436689742e-06,qwen,llava,25,0.05694948070189551,137.0,0.507703959941864,0.15692307692307692,qwen,0.507703959941864,False,No difference
ece,lower calibration error is better,appod,H26,26,3.910091436689742e-06,internvl,llava,25,-0.28947386328890845,10.0,2.562999725341797e-06,-0.9384615384615385,llava,5.125999450683594e-06,True,llava
ece,lower calibration error is better,appod,H28,28,3.910091436689742e-06,qwen,internvl,25,0.3059773976951927,1.0,1.1920928955078125e-07,0.9938461538461538,qwen,3.5762786865234375e-07,True,qwen
ece,lower calibration error is better,appod,H28,28,3.910091436689742e-06,qwen,llava,25,0.04834510355440011,140.0,0.5601714849472046,0.13846153846153847,qwen,0.5601714849472046,False,No difference
ece,lower calibration error is better,appod,H28,28,3.910091436689742e-06,internvl,llava,25,-0.2913030344295465,10.0,2.562999725341797e-06,-0.9384615384615385,llava,5.125999450683594e-06,True,llava
ece,lower calibration error is better,appod,H30,30,1.356197644188632e-05,qwen,internvl,25,0.2660702800401571,2.0,1.7881393432617188e-07,0.9876923076923076,qwen,5.364418029785156e-07,True,qwen
ece,lower calibration error is better,appod,H30,30,1.356197644188632e-05,qwen,llava,25,0.053966752455883074,126.0,0.33878785371780396,0.2246153846153846,qwen,0.33878785371780396,False,No difference
ece,lower calibration error is better,appod,H30,30,1.356197644188632e-05,internvl,llava,25,-0.22767760868313405,21.0,2.664327621459961e-05,-0.8707692307692307,llava,5.328655242919922e-05,True,llava
ece,lower calibration error is better,appod,H32,32,1.619898312810813e-05,qwen,internvl,25,0.2745537117857413,3.0,2.980232238769531e-07,0.9815384615384616,qwen,8.940696716308594e-07,True,qwen
ece,lower calibration error is better,appod,H32,32,1.619898312810813e-05,qwen,llava,25,0.05253371933901957,133.0,0.4418373703956604,0.18153846153846154,qwen,0.4418373703956604,False,No difference
ece,lower calibration error is better,appod,H32,32,1.619898312810813e-05,internvl,llava,25,-0.22465000740915442,16.0,1.0073184967041016e-05,-0.9015384615384615,llava,2.014636993408203e-05,True,llava
mce,lower calibration error is better,appfr,H02,2,0.005326327246834493,qwen,internvl,25,-0.016519712839472955,145.0,0.6528410911560059,0.1076923076923077,qwen,0.6528410911560059,False,No difference
mce,lower calibration error is better,appfr,H02,2,0.005326327246834493,qwen,llava,25,0.31847630508562474,16.0,1.0073184967041016e-05,0.9015384615384615,qwen,3.0219554901123047e-05,True,qwen
mce,lower calibration error is better,appfr,H02,2,0.005326327246834493,internvl,llava,25,0.3016563956483004,52.0,0.002025127410888672,0.68,internvl,0.004050254821777344,True,internvl
mce,lower calibration error is better,appfr,H18,18,0.029537201946491558,qwen,internvl,25,0.16298813742810236,56.0,0.0030878782272338867,0.6553846153846153,qwen,0.00926363468170166,True,qwen
mce,lower calibration error is better,appfr,H18,18,0.029537201946491558,qwen,llava,25,0.027717859251486843,131.0,0.4107651710510254,0.19384615384615383,qwen,0.4107651710510254,False,No difference
mce,lower calibration error is better,appfr,H18,18,0.029537201946491558,internvl,llava,25,-0.12560934842463567,78.0,0.021908342838287354,-0.52,llava,0.04381668567657471,True,llava
mce,lower calibration error is better,appfr,H24,24,0.04892753725239511,qwen,internvl,25,0.15675375525387603,44.0,0.0008081197738647461,0.7292307692307692,qwen,0.0024243593215942383,True,qwen
mce,lower calibration error is better,appfr,H24,24,0.04892753725239511,qwen,llava,25,0.04608401110269267,96.0,0.07547956705093384,0.40923076923076923,qwen,0.15095913410186768,False,No difference
mce,lower calibration error is better,appfr,H24,24,0.04892753725239511,internvl,llava,25,-0.0558129466213485,104.0,0.11993378400802612,-0.36,llava,0.15095913410186768,False,No difference
mce,lower calibration error is better,appfr,H26,26,0.00016979093524861825,qwen,internvl,25,0.35300877255801655,21.0,2.664327621459961e-05,0.8707692307692307,qwen,7.992982864379883e-05,True,qwen
mce,lower calibration error is better,appfr,H26,26,0.00016979093524861825,qwen,llava,25,0.04584208493884823,102.0,0.10731470584869385,0.3723076923076923,qwen,0.10731470584869385,False,No difference
mce,lower calibration error is better,appfr,H26,26,0.00016979093524861825,internvl,llava,25,-0.32834370365171117,30.0,0.00012022256851196289,-0.8153846153846154,llava,0.00024044513702392578,True,llava
mce,lower calibration error is better,appfr,H28,28,0.00013538184674790688,qwen,internvl,25,0.28871294669278286,9.0,1.9669532775878906e-06,0.9446153846153846,qwen,5.900859832763672e-06,True,qwen
mce,lower calibration error is better,appfr,H28,28,0.00013538184674790688,qwen,llava,25,0.06502276949713848,74.0,0.01597297191619873,0.5446153846153846,qwen,0.01597297191619873,True,qwen
mce,lower calibration error is better,appfr,H28,28,0.00013538184674790688,internvl,llava,25,-0.17172410343442635,39.0,0.000429689884185791,-0.76,llava,0.000859379768371582,True,llava
mce,lower calibration error is better,appfr,H30,30,0.001422910805364571,qwen,internvl,25,0.38263501354719553,14.0,6.556510925292969e-06,0.9138461538461539,qwen,1.9669532775878906e-05,True,qwen
mce,lower calibration error is better,appfr,H30,30,0.001422910805364571,qwen,llava,25,0.05100878197630332,94.0,0.06670159101486206,0.42153846153846153,qwen,0.06670159101486206,False,No difference
mce,lower calibration error is better,appfr,H30,30,0.001422910805364571,internvl,llava,25,-0.3005839260626375,22.0,3.1948089599609375e-05,-0.8646153846153846,llava,6.389617919921875e-05,True,llava
mce,lower calibration error is better,appfr,H32,32,0.00013538184674790688,qwen,internvl,25,0.3785478354809465,24.0,4.5418739318847656e-05,0.8523076923076923,qwen,0.00013625621795654297,True,qwen
mce,lower calibration error is better,appfr,H32,32,0.00013538184674790688,qwen,llava,25,0.04219818391825714,100.0,0.09573346376419067,0.38461538461538464,qwen,0.09573346376419067,False,No difference
mce,lower calibration error is better,appfr,H32,32,0.00013538184674790688,internvl,llava,25,-0.221794416286206,27.0,7.49826431274414e-05,-0.8338461538461538,llava,0.0001499652862548828,True,llava
mce,lower calibration error is better,appod,H02,2,0.029537201946491558,qwen,internvl,25,0.08786127966502388,94.0,0.06670159101486206,0.42153846153846153,qwen,0.06670159101486206,False,No difference
mce,lower calibration error is better,appod,H02,2,0.029537201946491558,qwen,llava,25,0.3455170303824646,42.0,0.0006313323974609375,0.7415384615384616,qwen,0.0018939971923828125,True,qwen
mce,lower calibration error is better,appod,H02,2,0.029537201946491558,internvl,llava,25,0.25474316400689,51.0,0.0018156766891479492,0.6861538461538461,internvl,0.0036313533782958984,True,internvl
mce,lower calibration error is better,appod,H06,6,0.029537201946491558,qwen,internvl,25,0.23987402955925863,42.0,0.0006313323974609375,0.7415384615384616,qwen,0.001262664794921875,True,qwen
mce,lower calibration error is better,appod,H06,6,0.029537201946491558,qwen,llava,25,0.30087586421010093,33.0,0.00018787384033203125,0.796923076923077,qwen,0.0005636215209960938,True,qwen
mce,lower calibration error is better,appod,H06,6,0.029537201946491558,internvl,llava,25,-0.00017326121924043925,138.0,0.5249125957489014,0.15076923076923077,internvl,0.5249125957489014,False,No difference
mce,lower calibration error is better,appod,H08,8,0.014981447594954404,qwen,internvl,25,0.19664094586298303,26.0,6.365776062011719e-05,0.84,qwen,0.00019097328186035156,True,qwen
mce,lower calibration error is better,appod,H08,8,0.014981447594954404,qwen,llava,25,0.17003557213708675,40.0,0.0004894733428955078,0.7538461538461538,qwen,0.0009789466857910156,True,qwen
mce,lower calibration error is better,appod,H08,8,0.014981447594954404,internvl,llava,25,-0.011988951503839718,151.0,0.7711594104766846,0.07076923076923076,internvl,0.7711594104766846,False,No difference
mce,lower calibration error is better,appod,H10,10,0.0069296234817247246,qwen,internvl,25,0.2395795584143754,13.0,5.245208740234375e-06,0.92,qwen,1.5735626220703125e-05,True,qwen
mce,lower calibration error is better,appod,H10,10,0.0069296234817247246,qwen,llava,25,0.20192430273481377,36.0,0.00028705596923828125,0.7784615384615384,qwen,0.0005741119384765625,True,qwen
mce,lower calibration error is better,appod,H10,10,0.0069296234817247246,internvl,llava,25,0.015787722098376922,130.0,0.39571136236190796,0.2,internvl,0.39571136236190796,False,No difference
mce,lower calibration error is better,appod,H14,14,0.028578706963402683,qwen,internvl,25,0.2189937946403635,69.0,0.010510802268981934,0.5753846153846154,qwen,0.021021604537963867,True,qwen
mce,lower calibration error is better,appod,H14,14,0.028578706963402683,qwen,llava,25,0.12979859107973096,37.0,0.00032907724380493164,0.7723076923076924,qwen,0.000987231731414795,True,qwen
mce,lower calibration error is better,appod,H14,14,0.028578706963402683,internvl,llava,25,0.04249006854123394,96.0,0.07547956705093384,0.40923076923076923,internvl,0.07547956705093384,False,No difference
mce,lower calibration error is better,appod,H18,18,0.025348121796986346,qwen,internvl,25,0.24431551849533184,53.0,0.002255260944366455,0.6738461538461539,qwen,0.00451052188873291,True,qwen
mce,lower calibration error is better,appod,H18,18,0.025348121796986346,qwen,llava,25,0.1582389842497115,45.0,0.0009118914604187012,0.7230769230769231,qwen,0.0027356743812561035,True,qwen
mce,lower calibration error is better,appod,H18,18,0.025348121796986346,internvl,llava,25,0.03799848910355197,134.0,0.457846462726593,0.1753846153846154,internvl,0.457846462726593,False,No difference
mce,lower calibration error is better,appod,H20,20,0.037319454095654965,qwen,internvl,25,0.1740365491848358,52.0,0.002025127410888672,0.68,qwen,0.006075382232666016,True,qwen
mce,lower calibration error is better,appod,H20,20,0.037319454095654965,qwen,llava,25,0.1025969136712106,61.0,0.0050716400146484375,0.6246153846153846,qwen,0.010143280029296875,True,qwen
mce,lower calibration error is better,appod,H20,20,0.037319454095654965,internvl,llava,25,-0.06928191434342124,162.0,1.0,0.003076923076923077,internvl,1.0,False,No difference
mce,lower calibration error is better,appod,H22,22,0.005156943201904341,qwen,internvl,25,0.1892122151089638,37.0,0.00032907724380493164,0.7723076923076924,qwen,0.000987231731414795,True,qwen
mce,lower calibration error is better,appod,H22,22,0.005156943201904341,qwen,llava,25,0.08523995291044023,54.0,0.002507925033569336,0.6676923076923077,qwen,0.005015850067138672,True,qwen
mce,lower calibration error is better,appod,H22,22,0.005156943201904341,internvl,llava,25,-0.06798986529604989,158.0,0.9158032536506653,-0.027692307692307693,llava,0.9158032536506653,False,No difference
mce,lower calibration error is better,appod,H24,24,0.029537201946491558,qwen,internvl,25,0.18109799724202624,48.0,0.0012963414192199707,0.7046153846153846,qwen,0.003889024257659912,True,qwen
mce,lower calibration error is better,appod,H24,24,0.029537201946491558,qwen,llava,25,0.059768176817421415,79.0,0.023649930953979492,0.5138461538461538,qwen,0.047299861907958984,True,qwen
mce,lower calibration error is better,appod,H24,24,0.029537201946491558,internvl,llava,25,-0.12199745323639627,150.0,0.7509929537773132,-0.07692307692307693,llava,0.7509929537773132,False,No difference
mce,lower calibration error is better,appod,H26,26,0.029537201946491558,qwen,internvl,25,0.20661688644718934,27.0,7.49826431274414e-05,0.8338461538461538,qwen,0.00022494792938232422,True,qwen
mce,lower calibration error is better,appod,H26,26,0.029537201946491558,qwen,llava,25,0.04956886052955989,100.0,0.09573346376419067,0.38461538461538464,qwen,0.09573346376419067,False,No difference
mce,lower calibration error is better,appod,H26,26,0.029537201946491558,internvl,llava,25,-0.18078070228944798,84.0,0.034173786640167236,-0.48307692307692307,llava,0.06834757328033447,False,No difference
mce,lower calibration error is better,appod,H28,28,0.029537201946491558,qwen,internvl,25,0.21716353983283332,42.0,0.0006313323974609375,0.7415384615384616,qwen,0.0018939971923828125,True,qwen
mce,lower calibration error is better,appod,H28,28,0.029537201946491558,qwen,llava,25,0.1228794230564173,80.0,0.02550506591796875,0.5076923076923077,qwen,0.0510101318359375,False,No difference
mce,lower calibration error is better,appod,H28,28,0.029537201946491558,internvl,llava,25,-0.10250294168264978,111.0,0.17295855283737183,-0.3169230769230769,llava,0.17295855283737183,False,No difference
