case_study,model,approach,history,history_frames,allowed_interval_s,actionable,missed,too_early,too_late,total_events,warning,missed_rate,missed_lower,missed_upper,missed_result,too_late_rate,too_late_lower,too_late_upper,too_late_result,actionable_rate,actionable_lower,actionable_upper,actionable_result,too_early_rate,too_early_lower,too_early_upper,too_early_result,warning_rate,warning_lower,warning_upper,warning_result
crowdbot,internvl,appfr,H02,2,1,0,0,17,2,19,19,0.0,0.0,0.16817922405261626,0/19 (0.00%; 95% CI 0.00–16.82%),0.10526315789473684,0.02935856029887013,0.31394082711109006,2/19 (10.53%; 95% CI 2.94–31.39%),0.0,0.0,0.16817922405261626,0/19 (0.00%; 95% CI 0.00–16.82%),0.8947368421052632,0.6860591728889099,0.9706414397011299,17/19 (89.47%; 95% CI 68.61–97.06%),1.0,0.8318207759473837,1.0,19/19 (100.00%; 95% CI 83.18–100.00%)
crowdbot,internvl,appfr,H02,2,2,0,0,17,2,19,19,0.0,0.0,0.16817922405261626,0/19 (0.00%; 95% CI 0.00–16.82%),0.10526315789473684,0.02935856029887013,0.31394082711109006,2/19 (10.53%; 95% CI 2.94–31.39%),0.0,0.0,0.16817922405261626,0/19 (0.00%; 95% CI 0.00–16.82%),0.8947368421052632,0.6860591728889099,0.9706414397011299,17/19 (89.47%; 95% CI 68.61–97.06%),1.0,0.8318207759473837,1.0,19/19 (100.00%; 95% CI 83.18–100.00%)
crowdbot,internvl,appfr,H02,2,3,1,0,16,2,19,19,0.0,0.0,0.16817922405261626,0/19 (0.00%; 95% CI 0.00–16.82%),0.10526315789473684,0.02935856029887013,0.31394082711109006,2/19 (10.53%; 95% CI 2.94–31.39%),0.05263157894736842,0.009351994062300362,0.24638731166898786,1/19 (5.26%; 95% CI 0.94–24.64%),0.8421052631578947,0.6243452472967093,0.9447952836146585,16/19 (84.21%; 95% CI 62.43–94.48%),1.0,0.8318207759473837,1.0,19/19 (100.00%; 95% CI 83.18–100.00%)
crowdbot,internvl,appfr,H02,2,4,2,0,15,2,19,19,0.0,0.0,0.16817922405261626,0/19 (0.00%; 95% CI 0.00–16.82%),0.10526315789473684,0.02935856029887013,0.31394082711109006,2/19 (10.53%; 95% CI 2.94–31.39%),0.10526315789473684,0.02935856029887013,0.31394082711109006,2/19 (10.53%; 95% CI 2.94–31.39%),0.7894736842105263,0.5666572155618583,0.9149232336708375,15/19 (78.95%; 95% CI 56.67–91.49%),1.0,0.8318207759473837,1.0,19/19 (100.00%; 95% CI 83.18–100.00%)
crowdbot,internvl,appfr,H02,2,5,2,0,15,2,19,19,0.0,0.0,0.16817922405261626,0/19 (0.00%; 95% CI 0.00–16.82%),0.10526315789473684,0.02935856029887013,0.31394082711109006,2/19 (10.53%; 95% CI 2.94–31.39%),0.10526315789473684,0.02935856029887013,0.31394082711109006,2/19 (10.53%; 95% CI 2.94–31.39%),0.7894736842105263,0.5666572155618583,0.9149232336708375,15/19 (78.95%; 95% CI 56.67–91.49%),1.0,0.8318207759473837,1.0,19/19 (100.00%; 95% CI 83.18–100.00%)
crowdbot,internvl,appfr,H04,4,1,0,0,17,2,19,19,0.0,0.0,0.16817922405261626,0/19 (0.00%; 95% CI 0.00–16.82%),0.10526315789473684,0.02935856029887013,0.31394082711109006,2/19 (10.53%; 95% CI 2.94–31.39%),0.0,0.0,0.16817922405261626,0/19 (0.00%; 95% CI 0.00–16.82%),0.8947368421052632,0.6860591728889099,0.9706414397011299,17/19 (89.47%; 95% CI 68.61–97.06%),1.0,0.8318207759473837,1.0,19/19 (100.00%; 95% CI 83.18–100.00%)
crowdbot,internvl,appfr,H04,4,2,0,0,17,2,19,19,0.0,0.0,0.16817922405261626,0/19 (0.00%; 95% CI 0.00–16.82%),0.10526315789473684,0.02935856029887013,0.31394082711109006,2/19 (10.53%; 95% CI 2.94–31.39%),0.0,0.0,0.16817922405261626,0/19 (0.00%; 95% CI 0.00–16.82%),0.8947368421052632,0.6860591728889099,0.9706414397011299,17/19 (89.47%; 95% CI 68.61–97.06%),1.0,0.8318207759473837,1.0,19/19 (100.00%; 95% CI 83.18–100.00%)
crowdbot,internvl,appfr,H04,4,3,1,0,16,2,19,19,0.0,0.0,0.16817922405261626,0/19 (0.00%; 95% CI 0.00–16.82%),0.10526315789473684,0.02935856029887013,0.31394082711109006,2/19 (10.53%; 95% CI 2.94–31.39%),0.05263157894736842,0.009351994062300362,0.24638731166898786,1/19 (5.26%; 95% CI 0.94–24.64%),0.8421052631578947,0.6243452472967093,0.9447952836146585,16/19 (84.21%; 95% CI 62.43–94.48%),1.0,0.8318207759473837,1.0,19/19 (100.00%; 95% CI 83.18–100.00%)
crowdbot,internvl,appfr,H04,4,4,2,0,15,2,19,19,0.0,0.0,0.16817922405261626,0/19 (0.00%; 95% CI 0.00–16.82%),0.10526315789473684,0.02935856029887013,0.31394082711109006,2/19 (10.53%; 95% CI 2.94–31.39%),0.10526315789473684,0.02935856029887013,0.31394082711109006,2/19 (10.53%; 95% CI 2.94–31.39%),0.7894736842105263,0.5666572155618583,0.9149232336708375,15/19 (78.95%; 95% CI 56.67–91.49%),1.0,0.8318207759473837,1.0,19/19 (100.00%; 95% CI 83.18–100.00%)
crowdbot,internvl,appfr,H04,4,5,2,0,15,2,19,19,0.0,0.0,0.16817922405261626,0/19 (0.00%; 95% CI 0.00–16.82%),0.10526315789473684,0.02935856029887013,0.31394082711109006,2/19 (10.53%; 95% CI 2.94–31.39%),0.10526315789473684,0.02935856029887013,0.31394082711109006,2/19 (10.53%; 95% CI 2.94–31.39%),0.7894736842105263,0.5666572155618583,0.9149232336708375,15/19 (78.95%; 95% CI 56.67–91.49%),1.0,0.8318207759473837,1.0,19/19 (100.00%; 95% CI 83.18–100.00%)
crowdbot,internvl,appfr,H06,6,1,0,0,17,2,19,19,0.0,0.0,0.16817922405261626,0/19 (0.00%; 95% CI 0.00–16.82%),0.10526315789473684,0.02935856029887013,0.31394082711109006,2/19 (10.53%; 95% CI 2.94–31.39%),0.0,0.0,0.16817922405261626,0/19 (0.00%; 95% CI 0.00–16.82%),0.8947368421052632,0.6860591728889099,0.9706414397011299,17/19 (89.47%; 95% CI 68.61–97.06%),1.0,0.8318207759473837,1.0,19/19 (100.00%; 95% CI 83.18–100.00%)
crowdbot,internvl,appfr,H06,6,2,0,0,17,2,19,19,0.0,0.0,0.16817922405261626,0/19 (0.00%; 95% CI 0.00–16.82%),0.10526315789473684,0.02935856029887013,0.31394082711109006,2/19 (10.53%; 95% CI 2.94–31.39%),0.0,0.0,0.16817922405261626,0/19 (0.00%; 95% CI 0.00–16.82%),0.8947368421052632,0.6860591728889099,0.9706414397011299,17/19 (89.47%; 95% CI 68.61–97.06%),1.0,0.8318207759473837,1.0,19/19 (100.00%; 95% CI 83.18–100.00%)
crowdbot,internvl,appfr,H06,6,3,1,0,16,2,19,19,0.0,0.0,0.16817922405261626,0/19 (0.00%; 95% CI 0.00–16.82%),0.10526315789473684,0.02935856029887013,0.31394082711109006,2/19 (10.53%; 95% CI 2.94–31.39%),0.05263157894736842,0.009351994062300362,0.24638731166898786,1/19 (5.26%; 95% CI 0.94–24.64%),0.8421052631578947,0.6243452472967093,0.9447952836146585,16/19 (84.21%; 95% CI 62.43–94.48%),1.0,0.8318207759473837,1.0,19/19 (100.00%; 95% CI 83.18–100.00%)
crowdbot,internvl,appfr,H06,6,4,2,0,15,2,19,19,0.0,0.0,0.16817922405261626,0/19 (0.00%; 95% CI 0.00–16.82%),0.10526315789473684,0.02935856029887013,0.31394082711109006,2/19 (10.53%; 95% CI 2.94–31.39%),0.10526315789473684,0.02935856029887013,0.31394082711109006,2/19 (10.53%; 95% CI 2.94–31.39%),0.7894736842105263,0.5666572155618583,0.9149232336708375,15/19 (78.95%; 95% CI 56.67–91.49%),1.0,0.8318207759473837,1.0,19/19 (100.00%; 95% CI 83.18–100.00%)
crowdbot,internvl,appfr,H06,6,5,2,0,15,2,19,19,0.0,0.0,0.16817922405261626,0/19 (0.00%; 95% CI 0.00–16.82%),0.10526315789473684,0.02935856029887013,0.31394082711109006,2/19 (10.53%; 95% CI 2.94–31.39%),0.10526315789473684,0.02935856029887013,0.31394082711109006,2/19 (10.53%; 95% CI 2.94–31.39%),0.7894736842105263,0.5666572155618583,0.9149232336708375,15/19 (78.95%; 95% CI 56.67–91.49%),1.0,0.8318207759473837,1.0,19/19 (100.00%; 95% CI 83.18–100.00%)
crowdbot,internvl,appfr,H08,8,1,0,0,17,2,19,19,0.0,0.0,0.16817922405261626,0/19 (0.00%; 95% CI 0.00–16.82%),0.10526315789473684,0.02935856029887013,0.31394082711109006,2/19 (10.53%; 95% CI 2.94–31.39%),0.0,0.0,0.16817922405261626,0/19 (0.00%; 95% CI 0.00–16.82%),0.8947368421052632,0.6860591728889099,0.9706414397011299,17/19 (89.47%; 95% CI 68.61–97.06%),1.0,0.8318207759473837,1.0,19/19 (100.00%; 95% CI 83.18–100.00%)
crowdbot,internvl,appfr,H08,8,2,0,0,17,2,19,19,0.0,0.0,0.16817922405261626,0/19 (0.00%; 95% CI 0.00–16.82%),0.10526315789473684,0.02935856029887013,0.31394082711109006,2/19 (10.53%; 95% CI 2.94–31.39%),0.0,0.0,0.16817922405261626,0/19 (0.00%; 95% CI 0.00–16.82%),0.8947368421052632,0.6860591728889099,0.9706414397011299,17/19 (89.47%; 95% CI 68.61–97.06%),1.0,0.8318207759473837,1.0,19/19 (100.00%; 95% CI 83.18–100.00%)
crowdbot,internvl,appfr,H08,8,3,1,0,16,2,19,19,0.0,0.0,0.16817922405261626,0/19 (0.00%; 95% CI 0.00–16.82%),0.10526315789473684,0.02935856029887013,0.31394082711109006,2/19 (10.53%; 95% CI 2.94–31.39%),0.05263157894736842,0.009351994062300362,0.24638731166898786,1/19 (5.26%; 95% CI 0.94–24.64%),0.8421052631578947,0.6243452472967093,0.9447952836146585,16/19 (84.21%; 95% CI 62.43–94.48%),1.0,0.8318207759473837,1.0,19/19 (100.00%; 95% CI 83.18–100.00%)
crowdbot,internvl,appfr,H08,8,4,2,0,15,2,19,19,0.0,0.0,0.16817922405261626,0/19 (0.00%; 95% CI 0.00–16.82%),0.10526315789473684,0.02935856029887013,0.31394082711109006,2/19 (10.53%; 95% CI 2.94–31.39%),0.10526315789473684,0.02935856029887013,0.31394082711109006,2/19 (10.53%; 95% CI 2.94–31.39%),0.7894736842105263,0.5666572155618583,0.9149232336708375,15/19 (78.95%; 95% CI 56.67–91.49%),1.0,0.8318207759473837,1.0,19/19 (100.00%; 95% CI 83.18–100.00%)
crowdbot,internvl,appfr,H08,8,5,2,0,15,2,19,19,0.0,0.0,0.16817922405261626,0/19 (0.00%; 95% CI 0.00–16.82%),0.10526315789473684,0.02935856029887013,0.31394082711109006,2/19 (10.53%; 95% CI 2.94–31.39%),0.10526315789473684,0.02935856029887013,0.31394082711109006,2/19 (10.53%; 95% CI 2.94–31.39%),0.7894736842105263,0.5666572155618583,0.9149232336708375,15/19 (78.95%; 95% CI 56.67–91.49%),1.0,0.8318207759473837,1.0,19/19 (100.00%; 95% CI 83.18–100.00%)
crowdbot,internvl,appfr,H10,10,1,0,0,17,2,19,19,0.0,0.0,0.16817922405261626,0/19 (0.00%; 95% CI 0.00–16.82%),0.10526315789473684,0.02935856029887013,0.31394082711109006,2/19 (10.53%; 95% CI 2.94–31.39%),0.0,0.0,0.16817922405261626,0/19 (0.00%; 95% CI 0.00–16.82%),0.8947368421052632,0.6860591728889099,0.9706414397011299,17/19 (89.47%; 95% CI 68.61–97.06%),1.0,0.8318207759473837,1.0,19/19 (100.00%; 95% CI 83.18–100.00%)
crowdbot,internvl,appfr,H10,10,2,0,0,17,2,19,19,0.0,0.0,0.16817922405261626,0/19 (0.00%; 95% CI 0.00–16.82%),0.10526315789473684,0.02935856029887013,0.31394082711109006,2/19 (10.53%; 95% CI 2.94–31.39%),0.0,0.0,0.16817922405261626,0/19 (0.00%; 95% CI 0.00–16.82%),0.8947368421052632,0.6860591728889099,0.9706414397011299,17/19 (89.47%; 95% CI 68.61–97.06%),1.0,0.8318207759473837,1.0,19/19 (100.00%; 95% CI 83.18–100.00%)
crowdbot,internvl,appfr,H10,10,3,1,0,16,2,19,19,0.0,0.0,0.16817922405261626,0/19 (0.00%; 95% CI 0.00–16.82%),0.10526315789473684,0.02935856029887013,0.31394082711109006,2/19 (10.53%; 95% CI 2.94–31.39%),0.05263157894736842,0.009351994062300362,0.24638731166898786,1/19 (5.26%; 95% CI 0.94–24.64%),0.8421052631578947,0.6243452472967093,0.9447952836146585,16/19 (84.21%; 95% CI 62.43–94.48%),1.0,0.8318207759473837,1.0,19/19 (100.00%; 95% CI 83.18–100.00%)
crowdbot,internvl,appfr,H10,10,4,2,0,15,2,19,19,0.0,0.0,0.16817922405261626,0/19 (0.00%; 95% CI 0.00–16.82%),0.10526315789473684,0.02935856029887013,0.31394082711109006,2/19 (10.53%; 95% CI 2.94–31.39%),0.10526315789473684,0.02935856029887013,0.31394082711109006,2/19 (10.53%; 95% CI 2.94–31.39%),0.7894736842105263,0.5666572155618583,0.9149232336708375,15/19 (78.95%; 95% CI 56.67–91.49%),1.0,0.8318207759473837,1.0,19/19 (100.00%; 95% CI 83.18–100.00%)
crowdbot,internvl,appfr,H10,10,5,2,0,15,2,19,19,0.0,0.0,0.16817922405261626,0/19 (0.00%; 95% CI 0.00–16.82%),0.10526315789473684,0.02935856029887013,0.31394082711109006,2/19 (10.53%; 95% CI 2.94–31.39%),0.10526315789473684,0.02935856029887013,0.31394082711109006,2/19 (10.53%; 95% CI 2.94–31.39%),0.7894736842105263,0.5666572155618583,0.9149232336708375,15/19 (78.95%; 95% CI 56.67–91.49%),1.0,0.8318207759473837,1.0,19/19 (100.00%; 95% CI 83.18–100.00%)
crowdbot,internvl,appfr,H12,12,1,0,0,17,2,19,19,0.0,0.0,0.16817922405261626,0/19 (0.00%; 95% CI 0.00–16.82%),0.10526315789473684,0.02935856029887013,0.31394082711109006,2/19 (10.53%; 95% CI 2.94–31.39%),0.0,0.0,0.16817922405261626,0/19 (0.00%; 95% CI 0.00–16.82%),0.8947368421052632,0.6860591728889099,0.9706414397011299,17/19 (89.47%; 95% CI 68.61–97.06%),1.0,0.8318207759473837,1.0,19/19 (100.00%; 95% CI 83.18–100.00%)
crowdbot,internvl,appfr,H12,12,2,0,0,17,2,19,19,0.0,0.0,0.16817922405261626,0/19 (0.00%; 95% CI 0.00–16.82%),0.10526315789473684,0.02935856029887013,0.31394082711109006,2/19 (10.53%; 95% CI 2.94–31.39%),0.0,0.0,0.16817922405261626,0/19 (0.00%; 95% CI 0.00–16.82%),0.8947368421052632,0.6860591728889099,0.9706414397011299,17/19 (89.47%; 95% CI 68.61–97.06%),1.0,0.8318207759473837,1.0,19/19 (100.00%; 95% CI 83.18–100.00%)
crowdbot,internvl,appfr,H12,12,3,1,0,16,2,19,19,0.0,0.0,0.16817922405261626,0/19 (0.00%; 95% CI 0.00–16.82%),0.10526315789473684,0.02935856029887013,0.31394082711109006,2/19 (10.53%; 95% CI 2.94–31.39%),0.05263157894736842,0.009351994062300362,0.24638731166898786,1/19 (5.26%; 95% CI 0.94–24.64%),0.8421052631578947,0.6243452472967093,0.9447952836146585,16/19 (84.21%; 95% CI 62.43–94.48%),1.0,0.8318207759473837,1.0,19/19 (100.00%; 95% CI 83.18–100.00%)
crowdbot,internvl,appfr,H12,12,4,2,0,15,2,19,19,0.0,0.0,0.16817922405261626,0/19 (0.00%; 95% CI 0.00–16.82%),0.10526315789473684,0.02935856029887013,0.31394082711109006,2/19 (10.53%; 95% CI 2.94–31.39%),0.10526315789473684,0.02935856029887013,0.31394082711109006,2/19 (10.53%; 95% CI 2.94–31.39%),0.7894736842105263,0.5666572155618583,0.9149232336708375,15/19 (78.95%; 95% CI 56.67–91.49%),1.0,0.8318207759473837,1.0,19/19 (100.00%; 95% CI 83.18–100.00%)
crowdbot,internvl,appfr,H12,12,5,2,0,15,2,19,19,0.0,0.0,0.16817922405261626,0/19 (0.00%; 95% CI 0.00–16.82%),0.10526315789473684,0.02935856029887013,0.31394082711109006,2/19 (10.53%; 95% CI 2.94–31.39%),0.10526315789473684,0.02935856029887013,0.31394082711109006,2/19 (10.53%; 95% CI 2.94–31.39%),0.7894736842105263,0.5666572155618583,0.9149232336708375,15/19 (78.95%; 95% CI 56.67–91.49%),1.0,0.8318207759473837,1.0,19/19 (100.00%; 95% CI 83.18–100.00%)
crowdbot,internvl,appfr,H14,14,1,0,0,17,2,19,19,0.0,0.0,0.16817922405261626,0/19 (0.00%; 95% CI 0.00–16.82%),0.10526315789473684,0.02935856029887013,0.31394082711109006,2/19 (10.53%; 95% CI 2.94–31.39%),0.0,0.0,0.16817922405261626,0/19 (0.00%; 95% CI 0.00–16.82%),0.8947368421052632,0.6860591728889099,0.9706414397011299,17/19 (89.47%; 95% CI 68.61–97.06%),1.0,0.8318207759473837,1.0,19/19 (100.00%; 95% CI 83.18–100.00%)
crowdbot,internvl,appfr,H14,14,2,0,0,17,2,19,19,0.0,0.0,0.16817922405261626,0/19 (0.00%; 95% CI 0.00–16.82%),0.10526315789473684,0.02935856029887013,0.31394082711109006,2/19 (10.53%; 95% CI 2.94–31.39%),0.0,0.0,0.16817922405261626,0/19 (0.00%; 95% CI 0.00–16.82%),0.8947368421052632,0.6860591728889099,0.9706414397011299,17/19 (89.47%; 95% CI 68.61–97.06%),1.0,0.8318207759473837,1.0,19/19 (100.00%; 95% CI 83.18–100.00%)
crowdbot,internvl,appfr,H14,14,3,1,0,16,2,19,19,0.0,0.0,0.16817922405261626,0/19 (0.00%; 95% CI 0.00–16.82%),0.10526315789473684,0.02935856029887013,0.31394082711109006,2/19 (10.53%; 95% CI 2.94–31.39%),0.05263157894736842,0.009351994062300362,0.24638731166898786,1/19 (5.26%; 95% CI 0.94–24.64%),0.8421052631578947,0.6243452472967093,0.9447952836146585,16/19 (84.21%; 95% CI 62.43–94.48%),1.0,0.8318207759473837,1.0,19/19 (100.00%; 95% CI 83.18–100.00%)
crowdbot,internvl,appfr,H14,14,4,2,0,15,2,19,19,0.0,0.0,0.16817922405261626,0/19 (0.00%; 95% CI 0.00–16.82%),0.10526315789473684,0.02935856029887013,0.31394082711109006,2/19 (10.53%; 95% CI 2.94–31.39%),0.10526315789473684,0.02935856029887013,0.31394082711109006,2/19 (10.53%; 95% CI 2.94–31.39%),0.7894736842105263,0.5666572155618583,0.9149232336708375,15/19 (78.95%; 95% CI 56.67–91.49%),1.0,0.8318207759473837,1.0,19/19 (100.00%; 95% CI 83.18–100.00%)
crowdbot,internvl,appfr,H14,14,5,2,0,15,2,19,19,0.0,0.0,0.16817922405261626,0/19 (0.00%; 95% CI 0.00–16.82%),0.10526315789473684,0.02935856029887013,0.31394082711109006,2/19 (10.53%; 95% CI 2.94–31.39%),0.10526315789473684,0.02935856029887013,0.31394082711109006,2/19 (10.53%; 95% CI 2.94–31.39%),0.7894736842105263,0.5666572155618583,0.9149232336708375,15/19 (78.95%; 95% CI 56.67–91.49%),1.0,0.8318207759473837,1.0,19/19 (100.00%; 95% CI 83.18–100.00%)
crowdbot,internvl,appfr,H16,16,1,0,0,17,2,19,19,0.0,0.0,0.16817922405261626,0/19 (0.00%; 95% CI 0.00–16.82%),0.10526315789473684,0.02935856029887013,0.31394082711109006,2/19 (10.53%; 95% CI 2.94–31.39%),0.0,0.0,0.16817922405261626,0/19 (0.00%; 95% CI 0.00–16.82%),0.8947368421052632,0.6860591728889099,0.9706414397011299,17/19 (89.47%; 95% CI 68.61–97.06%),1.0,0.8318207759473837,1.0,19/19 (100.00%; 95% CI 83.18–100.00%)
crowdbot,internvl,appfr,H16,16,2,0,0,17,2,19,19,0.0,0.0,0.16817922405261626,0/19 (0.00%; 95% CI 0.00–16.82%),0.10526315789473684,0.02935856029887013,0.31394082711109006,2/19 (10.53%; 95% CI 2.94–31.39%),0.0,0.0,0.16817922405261626,0/19 (0.00%; 95% CI 0.00–16.82%),0.8947368421052632,0.6860591728889099,0.9706414397011299,17/19 (89.47%; 95% CI 68.61–97.06%),1.0,0.8318207759473837,1.0,19/19 (100.00%; 95% CI 83.18–100.00%)
crowdbot,internvl,appfr,H16,16,3,1,0,16,2,19,19,0.0,0.0,0.16817922405261626,0/19 (0.00%; 95% CI 0.00–16.82%),0.10526315789473684,0.02935856029887013,0.31394082711109006,2/19 (10.53%; 95% CI 2.94–31.39%),0.05263157894736842,0.009351994062300362,0.24638731166898786,1/19 (5.26%; 95% CI 0.94–24.64%),0.8421052631578947,0.6243452472967093,0.9447952836146585,16/19 (84.21%; 95% CI 62.43–94.48%),1.0,0.8318207759473837,1.0,19/19 (100.00%; 95% CI 83.18–100.00%)
crowdbot,internvl,appfr,H16,16,4,2,0,15,2,19,19,0.0,0.0,0.16817922405261626,0/19 (0.00%; 95% CI 0.00–16.82%),0.10526315789473684,0.02935856029887013,0.31394082711109006,2/19 (10.53%; 95% CI 2.94–31.39%),0.10526315789473684,0.02935856029887013,0.31394082711109006,2/19 (10.53%; 95% CI 2.94–31.39%),0.7894736842105263,0.5666572155618583,0.9149232336708375,15/19 (78.95%; 95% CI 56.67–91.49%),1.0,0.8318207759473837,1.0,19/19 (100.00%; 95% CI 83.18–100.00%)
crowdbot,internvl,appfr,H16,16,5,2,0,15,2,19,19,0.0,0.0,0.16817922405261626,0/19 (0.00%; 95% CI 0.00–16.82%),0.10526315789473684,0.02935856029887013,0.31394082711109006,2/19 (10.53%; 95% CI 2.94–31.39%),0.10526315789473684,0.02935856029887013,0.31394082711109006,2/19 (10.53%; 95% CI 2.94–31.39%),0.7894736842105263,0.5666572155618583,0.9149232336708375,15/19 (78.95%; 95% CI 56.67–91.49%),1.0,0.8318207759473837,1.0,19/19 (100.00%; 95% CI 83.18–100.00%)
crowdbot,internvl,appfr,H18,18,1,0,0,17,2,19,19,0.0,0.0,0.16817922405261626,0/19 (0.00%; 95% CI 0.00–16.82%),0.10526315789473684,0.02935856029887013,0.31394082711109006,2/19 (10.53%; 95% CI 2.94–31.39%),0.0,0.0,0.16817922405261626,0/19 (0.00%; 95% CI 0.00–16.82%),0.8947368421052632,0.6860591728889099,0.9706414397011299,17/19 (89.47%; 95% CI 68.61–97.06%),1.0,0.8318207759473837,1.0,19/19 (100.00%; 95% CI 83.18–100.00%)
crowdbot,internvl,appfr,H18,18,2,0,0,17,2,19,19,0.0,0.0,0.16817922405261626,0/19 (0.00%; 95% CI 0.00–16.82%),0.10526315789473684,0.02935856029887013,0.31394082711109006,2/19 (10.53%; 95% CI 2.94–31.39%),0.0,0.0,0.16817922405261626,0/19 (0.00%; 95% CI 0.00–16.82%),0.8947368421052632,0.6860591728889099,0.9706414397011299,17/19 (89.47%; 95% CI 68.61–97.06%),1.0,0.8318207759473837,1.0,19/19 (100.00%; 95% CI 83.18–100.00%)
crowdbot,internvl,appfr,H18,18,3,1,0,16,2,19,19,0.0,0.0,0.16817922405261626,0/19 (0.00%; 95% CI 0.00–16.82%),0.10526315789473684,0.02935856029887013,0.31394082711109006,2/19 (10.53%; 95% CI 2.94–31.39%),0.05263157894736842,0.009351994062300362,0.24638731166898786,1/19 (5.26%; 95% CI 0.94–24.64%),0.8421052631578947,0.6243452472967093,0.9447952836146585,16/19 (84.21%; 95% CI 62.43–94.48%),1.0,0.8318207759473837,1.0,19/19 (100.00%; 95% CI 83.18–100.00%)
crowdbot,internvl,appfr,H18,18,4,2,0,15,2,19,19,0.0,0.0,0.16817922405261626,0/19 (0.00%; 95% CI 0.00–16.82%),0.10526315789473684,0.02935856029887013,0.31394082711109006,2/19 (10.53%; 95% CI 2.94–31.39%),0.10526315789473684,0.02935856029887013,0.31394082711109006,2/19 (10.53%; 95% CI 2.94–31.39%),0.7894736842105263,0.5666572155618583,0.9149232336708375,15/19 (78.95%; 95% CI 56.67–91.49%),1.0,0.8318207759473837,1.0,19/19 (100.00%; 95% CI 83.18–100.00%)
crowdbot,internvl,appfr,H18,18,5,2,0,15,2,19,19,0.0,0.0,0.16817922405261626,0/19 (0.00%; 95% CI 0.00–16.82%),0.10526315789473684,0.02935856029887013,0.31394082711109006,2/19 (10.53%; 95% CI 2.94–31.39%),0.10526315789473684,0.02935856029887013,0.31394082711109006,2/19 (10.53%; 95% CI 2.94–31.39%),0.7894736842105263,0.5666572155618583,0.9149232336708375,15/19 (78.95%; 95% CI 56.67–91.49%),1.0,0.8318207759473837,1.0,19/19 (100.00%; 95% CI 83.18–100.00%)
crowdbot,internvl,appfr,H20,20,1,0,0,17,2,19,19,0.0,0.0,0.16817922405261626,0/19 (0.00%; 95% CI 0.00–16.82%),0.10526315789473684,0.02935856029887013,0.31394082711109006,2/19 (10.53%; 95% CI 2.94–31.39%),0.0,0.0,0.16817922405261626,0/19 (0.00%; 95% CI 0.00–16.82%),0.8947368421052632,0.6860591728889099,0.9706414397011299,17/19 (89.47%; 95% CI 68.61–97.06%),1.0,0.8318207759473837,1.0,19/19 (100.00%; 95% CI 83.18–100.00%)
crowdbot,internvl,appfr,H20,20,2,0,0,17,2,19,19,0.0,0.0,0.16817922405261626,0/19 (0.00%; 95% CI 0.00–16.82%),0.10526315789473684,0.02935856029887013,0.31394082711109006,2/19 (10.53%; 95% CI 2.94–31.39%),0.0,0.0,0.16817922405261626,0/19 (0.00%; 95% CI 0.00–16.82%),0.8947368421052632,0.6860591728889099,0.9706414397011299,17/19 (89.47%; 95% CI 68.61–97.06%),1.0,0.8318207759473837,1.0,19/19 (100.00%; 95% CI 83.18–100.00%)
crowdbot,internvl,appfr,H20,20,3,1,0,16,2,19,19,0.0,0.0,0.16817922405261626,0/19 (0.00%; 95% CI 0.00–16.82%),0.10526315789473684,0.02935856029887013,0.31394082711109006,2/19 (10.53%; 95% CI 2.94–31.39%),0.05263157894736842,0.009351994062300362,0.24638731166898786,1/19 (5.26%; 95% CI 0.94–24.64%),0.8421052631578947,0.6243452472967093,0.9447952836146585,16/19 (84.21%; 95% CI 62.43–94.48%),1.0,0.8318207759473837,1.0,19/19 (100.00%; 95% CI 83.18–100.00%)
crowdbot,internvl,appfr,H20,20,4,2,0,15,2,19,19,0.0,0.0,0.16817922405261626,0/19 (0.00%; 95% CI 0.00–16.82%),0.10526315789473684,0.02935856029887013,0.31394082711109006,2/19 (10.53%; 95% CI 2.94–31.39%),0.10526315789473684,0.02935856029887013,0.31394082711109006,2/19 (10.53%; 95% CI 2.94–31.39%),0.7894736842105263,0.5666572155618583,0.9149232336708375,15/19 (78.95%; 95% CI 56.67–91.49%),1.0,0.8318207759473837,1.0,19/19 (100.00%; 95% CI 83.18–100.00%)
crowdbot,internvl,appfr,H20,20,5,2,0,15,2,19,19,0.0,0.0,0.16817922405261626,0/19 (0.00%; 95% CI 0.00–16.82%),0.10526315789473684,0.02935856029887013,0.31394082711109006,2/19 (10.53%; 95% CI 2.94–31.39%),0.10526315789473684,0.02935856029887013,0.31394082711109006,2/19 (10.53%; 95% CI 2.94–31.39%),0.7894736842105263,0.5666572155618583,0.9149232336708375,15/19 (78.95%; 95% CI 56.67–91.49%),1.0,0.8318207759473837,1.0,19/19 (100.00%; 95% CI 83.18–100.00%)
crowdbot,internvl,appfr,H22,22,1,0,0,17,2,19,19,0.0,0.0,0.16817922405261626,0/19 (0.00%; 95% CI 0.00–16.82%),0.10526315789473684,0.02935856029887013,0.31394082711109006,2/19 (10.53%; 95% CI 2.94–31.39%),0.0,0.0,0.16817922405261626,0/19 (0.00%; 95% CI 0.00–16.82%),0.8947368421052632,0.6860591728889099,0.9706414397011299,17/19 (89.47%; 95% CI 68.61–97.06%),1.0,0.8318207759473837,1.0,19/19 (100.00%; 95% CI 83.18–100.00%)
crowdbot,internvl,appfr,H22,22,2,0,0,17,2,19,19,0.0,0.0,0.16817922405261626,0/19 (0.00%; 95% CI 0.00–16.82%),0.10526315789473684,0.02935856029887013,0.31394082711109006,2/19 (10.53%; 95% CI 2.94–31.39%),0.0,0.0,0.16817922405261626,0/19 (0.00%; 95% CI 0.00–16.82%),0.8947368421052632,0.6860591728889099,0.9706414397011299,17/19 (89.47%; 95% CI 68.61–97.06%),1.0,0.8318207759473837,1.0,19/19 (100.00%; 95% CI 83.18–100.00%)
crowdbot,internvl,appfr,H22,22,3,1,0,16,2,19,19,0.0,0.0,0.16817922405261626,0/19 (0.00%; 95% CI 0.00–16.82%),0.10526315789473684,0.02935856029887013,0.31394082711109006,2/19 (10.53%; 95% CI 2.94–31.39%),0.05263157894736842,0.009351994062300362,0.24638731166898786,1/19 (5.26%; 95% CI 0.94–24.64%),0.8421052631578947,0.6243452472967093,0.9447952836146585,16/19 (84.21%; 95% CI 62.43–94.48%),1.0,0.8318207759473837,1.0,19/19 (100.00%; 95% CI 83.18–100.00%)
crowdbot,internvl,appfr,H22,22,4,2,0,15,2,19,19,0.0,0.0,0.16817922405261626,0/19 (0.00%; 95% CI 0.00–16.82%),0.10526315789473684,0.02935856029887013,0.31394082711109006,2/19 (10.53%; 95% CI 2.94–31.39%),0.10526315789473684,0.02935856029887013,0.31394082711109006,2/19 (10.53%; 95% CI 2.94–31.39%),0.7894736842105263,0.5666572155618583,0.9149232336708375,15/19 (78.95%; 95% CI 56.67–91.49%),1.0,0.8318207759473837,1.0,19/19 (100.00%; 95% CI 83.18–100.00%)
crowdbot,internvl,appfr,H22,22,5,2,0,15,2,19,19,0.0,0.0,0.16817922405261626,0/19 (0.00%; 95% CI 0.00–16.82%),0.10526315789473684,0.02935856029887013,0.31394082711109006,2/19 (10.53%; 95% CI 2.94–31.39%),0.10526315789473684,0.02935856029887013,0.31394082711109006,2/19 (10.53%; 95% CI 2.94–31.39%),0.7894736842105263,0.5666572155618583,0.9149232336708375,15/19 (78.95%; 95% CI 56.67–91.49%),1.0,0.8318207759473837,1.0,19/19 (100.00%; 95% CI 83.18–100.00%)
crowdbot,internvl,appfr,H24,24,1,0,0,17,2,19,19,0.0,0.0,0.16817922405261626,0/19 (0.00%; 95% CI 0.00–16.82%),0.10526315789473684,0.02935856029887013,0.31394082711109006,2/19 (10.53%; 95% CI 2.94–31.39%),0.0,0.0,0.16817922405261626,0/19 (0.00%; 95% CI 0.00–16.82%),0.8947368421052632,0.6860591728889099,0.9706414397011299,17/19 (89.47%; 95% CI 68.61–97.06%),1.0,0.8318207759473837,1.0,19/19 (100.00%; 95% CI 83.18–100.00%)
crowdbot,internvl,appfr,H24,24,2,0,0,17,2,19,19,0.0,0.0,0.16817922405261626,0/19 (0.00%; 95% CI 0.00–16.82%),0.10526315789473684,0.02935856029887013,0.31394082711109006,2/19 (10.53%; 95% CI 2.94–31.39%),0.0,0.0,0.16817922405261626,0/19 (0.00%; 95% CI 0.00–16.82%),0.8947368421052632,0.6860591728889099,0.9706414397011299,17/19 (89.47%; 95% CI 68.61–97.06%),1.0,0.8318207759473837,1.0,19/19 (100.00%; 95% CI 83.18–100.00%)
crowdbot,internvl,appfr,H24,24,3,1,0,16,2,19,19,0.0,0.0,0.16817922405261626,0/19 (0.00%; 95% CI 0.00–16.82%),0.10526315789473684,0.02935856029887013,0.31394082711109006,2/19 (10.53%; 95% CI 2.94–31.39%),0.05263157894736842,0.009351994062300362,0.24638731166898786,1/19 (5.26%; 95% CI 0.94–24.64%),0.8421052631578947,0.6243452472967093,0.9447952836146585,16/19 (84.21%; 95% CI 62.43–94.48%),1.0,0.8318207759473837,1.0,19/19 (100.00%; 95% CI 83.18–100.00%)
crowdbot,internvl,appfr,H24,24,4,2,0,15,2,19,19,0.0,0.0,0.16817922405261626,0/19 (0.00%; 95% CI 0.00–16.82%),0.10526315789473684,0.02935856029887013,0.31394082711109006,2/19 (10.53%; 95% CI 2.94–31.39%),0.10526315789473684,0.02935856029887013,0.31394082711109006,2/19 (10.53%; 95% CI 2.94–31.39%),0.7894736842105263,0.5666572155618583,0.9149232336708375,15/19 (78.95%; 95% CI 56.67–91.49%),1.0,0.8318207759473837,1.0,19/19 (100.00%; 95% CI 83.18–100.00%)
crowdbot,internvl,appfr,H24,24,5,2,0,15,2,19,19,0.0,0.0,0.16817922405261626,0/19 (0.00%; 95% CI 0.00–16.82%),0.10526315789473684,0.02935856029887013,0.31394082711109006,2/19 (10.53%; 95% CI 2.94–31.39%),0.10526315789473684,0.02935856029887013,0.31394082711109006,2/19 (10.53%; 95% CI 2.94–31.39%),0.7894736842105263,0.5666572155618583,0.9149232336708375,15/19 (78.95%; 95% CI 56.67–91.49%),1.0,0.8318207759473837,1.0,19/19 (100.00%; 95% CI 83.18–100.00%)
crowdbot,internvl,appfr,H26,26,1,0,0,17,2,19,19,0.0,0.0,0.16817922405261626,0/19 (0.00%; 95% CI 0.00–16.82%),0.10526315789473684,0.02935856029887013,0.31394082711109006,2/19 (10.53%; 95% CI 2.94–31.39%),0.0,0.0,0.16817922405261626,0/19 (0.00%; 95% CI 0.00–16.82%),0.8947368421052632,0.6860591728889099,0.9706414397011299,17/19 (89.47%; 95% CI 68.61–97.06%),1.0,0.8318207759473837,1.0,19/19 (100.00%; 95% CI 83.18–100.00%)
crowdbot,internvl,appfr,H26,26,2,0,0,17,2,19,19,0.0,0.0,0.16817922405261626,0/19 (0.00%; 95% CI 0.00–16.82%),0.10526315789473684,0.02935856029887013,0.31394082711109006,2/19 (10.53%; 95% CI 2.94–31.39%),0.0,0.0,0.16817922405261626,0/19 (0.00%; 95% CI 0.00–16.82%),0.8947368421052632,0.6860591728889099,0.9706414397011299,17/19 (89.47%; 95% CI 68.61–97.06%),1.0,0.8318207759473837,1.0,19/19 (100.00%; 95% CI 83.18–100.00%)
crowdbot,internvl,appfr,H26,26,3,1,0,16,2,19,19,0.0,0.0,0.16817922405261626,0/19 (0.00%; 95% CI 0.00–16.82%),0.10526315789473684,0.02935856029887013,0.31394082711109006,2/19 (10.53%; 95% CI 2.94–31.39%),0.05263157894736842,0.009351994062300362,0.24638731166898786,1/19 (5.26%; 95% CI 0.94–24.64%),0.8421052631578947,0.6243452472967093,0.9447952836146585,16/19 (84.21%; 95% CI 62.43–94.48%),1.0,0.8318207759473837,1.0,19/19 (100.00%; 95% CI 83.18–100.00%)
crowdbot,internvl,appfr,H26,26,4,2,0,15,2,19,19,0.0,0.0,0.16817922405261626,0/19 (0.00%; 95% CI 0.00–16.82%),0.10526315789473684,0.02935856029887013,0.31394082711109006,2/19 (10.53%; 95% CI 2.94–31.39%),0.10526315789473684,0.02935856029887013,0.31394082711109006,2/19 (10.53%; 95% CI 2.94–31.39%),0.7894736842105263,0.5666572155618583,0.9149232336708375,15/19 (78.95%; 95% CI 56.67–91.49%),1.0,0.8318207759473837,1.0,19/19 (100.00%; 95% CI 83.18–100.00%)
crowdbot,internvl,appfr,H26,26,5,2,0,15,2,19,19,0.0,0.0,0.16817922405261626,0/19 (0.00%; 95% CI 0.00–16.82%),0.10526315789473684,0.02935856029887013,0.31394082711109006,2/19 (10.53%; 95% CI 2.94–31.39%),0.10526315789473684,0.02935856029887013,0.31394082711109006,2/19 (10.53%; 95% CI 2.94–31.39%),0.7894736842105263,0.5666572155618583,0.9149232336708375,15/19 (78.95%; 95% CI 56.67–91.49%),1.0,0.8318207759473837,1.0,19/19 (100.00%; 95% CI 83.18–100.00%)
crowdbot,internvl,appfr,H28,28,1,0,0,17,2,19,19,0.0,0.0,0.16817922405261626,0/19 (0.00%; 95% CI 0.00–16.82%),0.10526315789473684,0.02935856029887013,0.31394082711109006,2/19 (10.53%; 95% CI 2.94–31.39%),0.0,0.0,0.16817922405261626,0/19 (0.00%; 95% CI 0.00–16.82%),0.8947368421052632,0.6860591728889099,0.9706414397011299,17/19 (89.47%; 95% CI 68.61–97.06%),1.0,0.8318207759473837,1.0,19/19 (100.00%; 95% CI 83.18–100.00%)
crowdbot,internvl,appfr,H28,28,2,0,0,17,2,19,19,0.0,0.0,0.16817922405261626,0/19 (0.00%; 95% CI 0.00–16.82%),0.10526315789473684,0.02935856029887013,0.31394082711109006,2/19 (10.53%; 95% CI 2.94–31.39%),0.0,0.0,0.16817922405261626,0/19 (0.00%; 95% CI 0.00–16.82%),0.8947368421052632,0.6860591728889099,0.9706414397011299,17/19 (89.47%; 95% CI 68.61–97.06%),1.0,0.8318207759473837,1.0,19/19 (100.00%; 95% CI 83.18–100.00%)
crowdbot,internvl,appfr,H28,28,3,1,0,16,2,19,19,0.0,0.0,0.16817922405261626,0/19 (0.00%; 95% CI 0.00–16.82%),0.10526315789473684,0.02935856029887013,0.31394082711109006,2/19 (10.53%; 95% CI 2.94–31.39%),0.05263157894736842,0.009351994062300362,0.24638731166898786,1/19 (5.26%; 95% CI 0.94–24.64%),0.8421052631578947,0.6243452472967093,0.9447952836146585,16/19 (84.21%; 95% CI 62.43–94.48%),1.0,0.8318207759473837,1.0,19/19 (100.00%; 95% CI 83.18–100.00%)
crowdbot,internvl,appfr,H28,28,4,2,0,15,2,19,19,0.0,0.0,0.16817922405261626,0/19 (0.00%; 95% CI 0.00–16.82%),0.10526315789473684,0.02935856029887013,0.31394082711109006,2/19 (10.53%; 95% CI 2.94–31.39%),0.10526315789473684,0.02935856029887013,0.31394082711109006,2/19 (10.53%; 95% CI 2.94–31.39%),0.7894736842105263,0.5666572155618583,0.9149232336708375,15/19 (78.95%; 95% CI 56.67–91.49%),1.0,0.8318207759473837,1.0,19/19 (100.00%; 95% CI 83.18–100.00%)
crowdbot,internvl,appfr,H28,28,5,2,0,15,2,19,19,0.0,0.0,0.16817922405261626,0/19 (0.00%; 95% CI 0.00–16.82%),0.10526315789473684,0.02935856029887013,0.31394082711109006,2/19 (10.53%; 95% CI 2.94–31.39%),0.10526315789473684,0.02935856029887013,0.31394082711109006,2/19 (10.53%; 95% CI 2.94–31.39%),0.7894736842105263,0.5666572155618583,0.9149232336708375,15/19 (78.95%; 95% CI 56.67–91.49%),1.0,0.8318207759473837,1.0,19/19 (100.00%; 95% CI 83.18–100.00%)
crowdbot,internvl,appfr,H30,30,1,0,0,17,2,19,19,0.0,0.0,0.16817922405261626,0/19 (0.00%; 95% CI 0.00–16.82%),0.10526315789473684,0.02935856029887013,0.31394082711109006,2/19 (10.53%; 95% CI 2.94–31.39%),0.0,0.0,0.16817922405261626,0/19 (0.00%; 95% CI 0.00–16.82%),0.8947368421052632,0.6860591728889099,0.9706414397011299,17/19 (89.47%; 95% CI 68.61–97.06%),1.0,0.8318207759473837,1.0,19/19 (100.00%; 95% CI 83.18–100.00%)
crowdbot,internvl,appfr,H30,30,2,0,0,17,2,19,19,0.0,0.0,0.16817922405261626,0/19 (0.00%; 95% CI 0.00–16.82%),0.10526315789473684,0.02935856029887013,0.31394082711109006,2/19 (10.53%; 95% CI 2.94–31.39%),0.0,0.0,0.16817922405261626,0/19 (0.00%; 95% CI 0.00–16.82%),0.8947368421052632,0.6860591728889099,0.9706414397011299,17/19 (89.47%; 95% CI 68.61–97.06%),1.0,0.8318207759473837,1.0,19/19 (100.00%; 95% CI 83.18–100.00%)
crowdbot,internvl,appfr,H30,30,3,1,0,16,2,19,19,0.0,0.0,0.16817922405261626,0/19 (0.00%; 95% CI 0.00–16.82%),0.10526315789473684,0.02935856029887013,0.31394082711109006,2/19 (10.53%; 95% CI 2.94–31.39%),0.05263157894736842,0.009351994062300362,0.24638731166898786,1/19 (5.26%; 95% CI 0.94–24.64%),0.8421052631578947,0.6243452472967093,0.9447952836146585,16/19 (84.21%; 95% CI 62.43–94.48%),1.0,0.8318207759473837,1.0,19/19 (100.00%; 95% CI 83.18–100.00%)
crowdbot,internvl,appfr,H30,30,4,2,0,15,2,19,19,0.0,0.0,0.16817922405261626,0/19 (0.00%; 95% CI 0.00–16.82%),0.10526315789473684,0.02935856029887013,0.31394082711109006,2/19 (10.53%; 95% CI 2.94–31.39%),0.10526315789473684,0.02935856029887013,0.31394082711109006,2/19 (10.53%; 95% CI 2.94–31.39%),0.7894736842105263,0.5666572155618583,0.9149232336708375,15/19 (78.95%; 95% CI 56.67–91.49%),1.0,0.8318207759473837,1.0,19/19 (100.00%; 95% CI 83.18–100.00%)
crowdbot,internvl,appfr,H30,30,5,2,0,15,2,19,19,0.0,0.0,0.16817922405261626,0/19 (0.00%; 95% CI 0.00–16.82%),0.10526315789473684,0.02935856029887013,0.31394082711109006,2/19 (10.53%; 95% CI 2.94–31.39%),0.10526315789473684,0.02935856029887013,0.31394082711109006,2/19 (10.53%; 95% CI 2.94–31.39%),0.7894736842105263,0.5666572155618583,0.9149232336708375,15/19 (78.95%; 95% CI 56.67–91.49%),1.0,0.8318207759473837,1.0,19/19 (100.00%; 95% CI 83.18–100.00%)
crowdbot,internvl,appfr,H32,32,1,0,0,17,2,19,19,0.0,0.0,0.16817922405261626,0/19 (0.00%; 95% CI 0.00–16.82%),0.10526315789473684,0.02935856029887013,0.31394082711109006,2/19 (10.53%; 95% CI 2.94–31.39%),0.0,0.0,0.16817922405261626,0/19 (0.00%; 95% CI 0.00–16.82%),0.8947368421052632,0.6860591728889099,0.9706414397011299,17/19 (89.47%; 95% CI 68.61–97.06%),1.0,0.8318207759473837,1.0,19/19 (100.00%; 95% CI 83.18–100.00%)
crowdbot,internvl,appfr,H32,32,2,0,0,17,2,19,19,0.0,0.0,0.16817922405261626,0/19 (0.00%; 95% CI 0.00–16.82%),0.10526315789473684,0.02935856029887013,0.31394082711109006,2/19 (10.53%; 95% CI 2.94–31.39%),0.0,0.0,0.16817922405261626,0/19 (0.00%; 95% CI 0.00–16.82%),0.8947368421052632,0.6860591728889099,0.9706414397011299,17/19 (89.47%; 95% CI 68.61–97.06%),1.0,0.8318207759473837,1.0,19/19 (100.00%; 95% CI 83.18–100.00%)
crowdbot,internvl,appfr,H32,32,3,1,0,16,2,19,19,0.0,0.0,0.16817922405261626,0/19 (0.00%; 95% CI 0.00–16.82%),0.10526315789473684,0.02935856029887013,0.31394082711109006,2/19 (10.53%; 95% CI 2.94–31.39%),0.05263157894736842,0.009351994062300362,0.24638731166898786,1/19 (5.26%; 95% CI 0.94–24.64%),0.8421052631578947,0.6243452472967093,0.9447952836146585,16/19 (84.21%; 95% CI 62.43–94.48%),1.0,0.8318207759473837,1.0,19/19 (100.00%; 95% CI 83.18–100.00%)
crowdbot,internvl,appfr,H32,32,4,2,0,15,2,19,19,0.0,0.0,0.16817922405261626,0/19 (0.00%; 95% CI 0.00–16.82%),0.10526315789473684,0.02935856029887013,0.31394082711109006,2/19 (10.53%; 95% CI 2.94–31.39%),0.10526315789473684,0.02935856029887013,0.31394082711109006,2/19 (10.53%; 95% CI 2.94–31.39%),0.7894736842105263,0.5666572155618583,0.9149232336708375,15/19 (78.95%; 95% CI 56.67–91.49%),1.0,0.8318207759473837,1.0,19/19 (100.00%; 95% CI 83.18–100.00%)
crowdbot,internvl,appfr,H32,32,5,2,0,15,2,19,19,0.0,0.0,0.16817922405261626,0/19 (0.00%; 95% CI 0.00–16.82%),0.10526315789473684,0.02935856029887013,0.31394082711109006,2/19 (10.53%; 95% CI 2.94–31.39%),0.10526315789473684,0.02935856029887013,0.31394082711109006,2/19 (10.53%; 95% CI 2.94–31.39%),0.7894736842105263,0.5666572155618583,0.9149232336708375,15/19 (78.95%; 95% CI 56.67–91.49%),1.0,0.8318207759473837,1.0,19/19 (100.00%; 95% CI 83.18–100.00%)
crowdbot,internvl,appod,H02,2,1,0,0,17,2,19,19,0.0,0.0,0.16817922405261626,0/19 (0.00%; 95% CI 0.00–16.82%),0.10526315789473684,0.02935856029887013,0.31394082711109006,2/19 (10.53%; 95% CI 2.94–31.39%),0.0,0.0,0.16817922405261626,0/19 (0.00%; 95% CI 0.00–16.82%),0.8947368421052632,0.6860591728889099,0.9706414397011299,17/19 (89.47%; 95% CI 68.61–97.06%),1.0,0.8318207759473837,1.0,19/19 (100.00%; 95% CI 83.18–100.00%)
crowdbot,internvl,appod,H02,2,2,0,0,17,2,19,19,0.0,0.0,0.16817922405261626,0/19 (0.00%; 95% CI 0.00–16.82%),0.10526315789473684,0.02935856029887013,0.31394082711109006,2/19 (10.53%; 95% CI 2.94–31.39%),0.0,0.0,0.16817922405261626,0/19 (0.00%; 95% CI 0.00–16.82%),0.8947368421052632,0.6860591728889099,0.9706414397011299,17/19 (89.47%; 95% CI 68.61–97.06%),1.0,0.8318207759473837,1.0,19/19 (100.00%; 95% CI 83.18–100.00%)
crowdbot,internvl,appod,H02,2,3,1,0,16,2,19,19,0.0,0.0,0.16817922405261626,0/19 (0.00%; 95% CI 0.00–16.82%),0.10526315789473684,0.02935856029887013,0.31394082711109006,2/19 (10.53%; 95% CI 2.94–31.39%),0.05263157894736842,0.009351994062300362,0.24638731166898786,1/19 (5.26%; 95% CI 0.94–24.64%),0.8421052631578947,0.6243452472967093,0.9447952836146585,16/19 (84.21%; 95% CI 62.43–94.48%),1.0,0.8318207759473837,1.0,19/19 (100.00%; 95% CI 83.18–100.00%)
crowdbot,internvl,appod,H02,2,4,2,0,15,2,19,19,0.0,0.0,0.16817922405261626,0/19 (0.00%; 95% CI 0.00–16.82%),0.10526315789473684,0.02935856029887013,0.31394082711109006,2/19 (10.53%; 95% CI 2.94–31.39%),0.10526315789473684,0.02935856029887013,0.31394082711109006,2/19 (10.53%; 95% CI 2.94–31.39%),0.7894736842105263,0.5666572155618583,0.9149232336708375,15/19 (78.95%; 95% CI 56.67–91.49%),1.0,0.8318207759473837,1.0,19/19 (100.00%; 95% CI 83.18–100.00%)
crowdbot,internvl,appod,H02,2,5,2,0,15,2,19,19,0.0,0.0,0.16817922405261626,0/19 (0.00%; 95% CI 0.00–16.82%),0.10526315789473684,0.02935856029887013,0.31394082711109006,2/19 (10.53%; 95% CI 2.94–31.39%),0.10526315789473684,0.02935856029887013,0.31394082711109006,2/19 (10.53%; 95% CI 2.94–31.39%),0.7894736842105263,0.5666572155618583,0.9149232336708375,15/19 (78.95%; 95% CI 56.67–91.49%),1.0,0.8318207759473837,1.0,19/19 (100.00%; 95% CI 83.18–100.00%)
crowdbot,internvl,appod,H04,4,1,0,0,17,2,19,19,0.0,0.0,0.16817922405261626,0/19 (0.00%; 95% CI 0.00–16.82%),0.10526315789473684,0.02935856029887013,0.31394082711109006,2/19 (10.53%; 95% CI 2.94–31.39%),0.0,0.0,0.16817922405261626,0/19 (0.00%; 95% CI 0.00–16.82%),0.8947368421052632,0.6860591728889099,0.9706414397011299,17/19 (89.47%; 95% CI 68.61–97.06%),1.0,0.8318207759473837,1.0,19/19 (100.00%; 95% CI 83.18–100.00%)
crowdbot,internvl,appod,H04,4,2,0,0,17,2,19,19,0.0,0.0,0.16817922405261626,0/19 (0.00%; 95% CI 0.00–16.82%),0.10526315789473684,0.02935856029887013,0.31394082711109006,2/19 (10.53%; 95% CI 2.94–31.39%),0.0,0.0,0.16817922405261626,0/19 (0.00%; 95% CI 0.00–16.82%),0.8947368421052632,0.6860591728889099,0.9706414397011299,17/19 (89.47%; 95% CI 68.61–97.06%),1.0,0.8318207759473837,1.0,19/19 (100.00%; 95% CI 83.18–100.00%)
crowdbot,internvl,appod,H04,4,3,1,0,16,2,19,19,0.0,0.0,0.16817922405261626,0/19 (0.00%; 95% CI 0.00–16.82%),0.10526315789473684,0.02935856029887013,0.31394082711109006,2/19 (10.53%; 95% CI 2.94–31.39%),0.05263157894736842,0.009351994062300362,0.24638731166898786,1/19 (5.26%; 95% CI 0.94–24.64%),0.8421052631578947,0.6243452472967093,0.9447952836146585,16/19 (84.21%; 95% CI 62.43–94.48%),1.0,0.8318207759473837,1.0,19/19 (100.00%; 95% CI 83.18–100.00%)
crowdbot,internvl,appod,H04,4,4,2,0,15,2,19,19,0.0,0.0,0.16817922405261626,0/19 (0.00%; 95% CI 0.00–16.82%),0.10526315789473684,0.02935856029887013,0.31394082711109006,2/19 (10.53%; 95% CI 2.94–31.39%),0.10526315789473684,0.02935856029887013,0.31394082711109006,2/19 (10.53%; 95% CI 2.94–31.39%),0.7894736842105263,0.5666572155618583,0.9149232336708375,15/19 (78.95%; 95% CI 56.67–91.49%),1.0,0.8318207759473837,1.0,19/19 (100.00%; 95% CI 83.18–100.00%)
crowdbot,internvl,appod,H04,4,5,2,0,15,2,19,19,0.0,0.0,0.16817922405261626,0/19 (0.00%; 95% CI 0.00–16.82%),0.10526315789473684,0.02935856029887013,0.31394082711109006,2/19 (10.53%; 95% CI 2.94–31.39%),0.10526315789473684,0.02935856029887013,0.31394082711109006,2/19 (10.53%; 95% CI 2.94–31.39%),0.7894736842105263,0.5666572155618583,0.9149232336708375,15/19 (78.95%; 95% CI 56.67–91.49%),1.0,0.8318207759473837,1.0,19/19 (100.00%; 95% CI 83.18–100.00%)
crowdbot,internvl,appod,H06,6,1,0,0,17,2,19,19,0.0,0.0,0.16817922405261626,0/19 (0.00%; 95% CI 0.00–16.82%),0.10526315789473684,0.02935856029887013,0.31394082711109006,2/19 (10.53%; 95% CI 2.94–31.39%),0.0,0.0,0.16817922405261626,0/19 (0.00%; 95% CI 0.00–16.82%),0.8947368421052632,0.6860591728889099,0.9706414397011299,17/19 (89.47%; 95% CI 68.61–97.06%),1.0,0.8318207759473837,1.0,19/19 (100.00%; 95% CI 83.18–100.00%)
crowdbot,internvl,appod,H06,6,2,0,0,17,2,19,19,0.0,0.0,0.16817922405261626,0/19 (0.00%; 95% CI 0.00–16.82%),0.10526315789473684,0.02935856029887013,0.31394082711109006,2/19 (10.53%; 95% CI 2.94–31.39%),0.0,0.0,0.16817922405261626,0/19 (0.00%; 95% CI 0.00–16.82%),0.8947368421052632,0.6860591728889099,0.9706414397011299,17/19 (89.47%; 95% CI 68.61–97.06%),1.0,0.8318207759473837,1.0,19/19 (100.00%; 95% CI 83.18–100.00%)
crowdbot,internvl,appod,H06,6,3,1,0,16,2,19,19,0.0,0.0,0.16817922405261626,0/19 (0.00%; 95% CI 0.00–16.82%),0.10526315789473684,0.02935856029887013,0.31394082711109006,2/19 (10.53%; 95% CI 2.94–31.39%),0.05263157894736842,0.009351994062300362,0.24638731166898786,1/19 (5.26%; 95% CI 0.94–24.64%),0.8421052631578947,0.6243452472967093,0.9447952836146585,16/19 (84.21%; 95% CI 62.43–94.48%),1.0,0.8318207759473837,1.0,19/19 (100.00%; 95% CI 83.18–100.00%)
crowdbot,internvl,appod,H06,6,4,2,0,15,2,19,19,0.0,0.0,0.16817922405261626,0/19 (0.00%; 95% CI 0.00–16.82%),0.10526315789473684,0.02935856029887013,0.31394082711109006,2/19 (10.53%; 95% CI 2.94–31.39%),0.10526315789473684,0.02935856029887013,0.31394082711109006,2/19 (10.53%; 95% CI 2.94–31.39%),0.7894736842105263,0.5666572155618583,0.9149232336708375,15/19 (78.95%; 95% CI 56.67–91.49%),1.0,0.8318207759473837,1.0,19/19 (100.00%; 95% CI 83.18–100.00%)
crowdbot,internvl,appod,H06,6,5,2,0,15,2,19,19,0.0,0.0,0.16817922405261626,0/19 (0.00%; 95% CI 0.00–16.82%),0.10526315789473684,0.02935856029887013,0.31394082711109006,2/19 (10.53%; 95% CI 2.94–31.39%),0.10526315789473684,0.02935856029887013,0.31394082711109006,2/19 (10.53%; 95% CI 2.94–31.39%),0.7894736842105263,0.5666572155618583,0.9149232336708375,15/19 (78.95%; 95% CI 56.67–91.49%),1.0,0.8318207759473837,1.0,19/19 (100.00%; 95% CI 83.18–100.00%)
crowdbot,internvl,appod,H08,8,1,0,0,17,2,19,19,0.0,0.0,0.16817922405261626,0/19 (0.00%; 95% CI 0.00–16.82%),0.10526315789473684,0.02935856029887013,0.31394082711109006,2/19 (10.53%; 95% CI 2.94–31.39%),0.0,0.0,0.16817922405261626,0/19 (0.00%; 95% CI 0.00–16.82%),0.8947368421052632,0.6860591728889099,0.9706414397011299,17/19 (89.47%; 95% CI 68.61–97.06%),1.0,0.8318207759473837,1.0,19/19 (100.00%; 95% CI 83.18–100.00%)
crowdbot,internvl,appod,H08,8,2,0,0,17,2,19,19,0.0,0.0,0.16817922405261626,0/19 (0.00%; 95% CI 0.00–16.82%),0.10526315789473684,0.02935856029887013,0.31394082711109006,2/19 (10.53%; 95% CI 2.94–31.39%),0.0,0.0,0.16817922405261626,0/19 (0.00%; 95% CI 0.00–16.82%),0.8947368421052632,0.6860591728889099,0.9706414397011299,17/19 (89.47%; 95% CI 68.61–97.06%),1.0,0.8318207759473837,1.0,19/19 (100.00%; 95% CI 83.18–100.00%)
crowdbot,internvl,appod,H08,8,3,1,0,16,2,19,19,0.0,0.0,0.16817922405261626,0/19 (0.00%; 95% CI 0.00–16.82%),0.10526315789473684,0.02935856029887013,0.31394082711109006,2/19 (10.53%; 95% CI 2.94–31.39%),0.05263157894736842,0.009351994062300362,0.24638731166898786,1/19 (5.26%; 95% CI 0.94–24.64%),0.8421052631578947,0.6243452472967093,0.9447952836146585,16/19 (84.21%; 95% CI 62.43–94.48%),1.0,0.8318207759473837,1.0,19/19 (100.00%; 95% CI 83.18–100.00%)
crowdbot,internvl,appod,H08,8,4,2,0,15,2,19,19,0.0,0.0,0.16817922405261626,0/19 (0.00%; 95% CI 0.00–16.82%),0.10526315789473684,0.02935856029887013,0.31394082711109006,2/19 (10.53%; 95% CI 2.94–31.39%),0.10526315789473684,0.02935856029887013,0.31394082711109006,2/19 (10.53%; 95% CI 2.94–31.39%),0.7894736842105263,0.5666572155618583,0.9149232336708375,15/19 (78.95%; 95% CI 56.67–91.49%),1.0,0.8318207759473837,1.0,19/19 (100.00%; 95% CI 83.18–100.00%)
crowdbot,internvl,appod,H08,8,5,2,0,15,2,19,19,0.0,0.0,0.16817922405261626,0/19 (0.00%; 95% CI 0.00–16.82%),0.10526315789473684,0.02935856029887013,0.31394082711109006,2/19 (10.53%; 95% CI 2.94–31.39%),0.10526315789473684,0.02935856029887013,0.31394082711109006,2/19 (10.53%; 95% CI 2.94–31.39%),0.7894736842105263,0.5666572155618583,0.9149232336708375,15/19 (78.95%; 95% CI 56.67–91.49%),1.0,0.8318207759473837,1.0,19/19 (100.00%; 95% CI 83.18–100.00%)
crowdbot,internvl,appod,H10,10,1,0,0,17,2,19,19,0.0,0.0,0.16817922405261626,0/19 (0.00%; 95% CI 0.00–16.82%),0.10526315789473684,0.02935856029887013,0.31394082711109006,2/19 (10.53%; 95% CI 2.94–31.39%),0.0,0.0,0.16817922405261626,0/19 (0.00%; 95% CI 0.00–16.82%),0.8947368421052632,0.6860591728889099,0.9706414397011299,17/19 (89.47%; 95% CI 68.61–97.06%),1.0,0.8318207759473837,1.0,19/19 (100.00%; 95% CI 83.18–100.00%)
crowdbot,internvl,appod,H10,10,2,0,0,17,2,19,19,0.0,0.0,0.16817922405261626,0/19 (0.00%; 95% CI 0.00–16.82%),0.10526315789473684,0.02935856029887013,0.31394082711109006,2/19 (10.53%; 95% CI 2.94–31.39%),0.0,0.0,0.16817922405261626,0/19 (0.00%; 95% CI 0.00–16.82%),0.8947368421052632,0.6860591728889099,0.9706414397011299,17/19 (89.47%; 95% CI 68.61–97.06%),1.0,0.8318207759473837,1.0,19/19 (100.00%; 95% CI 83.18–100.00%)
crowdbot,internvl,appod,H10,10,3,1,0,16,2,19,19,0.0,0.0,0.16817922405261626,0/19 (0.00%; 95% CI 0.00–16.82%),0.10526315789473684,0.02935856029887013,0.31394082711109006,2/19 (10.53%; 95% CI 2.94–31.39%),0.05263157894736842,0.009351994062300362,0.24638731166898786,1/19 (5.26%; 95% CI 0.94–24.64%),0.8421052631578947,0.6243452472967093,0.9447952836146585,16/19 (84.21%; 95% CI 62.43–94.48%),1.0,0.8318207759473837,1.0,19/19 (100.00%; 95% CI 83.18–100.00%)
crowdbot,internvl,appod,H10,10,4,2,0,15,2,19,19,0.0,0.0,0.16817922405261626,0/19 (0.00%; 95% CI 0.00–16.82%),0.10526315789473684,0.02935856029887013,0.31394082711109006,2/19 (10.53%; 95% CI 2.94–31.39%),0.10526315789473684,0.02935856029887013,0.31394082711109006,2/19 (10.53%; 95% CI 2.94–31.39%),0.7894736842105263,0.5666572155618583,0.9149232336708375,15/19 (78.95%; 95% CI 56.67–91.49%),1.0,0.8318207759473837,1.0,19/19 (100.00%; 95% CI 83.18–100.00%)
crowdbot,internvl,appod,H10,10,5,2,0,15,2,19,19,0.0,0.0,0.16817922405261626,0/19 (0.00%; 95% CI 0.00–16.82%),0.10526315789473684,0.02935856029887013,0.31394082711109006,2/19 (10.53%; 95% CI 2.94–31.39%),0.10526315789473684,0.02935856029887013,0.31394082711109006,2/19 (10.53%; 95% CI 2.94–31.39%),0.7894736842105263,0.5666572155618583,0.9149232336708375,15/19 (78.95%; 95% CI 56.67–91.49%),1.0,0.8318207759473837,1.0,19/19 (100.00%; 95% CI 83.18–100.00%)
crowdbot,internvl,appod,H12,12,1,0,0,17,2,19,19,0.0,0.0,0.16817922405261626,0/19 (0.00%; 95% CI 0.00–16.82%),0.10526315789473684,0.02935856029887013,0.31394082711109006,2/19 (10.53%; 95% CI 2.94–31.39%),0.0,0.0,0.16817922405261626,0/19 (0.00%; 95% CI 0.00–16.82%),0.8947368421052632,0.6860591728889099,0.9706414397011299,17/19 (89.47%; 95% CI 68.61–97.06%),1.0,0.8318207759473837,1.0,19/19 (100.00%; 95% CI 83.18–100.00%)
crowdbot,internvl,appod,H12,12,2,0,0,17,2,19,19,0.0,0.0,0.16817922405261626,0/19 (0.00%; 95% CI 0.00–16.82%),0.10526315789473684,0.02935856029887013,0.31394082711109006,2/19 (10.53%; 95% CI 2.94–31.39%),0.0,0.0,0.16817922405261626,0/19 (0.00%; 95% CI 0.00–16.82%),0.8947368421052632,0.6860591728889099,0.9706414397011299,17/19 (89.47%; 95% CI 68.61–97.06%),1.0,0.8318207759473837,1.0,19/19 (100.00%; 95% CI 83.18–100.00%)
crowdbot,internvl,appod,H12,12,3,1,0,16,2,19,19,0.0,0.0,0.16817922405261626,0/19 (0.00%; 95% CI 0.00–16.82%),0.10526315789473684,0.02935856029887013,0.31394082711109006,2/19 (10.53%; 95% CI 2.94–31.39%),0.05263157894736842,0.009351994062300362,0.24638731166898786,1/19 (5.26%; 95% CI 0.94–24.64%),0.8421052631578947,0.6243452472967093,0.9447952836146585,16/19 (84.21%; 95% CI 62.43–94.48%),1.0,0.8318207759473837,1.0,19/19 (100.00%; 95% CI 83.18–100.00%)
crowdbot,internvl,appod,H12,12,4,2,0,15,2,19,19,0.0,0.0,0.16817922405261626,0/19 (0.00%; 95% CI 0.00–16.82%),0.10526315789473684,0.02935856029887013,0.31394082711109006,2/19 (10.53%; 95% CI 2.94–31.39%),0.10526315789473684,0.02935856029887013,0.31394082711109006,2/19 (10.53%; 95% CI 2.94–31.39%),0.7894736842105263,0.5666572155618583,0.9149232336708375,15/19 (78.95%; 95% CI 56.67–91.49%),1.0,0.8318207759473837,1.0,19/19 (100.00%; 95% CI 83.18–100.00%)
crowdbot,internvl,appod,H12,12,5,2,0,15,2,19,19,0.0,0.0,0.16817922405261626,0/19 (0.00%; 95% CI 0.00–16.82%),0.10526315789473684,0.02935856029887013,0.31394082711109006,2/19 (10.53%; 95% CI 2.94–31.39%),0.10526315789473684,0.02935856029887013,0.31394082711109006,2/19 (10.53%; 95% CI 2.94–31.39%),0.7894736842105263,0.5666572155618583,0.9149232336708375,15/19 (78.95%; 95% CI 56.67–91.49%),1.0,0.8318207759473837,1.0,19/19 (100.00%; 95% CI 83.18–100.00%)
crowdbot,internvl,appod,H14,14,1,0,0,17,2,19,19,0.0,0.0,0.16817922405261626,0/19 (0.00%; 95% CI 0.00–16.82%),0.10526315789473684,0.02935856029887013,0.31394082711109006,2/19 (10.53%; 95% CI 2.94–31.39%),0.0,0.0,0.16817922405261626,0/19 (0.00%; 95% CI 0.00–16.82%),0.8947368421052632,0.6860591728889099,0.9706414397011299,17/19 (89.47%; 95% CI 68.61–97.06%),1.0,0.8318207759473837,1.0,19/19 (100.00%; 95% CI 83.18–100.00%)
crowdbot,internvl,appod,H14,14,2,0,0,17,2,19,19,0.0,0.0,0.16817922405261626,0/19 (0.00%; 95% CI 0.00–16.82%),0.10526315789473684,0.02935856029887013,0.31394082711109006,2/19 (10.53%; 95% CI 2.94–31.39%),0.0,0.0,0.16817922405261626,0/19 (0.00%; 95% CI 0.00–16.82%),0.8947368421052632,0.6860591728889099,0.9706414397011299,17/19 (89.47%; 95% CI 68.61–97.06%),1.0,0.8318207759473837,1.0,19/19 (100.00%; 95% CI 83.18–100.00%)
crowdbot,internvl,appod,H14,14,3,1,0,16,2,19,19,0.0,0.0,0.16817922405261626,0/19 (0.00%; 95% CI 0.00–16.82%),0.10526315789473684,0.02935856029887013,0.31394082711109006,2/19 (10.53%; 95% CI 2.94–31.39%),0.05263157894736842,0.009351994062300362,0.24638731166898786,1/19 (5.26%; 95% CI 0.94–24.64%),0.8421052631578947,0.6243452472967093,0.9447952836146585,16/19 (84.21%; 95% CI 62.43–94.48%),1.0,0.8318207759473837,1.0,19/19 (100.00%; 95% CI 83.18–100.00%)
crowdbot,internvl,appod,H14,14,4,2,0,15,2,19,19,0.0,0.0,0.16817922405261626,0/19 (0.00%; 95% CI 0.00–16.82%),0.10526315789473684,0.02935856029887013,0.31394082711109006,2/19 (10.53%; 95% CI 2.94–31.39%),0.10526315789473684,0.02935856029887013,0.31394082711109006,2/19 (10.53%; 95% CI 2.94–31.39%),0.7894736842105263,0.5666572155618583,0.9149232336708375,15/19 (78.95%; 95% CI 56.67–91.49%),1.0,0.8318207759473837,1.0,19/19 (100.00%; 95% CI 83.18–100.00%)
crowdbot,internvl,appod,H14,14,5,2,0,15,2,19,19,0.0,0.0,0.16817922405261626,0/19 (0.00%; 95% CI 0.00–16.82%),0.10526315789473684,0.02935856029887013,0.31394082711109006,2/19 (10.53%; 95% CI 2.94–31.39%),0.10526315789473684,0.02935856029887013,0.31394082711109006,2/19 (10.53%; 95% CI 2.94–31.39%),0.7894736842105263,0.5666572155618583,0.9149232336708375,15/19 (78.95%; 95% CI 56.67–91.49%),1.0,0.8318207759473837,1.0,19/19 (100.00%; 95% CI 83.18–100.00%)
crowdbot,internvl,appod,H16,16,1,0,0,17,2,19,19,0.0,0.0,0.16817922405261626,0/19 (0.00%; 95% CI 0.00–16.82%),0.10526315789473684,0.02935856029887013,0.31394082711109006,2/19 (10.53%; 95% CI 2.94–31.39%),0.0,0.0,0.16817922405261626,0/19 (0.00%; 95% CI 0.00–16.82%),0.8947368421052632,0.6860591728889099,0.9706414397011299,17/19 (89.47%; 95% CI 68.61–97.06%),1.0,0.8318207759473837,1.0,19/19 (100.00%; 95% CI 83.18–100.00%)
crowdbot,internvl,appod,H16,16,2,0,0,17,2,19,19,0.0,0.0,0.16817922405261626,0/19 (0.00%; 95% CI 0.00–16.82%),0.10526315789473684,0.02935856029887013,0.31394082711109006,2/19 (10.53%; 95% CI 2.94–31.39%),0.0,0.0,0.16817922405261626,0/19 (0.00%; 95% CI 0.00–16.82%),0.8947368421052632,0.6860591728889099,0.9706414397011299,17/19 (89.47%; 95% CI 68.61–97.06%),1.0,0.8318207759473837,1.0,19/19 (100.00%; 95% CI 83.18–100.00%)
crowdbot,internvl,appod,H16,16,3,1,0,16,2,19,19,0.0,0.0,0.16817922405261626,0/19 (0.00%; 95% CI 0.00–16.82%),0.10526315789473684,0.02935856029887013,0.31394082711109006,2/19 (10.53%; 95% CI 2.94–31.39%),0.05263157894736842,0.009351994062300362,0.24638731166898786,1/19 (5.26%; 95% CI 0.94–24.64%),0.8421052631578947,0.6243452472967093,0.9447952836146585,16/19 (84.21%; 95% CI 62.43–94.48%),1.0,0.8318207759473837,1.0,19/19 (100.00%; 95% CI 83.18–100.00%)
crowdbot,internvl,appod,H16,16,4,2,0,15,2,19,19,0.0,0.0,0.16817922405261626,0/19 (0.00%; 95% CI 0.00–16.82%),0.10526315789473684,0.02935856029887013,0.31394082711109006,2/19 (10.53%; 95% CI 2.94–31.39%),0.10526315789473684,0.02935856029887013,0.31394082711109006,2/19 (10.53%; 95% CI 2.94–31.39%),0.7894736842105263,0.5666572155618583,0.9149232336708375,15/19 (78.95%; 95% CI 56.67–91.49%),1.0,0.8318207759473837,1.0,19/19 (100.00%; 95% CI 83.18–100.00%)
crowdbot,internvl,appod,H16,16,5,2,0,15,2,19,19,0.0,0.0,0.16817922405261626,0/19 (0.00%; 95% CI 0.00–16.82%),0.10526315789473684,0.02935856029887013,0.31394082711109006,2/19 (10.53%; 95% CI 2.94–31.39%),0.10526315789473684,0.02935856029887013,0.31394082711109006,2/19 (10.53%; 95% CI 2.94–31.39%),0.7894736842105263,0.5666572155618583,0.9149232336708375,15/19 (78.95%; 95% CI 56.67–91.49%),1.0,0.8318207759473837,1.0,19/19 (100.00%; 95% CI 83.18–100.00%)
crowdbot,internvl,appod,H18,18,1,0,0,17,2,19,19,0.0,0.0,0.16817922405261626,0/19 (0.00%; 95% CI 0.00–16.82%),0.10526315789473684,0.02935856029887013,0.31394082711109006,2/19 (10.53%; 95% CI 2.94–31.39%),0.0,0.0,0.16817922405261626,0/19 (0.00%; 95% CI 0.00–16.82%),0.8947368421052632,0.6860591728889099,0.9706414397011299,17/19 (89.47%; 95% CI 68.61–97.06%),1.0,0.8318207759473837,1.0,19/19 (100.00%; 95% CI 83.18–100.00%)
crowdbot,internvl,appod,H18,18,2,0,0,17,2,19,19,0.0,0.0,0.16817922405261626,0/19 (0.00%; 95% CI 0.00–16.82%),0.10526315789473684,0.02935856029887013,0.31394082711109006,2/19 (10.53%; 95% CI 2.94–31.39%),0.0,0.0,0.16817922405261626,0/19 (0.00%; 95% CI 0.00–16.82%),0.8947368421052632,0.6860591728889099,0.9706414397011299,17/19 (89.47%; 95% CI 68.61–97.06%),1.0,0.8318207759473837,1.0,19/19 (100.00%; 95% CI 83.18–100.00%)
crowdbot,internvl,appod,H18,18,3,2,0,15,2,19,19,0.0,0.0,0.16817922405261626,0/19 (0.00%; 95% CI 0.00–16.82%),0.10526315789473684,0.02935856029887013,0.31394082711109006,2/19 (10.53%; 95% CI 2.94–31.39%),0.10526315789473684,0.02935856029887013,0.31394082711109006,2/19 (10.53%; 95% CI 2.94–31.39%),0.7894736842105263,0.5666572155618583,0.9149232336708375,15/19 (78.95%; 95% CI 56.67–91.49%),1.0,0.8318207759473837,1.0,19/19 (100.00%; 95% CI 83.18–100.00%)
crowdbot,internvl,appod,H18,18,4,2,0,15,2,19,19,0.0,0.0,0.16817922405261626,0/19 (0.00%; 95% CI 0.00–16.82%),0.10526315789473684,0.02935856029887013,0.31394082711109006,2/19 (10.53%; 95% CI 2.94–31.39%),0.10526315789473684,0.02935856029887013,0.31394082711109006,2/19 (10.53%; 95% CI 2.94–31.39%),0.7894736842105263,0.5666572155618583,0.9149232336708375,15/19 (78.95%; 95% CI 56.67–91.49%),1.0,0.8318207759473837,1.0,19/19 (100.00%; 95% CI 83.18–100.00%)
crowdbot,internvl,appod,H18,18,5,2,0,15,2,19,19,0.0,0.0,0.16817922405261626,0/19 (0.00%; 95% CI 0.00–16.82%),0.10526315789473684,0.02935856029887013,0.31394082711109006,2/19 (10.53%; 95% CI 2.94–31.39%),0.10526315789473684,0.02935856029887013,0.31394082711109006,2/19 (10.53%; 95% CI 2.94–31.39%),0.7894736842105263,0.5666572155618583,0.9149232336708375,15/19 (78.95%; 95% CI 56.67–91.49%),1.0,0.8318207759473837,1.0,19/19 (100.00%; 95% CI 83.18–100.00%)
crowdbot,internvl,appod,H20,20,1,0,0,17,2,19,19,0.0,0.0,0.16817922405261626,0/19 (0.00%; 95% CI 0.00–16.82%),0.10526315789473684,0.02935856029887013,0.31394082711109006,2/19 (10.53%; 95% CI 2.94–31.39%),0.0,0.0,0.16817922405261626,0/19 (0.00%; 95% CI 0.00–16.82%),0.8947368421052632,0.6860591728889099,0.9706414397011299,17/19 (89.47%; 95% CI 68.61–97.06%),1.0,0.8318207759473837,1.0,19/19 (100.00%; 95% CI 83.18–100.00%)
crowdbot,internvl,appod,H20,20,2,0,0,17,2,19,19,0.0,0.0,0.16817922405261626,0/19 (0.00%; 95% CI 0.00–16.82%),0.10526315789473684,0.02935856029887013,0.31394082711109006,2/19 (10.53%; 95% CI 2.94–31.39%),0.0,0.0,0.16817922405261626,0/19 (0.00%; 95% CI 0.00–16.82%),0.8947368421052632,0.6860591728889099,0.9706414397011299,17/19 (89.47%; 95% CI 68.61–97.06%),1.0,0.8318207759473837,1.0,19/19 (100.00%; 95% CI 83.18–100.00%)
crowdbot,internvl,appod,H20,20,3,1,0,16,2,19,19,0.0,0.0,0.16817922405261626,0/19 (0.00%; 95% CI 0.00–16.82%),0.10526315789473684,0.02935856029887013,0.31394082711109006,2/19 (10.53%; 95% CI 2.94–31.39%),0.05263157894736842,0.009351994062300362,0.24638731166898786,1/19 (5.26%; 95% CI 0.94–24.64%),0.8421052631578947,0.6243452472967093,0.9447952836146585,16/19 (84.21%; 95% CI 62.43–94.48%),1.0,0.8318207759473837,1.0,19/19 (100.00%; 95% CI 83.18–100.00%)
crowdbot,internvl,appod,H20,20,4,2,0,15,2,19,19,0.0,0.0,0.16817922405261626,0/19 (0.00%; 95% CI 0.00–16.82%),0.10526315789473684,0.02935856029887013,0.31394082711109006,2/19 (10.53%; 95% CI 2.94–31.39%),0.10526315789473684,0.02935856029887013,0.31394082711109006,2/19 (10.53%; 95% CI 2.94–31.39%),0.7894736842105263,0.5666572155618583,0.9149232336708375,15/19 (78.95%; 95% CI 56.67–91.49%),1.0,0.8318207759473837,1.0,19/19 (100.00%; 95% CI 83.18–100.00%)
crowdbot,internvl,appod,H20,20,5,2,0,15,2,19,19,0.0,0.0,0.16817922405261626,0/19 (0.00%; 95% CI 0.00–16.82%),0.10526315789473684,0.02935856029887013,0.31394082711109006,2/19 (10.53%; 95% CI 2.94–31.39%),0.10526315789473684,0.02935856029887013,0.31394082711109006,2/19 (10.53%; 95% CI 2.94–31.39%),0.7894736842105263,0.5666572155618583,0.9149232336708375,15/19 (78.95%; 95% CI 56.67–91.49%),1.0,0.8318207759473837,1.0,19/19 (100.00%; 95% CI 83.18–100.00%)
crowdbot,internvl,appod,H22,22,1,0,1,17,1,19,18,0.05263157894736842,0.009351994062300362,0.24638731166898786,1/19 (5.26%; 95% CI 0.94–24.64%),0.05263157894736842,0.009351994062300362,0.24638731166898786,1/19 (5.26%; 95% CI 0.94–24.64%),0.0,0.0,0.16817922405261626,0/19 (0.00%; 95% CI 0.00–16.82%),0.8947368421052632,0.6860591728889099,0.9706414397011299,17/19 (89.47%; 95% CI 68.61–97.06%),0.9473684210526315,0.753612688331012,0.9906480059376995,18/19 (94.74%; 95% CI 75.36–99.06%)
crowdbot,internvl,appod,H22,22,2,0,1,17,1,19,18,0.05263157894736842,0.009351994062300362,0.24638731166898786,1/19 (5.26%; 95% CI 0.94–24.64%),0.05263157894736842,0.009351994062300362,0.24638731166898786,1/19 (5.26%; 95% CI 0.94–24.64%),0.0,0.0,0.16817922405261626,0/19 (0.00%; 95% CI 0.00–16.82%),0.8947368421052632,0.6860591728889099,0.9706414397011299,17/19 (89.47%; 95% CI 68.61–97.06%),0.9473684210526315,0.753612688331012,0.9906480059376995,18/19 (94.74%; 95% CI 75.36–99.06%)
crowdbot,internvl,appod,H22,22,3,2,1,15,1,19,18,0.05263157894736842,0.009351994062300362,0.24638731166898786,1/19 (5.26%; 95% CI 0.94–24.64%),0.05263157894736842,0.009351994062300362,0.24638731166898786,1/19 (5.26%; 95% CI 0.94–24.64%),0.10526315789473684,0.02935856029887013,0.31394082711109006,2/19 (10.53%; 95% CI 2.94–31.39%),0.7894736842105263,0.5666572155618583,0.9149232336708375,15/19 (78.95%; 95% CI 56.67–91.49%),0.9473684210526315,0.753612688331012,0.9906480059376995,18/19 (94.74%; 95% CI 75.36–99.06%)
crowdbot,internvl,appod,H22,22,4,2,1,15,1,19,18,0.05263157894736842,0.009351994062300362,0.24638731166898786,1/19 (5.26%; 95% CI 0.94–24.64%),0.05263157894736842,0.009351994062300362,0.24638731166898786,1/19 (5.26%; 95% CI 0.94–24.64%),0.10526315789473684,0.02935856029887013,0.31394082711109006,2/19 (10.53%; 95% CI 2.94–31.39%),0.7894736842105263,0.5666572155618583,0.9149232336708375,15/19 (78.95%; 95% CI 56.67–91.49%),0.9473684210526315,0.753612688331012,0.9906480059376995,18/19 (94.74%; 95% CI 75.36–99.06%)
crowdbot,internvl,appod,H22,22,5,2,1,15,1,19,18,0.05263157894736842,0.009351994062300362,0.24638731166898786,1/19 (5.26%; 95% CI 0.94–24.64%),0.05263157894736842,0.009351994062300362,0.24638731166898786,1/19 (5.26%; 95% CI 0.94–24.64%),0.10526315789473684,0.02935856029887013,0.31394082711109006,2/19 (10.53%; 95% CI 2.94–31.39%),0.7894736842105263,0.5666572155618583,0.9149232336708375,15/19 (78.95%; 95% CI 56.67–91.49%),0.9473684210526315,0.753612688331012,0.9906480059376995,18/19 (94.74%; 95% CI 75.36–99.06%)
crowdbot,internvl,appod,H24,24,1,0,0,17,2,19,19,0.0,0.0,0.16817922405261626,0/19 (0.00%; 95% CI 0.00–16.82%),0.10526315789473684,0.02935856029887013,0.31394082711109006,2/19 (10.53%; 95% CI 2.94–31.39%),0.0,0.0,0.16817922405261626,0/19 (0.00%; 95% CI 0.00–16.82%),0.8947368421052632,0.6860591728889099,0.9706414397011299,17/19 (89.47%; 95% CI 68.61–97.06%),1.0,0.8318207759473837,1.0,19/19 (100.00%; 95% CI 83.18–100.00%)
crowdbot,internvl,appod,H24,24,2,0,0,17,2,19,19,0.0,0.0,0.16817922405261626,0/19 (0.00%; 95% CI 0.00–16.82%),0.10526315789473684,0.02935856029887013,0.31394082711109006,2/19 (10.53%; 95% CI 2.94–31.39%),0.0,0.0,0.16817922405261626,0/19 (0.00%; 95% CI 0.00–16.82%),0.8947368421052632,0.6860591728889099,0.9706414397011299,17/19 (89.47%; 95% CI 68.61–97.06%),1.0,0.8318207759473837,1.0,19/19 (100.00%; 95% CI 83.18–100.00%)
crowdbot,internvl,appod,H24,24,3,1,0,16,2,19,19,0.0,0.0,0.16817922405261626,0/19 (0.00%; 95% CI 0.00–16.82%),0.10526315789473684,0.02935856029887013,0.31394082711109006,2/19 (10.53%; 95% CI 2.94–31.39%),0.05263157894736842,0.009351994062300362,0.24638731166898786,1/19 (5.26%; 95% CI 0.94–24.64%),0.8421052631578947,0.6243452472967093,0.9447952836146585,16/19 (84.21%; 95% CI 62.43–94.48%),1.0,0.8318207759473837,1.0,19/19 (100.00%; 95% CI 83.18–100.00%)
crowdbot,internvl,appod,H24,24,4,2,0,15,2,19,19,0.0,0.0,0.16817922405261626,0/19 (0.00%; 95% CI 0.00–16.82%),0.10526315789473684,0.02935856029887013,0.31394082711109006,2/19 (10.53%; 95% CI 2.94–31.39%),0.10526315789473684,0.02935856029887013,0.31394082711109006,2/19 (10.53%; 95% CI 2.94–31.39%),0.7894736842105263,0.5666572155618583,0.9149232336708375,15/19 (78.95%; 95% CI 56.67–91.49%),1.0,0.8318207759473837,1.0,19/19 (100.00%; 95% CI 83.18–100.00%)
crowdbot,internvl,appod,H24,24,5,2,0,15,2,19,19,0.0,0.0,0.16817922405261626,0/19 (0.00%; 95% CI 0.00–16.82%),0.10526315789473684,0.02935856029887013,0.31394082711109006,2/19 (10.53%; 95% CI 2.94–31.39%),0.10526315789473684,0.02935856029887013,0.31394082711109006,2/19 (10.53%; 95% CI 2.94–31.39%),0.7894736842105263,0.5666572155618583,0.9149232336708375,15/19 (78.95%; 95% CI 56.67–91.49%),1.0,0.8318207759473837,1.0,19/19 (100.00%; 95% CI 83.18–100.00%)
crowdbot,internvl,appod,H26,26,1,0,0,17,2,19,19,0.0,0.0,0.16817922405261626,0/19 (0.00%; 95% CI 0.00–16.82%),0.10526315789473684,0.02935856029887013,0.31394082711109006,2/19 (10.53%; 95% CI 2.94–31.39%),0.0,0.0,0.16817922405261626,0/19 (0.00%; 95% CI 0.00–16.82%),0.8947368421052632,0.6860591728889099,0.9706414397011299,17/19 (89.47%; 95% CI 68.61–97.06%),1.0,0.8318207759473837,1.0,19/19 (100.00%; 95% CI 83.18–100.00%)
crowdbot,internvl,appod,H26,26,2,0,0,17,2,19,19,0.0,0.0,0.16817922405261626,0/19 (0.00%; 95% CI 0.00–16.82%),0.10526315789473684,0.02935856029887013,0.31394082711109006,2/19 (10.53%; 95% CI 2.94–31.39%),0.0,0.0,0.16817922405261626,0/19 (0.00%; 95% CI 0.00–16.82%),0.8947368421052632,0.6860591728889099,0.9706414397011299,17/19 (89.47%; 95% CI 68.61–97.06%),1.0,0.8318207759473837,1.0,19/19 (100.00%; 95% CI 83.18–100.00%)
crowdbot,internvl,appod,H26,26,3,1,0,16,2,19,19,0.0,0.0,0.16817922405261626,0/19 (0.00%; 95% CI 0.00–16.82%),0.10526315789473684,0.02935856029887013,0.31394082711109006,2/19 (10.53%; 95% CI 2.94–31.39%),0.05263157894736842,0.009351994062300362,0.24638731166898786,1/19 (5.26%; 95% CI 0.94–24.64%),0.8421052631578947,0.6243452472967093,0.9447952836146585,16/19 (84.21%; 95% CI 62.43–94.48%),1.0,0.8318207759473837,1.0,19/19 (100.00%; 95% CI 83.18–100.00%)
crowdbot,internvl,appod,H26,26,4,2,0,15,2,19,19,0.0,0.0,0.16817922405261626,0/19 (0.00%; 95% CI 0.00–16.82%),0.10526315789473684,0.02935856029887013,0.31394082711109006,2/19 (10.53%; 95% CI 2.94–31.39%),0.10526315789473684,0.02935856029887013,0.31394082711109006,2/19 (10.53%; 95% CI 2.94–31.39%),0.7894736842105263,0.5666572155618583,0.9149232336708375,15/19 (78.95%; 95% CI 56.67–91.49%),1.0,0.8318207759473837,1.0,19/19 (100.00%; 95% CI 83.18–100.00%)
crowdbot,internvl,appod,H26,26,5,2,0,15,2,19,19,0.0,0.0,0.16817922405261626,0/19 (0.00%; 95% CI 0.00–16.82%),0.10526315789473684,0.02935856029887013,0.31394082711109006,2/19 (10.53%; 95% CI 2.94–31.39%),0.10526315789473684,0.02935856029887013,0.31394082711109006,2/19 (10.53%; 95% CI 2.94–31.39%),0.7894736842105263,0.5666572155618583,0.9149232336708375,15/19 (78.95%; 95% CI 56.67–91.49%),1.0,0.8318207759473837,1.0,19/19 (100.00%; 95% CI 83.18–100.00%)
crowdbot,internvl,appod,H28,28,1,0,0,17,2,19,19,0.0,0.0,0.16817922405261626,0/19 (0.00%; 95% CI 0.00–16.82%),0.10526315789473684,0.02935856029887013,0.31394082711109006,2/19 (10.53%; 95% CI 2.94–31.39%),0.0,0.0,0.16817922405261626,0/19 (0.00%; 95% CI 0.00–16.82%),0.8947368421052632,0.6860591728889099,0.9706414397011299,17/19 (89.47%; 95% CI 68.61–97.06%),1.0,0.8318207759473837,1.0,19/19 (100.00%; 95% CI 83.18–100.00%)
crowdbot,internvl,appod,H28,28,2,0,0,17,2,19,19,0.0,0.0,0.16817922405261626,0/19 (0.00%; 95% CI 0.00–16.82%),0.10526315789473684,0.02935856029887013,0.31394082711109006,2/19 (10.53%; 95% CI 2.94–31.39%),0.0,0.0,0.16817922405261626,0/19 (0.00%; 95% CI 0.00–16.82%),0.8947368421052632,0.6860591728889099,0.9706414397011299,17/19 (89.47%; 95% CI 68.61–97.06%),1.0,0.8318207759473837,1.0,19/19 (100.00%; 95% CI 83.18–100.00%)
crowdbot,internvl,appod,H28,28,3,1,0,16,2,19,19,0.0,0.0,0.16817922405261626,0/19 (0.00%; 95% CI 0.00–16.82%),0.10526315789473684,0.02935856029887013,0.31394082711109006,2/19 (10.53%; 95% CI 2.94–31.39%),0.05263157894736842,0.009351994062300362,0.24638731166898786,1/19 (5.26%; 95% CI 0.94–24.64%),0.8421052631578947,0.6243452472967093,0.9447952836146585,16/19 (84.21%; 95% CI 62.43–94.48%),1.0,0.8318207759473837,1.0,19/19 (100.00%; 95% CI 83.18–100.00%)
crowdbot,internvl,appod,H28,28,4,2,0,15,2,19,19,0.0,0.0,0.16817922405261626,0/19 (0.00%; 95% CI 0.00–16.82%),0.10526315789473684,0.02935856029887013,0.31394082711109006,2/19 (10.53%; 95% CI 2.94–31.39%),0.10526315789473684,0.02935856029887013,0.31394082711109006,2/19 (10.53%; 95% CI 2.94–31.39%),0.7894736842105263,0.5666572155618583,0.9149232336708375,15/19 (78.95%; 95% CI 56.67–91.49%),1.0,0.8318207759473837,1.0,19/19 (100.00%; 95% CI 83.18–100.00%)
crowdbot,internvl,appod,H28,28,5,2,0,15,2,19,19,0.0,0.0,0.16817922405261626,0/19 (0.00%; 95% CI 0.00–16.82%),0.10526315789473684,0.02935856029887013,0.31394082711109006,2/19 (10.53%; 95% CI 2.94–31.39%),0.10526315789473684,0.02935856029887013,0.31394082711109006,2/19 (10.53%; 95% CI 2.94–31.39%),0.7894736842105263,0.5666572155618583,0.9149232336708375,15/19 (78.95%; 95% CI 56.67–91.49%),1.0,0.8318207759473837,1.0,19/19 (100.00%; 95% CI 83.18–100.00%)
crowdbot,internvl,appod,H30,30,1,0,0,17,2,19,19,0.0,0.0,0.16817922405261626,0/19 (0.00%; 95% CI 0.00–16.82%),0.10526315789473684,0.02935856029887013,0.31394082711109006,2/19 (10.53%; 95% CI 2.94–31.39%),0.0,0.0,0.16817922405261626,0/19 (0.00%; 95% CI 0.00–16.82%),0.8947368421052632,0.6860591728889099,0.9706414397011299,17/19 (89.47%; 95% CI 68.61–97.06%),1.0,0.8318207759473837,1.0,19/19 (100.00%; 95% CI 83.18–100.00%)
crowdbot,internvl,appod,H30,30,2,0,0,17,2,19,19,0.0,0.0,0.16817922405261626,0/19 (0.00%; 95% CI 0.00–16.82%),0.10526315789473684,0.02935856029887013,0.31394082711109006,2/19 (10.53%; 95% CI 2.94–31.39%),0.0,0.0,0.16817922405261626,0/19 (0.00%; 95% CI 0.00–16.82%),0.8947368421052632,0.6860591728889099,0.9706414397011299,17/19 (89.47%; 95% CI 68.61–97.06%),1.0,0.8318207759473837,1.0,19/19 (100.00%; 95% CI 83.18–100.00%)
crowdbot,internvl,appod,H30,30,3,1,0,16,2,19,19,0.0,0.0,0.16817922405261626,0/19 (0.00%; 95% CI 0.00–16.82%),0.10526315789473684,0.02935856029887013,0.31394082711109006,2/19 (10.53%; 95% CI 2.94–31.39%),0.05263157894736842,0.009351994062300362,0.24638731166898786,1/19 (5.26%; 95% CI 0.94–24.64%),0.8421052631578947,0.6243452472967093,0.9447952836146585,16/19 (84.21%; 95% CI 62.43–94.48%),1.0,0.8318207759473837,1.0,19/19 (100.00%; 95% CI 83.18–100.00%)
crowdbot,internvl,appod,H30,30,4,2,0,15,2,19,19,0.0,0.0,0.16817922405261626,0/19 (0.00%; 95% CI 0.00–16.82%),0.10526315789473684,0.02935856029887013,0.31394082711109006,2/19 (10.53%; 95% CI 2.94–31.39%),0.10526315789473684,0.02935856029887013,0.31394082711109006,2/19 (10.53%; 95% CI 2.94–31.39%),0.7894736842105263,0.5666572155618583,0.9149232336708375,15/19 (78.95%; 95% CI 56.67–91.49%),1.0,0.8318207759473837,1.0,19/19 (100.00%; 95% CI 83.18–100.00%)
crowdbot,internvl,appod,H30,30,5,2,0,15,2,19,19,0.0,0.0,0.16817922405261626,0/19 (0.00%; 95% CI 0.00–16.82%),0.10526315789473684,0.02935856029887013,0.31394082711109006,2/19 (10.53%; 95% CI 2.94–31.39%),0.10526315789473684,0.02935856029887013,0.31394082711109006,2/19 (10.53%; 95% CI 2.94–31.39%),0.7894736842105263,0.5666572155618583,0.9149232336708375,15/19 (78.95%; 95% CI 56.67–91.49%),1.0,0.8318207759473837,1.0,19/19 (100.00%; 95% CI 83.18–100.00%)
crowdbot,internvl,appod,H32,32,1,0,0,17,2,19,19,0.0,0.0,0.16817922405261626,0/19 (0.00%; 95% CI 0.00–16.82%),0.10526315789473684,0.02935856029887013,0.31394082711109006,2/19 (10.53%; 95% CI 2.94–31.39%),0.0,0.0,0.16817922405261626,0/19 (0.00%; 95% CI 0.00–16.82%),0.8947368421052632,0.6860591728889099,0.9706414397011299,17/19 (89.47%; 95% CI 68.61–97.06%),1.0,0.8318207759473837,1.0,19/19 (100.00%; 95% CI 83.18–100.00%)
crowdbot,internvl,appod,H32,32,2,0,0,17,2,19,19,0.0,0.0,0.16817922405261626,0/19 (0.00%; 95% CI 0.00–16.82%),0.10526315789473684,0.02935856029887013,0.31394082711109006,2/19 (10.53%; 95% CI 2.94–31.39%),0.0,0.0,0.16817922405261626,0/19 (0.00%; 95% CI 0.00–16.82%),0.8947368421052632,0.6860591728889099,0.9706414397011299,17/19 (89.47%; 95% CI 68.61–97.06%),1.0,0.8318207759473837,1.0,19/19 (100.00%; 95% CI 83.18–100.00%)
crowdbot,internvl,appod,H32,32,3,1,0,16,2,19,19,0.0,0.0,0.16817922405261626,0/19 (0.00%; 95% CI 0.00–16.82%),0.10526315789473684,0.02935856029887013,0.31394082711109006,2/19 (10.53%; 95% CI 2.94–31.39%),0.05263157894736842,0.009351994062300362,0.24638731166898786,1/19 (5.26%; 95% CI 0.94–24.64%),0.8421052631578947,0.6243452472967093,0.9447952836146585,16/19 (84.21%; 95% CI 62.43–94.48%),1.0,0.8318207759473837,1.0,19/19 (100.00%; 95% CI 83.18–100.00%)
crowdbot,internvl,appod,H32,32,4,2,0,15,2,19,19,0.0,0.0,0.16817922405261626,0/19 (0.00%; 95% CI 0.00–16.82%),0.10526315789473684,0.02935856029887013,0.31394082711109006,2/19 (10.53%; 95% CI 2.94–31.39%),0.10526315789473684,0.02935856029887013,0.31394082711109006,2/19 (10.53%; 95% CI 2.94–31.39%),0.7894736842105263,0.5666572155618583,0.9149232336708375,15/19 (78.95%; 95% CI 56.67–91.49%),1.0,0.8318207759473837,1.0,19/19 (100.00%; 95% CI 83.18–100.00%)
crowdbot,internvl,appod,H32,32,5,2,0,15,2,19,19,0.0,0.0,0.16817922405261626,0/19 (0.00%; 95% CI 0.00–16.82%),0.10526315789473684,0.02935856029887013,0.31394082711109006,2/19 (10.53%; 95% CI 2.94–31.39%),0.10526315789473684,0.02935856029887013,0.31394082711109006,2/19 (10.53%; 95% CI 2.94–31.39%),0.7894736842105263,0.5666572155618583,0.9149232336708375,15/19 (78.95%; 95% CI 56.67–91.49%),1.0,0.8318207759473837,1.0,19/19 (100.00%; 95% CI 83.18–100.00%)
crowdbot,llava,appfr,H02,2,1,0,0,17,2,19,19,0.0,0.0,0.16817922405261626,0/19 (0.00%; 95% CI 0.00–16.82%),0.10526315789473684,0.02935856029887013,0.31394082711109006,2/19 (10.53%; 95% CI 2.94–31.39%),0.0,0.0,0.16817922405261626,0/19 (0.00%; 95% CI 0.00–16.82%),0.8947368421052632,0.6860591728889099,0.9706414397011299,17/19 (89.47%; 95% CI 68.61–97.06%),1.0,0.8318207759473837,1.0,19/19 (100.00%; 95% CI 83.18–100.00%)
crowdbot,llava,appfr,H02,2,2,0,0,17,2,19,19,0.0,0.0,0.16817922405261626,0/19 (0.00%; 95% CI 0.00–16.82%),0.10526315789473684,0.02935856029887013,0.31394082711109006,2/19 (10.53%; 95% CI 2.94–31.39%),0.0,0.0,0.16817922405261626,0/19 (0.00%; 95% CI 0.00–16.82%),0.8947368421052632,0.6860591728889099,0.9706414397011299,17/19 (89.47%; 95% CI 68.61–97.06%),1.0,0.8318207759473837,1.0,19/19 (100.00%; 95% CI 83.18–100.00%)
crowdbot,llava,appfr,H02,2,3,1,0,16,2,19,19,0.0,0.0,0.16817922405261626,0/19 (0.00%; 95% CI 0.00–16.82%),0.10526315789473684,0.02935856029887013,0.31394082711109006,2/19 (10.53%; 95% CI 2.94–31.39%),0.05263157894736842,0.009351994062300362,0.24638731166898786,1/19 (5.26%; 95% CI 0.94–24.64%),0.8421052631578947,0.6243452472967093,0.9447952836146585,16/19 (84.21%; 95% CI 62.43–94.48%),1.0,0.8318207759473837,1.0,19/19 (100.00%; 95% CI 83.18–100.00%)
crowdbot,llava,appfr,H02,2,4,2,0,15,2,19,19,0.0,0.0,0.16817922405261626,0/19 (0.00%; 95% CI 0.00–16.82%),0.10526315789473684,0.02935856029887013,0.31394082711109006,2/19 (10.53%; 95% CI 2.94–31.39%),0.10526315789473684,0.02935856029887013,0.31394082711109006,2/19 (10.53%; 95% CI 2.94–31.39%),0.7894736842105263,0.5666572155618583,0.9149232336708375,15/19 (78.95%; 95% CI 56.67–91.49%),1.0,0.8318207759473837,1.0,19/19 (100.00%; 95% CI 83.18–100.00%)
crowdbot,llava,appfr,H02,2,5,2,0,15,2,19,19,0.0,0.0,0.16817922405261626,0/19 (0.00%; 95% CI 0.00–16.82%),0.10526315789473684,0.02935856029887013,0.31394082711109006,2/19 (10.53%; 95% CI 2.94–31.39%),0.10526315789473684,0.02935856029887013,0.31394082711109006,2/19 (10.53%; 95% CI 2.94–31.39%),0.7894736842105263,0.5666572155618583,0.9149232336708375,15/19 (78.95%; 95% CI 56.67–91.49%),1.0,0.8318207759473837,1.0,19/19 (100.00%; 95% CI 83.18–100.00%)
crowdbot,llava,appfr,H04,4,1,0,2,16,1,19,17,0.10526315789473684,0.02935856029887013,0.31394082711109006,2/19 (10.53%; 95% CI 2.94–31.39%),0.05263157894736842,0.009351994062300362,0.24638731166898786,1/19 (5.26%; 95% CI 0.94–24.64%),0.0,0.0,0.16817922405261626,0/19 (0.00%; 95% CI 0.00–16.82%),0.8421052631578947,0.6243452472967093,0.9447952836146585,16/19 (84.21%; 95% CI 62.43–94.48%),0.8947368421052632,0.6860591728889099,0.9706414397011299,17/19 (89.47%; 95% CI 68.61–97.06%)
crowdbot,llava,appfr,H04,4,2,0,2,16,1,19,17,0.10526315789473684,0.02935856029887013,0.31394082711109006,2/19 (10.53%; 95% CI 2.94–31.39%),0.05263157894736842,0.009351994062300362,0.24638731166898786,1/19 (5.26%; 95% CI 0.94–24.64%),0.0,0.0,0.16817922405261626,0/19 (0.00%; 95% CI 0.00–16.82%),0.8421052631578947,0.6243452472967093,0.9447952836146585,16/19 (84.21%; 95% CI 62.43–94.48%),0.8947368421052632,0.6860591728889099,0.9706414397011299,17/19 (89.47%; 95% CI 68.61–97.06%)
crowdbot,llava,appfr,H04,4,3,0,2,16,1,19,17,0.10526315789473684,0.02935856029887013,0.31394082711109006,2/19 (10.53%; 95% CI 2.94–31.39%),0.05263157894736842,0.009351994062300362,0.24638731166898786,1/19 (5.26%; 95% CI 0.94–24.64%),0.0,0.0,0.16817922405261626,0/19 (0.00%; 95% CI 0.00–16.82%),0.8421052631578947,0.6243452472967093,0.9447952836146585,16/19 (84.21%; 95% CI 62.43–94.48%),0.8947368421052632,0.6860591728889099,0.9706414397011299,17/19 (89.47%; 95% CI 68.61–97.06%)
crowdbot,llava,appfr,H04,4,4,1,2,15,1,19,17,0.10526315789473684,0.02935856029887013,0.31394082711109006,2/19 (10.53%; 95% CI 2.94–31.39%),0.05263157894736842,0.009351994062300362,0.24638731166898786,1/19 (5.26%; 95% CI 0.94–24.64%),0.05263157894736842,0.009351994062300362,0.24638731166898786,1/19 (5.26%; 95% CI 0.94–24.64%),0.7894736842105263,0.5666572155618583,0.9149232336708375,15/19 (78.95%; 95% CI 56.67–91.49%),0.8947368421052632,0.6860591728889099,0.9706414397011299,17/19 (89.47%; 95% CI 68.61–97.06%)
crowdbot,llava,appfr,H04,4,5,1,2,15,1,19,17,0.10526315789473684,0.02935856029887013,0.31394082711109006,2/19 (10.53%; 95% CI 2.94–31.39%),0.05263157894736842,0.009351994062300362,0.24638731166898786,1/19 (5.26%; 95% CI 0.94–24.64%),0.05263157894736842,0.009351994062300362,0.24638731166898786,1/19 (5.26%; 95% CI 0.94–24.64%),0.7894736842105263,0.5666572155618583,0.9149232336708375,15/19 (78.95%; 95% CI 56.67–91.49%),0.8947368421052632,0.6860591728889099,0.9706414397011299,17/19 (89.47%; 95% CI 68.61–97.06%)
crowdbot,llava,appfr,H06,6,1,0,2,16,1,19,17,0.10526315789473684,0.02935856029887013,0.31394082711109006,2/19 (10.53%; 95% CI 2.94–31.39%),0.05263157894736842,0.009351994062300362,0.24638731166898786,1/19 (5.26%; 95% CI 0.94–24.64%),0.0,0.0,0.16817922405261626,0/19 (0.00%; 95% CI 0.00–16.82%),0.8421052631578947,0.6243452472967093,0.9447952836146585,16/19 (84.21%; 95% CI 62.43–94.48%),0.8947368421052632,0.6860591728889099,0.9706414397011299,17/19 (89.47%; 95% CI 68.61–97.06%)
crowdbot,llava,appfr,H06,6,2,0,2,16,1,19,17,0.10526315789473684,0.02935856029887013,0.31394082711109006,2/19 (10.53%; 95% CI 2.94–31.39%),0.05263157894736842,0.009351994062300362,0.24638731166898786,1/19 (5.26%; 95% CI 0.94–24.64%),0.0,0.0,0.16817922405261626,0/19 (0.00%; 95% CI 0.00–16.82%),0.8421052631578947,0.6243452472967093,0.9447952836146585,16/19 (84.21%; 95% CI 62.43–94.48%),0.8947368421052632,0.6860591728889099,0.9706414397011299,17/19 (89.47%; 95% CI 68.61–97.06%)
crowdbot,llava,appfr,H06,6,3,1,2,15,1,19,17,0.10526315789473684,0.02935856029887013,0.31394082711109006,2/19 (10.53%; 95% CI 2.94–31.39%),0.05263157894736842,0.009351994062300362,0.24638731166898786,1/19 (5.26%; 95% CI 0.94–24.64%),0.05263157894736842,0.009351994062300362,0.24638731166898786,1/19 (5.26%; 95% CI 0.94–24.64%),0.7894736842105263,0.5666572155618583,0.9149232336708375,15/19 (78.95%; 95% CI 56.67–91.49%),0.8947368421052632,0.6860591728889099,0.9706414397011299,17/19 (89.47%; 95% CI 68.61–97.06%)
crowdbot,llava,appfr,H06,6,4,1,2,15,1,19,17,0.10526315789473684,0.02935856029887013,0.31394082711109006,2/19 (10.53%; 95% CI 2.94–31.39%),0.05263157894736842,0.009351994062300362,0.24638731166898786,1/19 (5.26%; 95% CI 0.94–24.64%),0.05263157894736842,0.009351994062300362,0.24638731166898786,1/19 (5.26%; 95% CI 0.94–24.64%),0.7894736842105263,0.5666572155618583,0.9149232336708375,15/19 (78.95%; 95% CI 56.67–91.49%),0.8947368421052632,0.6860591728889099,0.9706414397011299,17/19 (89.47%; 95% CI 68.61–97.06%)
crowdbot,llava,appfr,H06,6,5,1,2,15,1,19,17,0.10526315789473684,0.02935856029887013,0.31394082711109006,2/19 (10.53%; 95% CI 2.94–31.39%),0.05263157894736842,0.009351994062300362,0.24638731166898786,1/19 (5.26%; 95% CI 0.94–24.64%),0.05263157894736842,0.009351994062300362,0.24638731166898786,1/19 (5.26%; 95% CI 0.94–24.64%),0.7894736842105263,0.5666572155618583,0.9149232336708375,15/19 (78.95%; 95% CI 56.67–91.49%),0.8947368421052632,0.6860591728889099,0.9706414397011299,17/19 (89.47%; 95% CI 68.61–97.06%)
crowdbot,llava,appfr,H08,8,1,0,2,16,1,19,17,0.10526315789473684,0.02935856029887013,0.31394082711109006,2/19 (10.53%; 95% CI 2.94–31.39%),0.05263157894736842,0.009351994062300362,0.24638731166898786,1/19 (5.26%; 95% CI 0.94–24.64%),0.0,0.0,0.16817922405261626,0/19 (0.00%; 95% CI 0.00–16.82%),0.8421052631578947,0.6243452472967093,0.9447952836146585,16/19 (84.21%; 95% CI 62.43–94.48%),0.8947368421052632,0.6860591728889099,0.9706414397011299,17/19 (89.47%; 95% CI 68.61–97.06%)
crowdbot,llava,appfr,H08,8,2,0,2,16,1,19,17,0.10526315789473684,0.02935856029887013,0.31394082711109006,2/19 (10.53%; 95% CI 2.94–31.39%),0.05263157894736842,0.009351994062300362,0.24638731166898786,1/19 (5.26%; 95% CI 0.94–24.64%),0.0,0.0,0.16817922405261626,0/19 (0.00%; 95% CI 0.00–16.82%),0.8421052631578947,0.6243452472967093,0.9447952836146585,16/19 (84.21%; 95% CI 62.43–94.48%),0.8947368421052632,0.6860591728889099,0.9706414397011299,17/19 (89.47%; 95% CI 68.61–97.06%)
crowdbot,llava,appfr,H08,8,3,1,2,15,1,19,17,0.10526315789473684,0.02935856029887013,0.31394082711109006,2/19 (10.53%; 95% CI 2.94–31.39%),0.05263157894736842,0.009351994062300362,0.24638731166898786,1/19 (5.26%; 95% CI 0.94–24.64%),0.05263157894736842,0.009351994062300362,0.24638731166898786,1/19 (5.26%; 95% CI 0.94–24.64%),0.7894736842105263,0.5666572155618583,0.9149232336708375,15/19 (78.95%; 95% CI 56.67–91.49%),0.8947368421052632,0.6860591728889099,0.9706414397011299,17/19 (89.47%; 95% CI 68.61–97.06%)
crowdbot,llava,appfr,H08,8,4,1,2,15,1,19,17,0.10526315789473684,0.02935856029887013,0.31394082711109006,2/19 (10.53%; 95% CI 2.94–31.39%),0.05263157894736842,0.009351994062300362,0.24638731166898786,1/19 (5.26%; 95% CI 0.94–24.64%),0.05263157894736842,0.009351994062300362,0.24638731166898786,1/19 (5.26%; 95% CI 0.94–24.64%),0.7894736842105263,0.5666572155618583,0.9149232336708375,15/19 (78.95%; 95% CI 56.67–91.49%),0.8947368421052632,0.6860591728889099,0.9706414397011299,17/19 (89.47%; 95% CI 68.61–97.06%)
crowdbot,llava,appfr,H08,8,5,1,2,15,1,19,17,0.10526315789473684,0.02935856029887013,0.31394082711109006,2/19 (10.53%; 95% CI 2.94–31.39%),0.05263157894736842,0.009351994062300362,0.24638731166898786,1/19 (5.26%; 95% CI 0.94–24.64%),0.05263157894736842,0.009351994062300362,0.24638731166898786,1/19 (5.26%; 95% CI 0.94–24.64%),0.7894736842105263,0.5666572155618583,0.9149232336708375,15/19 (78.95%; 95% CI 56.67–91.49%),0.8947368421052632,0.6860591728889099,0.9706414397011299,17/19 (89.47%; 95% CI 68.61–97.06%)
crowdbot,llava,appfr,H10,10,1,0,2,16,1,19,17,0.10526315789473684,0.02935856029887013,0.31394082711109006,2/19 (10.53%; 95% CI 2.94–31.39%),0.05263157894736842,0.009351994062300362,0.24638731166898786,1/19 (5.26%; 95% CI 0.94–24.64%),0.0,0.0,0.16817922405261626,0/19 (0.00%; 95% CI 0.00–16.82%),0.8421052631578947,0.6243452472967093,0.9447952836146585,16/19 (84.21%; 95% CI 62.43–94.48%),0.8947368421052632,0.6860591728889099,0.9706414397011299,17/19 (89.47%; 95% CI 68.61–97.06%)
crowdbot,llava,appfr,H10,10,2,1,2,15,1,19,17,0.10526315789473684,0.02935856029887013,0.31394082711109006,2/19 (10.53%; 95% CI 2.94–31.39%),0.05263157894736842,0.009351994062300362,0.24638731166898786,1/19 (5.26%; 95% CI 0.94–24.64%),0.05263157894736842,0.009351994062300362,0.24638731166898786,1/19 (5.26%; 95% CI 0.94–24.64%),0.7894736842105263,0.5666572155618583,0.9149232336708375,15/19 (78.95%; 95% CI 56.67–91.49%),0.8947368421052632,0.6860591728889099,0.9706414397011299,17/19 (89.47%; 95% CI 68.61–97.06%)
crowdbot,llava,appfr,H10,10,3,1,2,15,1,19,17,0.10526315789473684,0.02935856029887013,0.31394082711109006,2/19 (10.53%; 95% CI 2.94–31.39%),0.05263157894736842,0.009351994062300362,0.24638731166898786,1/19 (5.26%; 95% CI 0.94–24.64%),0.05263157894736842,0.009351994062300362,0.24638731166898786,1/19 (5.26%; 95% CI 0.94–24.64%),0.7894736842105263,0.5666572155618583,0.9149232336708375,15/19 (78.95%; 95% CI 56.67–91.49%),0.8947368421052632,0.6860591728889099,0.9706414397011299,17/19 (89.47%; 95% CI 68.61–97.06%)
crowdbot,llava,appfr,H10,10,4,1,2,15,1,19,17,0.10526315789473684,0.02935856029887013,0.31394082711109006,2/19 (10.53%; 95% CI 2.94–31.39%),0.05263157894736842,0.009351994062300362,0.24638731166898786,1/19 (5.26%; 95% CI 0.94–24.64%),0.05263157894736842,0.009351994062300362,0.24638731166898786,1/19 (5.26%; 95% CI 0.94–24.64%),0.7894736842105263,0.5666572155618583,0.9149232336708375,15/19 (78.95%; 95% CI 56.67–91.49%),0.8947368421052632,0.6860591728889099,0.9706414397011299,17/19 (89.47%; 95% CI 68.61–97.06%)
crowdbot,llava,appfr,H10,10,5,1,2,15,1,19,17,0.10526315789473684,0.02935856029887013,0.31394082711109006,2/19 (10.53%; 95% CI 2.94–31.39%),0.05263157894736842,0.009351994062300362,0.24638731166898786,1/19 (5.26%; 95% CI 0.94–24.64%),0.05263157894736842,0.009351994062300362,0.24638731166898786,1/19 (5.26%; 95% CI 0.94–24.64%),0.7894736842105263,0.5666572155618583,0.9149232336708375,15/19 (78.95%; 95% CI 56.67–91.49%),0.8947368421052632,0.6860591728889099,0.9706414397011299,17/19 (89.47%; 95% CI 68.61–97.06%)
crowdbot,llava,appfr,H12,12,1,0,1,16,2,19,18,0.05263157894736842,0.009351994062300362,0.24638731166898786,1/19 (5.26%; 95% CI 0.94–24.64%),0.10526315789473684,0.02935856029887013,0.31394082711109006,2/19 (10.53%; 95% CI 2.94–31.39%),0.0,0.0,0.16817922405261626,0/19 (0.00%; 95% CI 0.00–16.82%),0.8421052631578947,0.6243452472967093,0.9447952836146585,16/19 (84.21%; 95% CI 62.43–94.48%),0.9473684210526315,0.753612688331012,0.9906480059376995,18/19 (94.74%; 95% CI 75.36–99.06%)
crowdbot,llava,appfr,H12,12,2,0,1,16,2,19,18,0.05263157894736842,0.009351994062300362,0.24638731166898786,1/19 (5.26%; 95% CI 0.94–24.64%),0.10526315789473684,0.02935856029887013,0.31394082711109006,2/19 (10.53%; 95% CI 2.94–31.39%),0.0,0.0,0.16817922405261626,0/19 (0.00%; 95% CI 0.00–16.82%),0.8421052631578947,0.6243452472967093,0.9447952836146585,16/19 (84.21%; 95% CI 62.43–94.48%),0.9473684210526315,0.753612688331012,0.9906480059376995,18/19 (94.74%; 95% CI 75.36–99.06%)
crowdbot,llava,appfr,H12,12,3,0,1,16,2,19,18,0.05263157894736842,0.009351994062300362,0.24638731166898786,1/19 (5.26%; 95% CI 0.94–24.64%),0.10526315789473684,0.02935856029887013,0.31394082711109006,2/19 (10.53%; 95% CI 2.94–31.39%),0.0,0.0,0.16817922405261626,0/19 (0.00%; 95% CI 0.00–16.82%),0.8421052631578947,0.6243452472967093,0.9447952836146585,16/19 (84.21%; 95% CI 62.43–94.48%),0.9473684210526315,0.753612688331012,0.9906480059376995,18/19 (94.74%; 95% CI 75.36–99.06%)
crowdbot,llava,appfr,H12,12,4,1,1,15,2,19,18,0.05263157894736842,0.009351994062300362,0.24638731166898786,1/19 (5.26%; 95% CI 0.94–24.64%),0.10526315789473684,0.02935856029887013,0.31394082711109006,2/19 (10.53%; 95% CI 2.94–31.39%),0.05263157894736842,0.009351994062300362,0.24638731166898786,1/19 (5.26%; 95% CI 0.94–24.64%),0.7894736842105263,0.5666572155618583,0.9149232336708375,15/19 (78.95%; 95% CI 56.67–91.49%),0.9473684210526315,0.753612688331012,0.9906480059376995,18/19 (94.74%; 95% CI 75.36–99.06%)
crowdbot,llava,appfr,H12,12,5,1,1,15,2,19,18,0.05263157894736842,0.009351994062300362,0.24638731166898786,1/19 (5.26%; 95% CI 0.94–24.64%),0.10526315789473684,0.02935856029887013,0.31394082711109006,2/19 (10.53%; 95% CI 2.94–31.39%),0.05263157894736842,0.009351994062300362,0.24638731166898786,1/19 (5.26%; 95% CI 0.94–24.64%),0.7894736842105263,0.5666572155618583,0.9149232336708375,15/19 (78.95%; 95% CI 56.67–91.49%),0.9473684210526315,0.753612688331012,0.9906480059376995,18/19 (94.74%; 95% CI 75.36–99.06%)
crowdbot,llava,appfr,H14,14,1,0,2,16,1,19,17,0.10526315789473684,0.02935856029887013,0.31394082711109006,2/19 (10.53%; 95% CI 2.94–31.39%),0.05263157894736842,0.009351994062300362,0.24638731166898786,1/19 (5.26%; 95% CI 0.94–24.64%),0.0,0.0,0.16817922405261626,0/19 (0.00%; 95% CI 0.00–16.82%),0.8421052631578947,0.6243452472967093,0.9447952836146585,16/19 (84.21%; 95% CI 62.43–94.48%),0.8947368421052632,0.6860591728889099,0.9706414397011299,17/19 (89.47%; 95% CI 68.61–97.06%)
crowdbot,llava,appfr,H14,14,2,0,2,16,1,19,17,0.10526315789473684,0.02935856029887013,0.31394082711109006,2/19 (10.53%; 95% CI 2.94–31.39%),0.05263157894736842,0.009351994062300362,0.24638731166898786,1/19 (5.26%; 95% CI 0.94–24.64%),0.0,0.0,0.16817922405261626,0/19 (0.00%; 95% CI 0.00–16.82%),0.8421052631578947,0.6243452472967093,0.9447952836146585,16/19 (84.21%; 95% CI 62.43–94.48%),0.8947368421052632,0.6860591728889099,0.9706414397011299,17/19 (89.47%; 95% CI 68.61–97.06%)
crowdbot,llava,appfr,H14,14,3,1,2,15,1,19,17,0.10526315789473684,0.02935856029887013,0.31394082711109006,2/19 (10.53%; 95% CI 2.94–31.39%),0.05263157894736842,0.009351994062300362,0.24638731166898786,1/19 (5.26%; 95% CI 0.94–24.64%),0.05263157894736842,0.009351994062300362,0.24638731166898786,1/19 (5.26%; 95% CI 0.94–24.64%),0.7894736842105263,0.5666572155618583,0.9149232336708375,15/19 (78.95%; 95% CI 56.67–91.49%),0.8947368421052632,0.6860591728889099,0.9706414397011299,17/19 (89.47%; 95% CI 68.61–97.06%)
crowdbot,llava,appfr,H14,14,4,1,2,15,1,19,17,0.10526315789473684,0.02935856029887013,0.31394082711109006,2/19 (10.53%; 95% CI 2.94–31.39%),0.05263157894736842,0.009351994062300362,0.24638731166898786,1/19 (5.26%; 95% CI 0.94–24.64%),0.05263157894736842,0.009351994062300362,0.24638731166898786,1/19 (5.26%; 95% CI 0.94–24.64%),0.7894736842105263,0.5666572155618583,0.9149232336708375,15/19 (78.95%; 95% CI 56.67–91.49%),0.8947368421052632,0.6860591728889099,0.9706414397011299,17/19 (89.47%; 95% CI 68.61–97.06%)
crowdbot,llava,appfr,H14,14,5,1,2,15,1,19,17,0.10526315789473684,0.02935856029887013,0.31394082711109006,2/19 (10.53%; 95% CI 2.94–31.39%),0.05263157894736842,0.009351994062300362,0.24638731166898786,1/19 (5.26%; 95% CI 0.94–24.64%),0.05263157894736842,0.009351994062300362,0.24638731166898786,1/19 (5.26%; 95% CI 0.94–24.64%),0.7894736842105263,0.5666572155618583,0.9149232336708375,15/19 (78.95%; 95% CI 56.67–91.49%),0.8947368421052632,0.6860591728889099,0.9706414397011299,17/19 (89.47%; 95% CI 68.61–97.06%)
crowdbot,llava,appfr,H16,16,1,0,2,16,1,19,17,0.10526315789473684,0.02935856029887013,0.31394082711109006,2/19 (10.53%; 95% CI 2.94–31.39%),0.05263157894736842,0.009351994062300362,0.24638731166898786,1/19 (5.26%; 95% CI 0.94–24.64%),0.0,0.0,0.16817922405261626,0/19 (0.00%; 95% CI 0.00–16.82%),0.8421052631578947,0.6243452472967093,0.9447952836146585,16/19 (84.21%; 95% CI 62.43–94.48%),0.8947368421052632,0.6860591728889099,0.9706414397011299,17/19 (89.47%; 95% CI 68.61–97.06%)
crowdbot,llava,appfr,H16,16,2,1,2,15,1,19,17,0.10526315789473684,0.02935856029887013,0.31394082711109006,2/19 (10.53%; 95% CI 2.94–31.39%),0.05263157894736842,0.009351994062300362,0.24638731166898786,1/19 (5.26%; 95% CI 0.94–24.64%),0.05263157894736842,0.009351994062300362,0.24638731166898786,1/19 (5.26%; 95% CI 0.94–24.64%),0.7894736842105263,0.5666572155618583,0.9149232336708375,15/19 (78.95%; 95% CI 56.67–91.49%),0.8947368421052632,0.6860591728889099,0.9706414397011299,17/19 (89.47%; 95% CI 68.61–97.06%)
crowdbot,llava,appfr,H16,16,3,1,2,15,1,19,17,0.10526315789473684,0.02935856029887013,0.31394082711109006,2/19 (10.53%; 95% CI 2.94–31.39%),0.05263157894736842,0.009351994062300362,0.24638731166898786,1/19 (5.26%; 95% CI 0.94–24.64%),0.05263157894736842,0.009351994062300362,0.24638731166898786,1/19 (5.26%; 95% CI 0.94–24.64%),0.7894736842105263,0.5666572155618583,0.9149232336708375,15/19 (78.95%; 95% CI 56.67–91.49%),0.8947368421052632,0.6860591728889099,0.9706414397011299,17/19 (89.47%; 95% CI 68.61–97.06%)
crowdbot,llava,appfr,H16,16,4,1,2,15,1,19,17,0.10526315789473684,0.02935856029887013,0.31394082711109006,2/19 (10.53%; 95% CI 2.94–31.39%),0.05263157894736842,0.009351994062300362,0.24638731166898786,1/19 (5.26%; 95% CI 0.94–24.64%),0.05263157894736842,0.009351994062300362,0.24638731166898786,1/19 (5.26%; 95% CI 0.94–24.64%),0.7894736842105263,0.5666572155618583,0.9149232336708375,15/19 (78.95%; 95% CI 56.67–91.49%),0.8947368421052632,0.6860591728889099,0.9706414397011299,17/19 (89.47%; 95% CI 68.61–97.06%)
crowdbot,llava,appfr,H16,16,5,1,2,15,1,19,17,0.10526315789473684,0.02935856029887013,0.31394082711109006,2/19 (10.53%; 95% CI 2.94–31.39%),0.05263157894736842,0.009351994062300362,0.24638731166898786,1/19 (5.26%; 95% CI 0.94–24.64%),0.05263157894736842,0.009351994062300362,0.24638731166898786,1/19 (5.26%; 95% CI 0.94–24.64%),0.7894736842105263,0.5666572155618583,0.9149232336708375,15/19 (78.95%; 95% CI 56.67–91.49%),0.8947368421052632,0.6860591728889099,0.9706414397011299,17/19 (89.47%; 95% CI 68.61–97.06%)
crowdbot,llava,appfr,H18,18,1,1,2,15,1,19,17,0.10526315789473684,0.02935856029887013,0.31394082711109006,2/19 (10.53%; 95% CI 2.94–31.39%),0.05263157894736842,0.009351994062300362,0.24638731166898786,1/19 (5.26%; 95% CI 0.94–24.64%),0.05263157894736842,0.009351994062300362,0.24638731166898786,1/19 (5.26%; 95% CI 0.94–24.64%),0.7894736842105263,0.5666572155618583,0.9149232336708375,15/19 (78.95%; 95% CI 56.67–91.49%),0.8947368421052632,0.6860591728889099,0.9706414397011299,17/19 (89.47%; 95% CI 68.61–97.06%)
crowdbot,llava,appfr,H18,18,2,1,2,15,1,19,17,0.10526315789473684,0.02935856029887013,0.31394082711109006,2/19 (10.53%; 95% CI 2.94–31.39%),0.05263157894736842,0.009351994062300362,0.24638731166898786,1/19 (5.26%; 95% CI 0.94–24.64%),0.05263157894736842,0.009351994062300362,0.24638731166898786,1/19 (5.26%; 95% CI 0.94–24.64%),0.7894736842105263,0.5666572155618583,0.9149232336708375,15/19 (78.95%; 95% CI 56.67–91.49%),0.8947368421052632,0.6860591728889099,0.9706414397011299,17/19 (89.47%; 95% CI 68.61–97.06%)
crowdbot,llava,appfr,H18,18,3,1,2,15,1,19,17,0.10526315789473684,0.02935856029887013,0.31394082711109006,2/19 (10.53%; 95% CI 2.94–31.39%),0.05263157894736842,0.009351994062300362,0.24638731166898786,1/19 (5.26%; 95% CI 0.94–24.64%),0.05263157894736842,0.009351994062300362,0.24638731166898786,1/19 (5.26%; 95% CI 0.94–24.64%),0.7894736842105263,0.5666572155618583,0.9149232336708375,15/19 (78.95%; 95% CI 56.67–91.49%),0.8947368421052632,0.6860591728889099,0.9706414397011299,17/19 (89.47%; 95% CI 68.61–97.06%)
crowdbot,llava,appfr,H18,18,4,1,2,15,1,19,17,0.10526315789473684,0.02935856029887013,0.31394082711109006,2/19 (10.53%; 95% CI 2.94–31.39%),0.05263157894736842,0.009351994062300362,0.24638731166898786,1/19 (5.26%; 95% CI 0.94–24.64%),0.05263157894736842,0.009351994062300362,0.24638731166898786,1/19 (5.26%; 95% CI 0.94–24.64%),0.7894736842105263,0.5666572155618583,0.9149232336708375,15/19 (78.95%; 95% CI 56.67–91.49%),0.8947368421052632,0.6860591728889099,0.9706414397011299,17/19 (89.47%; 95% CI 68.61–97.06%)
crowdbot,llava,appfr,H18,18,5,1,2,15,1,19,17,0.10526315789473684,0.02935856029887013,0.31394082711109006,2/19 (10.53%; 95% CI 2.94–31.39%),0.05263157894736842,0.009351994062300362,0.24638731166898786,1/19 (5.26%; 95% CI 0.94–24.64%),0.05263157894736842,0.009351994062300362,0.24638731166898786,1/19 (5.26%; 95% CI 0.94–24.64%),0.7894736842105263,0.5666572155618583,0.9149232336708375,15/19 (78.95%; 95% CI 56.67–91.49%),0.8947368421052632,0.6860591728889099,0.9706414397011299,17/19 (89.47%; 95% CI 68.61–97.06%)
crowdbot,llava,appfr,H20,20,1,0,2,16,1,19,17,0.10526315789473684,0.02935856029887013,0.31394082711109006,2/19 (10.53%; 95% CI 2.94–31.39%),0.05263157894736842,0.009351994062300362,0.24638731166898786,1/19 (5.26%; 95% CI 0.94–24.64%),0.0,0.0,0.16817922405261626,0/19 (0.00%; 95% CI 0.00–16.82%),0.8421052631578947,0.6243452472967093,0.9447952836146585,16/19 (84.21%; 95% CI 62.43–94.48%),0.8947368421052632,0.6860591728889099,0.9706414397011299,17/19 (89.47%; 95% CI 68.61–97.06%)
crowdbot,llava,appfr,H20,20,2,1,2,15,1,19,17,0.10526315789473684,0.02935856029887013,0.31394082711109006,2/19 (10.53%; 95% CI 2.94–31.39%),0.05263157894736842,0.009351994062300362,0.24638731166898786,1/19 (5.26%; 95% CI 0.94–24.64%),0.05263157894736842,0.009351994062300362,0.24638731166898786,1/19 (5.26%; 95% CI 0.94–24.64%),0.7894736842105263,0.5666572155618583,0.9149232336708375,15/19 (78.95%; 95% CI 56.67–91.49%),0.8947368421052632,0.6860591728889099,0.9706414397011299,17/19 (89.47%; 95% CI 68.61–97.06%)
crowdbot,llava,appfr,H20,20,3,1,2,15,1,19,17,0.10526315789473684,0.02935856029887013,0.31394082711109006,2/19 (10.53%; 95% CI 2.94–31.39%),0.05263157894736842,0.009351994062300362,0.24638731166898786,1/19 (5.26%; 95% CI 0.94–24.64%),0.05263157894736842,0.009351994062300362,0.24638731166898786,1/19 (5.26%; 95% CI 0.94–24.64%),0.7894736842105263,0.5666572155618583,0.9149232336708375,15/19 (78.95%; 95% CI 56.67–91.49%),0.8947368421052632,0.6860591728889099,0.9706414397011299,17/19 (89.47%; 95% CI 68.61–97.06%)
crowdbot,llava,appfr,H20,20,4,1,2,15,1,19,17,0.10526315789473684,0.02935856029887013,0.31394082711109006,2/19 (10.53%; 95% CI 2.94–31.39%),0.05263157894736842,0.009351994062300362,0.24638731166898786,1/19 (5.26%; 95% CI 0.94–24.64%),0.05263157894736842,0.009351994062300362,0.24638731166898786,1/19 (5.26%; 95% CI 0.94–24.64%),0.7894736842105263,0.5666572155618583,0.9149232336708375,15/19 (78.95%; 95% CI 56.67–91.49%),0.8947368421052632,0.6860591728889099,0.9706414397011299,17/19 (89.47%; 95% CI 68.61–97.06%)
crowdbot,llava,appfr,H20,20,5,1,2,15,1,19,17,0.10526315789473684,0.02935856029887013,0.31394082711109006,2/19 (10.53%; 95% CI 2.94–31.39%),0.05263157894736842,0.009351994062300362,0.24638731166898786,1/19 (5.26%; 95% CI 0.94–24.64%),0.05263157894736842,0.009351994062300362,0.24638731166898786,1/19 (5.26%; 95% CI 0.94–24.64%),0.7894736842105263,0.5666572155618583,0.9149232336708375,15/19 (78.95%; 95% CI 56.67–91.49%),0.8947368421052632,0.6860591728889099,0.9706414397011299,17/19 (89.47%; 95% CI 68.61–97.06%)
crowdbot,llava,appfr,H22,22,1,1,2,15,1,19,17,0.10526315789473684,0.02935856029887013,0.31394082711109006,2/19 (10.53%; 95% CI 2.94–31.39%),0.05263157894736842,0.009351994062300362,0.24638731166898786,1/19 (5.26%; 95% CI 0.94–24.64%),0.05263157894736842,0.009351994062300362,0.24638731166898786,1/19 (5.26%; 95% CI 0.94–24.64%),0.7894736842105263,0.5666572155618583,0.9149232336708375,15/19 (78.95%; 95% CI 56.67–91.49%),0.8947368421052632,0.6860591728889099,0.9706414397011299,17/19 (89.47%; 95% CI 68.61–97.06%)
crowdbot,llava,appfr,H22,22,2,1,2,15,1,19,17,0.10526315789473684,0.02935856029887013,0.31394082711109006,2/19 (10.53%; 95% CI 2.94–31.39%),0.05263157894736842,0.009351994062300362,0.24638731166898786,1/19 (5.26%; 95% CI 0.94–24.64%),0.05263157894736842,0.009351994062300362,0.24638731166898786,1/19 (5.26%; 95% CI 0.94–24.64%),0.7894736842105263,0.5666572155618583,0.9149232336708375,15/19 (78.95%; 95% CI 56.67–91.49%),0.8947368421052632,0.6860591728889099,0.9706414397011299,17/19 (89.47%; 95% CI 68.61–97.06%)
crowdbot,llava,appfr,H22,22,3,1,2,15,1,19,17,0.10526315789473684,0.02935856029887013,0.31394082711109006,2/19 (10.53%; 95% CI 2.94–31.39%),0.05263157894736842,0.009351994062300362,0.24638731166898786,1/19 (5.26%; 95% CI 0.94–24.64%),0.05263157894736842,0.009351994062300362,0.24638731166898786,1/19 (5.26%; 95% CI 0.94–24.64%),0.7894736842105263,0.5666572155618583,0.9149232336708375,15/19 (78.95%; 95% CI 56.67–91.49%),0.8947368421052632,0.6860591728889099,0.9706414397011299,17/19 (89.47%; 95% CI 68.61–97.06%)
crowdbot,llava,appfr,H22,22,4,1,2,15,1,19,17,0.10526315789473684,0.02935856029887013,0.31394082711109006,2/19 (10.53%; 95% CI 2.94–31.39%),0.05263157894736842,0.009351994062300362,0.24638731166898786,1/19 (5.26%; 95% CI 0.94–24.64%),0.05263157894736842,0.009351994062300362,0.24638731166898786,1/19 (5.26%; 95% CI 0.94–24.64%),0.7894736842105263,0.5666572155618583,0.9149232336708375,15/19 (78.95%; 95% CI 56.67–91.49%),0.8947368421052632,0.6860591728889099,0.9706414397011299,17/19 (89.47%; 95% CI 68.61–97.06%)
crowdbot,llava,appfr,H22,22,5,1,2,15,1,19,17,0.10526315789473684,0.02935856029887013,0.31394082711109006,2/19 (10.53%; 95% CI 2.94–31.39%),0.05263157894736842,0.009351994062300362,0.24638731166898786,1/19 (5.26%; 95% CI 0.94–24.64%),0.05263157894736842,0.009351994062300362,0.24638731166898786,1/19 (5.26%; 95% CI 0.94–24.64%),0.7894736842105263,0.5666572155618583,0.9149232336708375,15/19 (78.95%; 95% CI 56.67–91.49%),0.8947368421052632,0.6860591728889099,0.9706414397011299,17/19 (89.47%; 95% CI 68.61–97.06%)
crowdbot,llava,appfr,H24,24,1,0,3,15,1,19,16,0.15789473684210525,0.05520471638534141,0.37565475270329074,3/19 (15.79%; 95% CI 5.52–37.57%),0.05263157894736842,0.009351994062300362,0.24638731166898786,1/19 (5.26%; 95% CI 0.94–24.64%),0.0,0.0,0.16817922405261626,0/19 (0.00%; 95% CI 0.00–16.82%),0.7894736842105263,0.5666572155618583,0.9149232336708375,15/19 (78.95%; 95% CI 56.67–91.49%),0.8421052631578947,0.6243452472967093,0.9447952836146585,16/19 (84.21%; 95% CI 62.43–94.48%)
crowdbot,llava,appfr,H24,24,2,0,3,15,1,19,16,0.15789473684210525,0.05520471638534141,0.37565475270329074,3/19 (15.79%; 95% CI 5.52–37.57%),0.05263157894736842,0.009351994062300362,0.24638731166898786,1/19 (5.26%; 95% CI 0.94–24.64%),0.0,0.0,0.16817922405261626,0/19 (0.00%; 95% CI 0.00–16.82%),0.7894736842105263,0.5666572155618583,0.9149232336708375,15/19 (78.95%; 95% CI 56.67–91.49%),0.8421052631578947,0.6243452472967093,0.9447952836146585,16/19 (84.21%; 95% CI 62.43–94.48%)
crowdbot,llava,appfr,H24,24,3,0,3,15,1,19,16,0.15789473684210525,0.05520471638534141,0.37565475270329074,3/19 (15.79%; 95% CI 5.52–37.57%),0.05263157894736842,0.009351994062300362,0.24638731166898786,1/19 (5.26%; 95% CI 0.94–24.64%),0.0,0.0,0.16817922405261626,0/19 (0.00%; 95% CI 0.00–16.82%),0.7894736842105263,0.5666572155618583,0.9149232336708375,15/19 (78.95%; 95% CI 56.67–91.49%),0.8421052631578947,0.6243452472967093,0.9447952836146585,16/19 (84.21%; 95% CI 62.43–94.48%)
crowdbot,llava,appfr,H24,24,4,0,3,15,1,19,16,0.15789473684210525,0.05520471638534141,0.37565475270329074,3/19 (15.79%; 95% CI 5.52–37.57%),0.05263157894736842,0.009351994062300362,0.24638731166898786,1/19 (5.26%; 95% CI 0.94–24.64%),0.0,0.0,0.16817922405261626,0/19 (0.00%; 95% CI 0.00–16.82%),0.7894736842105263,0.5666572155618583,0.9149232336708375,15/19 (78.95%; 95% CI 56.67–91.49%),0.8421052631578947,0.6243452472967093,0.9447952836146585,16/19 (84.21%; 95% CI 62.43–94.48%)
crowdbot,llava,appfr,H24,24,5,0,3,15,1,19,16,0.15789473684210525,0.05520471638534141,0.37565475270329074,3/19 (15.79%; 95% CI 5.52–37.57%),0.05263157894736842,0.009351994062300362,0.24638731166898786,1/19 (5.26%; 95% CI 0.94–24.64%),0.0,0.0,0.16817922405261626,0/19 (0.00%; 95% CI 0.00–16.82%),0.7894736842105263,0.5666572155618583,0.9149232336708375,15/19 (78.95%; 95% CI 56.67–91.49%),0.8421052631578947,0.6243452472967093,0.9447952836146585,16/19 (84.21%; 95% CI 62.43–94.48%)
crowdbot,llava,appfr,H26,26,1,0,3,15,1,19,16,0.15789473684210525,0.05520471638534141,0.37565475270329074,3/19 (15.79%; 95% CI 5.52–37.57%),0.05263157894736842,0.009351994062300362,0.24638731166898786,1/19 (5.26%; 95% CI 0.94–24.64%),0.0,0.0,0.16817922405261626,0/19 (0.00%; 95% CI 0.00–16.82%),0.7894736842105263,0.5666572155618583,0.9149232336708375,15/19 (78.95%; 95% CI 56.67–91.49%),0.8421052631578947,0.6243452472967093,0.9447952836146585,16/19 (84.21%; 95% CI 62.43–94.48%)
crowdbot,llava,appfr,H26,26,2,0,3,15,1,19,16,0.15789473684210525,0.05520471638534141,0.37565475270329074,3/19 (15.79%; 95% CI 5.52–37.57%),0.05263157894736842,0.009351994062300362,0.24638731166898786,1/19 (5.26%; 95% CI 0.94–24.64%),0.0,0.0,0.16817922405261626,0/19 (0.00%; 95% CI 0.00–16.82%),0.7894736842105263,0.5666572155618583,0.9149232336708375,15/19 (78.95%; 95% CI 56.67–91.49%),0.8421052631578947,0.6243452472967093,0.9447952836146585,16/19 (84.21%; 95% CI 62.43–94.48%)
crowdbot,llava,appfr,H26,26,3,0,3,15,1,19,16,0.15789473684210525,0.05520471638534141,0.37565475270329074,3/19 (15.79%; 95% CI 5.52–37.57%),0.05263157894736842,0.009351994062300362,0.24638731166898786,1/19 (5.26%; 95% CI 0.94–24.64%),0.0,0.0,0.16817922405261626,0/19 (0.00%; 95% CI 0.00–16.82%),0.7894736842105263,0.5666572155618583,0.9149232336708375,15/19 (78.95%; 95% CI 56.67–91.49%),0.8421052631578947,0.6243452472967093,0.9447952836146585,16/19 (84.21%; 95% CI 62.43–94.48%)
crowdbot,llava,appfr,H26,26,4,0,3,15,1,19,16,0.15789473684210525,0.05520471638534141,0.37565475270329074,3/19 (15.79%; 95% CI 5.52–37.57%),0.05263157894736842,0.009351994062300362,0.24638731166898786,1/19 (5.26%; 95% CI 0.94–24.64%),0.0,0.0,0.16817922405261626,0/19 (0.00%; 95% CI 0.00–16.82%),0.7894736842105263,0.5666572155618583,0.9149232336708375,15/19 (78.95%; 95% CI 56.67–91.49%),0.8421052631578947,0.6243452472967093,0.9447952836146585,16/19 (84.21%; 95% CI 62.43–94.48%)
crowdbot,llava,appfr,H26,26,5,0,3,15,1,19,16,0.15789473684210525,0.05520471638534141,0.37565475270329074,3/19 (15.79%; 95% CI 5.52–37.57%),0.05263157894736842,0.009351994062300362,0.24638731166898786,1/19 (5.26%; 95% CI 0.94–24.64%),0.0,0.0,0.16817922405261626,0/19 (0.00%; 95% CI 0.00–16.82%),0.7894736842105263,0.5666572155618583,0.9149232336708375,15/19 (78.95%; 95% CI 56.67–91.49%),0.8421052631578947,0.6243452472967093,0.9447952836146585,16/19 (84.21%; 95% CI 62.43–94.48%)
crowdbot,llava,appfr,H28,28,1,0,3,15,1,19,16,0.15789473684210525,0.05520471638534141,0.37565475270329074,3/19 (15.79%; 95% CI 5.52–37.57%),0.05263157894736842,0.009351994062300362,0.24638731166898786,1/19 (5.26%; 95% CI 0.94–24.64%),0.0,0.0,0.16817922405261626,0/19 (0.00%; 95% CI 0.00–16.82%),0.7894736842105263,0.5666572155618583,0.9149232336708375,15/19 (78.95%; 95% CI 56.67–91.49%),0.8421052631578947,0.6243452472967093,0.9447952836146585,16/19 (84.21%; 95% CI 62.43–94.48%)
crowdbot,llava,appfr,H28,28,2,0,3,15,1,19,16,0.15789473684210525,0.05520471638534141,0.37565475270329074,3/19 (15.79%; 95% CI 5.52–37.57%),0.05263157894736842,0.009351994062300362,0.24638731166898786,1/19 (5.26%; 95% CI 0.94–24.64%),0.0,0.0,0.16817922405261626,0/19 (0.00%; 95% CI 0.00–16.82%),0.7894736842105263,0.5666572155618583,0.9149232336708375,15/19 (78.95%; 95% CI 56.67–91.49%),0.8421052631578947,0.6243452472967093,0.9447952836146585,16/19 (84.21%; 95% CI 62.43–94.48%)
crowdbot,llava,appfr,H28,28,3,0,3,15,1,19,16,0.15789473684210525,0.05520471638534141,0.37565475270329074,3/19 (15.79%; 95% CI 5.52–37.57%),0.05263157894736842,0.009351994062300362,0.24638731166898786,1/19 (5.26%; 95% CI 0.94–24.64%),0.0,0.0,0.16817922405261626,0/19 (0.00%; 95% CI 0.00–16.82%),0.7894736842105263,0.5666572155618583,0.9149232336708375,15/19 (78.95%; 95% CI 56.67–91.49%),0.8421052631578947,0.6243452472967093,0.9447952836146585,16/19 (84.21%; 95% CI 62.43–94.48%)
crowdbot,llava,appfr,H28,28,4,0,3,15,1,19,16,0.15789473684210525,0.05520471638534141,0.37565475270329074,3/19 (15.79%; 95% CI 5.52–37.57%),0.05263157894736842,0.009351994062300362,0.24638731166898786,1/19 (5.26%; 95% CI 0.94–24.64%),0.0,0.0,0.16817922405261626,0/19 (0.00%; 95% CI 0.00–16.82%),0.7894736842105263,0.5666572155618583,0.9149232336708375,15/19 (78.95%; 95% CI 56.67–91.49%),0.8421052631578947,0.6243452472967093,0.9447952836146585,16/19 (84.21%; 95% CI 62.43–94.48%)
crowdbot,llava,appfr,H28,28,5,0,3,15,1,19,16,0.15789473684210525,0.05520471638534141,0.37565475270329074,3/19 (15.79%; 95% CI 5.52–37.57%),0.05263157894736842,0.009351994062300362,0.24638731166898786,1/19 (5.26%; 95% CI 0.94–24.64%),0.0,0.0,0.16817922405261626,0/19 (0.00%; 95% CI 0.00–16.82%),0.7894736842105263,0.5666572155618583,0.9149232336708375,15/19 (78.95%; 95% CI 56.67–91.49%),0.8421052631578947,0.6243452472967093,0.9447952836146585,16/19 (84.21%; 95% CI 62.43–94.48%)
crowdbot,llava,appfr,H30,30,1,0,3,15,1,19,16,0.15789473684210525,0.05520471638534141,0.37565475270329074,3/19 (15.79%; 95% CI 5.52–37.57%),0.05263157894736842,0.009351994062300362,0.24638731166898786,1/19 (5.26%; 95% CI 0.94–24.64%),0.0,0.0,0.16817922405261626,0/19 (0.00%; 95% CI 0.00–16.82%),0.7894736842105263,0.5666572155618583,0.9149232336708375,15/19 (78.95%; 95% CI 56.67–91.49%),0.8421052631578947,0.6243452472967093,0.9447952836146585,16/19 (84.21%; 95% CI 62.43–94.48%)
crowdbot,llava,appfr,H30,30,2,0,3,15,1,19,16,0.15789473684210525,0.05520471638534141,0.37565475270329074,3/19 (15.79%; 95% CI 5.52–37.57%),0.05263157894736842,0.009351994062300362,0.24638731166898786,1/19 (5.26%; 95% CI 0.94–24.64%),0.0,0.0,0.16817922405261626,0/19 (0.00%; 95% CI 0.00–16.82%),0.7894736842105263,0.5666572155618583,0.9149232336708375,15/19 (78.95%; 95% CI 56.67–91.49%),0.8421052631578947,0.6243452472967093,0.9447952836146585,16/19 (84.21%; 95% CI 62.43–94.48%)
crowdbot,llava,appfr,H30,30,3,0,3,15,1,19,16,0.15789473684210525,0.05520471638534141,0.37565475270329074,3/19 (15.79%; 95% CI 5.52–37.57%),0.05263157894736842,0.009351994062300362,0.24638731166898786,1/19 (5.26%; 95% CI 0.94–24.64%),0.0,0.0,0.16817922405261626,0/19 (0.00%; 95% CI 0.00–16.82%),0.7894736842105263,0.5666572155618583,0.9149232336708375,15/19 (78.95%; 95% CI 56.67–91.49%),0.8421052631578947,0.6243452472967093,0.9447952836146585,16/19 (84.21%; 95% CI 62.43–94.48%)
crowdbot,llava,appfr,H30,30,4,0,3,15,1,19,16,0.15789473684210525,0.05520471638534141,0.37565475270329074,3/19 (15.79%; 95% CI 5.52–37.57%),0.05263157894736842,0.009351994062300362,0.24638731166898786,1/19 (5.26%; 95% CI 0.94–24.64%),0.0,0.0,0.16817922405261626,0/19 (0.00%; 95% CI 0.00–16.82%),0.7894736842105263,0.5666572155618583,0.9149232336708375,15/19 (78.95%; 95% CI 56.67–91.49%),0.8421052631578947,0.6243452472967093,0.9447952836146585,16/19 (84.21%; 95% CI 62.43–94.48%)
crowdbot,llava,appfr,H30,30,5,0,3,15,1,19,16,0.15789473684210525,0.05520471638534141,0.37565475270329074,3/19 (15.79%; 95% CI 5.52–37.57%),0.05263157894736842,0.009351994062300362,0.24638731166898786,1/19 (5.26%; 95% CI 0.94–24.64%),0.0,0.0,0.16817922405261626,0/19 (0.00%; 95% CI 0.00–16.82%),0.7894736842105263,0.5666572155618583,0.9149232336708375,15/19 (78.95%; 95% CI 56.67–91.49%),0.8421052631578947,0.6243452472967093,0.9447952836146585,16/19 (84.21%; 95% CI 62.43–94.48%)
crowdbot,llava,appfr,H32,32,1,0,4,14,1,19,15,0.21052631578947367,0.08507676632916253,0.43334278443814167,4/19 (21.05%; 95% CI 8.51–43.33%),0.05263157894736842,0.009351994062300362,0.24638731166898786,1/19 (5.26%; 95% CI 0.94–24.64%),0.0,0.0,0.16817922405261626,0/19 (0.00%; 95% CI 0.00–16.82%),0.7368421052631579,0.5120844910218489,0.8819358765321748,14/19 (73.68%; 95% CI 51.21–88.19%),0.7894736842105263,0.5666572155618583,0.9149232336708375,15/19 (78.95%; 95% CI 56.67–91.49%)
crowdbot,llava,appfr,H32,32,2,0,4,14,1,19,15,0.21052631578947367,0.08507676632916253,0.43334278443814167,4/19 (21.05%; 95% CI 8.51–43.33%),0.05263157894736842,0.009351994062300362,0.24638731166898786,1/19 (5.26%; 95% CI 0.94–24.64%),0.0,0.0,0.16817922405261626,0/19 (0.00%; 95% CI 0.00–16.82%),0.7368421052631579,0.5120844910218489,0.8819358765321748,14/19 (73.68%; 95% CI 51.21–88.19%),0.7894736842105263,0.5666572155618583,0.9149232336708375,15/19 (78.95%; 95% CI 56.67–91.49%)
crowdbot,llava,appfr,H32,32,3,0,4,14,1,19,15,0.21052631578947367,0.08507676632916253,0.43334278443814167,4/19 (21.05%; 95% CI 8.51–43.33%),0.05263157894736842,0.009351994062300362,0.24638731166898786,1/19 (5.26%; 95% CI 0.94–24.64%),0.0,0.0,0.16817922405261626,0/19 (0.00%; 95% CI 0.00–16.82%),0.7368421052631579,0.5120844910218489,0.8819358765321748,14/19 (73.68%; 95% CI 51.21–88.19%),0.7894736842105263,0.5666572155618583,0.9149232336708375,15/19 (78.95%; 95% CI 56.67–91.49%)
crowdbot,llava,appfr,H32,32,4,0,4,14,1,19,15,0.21052631578947367,0.08507676632916253,0.43334278443814167,4/19 (21.05%; 95% CI 8.51–43.33%),0.05263157894736842,0.009351994062300362,0.24638731166898786,1/19 (5.26%; 95% CI 0.94–24.64%),0.0,0.0,0.16817922405261626,0/19 (0.00%; 95% CI 0.00–16.82%),0.7368421052631579,0.5120844910218489,0.8819358765321748,14/19 (73.68%; 95% CI 51.21–88.19%),0.7894736842105263,0.5666572155618583,0.9149232336708375,15/19 (78.95%; 95% CI 56.67–91.49%)
crowdbot,llava,appfr,H32,32,5,0,4,14,1,19,15,0.21052631578947367,0.08507676632916253,0.43334278443814167,4/19 (21.05%; 95% CI 8.51–43.33%),0.05263157894736842,0.009351994062300362,0.24638731166898786,1/19 (5.26%; 95% CI 0.94–24.64%),0.0,0.0,0.16817922405261626,0/19 (0.00%; 95% CI 0.00–16.82%),0.7368421052631579,0.5120844910218489,0.8819358765321748,14/19 (73.68%; 95% CI 51.21–88.19%),0.7894736842105263,0.5666572155618583,0.9149232336708375,15/19 (78.95%; 95% CI 56.67–91.49%)
crowdbot,llava,appod,H02,2,1,0,0,17,2,19,19,0.0,0.0,0.16817922405261626,0/19 (0.00%; 95% CI 0.00–16.82%),0.10526315789473684,0.02935856029887013,0.31394082711109006,2/19 (10.53%; 95% CI 2.94–31.39%),0.0,0.0,0.16817922405261626,0/19 (0.00%; 95% CI 0.00–16.82%),0.8947368421052632,0.6860591728889099,0.9706414397011299,17/19 (89.47%; 95% CI 68.61–97.06%),1.0,0.8318207759473837,1.0,19/19 (100.00%; 95% CI 83.18–100.00%)
crowdbot,llava,appod,H02,2,2,0,0,17,2,19,19,0.0,0.0,0.16817922405261626,0/19 (0.00%; 95% CI 0.00–16.82%),0.10526315789473684,0.02935856029887013,0.31394082711109006,2/19 (10.53%; 95% CI 2.94–31.39%),0.0,0.0,0.16817922405261626,0/19 (0.00%; 95% CI 0.00–16.82%),0.8947368421052632,0.6860591728889099,0.9706414397011299,17/19 (89.47%; 95% CI 68.61–97.06%),1.0,0.8318207759473837,1.0,19/19 (100.00%; 95% CI 83.18–100.00%)
crowdbot,llava,appod,H02,2,3,2,0,15,2,19,19,0.0,0.0,0.16817922405261626,0/19 (0.00%; 95% CI 0.00–16.82%),0.10526315789473684,0.02935856029887013,0.31394082711109006,2/19 (10.53%; 95% CI 2.94–31.39%),0.10526315789473684,0.02935856029887013,0.31394082711109006,2/19 (10.53%; 95% CI 2.94–31.39%),0.7894736842105263,0.5666572155618583,0.9149232336708375,15/19 (78.95%; 95% CI 56.67–91.49%),1.0,0.8318207759473837,1.0,19/19 (100.00%; 95% CI 83.18–100.00%)
crowdbot,llava,appod,H02,2,4,2,0,15,2,19,19,0.0,0.0,0.16817922405261626,0/19 (0.00%; 95% CI 0.00–16.82%),0.10526315789473684,0.02935856029887013,0.31394082711109006,2/19 (10.53%; 95% CI 2.94–31.39%),0.10526315789473684,0.02935856029887013,0.31394082711109006,2/19 (10.53%; 95% CI 2.94–31.39%),0.7894736842105263,0.5666572155618583,0.9149232336708375,15/19 (78.95%; 95% CI 56.67–91.49%),1.0,0.8318207759473837,1.0,19/19 (100.00%; 95% CI 83.18–100.00%)
crowdbot,llava,appod,H02,2,5,2,0,15,2,19,19,0.0,0.0,0.16817922405261626,0/19 (0.00%; 95% CI 0.00–16.82%),0.10526315789473684,0.02935856029887013,0.31394082711109006,2/19 (10.53%; 95% CI 2.94–31.39%),0.10526315789473684,0.02935856029887013,0.31394082711109006,2/19 (10.53%; 95% CI 2.94–31.39%),0.7894736842105263,0.5666572155618583,0.9149232336708375,15/19 (78.95%; 95% CI 56.67–91.49%),1.0,0.8318207759473837,1.0,19/19 (100.00%; 95% CI 83.18–100.00%)
crowdbot,llava,appod,H04,4,1,0,1,17,1,19,18,0.05263157894736842,0.009351994062300362,0.24638731166898786,1/19 (5.26%; 95% CI 0.94–24.64%),0.05263157894736842,0.009351994062300362,0.24638731166898786,1/19 (5.26%; 95% CI 0.94–24.64%),0.0,0.0,0.16817922405261626,0/19 (0.00%; 95% CI 0.00–16.82%),0.8947368421052632,0.6860591728889099,0.9706414397011299,17/19 (89.47%; 95% CI 68.61–97.06%),0.9473684210526315,0.753612688331012,0.9906480059376995,18/19 (94.74%; 95% CI 75.36–99.06%)
crowdbot,llava,appod,H04,4,2,0,1,17,1,19,18,0.05263157894736842,0.009351994062300362,0.24638731166898786,1/19 (5.26%; 95% CI 0.94–24.64%),0.05263157894736842,0.009351994062300362,0.24638731166898786,1/19 (5.26%; 95% CI 0.94–24.64%),0.0,0.0,0.16817922405261626,0/19 (0.00%; 95% CI 0.00–16.82%),0.8947368421052632,0.6860591728889099,0.9706414397011299,17/19 (89.47%; 95% CI 68.61–97.06%),0.9473684210526315,0.753612688331012,0.9906480059376995,18/19 (94.74%; 95% CI 75.36–99.06%)
crowdbot,llava,appod,H04,4,3,2,1,15,1,19,18,0.05263157894736842,0.009351994062300362,0.24638731166898786,1/19 (5.26%; 95% CI 0.94–24.64%),0.05263157894736842,0.009351994062300362,0.24638731166898786,1/19 (5.26%; 95% CI 0.94–24.64%),0.10526315789473684,0.02935856029887013,0.31394082711109006,2/19 (10.53%; 95% CI 2.94–31.39%),0.7894736842105263,0.5666572155618583,0.9149232336708375,15/19 (78.95%; 95% CI 56.67–91.49%),0.9473684210526315,0.753612688331012,0.9906480059376995,18/19 (94.74%; 95% CI 75.36–99.06%)
crowdbot,llava,appod,H04,4,4,2,1,15,1,19,18,0.05263157894736842,0.009351994062300362,0.24638731166898786,1/19 (5.26%; 95% CI 0.94–24.64%),0.05263157894736842,0.009351994062300362,0.24638731166898786,1/19 (5.26%; 95% CI 0.94–24.64%),0.10526315789473684,0.02935856029887013,0.31394082711109006,2/19 (10.53%; 95% CI 2.94–31.39%),0.7894736842105263,0.5666572155618583,0.9149232336708375,15/19 (78.95%; 95% CI 56.67–91.49%),0.9473684210526315,0.753612688331012,0.9906480059376995,18/19 (94.74%; 95% CI 75.36–99.06%)
crowdbot,llava,appod,H04,4,5,2,1,15,1,19,18,0.05263157894736842,0.009351994062300362,0.24638731166898786,1/19 (5.26%; 95% CI 0.94–24.64%),0.05263157894736842,0.009351994062300362,0.24638731166898786,1/19 (5.26%; 95% CI 0.94–24.64%),0.10526315789473684,0.02935856029887013,0.31394082711109006,2/19 (10.53%; 95% CI 2.94–31.39%),0.7894736842105263,0.5666572155618583,0.9149232336708375,15/19 (78.95%; 95% CI 56.67–91.49%),0.9473684210526315,0.753612688331012,0.9906480059376995,18/19 (94.74%; 95% CI 75.36–99.06%)
crowdbot,llava,appod,H06,6,1,0,1,17,1,19,18,0.05263157894736842,0.009351994062300362,0.24638731166898786,1/19 (5.26%; 95% CI 0.94–24.64%),0.05263157894736842,0.009351994062300362,0.24638731166898786,1/19 (5.26%; 95% CI 0.94–24.64%),0.0,0.0,0.16817922405261626,0/19 (0.00%; 95% CI 0.00–16.82%),0.8947368421052632,0.6860591728889099,0.9706414397011299,17/19 (89.47%; 95% CI 68.61–97.06%),0.9473684210526315,0.753612688331012,0.9906480059376995,18/19 (94.74%; 95% CI 75.36–99.06%)
crowdbot,llava,appod,H06,6,2,1,1,16,1,19,18,0.05263157894736842,0.009351994062300362,0.24638731166898786,1/19 (5.26%; 95% CI 0.94–24.64%),0.05263157894736842,0.009351994062300362,0.24638731166898786,1/19 (5.26%; 95% CI 0.94–24.64%),0.05263157894736842,0.009351994062300362,0.24638731166898786,1/19 (5.26%; 95% CI 0.94–24.64%),0.8421052631578947,0.6243452472967093,0.9447952836146585,16/19 (84.21%; 95% CI 62.43–94.48%),0.9473684210526315,0.753612688331012,0.9906480059376995,18/19 (94.74%; 95% CI 75.36–99.06%)
crowdbot,llava,appod,H06,6,3,2,1,15,1,19,18,0.05263157894736842,0.009351994062300362,0.24638731166898786,1/19 (5.26%; 95% CI 0.94–24.64%),0.05263157894736842,0.009351994062300362,0.24638731166898786,1/19 (5.26%; 95% CI 0.94–24.64%),0.10526315789473684,0.02935856029887013,0.31394082711109006,2/19 (10.53%; 95% CI 2.94–31.39%),0.7894736842105263,0.5666572155618583,0.9149232336708375,15/19 (78.95%; 95% CI 56.67–91.49%),0.9473684210526315,0.753612688331012,0.9906480059376995,18/19 (94.74%; 95% CI 75.36–99.06%)
crowdbot,llava,appod,H06,6,4,2,1,15,1,19,18,0.05263157894736842,0.009351994062300362,0.24638731166898786,1/19 (5.26%; 95% CI 0.94–24.64%),0.05263157894736842,0.009351994062300362,0.24638731166898786,1/19 (5.26%; 95% CI 0.94–24.64%),0.10526315789473684,0.02935856029887013,0.31394082711109006,2/19 (10.53%; 95% CI 2.94–31.39%),0.7894736842105263,0.5666572155618583,0.9149232336708375,15/19 (78.95%; 95% CI 56.67–91.49%),0.9473684210526315,0.753612688331012,0.9906480059376995,18/19 (94.74%; 95% CI 75.36–99.06%)
crowdbot,llava,appod,H06,6,5,2,1,15,1,19,18,0.05263157894736842,0.009351994062300362,0.24638731166898786,1/19 (5.26%; 95% CI 0.94–24.64%),0.05263157894736842,0.009351994062300362,0.24638731166898786,1/19 (5.26%; 95% CI 0.94–24.64%),0.10526315789473684,0.02935856029887013,0.31394082711109006,2/19 (10.53%; 95% CI 2.94–31.39%),0.7894736842105263,0.5666572155618583,0.9149232336708375,15/19 (78.95%; 95% CI 56.67–91.49%),0.9473684210526315,0.753612688331012,0.9906480059376995,18/19 (94.74%; 95% CI 75.36–99.06%)
crowdbot,llava,appod,H08,8,1,0,1,17,1,19,18,0.05263157894736842,0.009351994062300362,0.24638731166898786,1/19 (5.26%; 95% CI 0.94–24.64%),0.05263157894736842,0.009351994062300362,0.24638731166898786,1/19 (5.26%; 95% CI 0.94–24.64%),0.0,0.0,0.16817922405261626,0/19 (0.00%; 95% CI 0.00–16.82%),0.8947368421052632,0.6860591728889099,0.9706414397011299,17/19 (89.47%; 95% CI 68.61–97.06%),0.9473684210526315,0.753612688331012,0.9906480059376995,18/19 (94.74%; 95% CI 75.36–99.06%)
crowdbot,llava,appod,H08,8,2,1,1,16,1,19,18,0.05263157894736842,0.009351994062300362,0.24638731166898786,1/19 (5.26%; 95% CI 0.94–24.64%),0.05263157894736842,0.009351994062300362,0.24638731166898786,1/19 (5.26%; 95% CI 0.94–24.64%),0.05263157894736842,0.009351994062300362,0.24638731166898786,1/19 (5.26%; 95% CI 0.94–24.64%),0.8421052631578947,0.6243452472967093,0.9447952836146585,16/19 (84.21%; 95% CI 62.43–94.48%),0.9473684210526315,0.753612688331012,0.9906480059376995,18/19 (94.74%; 95% CI 75.36–99.06%)
crowdbot,llava,appod,H08,8,3,1,1,16,1,19,18,0.05263157894736842,0.009351994062300362,0.24638731166898786,1/19 (5.26%; 95% CI 0.94–24.64%),0.05263157894736842,0.009351994062300362,0.24638731166898786,1/19 (5.26%; 95% CI 0.94–24.64%),0.05263157894736842,0.009351994062300362,0.24638731166898786,1/19 (5.26%; 95% CI 0.94–24.64%),0.8421052631578947,0.6243452472967093,0.9447952836146585,16/19 (84.21%; 95% CI 62.43–94.48%),0.9473684210526315,0.753612688331012,0.9906480059376995,18/19 (94.74%; 95% CI 75.36–99.06%)
crowdbot,llava,appod,H08,8,4,2,1,15,1,19,18,0.05263157894736842,0.009351994062300362,0.24638731166898786,1/19 (5.26%; 95% CI 0.94–24.64%),0.05263157894736842,0.009351994062300362,0.24638731166898786,1/19 (5.26%; 95% CI 0.94–24.64%),0.10526315789473684,0.02935856029887013,0.31394082711109006,2/19 (10.53%; 95% CI 2.94–31.39%),0.7894736842105263,0.5666572155618583,0.9149232336708375,15/19 (78.95%; 95% CI 56.67–91.49%),0.9473684210526315,0.753612688331012,0.9906480059376995,18/19 (94.74%; 95% CI 75.36–99.06%)
crowdbot,llava,appod,H08,8,5,2,1,15,1,19,18,0.05263157894736842,0.009351994062300362,0.24638731166898786,1/19 (5.26%; 95% CI 0.94–24.64%),0.05263157894736842,0.009351994062300362,0.24638731166898786,1/19 (5.26%; 95% CI 0.94–24.64%),0.10526315789473684,0.02935856029887013,0.31394082711109006,2/19 (10.53%; 95% CI 2.94–31.39%),0.7894736842105263,0.5666572155618583,0.9149232336708375,15/19 (78.95%; 95% CI 56.67–91.49%),0.9473684210526315,0.753612688331012,0.9906480059376995,18/19 (94.74%; 95% CI 75.36–99.06%)
crowdbot,llava,appod,H10,10,1,0,0,17,2,19,19,0.0,0.0,0.16817922405261626,0/19 (0.00%; 95% CI 0.00–16.82%),0.10526315789473684,0.02935856029887013,0.31394082711109006,2/19 (10.53%; 95% CI 2.94–31.39%),0.0,0.0,0.16817922405261626,0/19 (0.00%; 95% CI 0.00–16.82%),0.8947368421052632,0.6860591728889099,0.9706414397011299,17/19 (89.47%; 95% CI 68.61–97.06%),1.0,0.8318207759473837,1.0,19/19 (100.00%; 95% CI 83.18–100.00%)
crowdbot,llava,appod,H10,10,2,1,0,16,2,19,19,0.0,0.0,0.16817922405261626,0/19 (0.00%; 95% CI 0.00–16.82%),0.10526315789473684,0.02935856029887013,0.31394082711109006,2/19 (10.53%; 95% CI 2.94–31.39%),0.05263157894736842,0.009351994062300362,0.24638731166898786,1/19 (5.26%; 95% CI 0.94–24.64%),0.8421052631578947,0.6243452472967093,0.9447952836146585,16/19 (84.21%; 95% CI 62.43–94.48%),1.0,0.8318207759473837,1.0,19/19 (100.00%; 95% CI 83.18–100.00%)
crowdbot,llava,appod,H10,10,3,2,0,15,2,19,19,0.0,0.0,0.16817922405261626,0/19 (0.00%; 95% CI 0.00–16.82%),0.10526315789473684,0.02935856029887013,0.31394082711109006,2/19 (10.53%; 95% CI 2.94–31.39%),0.10526315789473684,0.02935856029887013,0.31394082711109006,2/19 (10.53%; 95% CI 2.94–31.39%),0.7894736842105263,0.5666572155618583,0.9149232336708375,15/19 (78.95%; 95% CI 56.67–91.49%),1.0,0.8318207759473837,1.0,19/19 (100.00%; 95% CI 83.18–100.00%)
crowdbot,llava,appod,H10,10,4,2,0,15,2,19,19,0.0,0.0,0.16817922405261626,0/19 (0.00%; 95% CI 0.00–16.82%),0.10526315789473684,0.02935856029887013,0.31394082711109006,2/19 (10.53%; 95% CI 2.94–31.39%),0.10526315789473684,0.02935856029887013,0.31394082711109006,2/19 (10.53%; 95% CI 2.94–31.39%),0.7894736842105263,0.5666572155618583,0.9149232336708375,15/19 (78.95%; 95% CI 56.67–91.49%),1.0,0.8318207759473837,1.0,19/19 (100.00%; 95% CI 83.18–100.00%)
crowdbot,llava,appod,H10,10,5,2,0,15,2,19,19,0.0,0.0,0.16817922405261626,0/19 (0.00%; 95% CI 0.00–16.82%),0.10526315789473684,0.02935856029887013,0.31394082711109006,2/19 (10.53%; 95% CI 2.94–31.39%),0.10526315789473684,0.02935856029887013,0.31394082711109006,2/19 (10.53%; 95% CI 2.94–31.39%),0.7894736842105263,0.5666572155618583,0.9149232336708375,15/19 (78.95%; 95% CI 56.67–91.49%),1.0,0.8318207759473837,1.0,19/19 (100.00%; 95% CI 83.18–100.00%)
crowdbot,llava,appod,H12,12,1,0,2,17,0,19,17,0.10526315789473684,0.02935856029887013,0.31394082711109006,2/19 (10.53%; 95% CI 2.94–31.39%),0.0,0.0,0.16817922405261626,0/19 (0.00%; 95% CI 0.00–16.82%),0.0,0.0,0.16817922405261626,0/19 (0.00%; 95% CI 0.00–16.82%),0.8947368421052632,0.6860591728889099,0.9706414397011299,17/19 (89.47%; 95% CI 68.61–97.06%),0.8947368421052632,0.6860591728889099,0.9706414397011299,17/19 (89.47%; 95% CI 68.61–97.06%)
crowdbot,llava,appod,H12,12,2,1,2,16,0,19,17,0.10526315789473684,0.02935856029887013,0.31394082711109006,2/19 (10.53%; 95% CI 2.94–31.39%),0.0,0.0,0.16817922405261626,0/19 (0.00%; 95% CI 0.00–16.82%),0.05263157894736842,0.009351994062300362,0.24638731166898786,1/19 (5.26%; 95% CI 0.94–24.64%),0.8421052631578947,0.6243452472967093,0.9447952836146585,16/19 (84.21%; 95% CI 62.43–94.48%),0.8947368421052632,0.6860591728889099,0.9706414397011299,17/19 (89.47%; 95% CI 68.61–97.06%)
crowdbot,llava,appod,H12,12,3,2,2,15,0,19,17,0.10526315789473684,0.02935856029887013,0.31394082711109006,2/19 (10.53%; 95% CI 2.94–31.39%),0.0,0.0,0.16817922405261626,0/19 (0.00%; 95% CI 0.00–16.82%),0.10526315789473684,0.02935856029887013,0.31394082711109006,2/19 (10.53%; 95% CI 2.94–31.39%),0.7894736842105263,0.5666572155618583,0.9149232336708375,15/19 (78.95%; 95% CI 56.67–91.49%),0.8947368421052632,0.6860591728889099,0.9706414397011299,17/19 (89.47%; 95% CI 68.61–97.06%)
crowdbot,llava,appod,H12,12,4,2,2,15,0,19,17,0.10526315789473684,0.02935856029887013,0.31394082711109006,2/19 (10.53%; 95% CI 2.94–31.39%),0.0,0.0,0.16817922405261626,0/19 (0.00%; 95% CI 0.00–16.82%),0.10526315789473684,0.02935856029887013,0.31394082711109006,2/19 (10.53%; 95% CI 2.94–31.39%),0.7894736842105263,0.5666572155618583,0.9149232336708375,15/19 (78.95%; 95% CI 56.67–91.49%),0.8947368421052632,0.6860591728889099,0.9706414397011299,17/19 (89.47%; 95% CI 68.61–97.06%)
crowdbot,llava,appod,H12,12,5,2,2,15,0,19,17,0.10526315789473684,0.02935856029887013,0.31394082711109006,2/19 (10.53%; 95% CI 2.94–31.39%),0.0,0.0,0.16817922405261626,0/19 (0.00%; 95% CI 0.00–16.82%),0.10526315789473684,0.02935856029887013,0.31394082711109006,2/19 (10.53%; 95% CI 2.94–31.39%),0.7894736842105263,0.5666572155618583,0.9149232336708375,15/19 (78.95%; 95% CI 56.67–91.49%),0.8947368421052632,0.6860591728889099,0.9706414397011299,17/19 (89.47%; 95% CI 68.61–97.06%)
crowdbot,llava,appod,H14,14,1,0,0,17,2,19,19,0.0,0.0,0.16817922405261626,0/19 (0.00%; 95% CI 0.00–16.82%),0.10526315789473684,0.02935856029887013,0.31394082711109006,2/19 (10.53%; 95% CI 2.94–31.39%),0.0,0.0,0.16817922405261626,0/19 (0.00%; 95% CI 0.00–16.82%),0.8947368421052632,0.6860591728889099,0.9706414397011299,17/19 (89.47%; 95% CI 68.61–97.06%),1.0,0.8318207759473837,1.0,19/19 (100.00%; 95% CI 83.18–100.00%)
crowdbot,llava,appod,H14,14,2,0,0,17,2,19,19,0.0,0.0,0.16817922405261626,0/19 (0.00%; 95% CI 0.00–16.82%),0.10526315789473684,0.02935856029887013,0.31394082711109006,2/19 (10.53%; 95% CI 2.94–31.39%),0.0,0.0,0.16817922405261626,0/19 (0.00%; 95% CI 0.00–16.82%),0.8947368421052632,0.6860591728889099,0.9706414397011299,17/19 (89.47%; 95% CI 68.61–97.06%),1.0,0.8318207759473837,1.0,19/19 (100.00%; 95% CI 83.18–100.00%)
crowdbot,llava,appod,H14,14,3,2,0,15,2,19,19,0.0,0.0,0.16817922405261626,0/19 (0.00%; 95% CI 0.00–16.82%),0.10526315789473684,0.02935856029887013,0.31394082711109006,2/19 (10.53%; 95% CI 2.94–31.39%),0.10526315789473684,0.02935856029887013,0.31394082711109006,2/19 (10.53%; 95% CI 2.94–31.39%),0.7894736842105263,0.5666572155618583,0.9149232336708375,15/19 (78.95%; 95% CI 56.67–91.49%),1.0,0.8318207759473837,1.0,19/19 (100.00%; 95% CI 83.18–100.00%)
crowdbot,llava,appod,H14,14,4,2,0,15,2,19,19,0.0,0.0,0.16817922405261626,0/19 (0.00%; 95% CI 0.00–16.82%),0.10526315789473684,0.02935856029887013,0.31394082711109006,2/19 (10.53%; 95% CI 2.94–31.39%),0.10526315789473684,0.02935856029887013,0.31394082711109006,2/19 (10.53%; 95% CI 2.94–31.39%),0.7894736842105263,0.5666572155618583,0.9149232336708375,15/19 (78.95%; 95% CI 56.67–91.49%),1.0,0.8318207759473837,1.0,19/19 (100.00%; 95% CI 83.18–100.00%)
crowdbot,llava,appod,H14,14,5,2,0,15,2,19,19,0.0,0.0,0.16817922405261626,0/19 (0.00%; 95% CI 0.00–16.82%),0.10526315789473684,0.02935856029887013,0.31394082711109006,2/19 (10.53%; 95% CI 2.94–31.39%),0.10526315789473684,0.02935856029887013,0.31394082711109006,2/19 (10.53%; 95% CI 2.94–31.39%),0.7894736842105263,0.5666572155618583,0.9149232336708375,15/19 (78.95%; 95% CI 56.67–91.49%),1.0,0.8318207759473837,1.0,19/19 (100.00%; 95% CI 83.18–100.00%)
crowdbot,llava,appod,H16,16,1,0,2,16,1,19,17,0.10526315789473684,0.02935856029887013,0.31394082711109006,2/19 (10.53%; 95% CI 2.94–31.39%),0.05263157894736842,0.009351994062300362,0.24638731166898786,1/19 (5.26%; 95% CI 0.94–24.64%),0.0,0.0,0.16817922405261626,0/19 (0.00%; 95% CI 0.00–16.82%),0.8421052631578947,0.6243452472967093,0.9447952836146585,16/19 (84.21%; 95% CI 62.43–94.48%),0.8947368421052632,0.6860591728889099,0.9706414397011299,17/19 (89.47%; 95% CI 68.61–97.06%)
crowdbot,llava,appod,H16,16,2,1,2,15,1,19,17,0.10526315789473684,0.02935856029887013,0.31394082711109006,2/19 (10.53%; 95% CI 2.94–31.39%),0.05263157894736842,0.009351994062300362,0.24638731166898786,1/19 (5.26%; 95% CI 0.94–24.64%),0.05263157894736842,0.009351994062300362,0.24638731166898786,1/19 (5.26%; 95% CI 0.94–24.64%),0.7894736842105263,0.5666572155618583,0.9149232336708375,15/19 (78.95%; 95% CI 56.67–91.49%),0.8947368421052632,0.6860591728889099,0.9706414397011299,17/19 (89.47%; 95% CI 68.61–97.06%)
crowdbot,llava,appod,H16,16,3,1,2,15,1,19,17,0.10526315789473684,0.02935856029887013,0.31394082711109006,2/19 (10.53%; 95% CI 2.94–31.39%),0.05263157894736842,0.009351994062300362,0.24638731166898786,1/19 (5.26%; 95% CI 0.94–24.64%),0.05263157894736842,0.009351994062300362,0.24638731166898786,1/19 (5.26%; 95% CI 0.94–24.64%),0.7894736842105263,0.5666572155618583,0.9149232336708375,15/19 (78.95%; 95% CI 56.67–91.49%),0.8947368421052632,0.6860591728889099,0.9706414397011299,17/19 (89.47%; 95% CI 68.61–97.06%)
crowdbot,llava,appod,H16,16,4,1,2,15,1,19,17,0.10526315789473684,0.02935856029887013,0.31394082711109006,2/19 (10.53%; 95% CI 2.94–31.39%),0.05263157894736842,0.009351994062300362,0.24638731166898786,1/19 (5.26%; 95% CI 0.94–24.64%),0.05263157894736842,0.009351994062300362,0.24638731166898786,1/19 (5.26%; 95% CI 0.94–24.64%),0.7894736842105263,0.5666572155618583,0.9149232336708375,15/19 (78.95%; 95% CI 56.67–91.49%),0.8947368421052632,0.6860591728889099,0.9706414397011299,17/19 (89.47%; 95% CI 68.61–97.06%)
crowdbot,llava,appod,H16,16,5,1,2,15,1,19,17,0.10526315789473684,0.02935856029887013,0.31394082711109006,2/19 (10.53%; 95% CI 2.94–31.39%),0.05263157894736842,0.009351994062300362,0.24638731166898786,1/19 (5.26%; 95% CI 0.94–24.64%),0.05263157894736842,0.009351994062300362,0.24638731166898786,1/19 (5.26%; 95% CI 0.94–24.64%),0.7894736842105263,0.5666572155618583,0.9149232336708375,15/19 (78.95%; 95% CI 56.67–91.49%),0.8947368421052632,0.6860591728889099,0.9706414397011299,17/19 (89.47%; 95% CI 68.61–97.06%)
crowdbot,llava,appod,H18,18,1,0,1,17,1,19,18,0.05263157894736842,0.009351994062300362,0.24638731166898786,1/19 (5.26%; 95% CI 0.94–24.64%),0.05263157894736842,0.009351994062300362,0.24638731166898786,1/19 (5.26%; 95% CI 0.94–24.64%),0.0,0.0,0.16817922405261626,0/19 (0.00%; 95% CI 0.00–16.82%),0.8947368421052632,0.6860591728889099,0.9706414397011299,17/19 (89.47%; 95% CI 68.61–97.06%),0.9473684210526315,0.753612688331012,0.9906480059376995,18/19 (94.74%; 95% CI 75.36–99.06%)
crowdbot,llava,appod,H18,18,2,0,1,17,1,19,18,0.05263157894736842,0.009351994062300362,0.24638731166898786,1/19 (5.26%; 95% CI 0.94–24.64%),0.05263157894736842,0.009351994062300362,0.24638731166898786,1/19 (5.26%; 95% CI 0.94–24.64%),0.0,0.0,0.16817922405261626,0/19 (0.00%; 95% CI 0.00–16.82%),0.8947368421052632,0.6860591728889099,0.9706414397011299,17/19 (89.47%; 95% CI 68.61–97.06%),0.9473684210526315,0.753612688331012,0.9906480059376995,18/19 (94.74%; 95% CI 75.36–99.06%)
crowdbot,llava,appod,H18,18,3,2,1,15,1,19,18,0.05263157894736842,0.009351994062300362,0.24638731166898786,1/19 (5.26%; 95% CI 0.94–24.64%),0.05263157894736842,0.009351994062300362,0.24638731166898786,1/19 (5.26%; 95% CI 0.94–24.64%),0.10526315789473684,0.02935856029887013,0.31394082711109006,2/19 (10.53%; 95% CI 2.94–31.39%),0.7894736842105263,0.5666572155618583,0.9149232336708375,15/19 (78.95%; 95% CI 56.67–91.49%),0.9473684210526315,0.753612688331012,0.9906480059376995,18/19 (94.74%; 95% CI 75.36–99.06%)
crowdbot,llava,appod,H18,18,4,2,1,15,1,19,18,0.05263157894736842,0.009351994062300362,0.24638731166898786,1/19 (5.26%; 95% CI 0.94–24.64%),0.05263157894736842,0.009351994062300362,0.24638731166898786,1/19 (5.26%; 95% CI 0.94–24.64%),0.10526315789473684,0.02935856029887013,0.31394082711109006,2/19 (10.53%; 95% CI 2.94–31.39%),0.7894736842105263,0.5666572155618583,0.9149232336708375,15/19 (78.95%; 95% CI 56.67–91.49%),0.9473684210526315,0.753612688331012,0.9906480059376995,18/19 (94.74%; 95% CI 75.36–99.06%)
crowdbot,llava,appod,H18,18,5,2,1,15,1,19,18,0.05263157894736842,0.009351994062300362,0.24638731166898786,1/19 (5.26%; 95% CI 0.94–24.64%),0.05263157894736842,0.009351994062300362,0.24638731166898786,1/19 (5.26%; 95% CI 0.94–24.64%),0.10526315789473684,0.02935856029887013,0.31394082711109006,2/19 (10.53%; 95% CI 2.94–31.39%),0.7894736842105263,0.5666572155618583,0.9149232336708375,15/19 (78.95%; 95% CI 56.67–91.49%),0.9473684210526315,0.753612688331012,0.9906480059376995,18/19 (94.74%; 95% CI 75.36–99.06%)
crowdbot,llava,appod,H20,20,1,0,2,17,0,19,17,0.10526315789473684,0.02935856029887013,0.31394082711109006,2/19 (10.53%; 95% CI 2.94–31.39%),0.0,0.0,0.16817922405261626,0/19 (0.00%; 95% CI 0.00–16.82%),0.0,0.0,0.16817922405261626,0/19 (0.00%; 95% CI 0.00–16.82%),0.8947368421052632,0.6860591728889099,0.9706414397011299,17/19 (89.47%; 95% CI 68.61–97.06%),0.8947368421052632,0.6860591728889099,0.9706414397011299,17/19 (89.47%; 95% CI 68.61–97.06%)
crowdbot,llava,appod,H20,20,2,1,2,16,0,19,17,0.10526315789473684,0.02935856029887013,0.31394082711109006,2/19 (10.53%; 95% CI 2.94–31.39%),0.0,0.0,0.16817922405261626,0/19 (0.00%; 95% CI 0.00–16.82%),0.05263157894736842,0.009351994062300362,0.24638731166898786,1/19 (5.26%; 95% CI 0.94–24.64%),0.8421052631578947,0.6243452472967093,0.9447952836146585,16/19 (84.21%; 95% CI 62.43–94.48%),0.8947368421052632,0.6860591728889099,0.9706414397011299,17/19 (89.47%; 95% CI 68.61–97.06%)
crowdbot,llava,appod,H20,20,3,2,2,15,0,19,17,0.10526315789473684,0.02935856029887013,0.31394082711109006,2/19 (10.53%; 95% CI 2.94–31.39%),0.0,0.0,0.16817922405261626,0/19 (0.00%; 95% CI 0.00–16.82%),0.10526315789473684,0.02935856029887013,0.31394082711109006,2/19 (10.53%; 95% CI 2.94–31.39%),0.7894736842105263,0.5666572155618583,0.9149232336708375,15/19 (78.95%; 95% CI 56.67–91.49%),0.8947368421052632,0.6860591728889099,0.9706414397011299,17/19 (89.47%; 95% CI 68.61–97.06%)
crowdbot,llava,appod,H20,20,4,2,2,15,0,19,17,0.10526315789473684,0.02935856029887013,0.31394082711109006,2/19 (10.53%; 95% CI 2.94–31.39%),0.0,0.0,0.16817922405261626,0/19 (0.00%; 95% CI 0.00–16.82%),0.10526315789473684,0.02935856029887013,0.31394082711109006,2/19 (10.53%; 95% CI 2.94–31.39%),0.7894736842105263,0.5666572155618583,0.9149232336708375,15/19 (78.95%; 95% CI 56.67–91.49%),0.8947368421052632,0.6860591728889099,0.9706414397011299,17/19 (89.47%; 95% CI 68.61–97.06%)
crowdbot,llava,appod,H20,20,5,2,2,15,0,19,17,0.10526315789473684,0.02935856029887013,0.31394082711109006,2/19 (10.53%; 95% CI 2.94–31.39%),0.0,0.0,0.16817922405261626,0/19 (0.00%; 95% CI 0.00–16.82%),0.10526315789473684,0.02935856029887013,0.31394082711109006,2/19 (10.53%; 95% CI 2.94–31.39%),0.7894736842105263,0.5666572155618583,0.9149232336708375,15/19 (78.95%; 95% CI 56.67–91.49%),0.8947368421052632,0.6860591728889099,0.9706414397011299,17/19 (89.47%; 95% CI 68.61–97.06%)
crowdbot,llava,appod,H22,22,1,0,0,17,2,19,19,0.0,0.0,0.16817922405261626,0/19 (0.00%; 95% CI 0.00–16.82%),0.10526315789473684,0.02935856029887013,0.31394082711109006,2/19 (10.53%; 95% CI 2.94–31.39%),0.0,0.0,0.16817922405261626,0/19 (0.00%; 95% CI 0.00–16.82%),0.8947368421052632,0.6860591728889099,0.9706414397011299,17/19 (89.47%; 95% CI 68.61–97.06%),1.0,0.8318207759473837,1.0,19/19 (100.00%; 95% CI 83.18–100.00%)
crowdbot,llava,appod,H22,22,2,1,0,16,2,19,19,0.0,0.0,0.16817922405261626,0/19 (0.00%; 95% CI 0.00–16.82%),0.10526315789473684,0.02935856029887013,0.31394082711109006,2/19 (10.53%; 95% CI 2.94–31.39%),0.05263157894736842,0.009351994062300362,0.24638731166898786,1/19 (5.26%; 95% CI 0.94–24.64%),0.8421052631578947,0.6243452472967093,0.9447952836146585,16/19 (84.21%; 95% CI 62.43–94.48%),1.0,0.8318207759473837,1.0,19/19 (100.00%; 95% CI 83.18–100.00%)
crowdbot,llava,appod,H22,22,3,2,0,15,2,19,19,0.0,0.0,0.16817922405261626,0/19 (0.00%; 95% CI 0.00–16.82%),0.10526315789473684,0.02935856029887013,0.31394082711109006,2/19 (10.53%; 95% CI 2.94–31.39%),0.10526315789473684,0.02935856029887013,0.31394082711109006,2/19 (10.53%; 95% CI 2.94–31.39%),0.7894736842105263,0.5666572155618583,0.9149232336708375,15/19 (78.95%; 95% CI 56.67–91.49%),1.0,0.8318207759473837,1.0,19/19 (100.00%; 95% CI 83.18–100.00%)
crowdbot,llava,appod,H22,22,4,2,0,15,2,19,19,0.0,0.0,0.16817922405261626,0/19 (0.00%; 95% CI 0.00–16.82%),0.10526315789473684,0.02935856029887013,0.31394082711109006,2/19 (10.53%; 95% CI 2.94–31.39%),0.10526315789473684,0.02935856029887013,0.31394082711109006,2/19 (10.53%; 95% CI 2.94–31.39%),0.7894736842105263,0.5666572155618583,0.9149232336708375,15/19 (78.95%; 95% CI 56.67–91.49%),1.0,0.8318207759473837,1.0,19/19 (100.00%; 95% CI 83.18–100.00%)
crowdbot,llava,appod,H22,22,5,2,0,15,2,19,19,0.0,0.0,0.16817922405261626,0/19 (0.00%; 95% CI 0.00–16.82%),0.10526315789473684,0.02935856029887013,0.31394082711109006,2/19 (10.53%; 95% CI 2.94–31.39%),0.10526315789473684,0.02935856029887013,0.31394082711109006,2/19 (10.53%; 95% CI 2.94–31.39%),0.7894736842105263,0.5666572155618583,0.9149232336708375,15/19 (78.95%; 95% CI 56.67–91.49%),1.0,0.8318207759473837,1.0,19/19 (100.00%; 95% CI 83.18–100.00%)
crowdbot,llava,appod,H24,24,1,0,1,16,2,19,18,0.05263157894736842,0.009351994062300362,0.24638731166898786,1/19 (5.26%; 95% CI 0.94–24.64%),0.10526315789473684,0.02935856029887013,0.31394082711109006,2/19 (10.53%; 95% CI 2.94–31.39%),0.0,0.0,0.16817922405261626,0/19 (0.00%; 95% CI 0.00–16.82%),0.8421052631578947,0.6243452472967093,0.9447952836146585,16/19 (84.21%; 95% CI 62.43–94.48%),0.9473684210526315,0.753612688331012,0.9906480059376995,18/19 (94.74%; 95% CI 75.36–99.06%)
crowdbot,llava,appod,H24,24,2,0,1,16,2,19,18,0.05263157894736842,0.009351994062300362,0.24638731166898786,1/19 (5.26%; 95% CI 0.94–24.64%),0.10526315789473684,0.02935856029887013,0.31394082711109006,2/19 (10.53%; 95% CI 2.94–31.39%),0.0,0.0,0.16817922405261626,0/19 (0.00%; 95% CI 0.00–16.82%),0.8421052631578947,0.6243452472967093,0.9447952836146585,16/19 (84.21%; 95% CI 62.43–94.48%),0.9473684210526315,0.753612688331012,0.9906480059376995,18/19 (94.74%; 95% CI 75.36–99.06%)
crowdbot,llava,appod,H24,24,3,1,1,15,2,19,18,0.05263157894736842,0.009351994062300362,0.24638731166898786,1/19 (5.26%; 95% CI 0.94–24.64%),0.10526315789473684,0.02935856029887013,0.31394082711109006,2/19 (10.53%; 95% CI 2.94–31.39%),0.05263157894736842,0.009351994062300362,0.24638731166898786,1/19 (5.26%; 95% CI 0.94–24.64%),0.7894736842105263,0.5666572155618583,0.9149232336708375,15/19 (78.95%; 95% CI 56.67–91.49%),0.9473684210526315,0.753612688331012,0.9906480059376995,18/19 (94.74%; 95% CI 75.36–99.06%)
crowdbot,llava,appod,H24,24,4,1,1,15,2,19,18,0.05263157894736842,0.009351994062300362,0.24638731166898786,1/19 (5.26%; 95% CI 0.94–24.64%),0.10526315789473684,0.02935856029887013,0.31394082711109006,2/19 (10.53%; 95% CI 2.94–31.39%),0.05263157894736842,0.009351994062300362,0.24638731166898786,1/19 (5.26%; 95% CI 0.94–24.64%),0.7894736842105263,0.5666572155618583,0.9149232336708375,15/19 (78.95%; 95% CI 56.67–91.49%),0.9473684210526315,0.753612688331012,0.9906480059376995,18/19 (94.74%; 95% CI 75.36–99.06%)
crowdbot,llava,appod,H24,24,5,1,1,15,2,19,18,0.05263157894736842,0.009351994062300362,0.24638731166898786,1/19 (5.26%; 95% CI 0.94–24.64%),0.10526315789473684,0.02935856029887013,0.31394082711109006,2/19 (10.53%; 95% CI 2.94–31.39%),0.05263157894736842,0.009351994062300362,0.24638731166898786,1/19 (5.26%; 95% CI 0.94–24.64%),0.7894736842105263,0.5666572155618583,0.9149232336708375,15/19 (78.95%; 95% CI 56.67–91.49%),0.9473684210526315,0.753612688331012,0.9906480059376995,18/19 (94.74%; 95% CI 75.36–99.06%)
crowdbot,llava,appod,H26,26,1,0,2,16,1,19,17,0.10526315789473684,0.02935856029887013,0.31394082711109006,2/19 (10.53%; 95% CI 2.94–31.39%),0.05263157894736842,0.009351994062300362,0.24638731166898786,1/19 (5.26%; 95% CI 0.94–24.64%),0.0,0.0,0.16817922405261626,0/19 (0.00%; 95% CI 0.00–16.82%),0.8421052631578947,0.6243452472967093,0.9447952836146585,16/19 (84.21%; 95% CI 62.43–94.48%),0.8947368421052632,0.6860591728889099,0.9706414397011299,17/19 (89.47%; 95% CI 68.61–97.06%)
crowdbot,llava,appod,H26,26,2,0,2,16,1,19,17,0.10526315789473684,0.02935856029887013,0.31394082711109006,2/19 (10.53%; 95% CI 2.94–31.39%),0.05263157894736842,0.009351994062300362,0.24638731166898786,1/19 (5.26%; 95% CI 0.94–24.64%),0.0,0.0,0.16817922405261626,0/19 (0.00%; 95% CI 0.00–16.82%),0.8421052631578947,0.6243452472967093,0.9447952836146585,16/19 (84.21%; 95% CI 62.43–94.48%),0.8947368421052632,0.6860591728889099,0.9706414397011299,17/19 (89.47%; 95% CI 68.61–97.06%)
crowdbot,llava,appod,H26,26,3,1,2,15,1,19,17,0.10526315789473684,0.02935856029887013,0.31394082711109006,2/19 (10.53%; 95% CI 2.94–31.39%),0.05263157894736842,0.009351994062300362,0.24638731166898786,1/19 (5.26%; 95% CI 0.94–24.64%),0.05263157894736842,0.009351994062300362,0.24638731166898786,1/19 (5.26%; 95% CI 0.94–24.64%),0.7894736842105263,0.5666572155618583,0.9149232336708375,15/19 (78.95%; 95% CI 56.67–91.49%),0.8947368421052632,0.6860591728889099,0.9706414397011299,17/19 (89.47%; 95% CI 68.61–97.06%)
crowdbot,llava,appod,H26,26,4,1,2,15,1,19,17,0.10526315789473684,0.02935856029887013,0.31394082711109006,2/19 (10.53%; 95% CI 2.94–31.39%),0.05263157894736842,0.009351994062300362,0.24638731166898786,1/19 (5.26%; 95% CI 0.94–24.64%),0.05263157894736842,0.009351994062300362,0.24638731166898786,1/19 (5.26%; 95% CI 0.94–24.64%),0.7894736842105263,0.5666572155618583,0.9149232336708375,15/19 (78.95%; 95% CI 56.67–91.49%),0.8947368421052632,0.6860591728889099,0.9706414397011299,17/19 (89.47%; 95% CI 68.61–97.06%)
crowdbot,llava,appod,H26,26,5,1,2,15,1,19,17,0.10526315789473684,0.02935856029887013,0.31394082711109006,2/19 (10.53%; 95% CI 2.94–31.39%),0.05263157894736842,0.009351994062300362,0.24638731166898786,1/19 (5.26%; 95% CI 0.94–24.64%),0.05263157894736842,0.009351994062300362,0.24638731166898786,1/19 (5.26%; 95% CI 0.94–24.64%),0.7894736842105263,0.5666572155618583,0.9149232336708375,15/19 (78.95%; 95% CI 56.67–91.49%),0.8947368421052632,0.6860591728889099,0.9706414397011299,17/19 (89.47%; 95% CI 68.61–97.06%)
crowdbot,llava,appod,H28,28,1,0,2,16,1,19,17,0.10526315789473684,0.02935856029887013,0.31394082711109006,2/19 (10.53%; 95% CI 2.94–31.39%),0.05263157894736842,0.009351994062300362,0.24638731166898786,1/19 (5.26%; 95% CI 0.94–24.64%),0.0,0.0,0.16817922405261626,0/19 (0.00%; 95% CI 0.00–16.82%),0.8421052631578947,0.6243452472967093,0.9447952836146585,16/19 (84.21%; 95% CI 62.43–94.48%),0.8947368421052632,0.6860591728889099,0.9706414397011299,17/19 (89.47%; 95% CI 68.61–97.06%)
crowdbot,llava,appod,H28,28,2,1,2,15,1,19,17,0.10526315789473684,0.02935856029887013,0.31394082711109006,2/19 (10.53%; 95% CI 2.94–31.39%),0.05263157894736842,0.009351994062300362,0.24638731166898786,1/19 (5.26%; 95% CI 0.94–24.64%),0.05263157894736842,0.009351994062300362,0.24638731166898786,1/19 (5.26%; 95% CI 0.94–24.64%),0.7894736842105263,0.5666572155618583,0.9149232336708375,15/19 (78.95%; 95% CI 56.67–91.49%),0.8947368421052632,0.6860591728889099,0.9706414397011299,17/19 (89.47%; 95% CI 68.61–97.06%)
crowdbot,llava,appod,H28,28,3,1,2,15,1,19,17,0.10526315789473684,0.02935856029887013,0.31394082711109006,2/19 (10.53%; 95% CI 2.94–31.39%),0.05263157894736842,0.009351994062300362,0.24638731166898786,1/19 (5.26%; 95% CI 0.94–24.64%),0.05263157894736842,0.009351994062300362,0.24638731166898786,1/19 (5.26%; 95% CI 0.94–24.64%),0.7894736842105263,0.5666572155618583,0.9149232336708375,15/19 (78.95%; 95% CI 56.67–91.49%),0.8947368421052632,0.6860591728889099,0.9706414397011299,17/19 (89.47%; 95% CI 68.61–97.06%)
crowdbot,llava,appod,H28,28,4,1,2,15,1,19,17,0.10526315789473684,0.02935856029887013,0.31394082711109006,2/19 (10.53%; 95% CI 2.94–31.39%),0.05263157894736842,0.009351994062300362,0.24638731166898786,1/19 (5.26%; 95% CI 0.94–24.64%),0.05263157894736842,0.009351994062300362,0.24638731166898786,1/19 (5.26%; 95% CI 0.94–24.64%),0.7894736842105263,0.5666572155618583,0.9149232336708375,15/19 (78.95%; 95% CI 56.67–91.49%),0.8947368421052632,0.6860591728889099,0.9706414397011299,17/19 (89.47%; 95% CI 68.61–97.06%)
crowdbot,llava,appod,H28,28,5,1,2,15,1,19,17,0.10526315789473684,0.02935856029887013,0.31394082711109006,2/19 (10.53%; 95% CI 2.94–31.39%),0.05263157894736842,0.009351994062300362,0.24638731166898786,1/19 (5.26%; 95% CI 0.94–24.64%),0.05263157894736842,0.009351994062300362,0.24638731166898786,1/19 (5.26%; 95% CI 0.94–24.64%),0.7894736842105263,0.5666572155618583,0.9149232336708375,15/19 (78.95%; 95% CI 56.67–91.49%),0.8947368421052632,0.6860591728889099,0.9706414397011299,17/19 (89.47%; 95% CI 68.61–97.06%)
crowdbot,llava,appod,H30,30,1,0,1,16,2,19,18,0.05263157894736842,0.009351994062300362,0.24638731166898786,1/19 (5.26%; 95% CI 0.94–24.64%),0.10526315789473684,0.02935856029887013,0.31394082711109006,2/19 (10.53%; 95% CI 2.94–31.39%),0.0,0.0,0.16817922405261626,0/19 (0.00%; 95% CI 0.00–16.82%),0.8421052631578947,0.6243452472967093,0.9447952836146585,16/19 (84.21%; 95% CI 62.43–94.48%),0.9473684210526315,0.753612688331012,0.9906480059376995,18/19 (94.74%; 95% CI 75.36–99.06%)
crowdbot,llava,appod,H30,30,2,1,1,15,2,19,18,0.05263157894736842,0.009351994062300362,0.24638731166898786,1/19 (5.26%; 95% CI 0.94–24.64%),0.10526315789473684,0.02935856029887013,0.31394082711109006,2/19 (10.53%; 95% CI 2.94–31.39%),0.05263157894736842,0.009351994062300362,0.24638731166898786,1/19 (5.26%; 95% CI 0.94–24.64%),0.7894736842105263,0.5666572155618583,0.9149232336708375,15/19 (78.95%; 95% CI 56.67–91.49%),0.9473684210526315,0.753612688331012,0.9906480059376995,18/19 (94.74%; 95% CI 75.36–99.06%)
crowdbot,llava,appod,H30,30,3,1,1,15,2,19,18,0.05263157894736842,0.009351994062300362,0.24638731166898786,1/19 (5.26%; 95% CI 0.94–24.64%),0.10526315789473684,0.02935856029887013,0.31394082711109006,2/19 (10.53%; 95% CI 2.94–31.39%),0.05263157894736842,0.009351994062300362,0.24638731166898786,1/19 (5.26%; 95% CI 0.94–24.64%),0.7894736842105263,0.5666572155618583,0.9149232336708375,15/19 (78.95%; 95% CI 56.67–91.49%),0.9473684210526315,0.753612688331012,0.9906480059376995,18/19 (94.74%; 95% CI 75.36–99.06%)
crowdbot,llava,appod,H30,30,4,1,1,15,2,19,18,0.05263157894736842,0.009351994062300362,0.24638731166898786,1/19 (5.26%; 95% CI 0.94–24.64%),0.10526315789473684,0.02935856029887013,0.31394082711109006,2/19 (10.53%; 95% CI 2.94–31.39%),0.05263157894736842,0.009351994062300362,0.24638731166898786,1/19 (5.26%; 95% CI 0.94–24.64%),0.7894736842105263,0.5666572155618583,0.9149232336708375,15/19 (78.95%; 95% CI 56.67–91.49%),0.9473684210526315,0.753612688331012,0.9906480059376995,18/19 (94.74%; 95% CI 75.36–99.06%)
crowdbot,llava,appod,H30,30,5,1,1,15,2,19,18,0.05263157894736842,0.009351994062300362,0.24638731166898786,1/19 (5.26%; 95% CI 0.94–24.64%),0.10526315789473684,0.02935856029887013,0.31394082711109006,2/19 (10.53%; 95% CI 2.94–31.39%),0.05263157894736842,0.009351994062300362,0.24638731166898786,1/19 (5.26%; 95% CI 0.94–24.64%),0.7894736842105263,0.5666572155618583,0.9149232336708375,15/19 (78.95%; 95% CI 56.67–91.49%),0.9473684210526315,0.753612688331012,0.9906480059376995,18/19 (94.74%; 95% CI 75.36–99.06%)
crowdbot,llava,appod,H32,32,1,0,1,16,2,19,18,0.05263157894736842,0.009351994062300362,0.24638731166898786,1/19 (5.26%; 95% CI 0.94–24.64%),0.10526315789473684,0.02935856029887013,0.31394082711109006,2/19 (10.53%; 95% CI 2.94–31.39%),0.0,0.0,0.16817922405261626,0/19 (0.00%; 95% CI 0.00–16.82%),0.8421052631578947,0.6243452472967093,0.9447952836146585,16/19 (84.21%; 95% CI 62.43–94.48%),0.9473684210526315,0.753612688331012,0.9906480059376995,18/19 (94.74%; 95% CI 75.36–99.06%)
crowdbot,llava,appod,H32,32,2,1,1,15,2,19,18,0.05263157894736842,0.009351994062300362,0.24638731166898786,1/19 (5.26%; 95% CI 0.94–24.64%),0.10526315789473684,0.02935856029887013,0.31394082711109006,2/19 (10.53%; 95% CI 2.94–31.39%),0.05263157894736842,0.009351994062300362,0.24638731166898786,1/19 (5.26%; 95% CI 0.94–24.64%),0.7894736842105263,0.5666572155618583,0.9149232336708375,15/19 (78.95%; 95% CI 56.67–91.49%),0.9473684210526315,0.753612688331012,0.9906480059376995,18/19 (94.74%; 95% CI 75.36–99.06%)
crowdbot,llava,appod,H32,32,3,1,1,15,2,19,18,0.05263157894736842,0.009351994062300362,0.24638731166898786,1/19 (5.26%; 95% CI 0.94–24.64%),0.10526315789473684,0.02935856029887013,0.31394082711109006,2/19 (10.53%; 95% CI 2.94–31.39%),0.05263157894736842,0.009351994062300362,0.24638731166898786,1/19 (5.26%; 95% CI 0.94–24.64%),0.7894736842105263,0.5666572155618583,0.9149232336708375,15/19 (78.95%; 95% CI 56.67–91.49%),0.9473684210526315,0.753612688331012,0.9906480059376995,18/19 (94.74%; 95% CI 75.36–99.06%)
crowdbot,llava,appod,H32,32,4,1,1,15,2,19,18,0.05263157894736842,0.009351994062300362,0.24638731166898786,1/19 (5.26%; 95% CI 0.94–24.64%),0.10526315789473684,0.02935856029887013,0.31394082711109006,2/19 (10.53%; 95% CI 2.94–31.39%),0.05263157894736842,0.009351994062300362,0.24638731166898786,1/19 (5.26%; 95% CI 0.94–24.64%),0.7894736842105263,0.5666572155618583,0.9149232336708375,15/19 (78.95%; 95% CI 56.67–91.49%),0.9473684210526315,0.753612688331012,0.9906480059376995,18/19 (94.74%; 95% CI 75.36–99.06%)
crowdbot,llava,appod,H32,32,5,1,1,15,2,19,18,0.05263157894736842,0.009351994062300362,0.24638731166898786,1/19 (5.26%; 95% CI 0.94–24.64%),0.10526315789473684,0.02935856029887013,0.31394082711109006,2/19 (10.53%; 95% CI 2.94–31.39%),0.05263157894736842,0.009351994062300362,0.24638731166898786,1/19 (5.26%; 95% CI 0.94–24.64%),0.7894736842105263,0.5666572155618583,0.9149232336708375,15/19 (78.95%; 95% CI 56.67–91.49%),0.9473684210526315,0.753612688331012,0.9906480059376995,18/19 (94.74%; 95% CI 75.36–99.06%)
crowdbot,qwen,appfr,H02,2,1,0,0,17,2,19,19,0.0,0.0,0.16817922405261626,0/19 (0.00%; 95% CI 0.00–16.82%),0.10526315789473684,0.02935856029887013,0.31394082711109006,2/19 (10.53%; 95% CI 2.94–31.39%),0.0,0.0,0.16817922405261626,0/19 (0.00%; 95% CI 0.00–16.82%),0.8947368421052632,0.6860591728889099,0.9706414397011299,17/19 (89.47%; 95% CI 68.61–97.06%),1.0,0.8318207759473837,1.0,19/19 (100.00%; 95% CI 83.18–100.00%)
crowdbot,qwen,appfr,H02,2,2,0,0,17,2,19,19,0.0,0.0,0.16817922405261626,0/19 (0.00%; 95% CI 0.00–16.82%),0.10526315789473684,0.02935856029887013,0.31394082711109006,2/19 (10.53%; 95% CI 2.94–31.39%),0.0,0.0,0.16817922405261626,0/19 (0.00%; 95% CI 0.00–16.82%),0.8947368421052632,0.6860591728889099,0.9706414397011299,17/19 (89.47%; 95% CI 68.61–97.06%),1.0,0.8318207759473837,1.0,19/19 (100.00%; 95% CI 83.18–100.00%)
crowdbot,qwen,appfr,H02,2,3,1,0,16,2,19,19,0.0,0.0,0.16817922405261626,0/19 (0.00%; 95% CI 0.00–16.82%),0.10526315789473684,0.02935856029887013,0.31394082711109006,2/19 (10.53%; 95% CI 2.94–31.39%),0.05263157894736842,0.009351994062300362,0.24638731166898786,1/19 (5.26%; 95% CI 0.94–24.64%),0.8421052631578947,0.6243452472967093,0.9447952836146585,16/19 (84.21%; 95% CI 62.43–94.48%),1.0,0.8318207759473837,1.0,19/19 (100.00%; 95% CI 83.18–100.00%)
crowdbot,qwen,appfr,H02,2,4,2,0,15,2,19,19,0.0,0.0,0.16817922405261626,0/19 (0.00%; 95% CI 0.00–16.82%),0.10526315789473684,0.02935856029887013,0.31394082711109006,2/19 (10.53%; 95% CI 2.94–31.39%),0.10526315789473684,0.02935856029887013,0.31394082711109006,2/19 (10.53%; 95% CI 2.94–31.39%),0.7894736842105263,0.5666572155618583,0.9149232336708375,15/19 (78.95%; 95% CI 56.67–91.49%),1.0,0.8318207759473837,1.0,19/19 (100.00%; 95% CI 83.18–100.00%)
crowdbot,qwen,appfr,H02,2,5,2,0,15,2,19,19,0.0,0.0,0.16817922405261626,0/19 (0.00%; 95% CI 0.00–16.82%),0.10526315789473684,0.02935856029887013,0.31394082711109006,2/19 (10.53%; 95% CI 2.94–31.39%),0.10526315789473684,0.02935856029887013,0.31394082711109006,2/19 (10.53%; 95% CI 2.94–31.39%),0.7894736842105263,0.5666572155618583,0.9149232336708375,15/19 (78.95%; 95% CI 56.67–91.49%),1.0,0.8318207759473837,1.0,19/19 (100.00%; 95% CI 83.18–100.00%)
crowdbot,qwen,appfr,H04,4,1,0,2,17,0,19,17,0.10526315789473684,0.02935856029887013,0.31394082711109006,2/19 (10.53%; 95% CI 2.94–31.39%),0.0,0.0,0.16817922405261626,0/19 (0.00%; 95% CI 0.00–16.82%),0.0,0.0,0.16817922405261626,0/19 (0.00%; 95% CI 0.00–16.82%),0.8947368421052632,0.6860591728889099,0.9706414397011299,17/19 (89.47%; 95% CI 68.61–97.06%),0.8947368421052632,0.6860591728889099,0.9706414397011299,17/19 (89.47%; 95% CI 68.61–97.06%)
crowdbot,qwen,appfr,H04,4,2,0,2,17,0,19,17,0.10526315789473684,0.02935856029887013,0.31394082711109006,2/19 (10.53%; 95% CI 2.94–31.39%),0.0,0.0,0.16817922405261626,0/19 (0.00%; 95% CI 0.00–16.82%),0.0,0.0,0.16817922405261626,0/19 (0.00%; 95% CI 0.00–16.82%),0.8947368421052632,0.6860591728889099,0.9706414397011299,17/19 (89.47%; 95% CI 68.61–97.06%),0.8947368421052632,0.6860591728889099,0.9706414397011299,17/19 (89.47%; 95% CI 68.61–97.06%)
crowdbot,qwen,appfr,H04,4,3,1,2,16,0,19,17,0.10526315789473684,0.02935856029887013,0.31394082711109006,2/19 (10.53%; 95% CI 2.94–31.39%),0.0,0.0,0.16817922405261626,0/19 (0.00%; 95% CI 0.00–16.82%),0.05263157894736842,0.009351994062300362,0.24638731166898786,1/19 (5.26%; 95% CI 0.94–24.64%),0.8421052631578947,0.6243452472967093,0.9447952836146585,16/19 (84.21%; 95% CI 62.43–94.48%),0.8947368421052632,0.6860591728889099,0.9706414397011299,17/19 (89.47%; 95% CI 68.61–97.06%)
crowdbot,qwen,appfr,H04,4,4,2,2,15,0,19,17,0.10526315789473684,0.02935856029887013,0.31394082711109006,2/19 (10.53%; 95% CI 2.94–31.39%),0.0,0.0,0.16817922405261626,0/19 (0.00%; 95% CI 0.00–16.82%),0.10526315789473684,0.02935856029887013,0.31394082711109006,2/19 (10.53%; 95% CI 2.94–31.39%),0.7894736842105263,0.5666572155618583,0.9149232336708375,15/19 (78.95%; 95% CI 56.67–91.49%),0.8947368421052632,0.6860591728889099,0.9706414397011299,17/19 (89.47%; 95% CI 68.61–97.06%)
crowdbot,qwen,appfr,H04,4,5,2,2,15,0,19,17,0.10526315789473684,0.02935856029887013,0.31394082711109006,2/19 (10.53%; 95% CI 2.94–31.39%),0.0,0.0,0.16817922405261626,0/19 (0.00%; 95% CI 0.00–16.82%),0.10526315789473684,0.02935856029887013,0.31394082711109006,2/19 (10.53%; 95% CI 2.94–31.39%),0.7894736842105263,0.5666572155618583,0.9149232336708375,15/19 (78.95%; 95% CI 56.67–91.49%),0.8947368421052632,0.6860591728889099,0.9706414397011299,17/19 (89.47%; 95% CI 68.61–97.06%)
crowdbot,qwen,appfr,H06,6,1,0,1,17,1,19,18,0.05263157894736842,0.009351994062300362,0.24638731166898786,1/19 (5.26%; 95% CI 0.94–24.64%),0.05263157894736842,0.009351994062300362,0.24638731166898786,1/19 (5.26%; 95% CI 0.94–24.64%),0.0,0.0,0.16817922405261626,0/19 (0.00%; 95% CI 0.00–16.82%),0.8947368421052632,0.6860591728889099,0.9706414397011299,17/19 (89.47%; 95% CI 68.61–97.06%),0.9473684210526315,0.753612688331012,0.9906480059376995,18/19 (94.74%; 95% CI 75.36–99.06%)
crowdbot,qwen,appfr,H06,6,2,0,1,17,1,19,18,0.05263157894736842,0.009351994062300362,0.24638731166898786,1/19 (5.26%; 95% CI 0.94–24.64%),0.05263157894736842,0.009351994062300362,0.24638731166898786,1/19 (5.26%; 95% CI 0.94–24.64%),0.0,0.0,0.16817922405261626,0/19 (0.00%; 95% CI 0.00–16.82%),0.8947368421052632,0.6860591728889099,0.9706414397011299,17/19 (89.47%; 95% CI 68.61–97.06%),0.9473684210526315,0.753612688331012,0.9906480059376995,18/19 (94.74%; 95% CI 75.36–99.06%)
crowdbot,qwen,appfr,H06,6,3,1,1,16,1,19,18,0.05263157894736842,0.009351994062300362,0.24638731166898786,1/19 (5.26%; 95% CI 0.94–24.64%),0.05263157894736842,0.009351994062300362,0.24638731166898786,1/19 (5.26%; 95% CI 0.94–24.64%),0.05263157894736842,0.009351994062300362,0.24638731166898786,1/19 (5.26%; 95% CI 0.94–24.64%),0.8421052631578947,0.6243452472967093,0.9447952836146585,16/19 (84.21%; 95% CI 62.43–94.48%),0.9473684210526315,0.753612688331012,0.9906480059376995,18/19 (94.74%; 95% CI 75.36–99.06%)
crowdbot,qwen,appfr,H06,6,4,2,1,15,1,19,18,0.05263157894736842,0.009351994062300362,0.24638731166898786,1/19 (5.26%; 95% CI 0.94–24.64%),0.05263157894736842,0.009351994062300362,0.24638731166898786,1/19 (5.26%; 95% CI 0.94–24.64%),0.10526315789473684,0.02935856029887013,0.31394082711109006,2/19 (10.53%; 95% CI 2.94–31.39%),0.7894736842105263,0.5666572155618583,0.9149232336708375,15/19 (78.95%; 95% CI 56.67–91.49%),0.9473684210526315,0.753612688331012,0.9906480059376995,18/19 (94.74%; 95% CI 75.36–99.06%)
crowdbot,qwen,appfr,H06,6,5,2,1,15,1,19,18,0.05263157894736842,0.009351994062300362,0.24638731166898786,1/19 (5.26%; 95% CI 0.94–24.64%),0.05263157894736842,0.009351994062300362,0.24638731166898786,1/19 (5.26%; 95% CI 0.94–24.64%),0.10526315789473684,0.02935856029887013,0.31394082711109006,2/19 (10.53%; 95% CI 2.94–31.39%),0.7894736842105263,0.5666572155618583,0.9149232336708375,15/19 (78.95%; 95% CI 56.67–91.49%),0.9473684210526315,0.753612688331012,0.9906480059376995,18/19 (94.74%; 95% CI 75.36–99.06%)
crowdbot,qwen,appfr,H08,8,1,0,1,17,1,19,18,0.05263157894736842,0.009351994062300362,0.24638731166898786,1/19 (5.26%; 95% CI 0.94–24.64%),0.05263157894736842,0.009351994062300362,0.24638731166898786,1/19 (5.26%; 95% CI 0.94–24.64%),0.0,0.0,0.16817922405261626,0/19 (0.00%; 95% CI 0.00–16.82%),0.8947368421052632,0.6860591728889099,0.9706414397011299,17/19 (89.47%; 95% CI 68.61–97.06%),0.9473684210526315,0.753612688331012,0.9906480059376995,18/19 (94.74%; 95% CI 75.36–99.06%)
crowdbot,qwen,appfr,H08,8,2,1,1,16,1,19,18,0.05263157894736842,0.009351994062300362,0.24638731166898786,1/19 (5.26%; 95% CI 0.94–24.64%),0.05263157894736842,0.009351994062300362,0.24638731166898786,1/19 (5.26%; 95% CI 0.94–24.64%),0.05263157894736842,0.009351994062300362,0.24638731166898786,1/19 (5.26%; 95% CI 0.94–24.64%),0.8421052631578947,0.6243452472967093,0.9447952836146585,16/19 (84.21%; 95% CI 62.43–94.48%),0.9473684210526315,0.753612688331012,0.9906480059376995,18/19 (94.74%; 95% CI 75.36–99.06%)
crowdbot,qwen,appfr,H08,8,3,1,1,16,1,19,18,0.05263157894736842,0.009351994062300362,0.24638731166898786,1/19 (5.26%; 95% CI 0.94–24.64%),0.05263157894736842,0.009351994062300362,0.24638731166898786,1/19 (5.26%; 95% CI 0.94–24.64%),0.05263157894736842,0.009351994062300362,0.24638731166898786,1/19 (5.26%; 95% CI 0.94–24.64%),0.8421052631578947,0.6243452472967093,0.9447952836146585,16/19 (84.21%; 95% CI 62.43–94.48%),0.9473684210526315,0.753612688331012,0.9906480059376995,18/19 (94.74%; 95% CI 75.36–99.06%)
crowdbot,qwen,appfr,H08,8,4,2,1,15,1,19,18,0.05263157894736842,0.009351994062300362,0.24638731166898786,1/19 (5.26%; 95% CI 0.94–24.64%),0.05263157894736842,0.009351994062300362,0.24638731166898786,1/19 (5.26%; 95% CI 0.94–24.64%),0.10526315789473684,0.02935856029887013,0.31394082711109006,2/19 (10.53%; 95% CI 2.94–31.39%),0.7894736842105263,0.5666572155618583,0.9149232336708375,15/19 (78.95%; 95% CI 56.67–91.49%),0.9473684210526315,0.753612688331012,0.9906480059376995,18/19 (94.74%; 95% CI 75.36–99.06%)
crowdbot,qwen,appfr,H08,8,5,2,1,15,1,19,18,0.05263157894736842,0.009351994062300362,0.24638731166898786,1/19 (5.26%; 95% CI 0.94–24.64%),0.05263157894736842,0.009351994062300362,0.24638731166898786,1/19 (5.26%; 95% CI 0.94–24.64%),0.10526315789473684,0.02935856029887013,0.31394082711109006,2/19 (10.53%; 95% CI 2.94–31.39%),0.7894736842105263,0.5666572155618583,0.9149232336708375,15/19 (78.95%; 95% CI 56.67–91.49%),0.9473684210526315,0.753612688331012,0.9906480059376995,18/19 (94.74%; 95% CI 75.36–99.06%)
crowdbot,qwen,appfr,H10,10,1,0,1,17,1,19,18,0.05263157894736842,0.009351994062300362,0.24638731166898786,1/19 (5.26%; 95% CI 0.94–24.64%),0.05263157894736842,0.009351994062300362,0.24638731166898786,1/19 (5.26%; 95% CI 0.94–24.64%),0.0,0.0,0.16817922405261626,0/19 (0.00%; 95% CI 0.00–16.82%),0.8947368421052632,0.6860591728889099,0.9706414397011299,17/19 (89.47%; 95% CI 68.61–97.06%),0.9473684210526315,0.753612688331012,0.9906480059376995,18/19 (94.74%; 95% CI 75.36–99.06%)
crowdbot,qwen,appfr,H10,10,2,0,1,17,1,19,18,0.05263157894736842,0.009351994062300362,0.24638731166898786,1/19 (5.26%; 95% CI 0.94–24.64%),0.05263157894736842,0.009351994062300362,0.24638731166898786,1/19 (5.26%; 95% CI 0.94–24.64%),0.0,0.0,0.16817922405261626,0/19 (0.00%; 95% CI 0.00–16.82%),0.8947368421052632,0.6860591728889099,0.9706414397011299,17/19 (89.47%; 95% CI 68.61–97.06%),0.9473684210526315,0.753612688331012,0.9906480059376995,18/19 (94.74%; 95% CI 75.36–99.06%)
crowdbot,qwen,appfr,H10,10,3,1,1,16,1,19,18,0.05263157894736842,0.009351994062300362,0.24638731166898786,1/19 (5.26%; 95% CI 0.94–24.64%),0.05263157894736842,0.009351994062300362,0.24638731166898786,1/19 (5.26%; 95% CI 0.94–24.64%),0.05263157894736842,0.009351994062300362,0.24638731166898786,1/19 (5.26%; 95% CI 0.94–24.64%),0.8421052631578947,0.6243452472967093,0.9447952836146585,16/19 (84.21%; 95% CI 62.43–94.48%),0.9473684210526315,0.753612688331012,0.9906480059376995,18/19 (94.74%; 95% CI 75.36–99.06%)
crowdbot,qwen,appfr,H10,10,4,2,1,15,1,19,18,0.05263157894736842,0.009351994062300362,0.24638731166898786,1/19 (5.26%; 95% CI 0.94–24.64%),0.05263157894736842,0.009351994062300362,0.24638731166898786,1/19 (5.26%; 95% CI 0.94–24.64%),0.10526315789473684,0.02935856029887013,0.31394082711109006,2/19 (10.53%; 95% CI 2.94–31.39%),0.7894736842105263,0.5666572155618583,0.9149232336708375,15/19 (78.95%; 95% CI 56.67–91.49%),0.9473684210526315,0.753612688331012,0.9906480059376995,18/19 (94.74%; 95% CI 75.36–99.06%)
crowdbot,qwen,appfr,H10,10,5,2,1,15,1,19,18,0.05263157894736842,0.009351994062300362,0.24638731166898786,1/19 (5.26%; 95% CI 0.94–24.64%),0.05263157894736842,0.009351994062300362,0.24638731166898786,1/19 (5.26%; 95% CI 0.94–24.64%),0.10526315789473684,0.02935856029887013,0.31394082711109006,2/19 (10.53%; 95% CI 2.94–31.39%),0.7894736842105263,0.5666572155618583,0.9149232336708375,15/19 (78.95%; 95% CI 56.67–91.49%),0.9473684210526315,0.753612688331012,0.9906480059376995,18/19 (94.74%; 95% CI 75.36–99.06%)
crowdbot,qwen,appfr,H12,12,1,0,1,17,1,19,18,0.05263157894736842,0.009351994062300362,0.24638731166898786,1/19 (5.26%; 95% CI 0.94–24.64%),0.05263157894736842,0.009351994062300362,0.24638731166898786,1/19 (5.26%; 95% CI 0.94–24.64%),0.0,0.0,0.16817922405261626,0/19 (0.00%; 95% CI 0.00–16.82%),0.8947368421052632,0.6860591728889099,0.9706414397011299,17/19 (89.47%; 95% CI 68.61–97.06%),0.9473684210526315,0.753612688331012,0.9906480059376995,18/19 (94.74%; 95% CI 75.36–99.06%)
crowdbot,qwen,appfr,H12,12,2,1,1,16,1,19,18,0.05263157894736842,0.009351994062300362,0.24638731166898786,1/19 (5.26%; 95% CI 0.94–24.64%),0.05263157894736842,0.009351994062300362,0.24638731166898786,1/19 (5.26%; 95% CI 0.94–24.64%),0.05263157894736842,0.009351994062300362,0.24638731166898786,1/19 (5.26%; 95% CI 0.94–24.64%),0.8421052631578947,0.6243452472967093,0.9447952836146585,16/19 (84.21%; 95% CI 62.43–94.48%),0.9473684210526315,0.753612688331012,0.9906480059376995,18/19 (94.74%; 95% CI 75.36–99.06%)
crowdbot,qwen,appfr,H12,12,3,1,1,16,1,19,18,0.05263157894736842,0.009351994062300362,0.24638731166898786,1/19 (5.26%; 95% CI 0.94–24.64%),0.05263157894736842,0.009351994062300362,0.24638731166898786,1/19 (5.26%; 95% CI 0.94–24.64%),0.05263157894736842,0.009351994062300362,0.24638731166898786,1/19 (5.26%; 95% CI 0.94–24.64%),0.8421052631578947,0.6243452472967093,0.9447952836146585,16/19 (84.21%; 95% CI 62.43–94.48%),0.9473684210526315,0.753612688331012,0.9906480059376995,18/19 (94.74%; 95% CI 75.36–99.06%)
crowdbot,qwen,appfr,H12,12,4,2,1,15,1,19,18,0.05263157894736842,0.009351994062300362,0.24638731166898786,1/19 (5.26%; 95% CI 0.94–24.64%),0.05263157894736842,0.009351994062300362,0.24638731166898786,1/19 (5.26%; 95% CI 0.94–24.64%),0.10526315789473684,0.02935856029887013,0.31394082711109006,2/19 (10.53%; 95% CI 2.94–31.39%),0.7894736842105263,0.5666572155618583,0.9149232336708375,15/19 (78.95%; 95% CI 56.67–91.49%),0.9473684210526315,0.753612688331012,0.9906480059376995,18/19 (94.74%; 95% CI 75.36–99.06%)
crowdbot,qwen,appfr,H12,12,5,2,1,15,1,19,18,0.05263157894736842,0.009351994062300362,0.24638731166898786,1/19 (5.26%; 95% CI 0.94–24.64%),0.05263157894736842,0.009351994062300362,0.24638731166898786,1/19 (5.26%; 95% CI 0.94–24.64%),0.10526315789473684,0.02935856029887013,0.31394082711109006,2/19 (10.53%; 95% CI 2.94–31.39%),0.7894736842105263,0.5666572155618583,0.9149232336708375,15/19 (78.95%; 95% CI 56.67–91.49%),0.9473684210526315,0.753612688331012,0.9906480059376995,18/19 (94.74%; 95% CI 75.36–99.06%)
crowdbot,qwen,appfr,H14,14,1,0,0,17,2,19,19,0.0,0.0,0.16817922405261626,0/19 (0.00%; 95% CI 0.00–16.82%),0.10526315789473684,0.02935856029887013,0.31394082711109006,2/19 (10.53%; 95% CI 2.94–31.39%),0.0,0.0,0.16817922405261626,0/19 (0.00%; 95% CI 0.00–16.82%),0.8947368421052632,0.6860591728889099,0.9706414397011299,17/19 (89.47%; 95% CI 68.61–97.06%),1.0,0.8318207759473837,1.0,19/19 (100.00%; 95% CI 83.18–100.00%)
crowdbot,qwen,appfr,H14,14,2,0,0,17,2,19,19,0.0,0.0,0.16817922405261626,0/19 (0.00%; 95% CI 0.00–16.82%),0.10526315789473684,0.02935856029887013,0.31394082711109006,2/19 (10.53%; 95% CI 2.94–31.39%),0.0,0.0,0.16817922405261626,0/19 (0.00%; 95% CI 0.00–16.82%),0.8947368421052632,0.6860591728889099,0.9706414397011299,17/19 (89.47%; 95% CI 68.61–97.06%),1.0,0.8318207759473837,1.0,19/19 (100.00%; 95% CI 83.18–100.00%)
crowdbot,qwen,appfr,H14,14,3,1,0,16,2,19,19,0.0,0.0,0.16817922405261626,0/19 (0.00%; 95% CI 0.00–16.82%),0.10526315789473684,0.02935856029887013,0.31394082711109006,2/19 (10.53%; 95% CI 2.94–31.39%),0.05263157894736842,0.009351994062300362,0.24638731166898786,1/19 (5.26%; 95% CI 0.94–24.64%),0.8421052631578947,0.6243452472967093,0.9447952836146585,16/19 (84.21%; 95% CI 62.43–94.48%),1.0,0.8318207759473837,1.0,19/19 (100.00%; 95% CI 83.18–100.00%)
crowdbot,qwen,appfr,H14,14,4,2,0,15,2,19,19,0.0,0.0,0.16817922405261626,0/19 (0.00%; 95% CI 0.00–16.82%),0.10526315789473684,0.02935856029887013,0.31394082711109006,2/19 (10.53%; 95% CI 2.94–31.39%),0.10526315789473684,0.02935856029887013,0.31394082711109006,2/19 (10.53%; 95% CI 2.94–31.39%),0.7894736842105263,0.5666572155618583,0.9149232336708375,15/19 (78.95%; 95% CI 56.67–91.49%),1.0,0.8318207759473837,1.0,19/19 (100.00%; 95% CI 83.18–100.00%)
crowdbot,qwen,appfr,H14,14,5,2,0,15,2,19,19,0.0,0.0,0.16817922405261626,0/19 (0.00%; 95% CI 0.00–16.82%),0.10526315789473684,0.02935856029887013,0.31394082711109006,2/19 (10.53%; 95% CI 2.94–31.39%),0.10526315789473684,0.02935856029887013,0.31394082711109006,2/19 (10.53%; 95% CI 2.94–31.39%),0.7894736842105263,0.5666572155618583,0.9149232336708375,15/19 (78.95%; 95% CI 56.67–91.49%),1.0,0.8318207759473837,1.0,19/19 (100.00%; 95% CI 83.18–100.00%)
crowdbot,qwen,appfr,H16,16,1,0,0,17,2,19,19,0.0,0.0,0.16817922405261626,0/19 (0.00%; 95% CI 0.00–16.82%),0.10526315789473684,0.02935856029887013,0.31394082711109006,2/19 (10.53%; 95% CI 2.94–31.39%),0.0,0.0,0.16817922405261626,0/19 (0.00%; 95% CI 0.00–16.82%),0.8947368421052632,0.6860591728889099,0.9706414397011299,17/19 (89.47%; 95% CI 68.61–97.06%),1.0,0.8318207759473837,1.0,19/19 (100.00%; 95% CI 83.18–100.00%)
crowdbot,qwen,appfr,H16,16,2,0,0,17,2,19,19,0.0,0.0,0.16817922405261626,0/19 (0.00%; 95% CI 0.00–16.82%),0.10526315789473684,0.02935856029887013,0.31394082711109006,2/19 (10.53%; 95% CI 2.94–31.39%),0.0,0.0,0.16817922405261626,0/19 (0.00%; 95% CI 0.00–16.82%),0.8947368421052632,0.6860591728889099,0.9706414397011299,17/19 (89.47%; 95% CI 68.61–97.06%),1.0,0.8318207759473837,1.0,19/19 (100.00%; 95% CI 83.18–100.00%)
crowdbot,qwen,appfr,H16,16,3,1,0,16,2,19,19,0.0,0.0,0.16817922405261626,0/19 (0.00%; 95% CI 0.00–16.82%),0.10526315789473684,0.02935856029887013,0.31394082711109006,2/19 (10.53%; 95% CI 2.94–31.39%),0.05263157894736842,0.009351994062300362,0.24638731166898786,1/19 (5.26%; 95% CI 0.94–24.64%),0.8421052631578947,0.6243452472967093,0.9447952836146585,16/19 (84.21%; 95% CI 62.43–94.48%),1.0,0.8318207759473837,1.0,19/19 (100.00%; 95% CI 83.18–100.00%)
crowdbot,qwen,appfr,H16,16,4,2,0,15,2,19,19,0.0,0.0,0.16817922405261626,0/19 (0.00%; 95% CI 0.00–16.82%),0.10526315789473684,0.02935856029887013,0.31394082711109006,2/19 (10.53%; 95% CI 2.94–31.39%),0.10526315789473684,0.02935856029887013,0.31394082711109006,2/19 (10.53%; 95% CI 2.94–31.39%),0.7894736842105263,0.5666572155618583,0.9149232336708375,15/19 (78.95%; 95% CI 56.67–91.49%),1.0,0.8318207759473837,1.0,19/19 (100.00%; 95% CI 83.18–100.00%)
crowdbot,qwen,appfr,H16,16,5,2,0,15,2,19,19,0.0,0.0,0.16817922405261626,0/19 (0.00%; 95% CI 0.00–16.82%),0.10526315789473684,0.02935856029887013,0.31394082711109006,2/19 (10.53%; 95% CI 2.94–31.39%),0.10526315789473684,0.02935856029887013,0.31394082711109006,2/19 (10.53%; 95% CI 2.94–31.39%),0.7894736842105263,0.5666572155618583,0.9149232336708375,15/19 (78.95%; 95% CI 56.67–91.49%),1.0,0.8318207759473837,1.0,19/19 (100.00%; 95% CI 83.18–100.00%)
crowdbot,qwen,appfr,H18,18,1,0,0,17,2,19,19,0.0,0.0,0.16817922405261626,0/19 (0.00%; 95% CI 0.00–16.82%),0.10526315789473684,0.02935856029887013,0.31394082711109006,2/19 (10.53%; 95% CI 2.94–31.39%),0.0,0.0,0.16817922405261626,0/19 (0.00%; 95% CI 0.00–16.82%),0.8947368421052632,0.6860591728889099,0.9706414397011299,17/19 (89.47%; 95% CI 68.61–97.06%),1.0,0.8318207759473837,1.0,19/19 (100.00%; 95% CI 83.18–100.00%)
crowdbot,qwen,appfr,H18,18,2,0,0,17,2,19,19,0.0,0.0,0.16817922405261626,0/19 (0.00%; 95% CI 0.00–16.82%),0.10526315789473684,0.02935856029887013,0.31394082711109006,2/19 (10.53%; 95% CI 2.94–31.39%),0.0,0.0,0.16817922405261626,0/19 (0.00%; 95% CI 0.00–16.82%),0.8947368421052632,0.6860591728889099,0.9706414397011299,17/19 (89.47%; 95% CI 68.61–97.06%),1.0,0.8318207759473837,1.0,19/19 (100.00%; 95% CI 83.18–100.00%)
crowdbot,qwen,appfr,H18,18,3,1,0,16,2,19,19,0.0,0.0,0.16817922405261626,0/19 (0.00%; 95% CI 0.00–16.82%),0.10526315789473684,0.02935856029887013,0.31394082711109006,2/19 (10.53%; 95% CI 2.94–31.39%),0.05263157894736842,0.009351994062300362,0.24638731166898786,1/19 (5.26%; 95% CI 0.94–24.64%),0.8421052631578947,0.6243452472967093,0.9447952836146585,16/19 (84.21%; 95% CI 62.43–94.48%),1.0,0.8318207759473837,1.0,19/19 (100.00%; 95% CI 83.18–100.00%)
crowdbot,qwen,appfr,H18,18,4,2,0,15,2,19,19,0.0,0.0,0.16817922405261626,0/19 (0.00%; 95% CI 0.00–16.82%),0.10526315789473684,0.02935856029887013,0.31394082711109006,2/19 (10.53%; 95% CI 2.94–31.39%),0.10526315789473684,0.02935856029887013,0.31394082711109006,2/19 (10.53%; 95% CI 2.94–31.39%),0.7894736842105263,0.5666572155618583,0.9149232336708375,15/19 (78.95%; 95% CI 56.67–91.49%),1.0,0.8318207759473837,1.0,19/19 (100.00%; 95% CI 83.18–100.00%)
crowdbot,qwen,appfr,H18,18,5,2,0,15,2,19,19,0.0,0.0,0.16817922405261626,0/19 (0.00%; 95% CI 0.00–16.82%),0.10526315789473684,0.02935856029887013,0.31394082711109006,2/19 (10.53%; 95% CI 2.94–31.39%),0.10526315789473684,0.02935856029887013,0.31394082711109006,2/19 (10.53%; 95% CI 2.94–31.39%),0.7894736842105263,0.5666572155618583,0.9149232336708375,15/19 (78.95%; 95% CI 56.67–91.49%),1.0,0.8318207759473837,1.0,19/19 (100.00%; 95% CI 83.18–100.00%)
crowdbot,qwen,appfr,H20,20,1,0,0,17,2,19,19,0.0,0.0,0.16817922405261626,0/19 (0.00%; 95% CI 0.00–16.82%),0.10526315789473684,0.02935856029887013,0.31394082711109006,2/19 (10.53%; 95% CI 2.94–31.39%),0.0,0.0,0.16817922405261626,0/19 (0.00%; 95% CI 0.00–16.82%),0.8947368421052632,0.6860591728889099,0.9706414397011299,17/19 (89.47%; 95% CI 68.61–97.06%),1.0,0.8318207759473837,1.0,19/19 (100.00%; 95% CI 83.18–100.00%)
crowdbot,qwen,appfr,H20,20,2,0,0,17,2,19,19,0.0,0.0,0.16817922405261626,0/19 (0.00%; 95% CI 0.00–16.82%),0.10526315789473684,0.02935856029887013,0.31394082711109006,2/19 (10.53%; 95% CI 2.94–31.39%),0.0,0.0,0.16817922405261626,0/19 (0.00%; 95% CI 0.00–16.82%),0.8947368421052632,0.6860591728889099,0.9706414397011299,17/19 (89.47%; 95% CI 68.61–97.06%),1.0,0.8318207759473837,1.0,19/19 (100.00%; 95% CI 83.18–100.00%)
crowdbot,qwen,appfr,H20,20,3,1,0,16,2,19,19,0.0,0.0,0.16817922405261626,0/19 (0.00%; 95% CI 0.00–16.82%),0.10526315789473684,0.02935856029887013,0.31394082711109006,2/19 (10.53%; 95% CI 2.94–31.39%),0.05263157894736842,0.009351994062300362,0.24638731166898786,1/19 (5.26%; 95% CI 0.94–24.64%),0.8421052631578947,0.6243452472967093,0.9447952836146585,16/19 (84.21%; 95% CI 62.43–94.48%),1.0,0.8318207759473837,1.0,19/19 (100.00%; 95% CI 83.18–100.00%)
crowdbot,qwen,appfr,H20,20,4,2,0,15,2,19,19,0.0,0.0,0.16817922405261626,0/19 (0.00%; 95% CI 0.00–16.82%),0.10526315789473684,0.02935856029887013,0.31394082711109006,2/19 (10.53%; 95% CI 2.94–31.39%),0.10526315789473684,0.02935856029887013,0.31394082711109006,2/19 (10.53%; 95% CI 2.94–31.39%),0.7894736842105263,0.5666572155618583,0.9149232336708375,15/19 (78.95%; 95% CI 56.67–91.49%),1.0,0.8318207759473837,1.0,19/19 (100.00%; 95% CI 83.18–100.00%)
crowdbot,qwen,appfr,H20,20,5,2,0,15,2,19,19,0.0,0.0,0.16817922405261626,0/19 (0.00%; 95% CI 0.00–16.82%),0.10526315789473684,0.02935856029887013,0.31394082711109006,2/19 (10.53%; 95% CI 2.94–31.39%),0.10526315789473684,0.02935856029887013,0.31394082711109006,2/19 (10.53%; 95% CI 2.94–31.39%),0.7894736842105263,0.5666572155618583,0.9149232336708375,15/19 (78.95%; 95% CI 56.67–91.49%),1.0,0.8318207759473837,1.0,19/19 (100.00%; 95% CI 83.18–100.00%)
crowdbot,qwen,appfr,H22,22,1,0,0,17,2,19,19,0.0,0.0,0.16817922405261626,0/19 (0.00%; 95% CI 0.00–16.82%),0.10526315789473684,0.02935856029887013,0.31394082711109006,2/19 (10.53%; 95% CI 2.94–31.39%),0.0,0.0,0.16817922405261626,0/19 (0.00%; 95% CI 0.00–16.82%),0.8947368421052632,0.6860591728889099,0.9706414397011299,17/19 (89.47%; 95% CI 68.61–97.06%),1.0,0.8318207759473837,1.0,19/19 (100.00%; 95% CI 83.18–100.00%)
crowdbot,qwen,appfr,H22,22,2,0,0,17,2,19,19,0.0,0.0,0.16817922405261626,0/19 (0.00%; 95% CI 0.00–16.82%),0.10526315789473684,0.02935856029887013,0.31394082711109006,2/19 (10.53%; 95% CI 2.94–31.39%),0.0,0.0,0.16817922405261626,0/19 (0.00%; 95% CI 0.00–16.82%),0.8947368421052632,0.6860591728889099,0.9706414397011299,17/19 (89.47%; 95% CI 68.61–97.06%),1.0,0.8318207759473837,1.0,19/19 (100.00%; 95% CI 83.18–100.00%)
crowdbot,qwen,appfr,H22,22,3,1,0,16,2,19,19,0.0,0.0,0.16817922405261626,0/19 (0.00%; 95% CI 0.00–16.82%),0.10526315789473684,0.02935856029887013,0.31394082711109006,2/19 (10.53%; 95% CI 2.94–31.39%),0.05263157894736842,0.009351994062300362,0.24638731166898786,1/19 (5.26%; 95% CI 0.94–24.64%),0.8421052631578947,0.6243452472967093,0.9447952836146585,16/19 (84.21%; 95% CI 62.43–94.48%),1.0,0.8318207759473837,1.0,19/19 (100.00%; 95% CI 83.18–100.00%)
crowdbot,qwen,appfr,H22,22,4,2,0,15,2,19,19,0.0,0.0,0.16817922405261626,0/19 (0.00%; 95% CI 0.00–16.82%),0.10526315789473684,0.02935856029887013,0.31394082711109006,2/19 (10.53%; 95% CI 2.94–31.39%),0.10526315789473684,0.02935856029887013,0.31394082711109006,2/19 (10.53%; 95% CI 2.94–31.39%),0.7894736842105263,0.5666572155618583,0.9149232336708375,15/19 (78.95%; 95% CI 56.67–91.49%),1.0,0.8318207759473837,1.0,19/19 (100.00%; 95% CI 83.18–100.00%)
crowdbot,qwen,appfr,H22,22,5,2,0,15,2,19,19,0.0,0.0,0.16817922405261626,0/19 (0.00%; 95% CI 0.00–16.82%),0.10526315789473684,0.02935856029887013,0.31394082711109006,2/19 (10.53%; 95% CI 2.94–31.39%),0.10526315789473684,0.02935856029887013,0.31394082711109006,2/19 (10.53%; 95% CI 2.94–31.39%),0.7894736842105263,0.5666572155618583,0.9149232336708375,15/19 (78.95%; 95% CI 56.67–91.49%),1.0,0.8318207759473837,1.0,19/19 (100.00%; 95% CI 83.18–100.00%)
crowdbot,qwen,appfr,H24,24,1,0,0,17,2,19,19,0.0,0.0,0.16817922405261626,0/19 (0.00%; 95% CI 0.00–16.82%),0.10526315789473684,0.02935856029887013,0.31394082711109006,2/19 (10.53%; 95% CI 2.94–31.39%),0.0,0.0,0.16817922405261626,0/19 (0.00%; 95% CI 0.00–16.82%),0.8947368421052632,0.6860591728889099,0.9706414397011299,17/19 (89.47%; 95% CI 68.61–97.06%),1.0,0.8318207759473837,1.0,19/19 (100.00%; 95% CI 83.18–100.00%)
crowdbot,qwen,appfr,H24,24,2,0,0,17,2,19,19,0.0,0.0,0.16817922405261626,0/19 (0.00%; 95% CI 0.00–16.82%),0.10526315789473684,0.02935856029887013,0.31394082711109006,2/19 (10.53%; 95% CI 2.94–31.39%),0.0,0.0,0.16817922405261626,0/19 (0.00%; 95% CI 0.00–16.82%),0.8947368421052632,0.6860591728889099,0.9706414397011299,17/19 (89.47%; 95% CI 68.61–97.06%),1.0,0.8318207759473837,1.0,19/19 (100.00%; 95% CI 83.18–100.00%)
crowdbot,qwen,appfr,H24,24,3,1,0,16,2,19,19,0.0,0.0,0.16817922405261626,0/19 (0.00%; 95% CI 0.00–16.82%),0.10526315789473684,0.02935856029887013,0.31394082711109006,2/19 (10.53%; 95% CI 2.94–31.39%),0.05263157894736842,0.009351994062300362,0.24638731166898786,1/19 (5.26%; 95% CI 0.94–24.64%),0.8421052631578947,0.6243452472967093,0.9447952836146585,16/19 (84.21%; 95% CI 62.43–94.48%),1.0,0.8318207759473837,1.0,19/19 (100.00%; 95% CI 83.18–100.00%)
crowdbot,qwen,appfr,H24,24,4,2,0,15,2,19,19,0.0,0.0,0.16817922405261626,0/19 (0.00%; 95% CI 0.00–16.82%),0.10526315789473684,0.02935856029887013,0.31394082711109006,2/19 (10.53%; 95% CI 2.94–31.39%),0.10526315789473684,0.02935856029887013,0.31394082711109006,2/19 (10.53%; 95% CI 2.94–31.39%),0.7894736842105263,0.5666572155618583,0.9149232336708375,15/19 (78.95%; 95% CI 56.67–91.49%),1.0,0.8318207759473837,1.0,19/19 (100.00%; 95% CI 83.18–100.00%)
crowdbot,qwen,appfr,H24,24,5,2,0,15,2,19,19,0.0,0.0,0.16817922405261626,0/19 (0.00%; 95% CI 0.00–16.82%),0.10526315789473684,0.02935856029887013,0.31394082711109006,2/19 (10.53%; 95% CI 2.94–31.39%),0.10526315789473684,0.02935856029887013,0.31394082711109006,2/19 (10.53%; 95% CI 2.94–31.39%),0.7894736842105263,0.5666572155618583,0.9149232336708375,15/19 (78.95%; 95% CI 56.67–91.49%),1.0,0.8318207759473837,1.0,19/19 (100.00%; 95% CI 83.18–100.00%)
crowdbot,qwen,appfr,H26,26,1,0,0,17,2,19,19,0.0,0.0,0.16817922405261626,0/19 (0.00%; 95% CI 0.00–16.82%),0.10526315789473684,0.02935856029887013,0.31394082711109006,2/19 (10.53%; 95% CI 2.94–31.39%),0.0,0.0,0.16817922405261626,0/19 (0.00%; 95% CI 0.00–16.82%),0.8947368421052632,0.6860591728889099,0.9706414397011299,17/19 (89.47%; 95% CI 68.61–97.06%),1.0,0.8318207759473837,1.0,19/19 (100.00%; 95% CI 83.18–100.00%)
crowdbot,qwen,appfr,H26,26,2,0,0,17,2,19,19,0.0,0.0,0.16817922405261626,0/19 (0.00%; 95% CI 0.00–16.82%),0.10526315789473684,0.02935856029887013,0.31394082711109006,2/19 (10.53%; 95% CI 2.94–31.39%),0.0,0.0,0.16817922405261626,0/19 (0.00%; 95% CI 0.00–16.82%),0.8947368421052632,0.6860591728889099,0.9706414397011299,17/19 (89.47%; 95% CI 68.61–97.06%),1.0,0.8318207759473837,1.0,19/19 (100.00%; 95% CI 83.18–100.00%)
crowdbot,qwen,appfr,H26,26,3,1,0,16,2,19,19,0.0,0.0,0.16817922405261626,0/19 (0.00%; 95% CI 0.00–16.82%),0.10526315789473684,0.02935856029887013,0.31394082711109006,2/19 (10.53%; 95% CI 2.94–31.39%),0.05263157894736842,0.009351994062300362,0.24638731166898786,1/19 (5.26%; 95% CI 0.94–24.64%),0.8421052631578947,0.6243452472967093,0.9447952836146585,16/19 (84.21%; 95% CI 62.43–94.48%),1.0,0.8318207759473837,1.0,19/19 (100.00%; 95% CI 83.18–100.00%)
crowdbot,qwen,appfr,H26,26,4,2,0,15,2,19,19,0.0,0.0,0.16817922405261626,0/19 (0.00%; 95% CI 0.00–16.82%),0.10526315789473684,0.02935856029887013,0.31394082711109006,2/19 (10.53%; 95% CI 2.94–31.39%),0.10526315789473684,0.02935856029887013,0.31394082711109006,2/19 (10.53%; 95% CI 2.94–31.39%),0.7894736842105263,0.5666572155618583,0.9149232336708375,15/19 (78.95%; 95% CI 56.67–91.49%),1.0,0.8318207759473837,1.0,19/19 (100.00%; 95% CI 83.18–100.00%)
crowdbot,qwen,appfr,H26,26,5,2,0,15,2,19,19,0.0,0.0,0.16817922405261626,0/19 (0.00%; 95% CI 0.00–16.82%),0.10526315789473684,0.02935856029887013,0.31394082711109006,2/19 (10.53%; 95% CI 2.94–31.39%),0.10526315789473684,0.02935856029887013,0.31394082711109006,2/19 (10.53%; 95% CI 2.94–31.39%),0.7894736842105263,0.5666572155618583,0.9149232336708375,15/19 (78.95%; 95% CI 56.67–91.49%),1.0,0.8318207759473837,1.0,19/19 (100.00%; 95% CI 83.18–100.00%)
crowdbot,qwen,appfr,H28,28,1,0,0,17,2,19,19,0.0,0.0,0.16817922405261626,0/19 (0.00%; 95% CI 0.00–16.82%),0.10526315789473684,0.02935856029887013,0.31394082711109006,2/19 (10.53%; 95% CI 2.94–31.39%),0.0,0.0,0.16817922405261626,0/19 (0.00%; 95% CI 0.00–16.82%),0.8947368421052632,0.6860591728889099,0.9706414397011299,17/19 (89.47%; 95% CI 68.61–97.06%),1.0,0.8318207759473837,1.0,19/19 (100.00%; 95% CI 83.18–100.00%)
crowdbot,qwen,appfr,H28,28,2,0,0,17,2,19,19,0.0,0.0,0.16817922405261626,0/19 (0.00%; 95% CI 0.00–16.82%),0.10526315789473684,0.02935856029887013,0.31394082711109006,2/19 (10.53%; 95% CI 2.94–31.39%),0.0,0.0,0.16817922405261626,0/19 (0.00%; 95% CI 0.00–16.82%),0.8947368421052632,0.6860591728889099,0.9706414397011299,17/19 (89.47%; 95% CI 68.61–97.06%),1.0,0.8318207759473837,1.0,19/19 (100.00%; 95% CI 83.18–100.00%)
crowdbot,qwen,appfr,H28,28,3,1,0,16,2,19,19,0.0,0.0,0.16817922405261626,0/19 (0.00%; 95% CI 0.00–16.82%),0.10526315789473684,0.02935856029887013,0.31394082711109006,2/19 (10.53%; 95% CI 2.94–31.39%),0.05263157894736842,0.009351994062300362,0.24638731166898786,1/19 (5.26%; 95% CI 0.94–24.64%),0.8421052631578947,0.6243452472967093,0.9447952836146585,16/19 (84.21%; 95% CI 62.43–94.48%),1.0,0.8318207759473837,1.0,19/19 (100.00%; 95% CI 83.18–100.00%)
crowdbot,qwen,appfr,H28,28,4,2,0,15,2,19,19,0.0,0.0,0.16817922405261626,0/19 (0.00%; 95% CI 0.00–16.82%),0.10526315789473684,0.02935856029887013,0.31394082711109006,2/19 (10.53%; 95% CI 2.94–31.39%),0.10526315789473684,0.02935856029887013,0.31394082711109006,2/19 (10.53%; 95% CI 2.94–31.39%),0.7894736842105263,0.5666572155618583,0.9149232336708375,15/19 (78.95%; 95% CI 56.67–91.49%),1.0,0.8318207759473837,1.0,19/19 (100.00%; 95% CI 83.18–100.00%)
crowdbot,qwen,appfr,H28,28,5,2,0,15,2,19,19,0.0,0.0,0.16817922405261626,0/19 (0.00%; 95% CI 0.00–16.82%),0.10526315789473684,0.02935856029887013,0.31394082711109006,2/19 (10.53%; 95% CI 2.94–31.39%),0.10526315789473684,0.02935856029887013,0.31394082711109006,2/19 (10.53%; 95% CI 2.94–31.39%),0.7894736842105263,0.5666572155618583,0.9149232336708375,15/19 (78.95%; 95% CI 56.67–91.49%),1.0,0.8318207759473837,1.0,19/19 (100.00%; 95% CI 83.18–100.00%)
crowdbot,qwen,appfr,H30,30,1,0,0,17,2,19,19,0.0,0.0,0.16817922405261626,0/19 (0.00%; 95% CI 0.00–16.82%),0.10526315789473684,0.02935856029887013,0.31394082711109006,2/19 (10.53%; 95% CI 2.94–31.39%),0.0,0.0,0.16817922405261626,0/19 (0.00%; 95% CI 0.00–16.82%),0.8947368421052632,0.6860591728889099,0.9706414397011299,17/19 (89.47%; 95% CI 68.61–97.06%),1.0,0.8318207759473837,1.0,19/19 (100.00%; 95% CI 83.18–100.00%)
crowdbot,qwen,appfr,H30,30,2,0,0,17,2,19,19,0.0,0.0,0.16817922405261626,0/19 (0.00%; 95% CI 0.00–16.82%),0.10526315789473684,0.02935856029887013,0.31394082711109006,2/19 (10.53%; 95% CI 2.94–31.39%),0.0,0.0,0.16817922405261626,0/19 (0.00%; 95% CI 0.00–16.82%),0.8947368421052632,0.6860591728889099,0.9706414397011299,17/19 (89.47%; 95% CI 68.61–97.06%),1.0,0.8318207759473837,1.0,19/19 (100.00%; 95% CI 83.18–100.00%)
crowdbot,qwen,appfr,H30,30,3,1,0,16,2,19,19,0.0,0.0,0.16817922405261626,0/19 (0.00%; 95% CI 0.00–16.82%),0.10526315789473684,0.02935856029887013,0.31394082711109006,2/19 (10.53%; 95% CI 2.94–31.39%),0.05263157894736842,0.009351994062300362,0.24638731166898786,1/19 (5.26%; 95% CI 0.94–24.64%),0.8421052631578947,0.6243452472967093,0.9447952836146585,16/19 (84.21%; 95% CI 62.43–94.48%),1.0,0.8318207759473837,1.0,19/19 (100.00%; 95% CI 83.18–100.00%)
crowdbot,qwen,appfr,H30,30,4,2,0,15,2,19,19,0.0,0.0,0.16817922405261626,0/19 (0.00%; 95% CI 0.00–16.82%),0.10526315789473684,0.02935856029887013,0.31394082711109006,2/19 (10.53%; 95% CI 2.94–31.39%),0.10526315789473684,0.02935856029887013,0.31394082711109006,2/19 (10.53%; 95% CI 2.94–31.39%),0.7894736842105263,0.5666572155618583,0.9149232336708375,15/19 (78.95%; 95% CI 56.67–91.49%),1.0,0.8318207759473837,1.0,19/19 (100.00%; 95% CI 83.18–100.00%)
crowdbot,qwen,appfr,H30,30,5,2,0,15,2,19,19,0.0,0.0,0.16817922405261626,0/19 (0.00%; 95% CI 0.00–16.82%),0.10526315789473684,0.02935856029887013,0.31394082711109006,2/19 (10.53%; 95% CI 2.94–31.39%),0.10526315789473684,0.02935856029887013,0.31394082711109006,2/19 (10.53%; 95% CI 2.94–31.39%),0.7894736842105263,0.5666572155618583,0.9149232336708375,15/19 (78.95%; 95% CI 56.67–91.49%),1.0,0.8318207759473837,1.0,19/19 (100.00%; 95% CI 83.18–100.00%)
crowdbot,qwen,appfr,H32,32,1,0,0,17,2,19,19,0.0,0.0,0.16817922405261626,0/19 (0.00%; 95% CI 0.00–16.82%),0.10526315789473684,0.02935856029887013,0.31394082711109006,2/19 (10.53%; 95% CI 2.94–31.39%),0.0,0.0,0.16817922405261626,0/19 (0.00%; 95% CI 0.00–16.82%),0.8947368421052632,0.6860591728889099,0.9706414397011299,17/19 (89.47%; 95% CI 68.61–97.06%),1.0,0.8318207759473837,1.0,19/19 (100.00%; 95% CI 83.18–100.00%)
crowdbot,qwen,appfr,H32,32,2,0,0,17,2,19,19,0.0,0.0,0.16817922405261626,0/19 (0.00%; 95% CI 0.00–16.82%),0.10526315789473684,0.02935856029887013,0.31394082711109006,2/19 (10.53%; 95% CI 2.94–31.39%),0.0,0.0,0.16817922405261626,0/19 (0.00%; 95% CI 0.00–16.82%),0.8947368421052632,0.6860591728889099,0.9706414397011299,17/19 (89.47%; 95% CI 68.61–97.06%),1.0,0.8318207759473837,1.0,19/19 (100.00%; 95% CI 83.18–100.00%)
crowdbot,qwen,appfr,H32,32,3,1,0,16,2,19,19,0.0,0.0,0.16817922405261626,0/19 (0.00%; 95% CI 0.00–16.82%),0.10526315789473684,0.02935856029887013,0.31394082711109006,2/19 (10.53%; 95% CI 2.94–31.39%),0.05263157894736842,0.009351994062300362,0.24638731166898786,1/19 (5.26%; 95% CI 0.94–24.64%),0.8421052631578947,0.6243452472967093,0.9447952836146585,16/19 (84.21%; 95% CI 62.43–94.48%),1.0,0.8318207759473837,1.0,19/19 (100.00%; 95% CI 83.18–100.00%)
crowdbot,qwen,appfr,H32,32,4,2,0,15,2,19,19,0.0,0.0,0.16817922405261626,0/19 (0.00%; 95% CI 0.00–16.82%),0.10526315789473684,0.02935856029887013,0.31394082711109006,2/19 (10.53%; 95% CI 2.94–31.39%),0.10526315789473684,0.02935856029887013,0.31394082711109006,2/19 (10.53%; 95% CI 2.94–31.39%),0.7894736842105263,0.5666572155618583,0.9149232336708375,15/19 (78.95%; 95% CI 56.67–91.49%),1.0,0.8318207759473837,1.0,19/19 (100.00%; 95% CI 83.18–100.00%)
crowdbot,qwen,appfr,H32,32,5,2,0,15,2,19,19,0.0,0.0,0.16817922405261626,0/19 (0.00%; 95% CI 0.00–16.82%),0.10526315789473684,0.02935856029887013,0.31394082711109006,2/19 (10.53%; 95% CI 2.94–31.39%),0.10526315789473684,0.02935856029887013,0.31394082711109006,2/19 (10.53%; 95% CI 2.94–31.39%),0.7894736842105263,0.5666572155618583,0.9149232336708375,15/19 (78.95%; 95% CI 56.67–91.49%),1.0,0.8318207759473837,1.0,19/19 (100.00%; 95% CI 83.18–100.00%)
crowdbot,qwen,appod,H02,2,1,0,0,17,2,19,19,0.0,0.0,0.16817922405261626,0/19 (0.00%; 95% CI 0.00–16.82%),0.10526315789473684,0.02935856029887013,0.31394082711109006,2/19 (10.53%; 95% CI 2.94–31.39%),0.0,0.0,0.16817922405261626,0/19 (0.00%; 95% CI 0.00–16.82%),0.8947368421052632,0.6860591728889099,0.9706414397011299,17/19 (89.47%; 95% CI 68.61–97.06%),1.0,0.8318207759473837,1.0,19/19 (100.00%; 95% CI 83.18–100.00%)
crowdbot,qwen,appod,H02,2,2,0,0,17,2,19,19,0.0,0.0,0.16817922405261626,0/19 (0.00%; 95% CI 0.00–16.82%),0.10526315789473684,0.02935856029887013,0.31394082711109006,2/19 (10.53%; 95% CI 2.94–31.39%),0.0,0.0,0.16817922405261626,0/19 (0.00%; 95% CI 0.00–16.82%),0.8947368421052632,0.6860591728889099,0.9706414397011299,17/19 (89.47%; 95% CI 68.61–97.06%),1.0,0.8318207759473837,1.0,19/19 (100.00%; 95% CI 83.18–100.00%)
crowdbot,qwen,appod,H02,2,3,2,0,15,2,19,19,0.0,0.0,0.16817922405261626,0/19 (0.00%; 95% CI 0.00–16.82%),0.10526315789473684,0.02935856029887013,0.31394082711109006,2/19 (10.53%; 95% CI 2.94–31.39%),0.10526315789473684,0.02935856029887013,0.31394082711109006,2/19 (10.53%; 95% CI 2.94–31.39%),0.7894736842105263,0.5666572155618583,0.9149232336708375,15/19 (78.95%; 95% CI 56.67–91.49%),1.0,0.8318207759473837,1.0,19/19 (100.00%; 95% CI 83.18–100.00%)
crowdbot,qwen,appod,H02,2,4,2,0,15,2,19,19,0.0,0.0,0.16817922405261626,0/19 (0.00%; 95% CI 0.00–16.82%),0.10526315789473684,0.02935856029887013,0.31394082711109006,2/19 (10.53%; 95% CI 2.94–31.39%),0.10526315789473684,0.02935856029887013,0.31394082711109006,2/19 (10.53%; 95% CI 2.94–31.39%),0.7894736842105263,0.5666572155618583,0.9149232336708375,15/19 (78.95%; 95% CI 56.67–91.49%),1.0,0.8318207759473837,1.0,19/19 (100.00%; 95% CI 83.18–100.00%)
crowdbot,qwen,appod,H02,2,5,2,0,15,2,19,19,0.0,0.0,0.16817922405261626,0/19 (0.00%; 95% CI 0.00–16.82%),0.10526315789473684,0.02935856029887013,0.31394082711109006,2/19 (10.53%; 95% CI 2.94–31.39%),0.10526315789473684,0.02935856029887013,0.31394082711109006,2/19 (10.53%; 95% CI 2.94–31.39%),0.7894736842105263,0.5666572155618583,0.9149232336708375,15/19 (78.95%; 95% CI 56.67–91.49%),1.0,0.8318207759473837,1.0,19/19 (100.00%; 95% CI 83.18–100.00%)
crowdbot,qwen,appod,H04,4,1,0,1,17,1,19,18,0.05263157894736842,0.009351994062300362,0.24638731166898786,1/19 (5.26%; 95% CI 0.94–24.64%),0.05263157894736842,0.009351994062300362,0.24638731166898786,1/19 (5.26%; 95% CI 0.94–24.64%),0.0,0.0,0.16817922405261626,0/19 (0.00%; 95% CI 0.00–16.82%),0.8947368421052632,0.6860591728889099,0.9706414397011299,17/19 (89.47%; 95% CI 68.61–97.06%),0.9473684210526315,0.753612688331012,0.9906480059376995,18/19 (94.74%; 95% CI 75.36–99.06%)
crowdbot,qwen,appod,H04,4,2,0,1,17,1,19,18,0.05263157894736842,0.009351994062300362,0.24638731166898786,1/19 (5.26%; 95% CI 0.94–24.64%),0.05263157894736842,0.009351994062300362,0.24638731166898786,1/19 (5.26%; 95% CI 0.94–24.64%),0.0,0.0,0.16817922405261626,0/19 (0.00%; 95% CI 0.00–16.82%),0.8947368421052632,0.6860591728889099,0.9706414397011299,17/19 (89.47%; 95% CI 68.61–97.06%),0.9473684210526315,0.753612688331012,0.9906480059376995,18/19 (94.74%; 95% CI 75.36–99.06%)
crowdbot,qwen,appod,H04,4,3,1,1,16,1,19,18,0.05263157894736842,0.009351994062300362,0.24638731166898786,1/19 (5.26%; 95% CI 0.94–24.64%),0.05263157894736842,0.009351994062300362,0.24638731166898786,1/19 (5.26%; 95% CI 0.94–24.64%),0.05263157894736842,0.009351994062300362,0.24638731166898786,1/19 (5.26%; 95% CI 0.94–24.64%),0.8421052631578947,0.6243452472967093,0.9447952836146585,16/19 (84.21%; 95% CI 62.43–94.48%),0.9473684210526315,0.753612688331012,0.9906480059376995,18/19 (94.74%; 95% CI 75.36–99.06%)
crowdbot,qwen,appod,H04,4,4,2,1,15,1,19,18,0.05263157894736842,0.009351994062300362,0.24638731166898786,1/19 (5.26%; 95% CI 0.94–24.64%),0.05263157894736842,0.009351994062300362,0.24638731166898786,1/19 (5.26%; 95% CI 0.94–24.64%),0.10526315789473684,0.02935856029887013,0.31394082711109006,2/19 (10.53%; 95% CI 2.94–31.39%),0.7894736842105263,0.5666572155618583,0.9149232336708375,15/19 (78.95%; 95% CI 56.67–91.49%),0.9473684210526315,0.753612688331012,0.9906480059376995,18/19 (94.74%; 95% CI 75.36–99.06%)
crowdbot,qwen,appod,H04,4,5,2,1,15,1,19,18,0.05263157894736842,0.009351994062300362,0.24638731166898786,1/19 (5.26%; 95% CI 0.94–24.64%),0.05263157894736842,0.009351994062300362,0.24638731166898786,1/19 (5.26%; 95% CI 0.94–24.64%),0.10526315789473684,0.02935856029887013,0.31394082711109006,2/19 (10.53%; 95% CI 2.94–31.39%),0.7894736842105263,0.5666572155618583,0.9149232336708375,15/19 (78.95%; 95% CI 56.67–91.49%),0.9473684210526315,0.753612688331012,0.9906480059376995,18/19 (94.74%; 95% CI 75.36–99.06%)
crowdbot,qwen,appod,H06,6,1,0,1,17,1,19,18,0.05263157894736842,0.009351994062300362,0.24638731166898786,1/19 (5.26%; 95% CI 0.94–24.64%),0.05263157894736842,0.009351994062300362,0.24638731166898786,1/19 (5.26%; 95% CI 0.94–24.64%),0.0,0.0,0.16817922405261626,0/19 (0.00%; 95% CI 0.00–16.82%),0.8947368421052632,0.6860591728889099,0.9706414397011299,17/19 (89.47%; 95% CI 68.61–97.06%),0.9473684210526315,0.753612688331012,0.9906480059376995,18/19 (94.74%; 95% CI 75.36–99.06%)
crowdbot,qwen,appod,H06,6,2,0,1,17,1,19,18,0.05263157894736842,0.009351994062300362,0.24638731166898786,1/19 (5.26%; 95% CI 0.94–24.64%),0.05263157894736842,0.009351994062300362,0.24638731166898786,1/19 (5.26%; 95% CI 0.94–24.64%),0.0,0.0,0.16817922405261626,0/19 (0.00%; 95% CI 0.00–16.82%),0.8947368421052632,0.6860591728889099,0.9706414397011299,17/19 (89.47%; 95% CI 68.61–97.06%),0.9473684210526315,0.753612688331012,0.9906480059376995,18/19 (94.74%; 95% CI 75.36–99.06%)
crowdbot,qwen,appod,H06,6,3,1,1,16,1,19,18,0.05263157894736842,0.009351994062300362,0.24638731166898786,1/19 (5.26%; 95% CI 0.94–24.64%),0.05263157894736842,0.009351994062300362,0.24638731166898786,1/19 (5.26%; 95% CI 0.94–24.64%),0.05263157894736842,0.009351994062300362,0.24638731166898786,1/19 (5.26%; 95% CI 0.94–24.64%),0.8421052631578947,0.6243452472967093,0.9447952836146585,16/19 (84.21%; 95% CI 62.43–94.48%),0.9473684210526315,0.753612688331012,0.9906480059376995,18/19 (94.74%; 95% CI 75.36–99.06%)
crowdbot,qwen,appod,H06,6,4,2,1,15,1,19,18,0.05263157894736842,0.009351994062300362,0.24638731166898786,1/19 (5.26%; 95% CI 0.94–24.64%),0.05263157894736842,0.009351994062300362,0.24638731166898786,1/19 (5.26%; 95% CI 0.94–24.64%),0.10526315789473684,0.02935856029887013,0.31394082711109006,2/19 (10.53%; 95% CI 2.94–31.39%),0.7894736842105263,0.5666572155618583,0.9149232336708375,15/19 (78.95%; 95% CI 56.67–91.49%),0.9473684210526315,0.753612688331012,0.9906480059376995,18/19 (94.74%; 95% CI 75.36–99.06%)
crowdbot,qwen,appod,H06,6,5,2,1,15,1,19,18,0.05263157894736842,0.009351994062300362,0.24638731166898786,1/19 (5.26%; 95% CI 0.94–24.64%),0.05263157894736842,0.009351994062300362,0.24638731166898786,1/19 (5.26%; 95% CI 0.94–24.64%),0.10526315789473684,0.02935856029887013,0.31394082711109006,2/19 (10.53%; 95% CI 2.94–31.39%),0.7894736842105263,0.5666572155618583,0.9149232336708375,15/19 (78.95%; 95% CI 56.67–91.49%),0.9473684210526315,0.753612688331012,0.9906480059376995,18/19 (94.74%; 95% CI 75.36–99.06%)
crowdbot,qwen,appod,H08,8,1,0,1,17,1,19,18,0.05263157894736842,0.009351994062300362,0.24638731166898786,1/19 (5.26%; 95% CI 0.94–24.64%),0.05263157894736842,0.009351994062300362,0.24638731166898786,1/19 (5.26%; 95% CI 0.94–24.64%),0.0,0.0,0.16817922405261626,0/19 (0.00%; 95% CI 0.00–16.82%),0.8947368421052632,0.6860591728889099,0.9706414397011299,17/19 (89.47%; 95% CI 68.61–97.06%),0.9473684210526315,0.753612688331012,0.9906480059376995,18/19 (94.74%; 95% CI 75.36–99.06%)
crowdbot,qwen,appod,H08,8,2,0,1,17,1,19,18,0.05263157894736842,0.009351994062300362,0.24638731166898786,1/19 (5.26%; 95% CI 0.94–24.64%),0.05263157894736842,0.009351994062300362,0.24638731166898786,1/19 (5.26%; 95% CI 0.94–24.64%),0.0,0.0,0.16817922405261626,0/19 (0.00%; 95% CI 0.00–16.82%),0.8947368421052632,0.6860591728889099,0.9706414397011299,17/19 (89.47%; 95% CI 68.61–97.06%),0.9473684210526315,0.753612688331012,0.9906480059376995,18/19 (94.74%; 95% CI 75.36–99.06%)
crowdbot,qwen,appod,H08,8,3,1,1,16,1,19,18,0.05263157894736842,0.009351994062300362,0.24638731166898786,1/19 (5.26%; 95% CI 0.94–24.64%),0.05263157894736842,0.009351994062300362,0.24638731166898786,1/19 (5.26%; 95% CI 0.94–24.64%),0.05263157894736842,0.009351994062300362,0.24638731166898786,1/19 (5.26%; 95% CI 0.94–24.64%),0.8421052631578947,0.6243452472967093,0.9447952836146585,16/19 (84.21%; 95% CI 62.43–94.48%),0.9473684210526315,0.753612688331012,0.9906480059376995,18/19 (94.74%; 95% CI 75.36–99.06%)
crowdbot,qwen,appod,H08,8,4,2,1,15,1,19,18,0.05263157894736842,0.009351994062300362,0.24638731166898786,1/19 (5.26%; 95% CI 0.94–24.64%),0.05263157894736842,0.009351994062300362,0.24638731166898786,1/19 (5.26%; 95% CI 0.94–24.64%),0.10526315789473684,0.02935856029887013,0.31394082711109006,2/19 (10.53%; 95% CI 2.94–31.39%),0.7894736842105263,0.5666572155618583,0.9149232336708375,15/19 (78.95%; 95% CI 56.67–91.49%),0.9473684210526315,0.753612688331012,0.9906480059376995,18/19 (94.74%; 95% CI 75.36–99.06%)
crowdbot,qwen,appod,H08,8,5,2,1,15,1,19,18,0.05263157894736842,0.009351994062300362,0.24638731166898786,1/19 (5.26%; 95% CI 0.94–24.64%),0.05263157894736842,0.009351994062300362,0.24638731166898786,1/19 (5.26%; 95% CI 0.94–24.64%),0.10526315789473684,0.02935856029887013,0.31394082711109006,2/19 (10.53%; 95% CI 2.94–31.39%),0.7894736842105263,0.5666572155618583,0.9149232336708375,15/19 (78.95%; 95% CI 56.67–91.49%),0.9473684210526315,0.753612688331012,0.9906480059376995,18/19 (94.74%; 95% CI 75.36–99.06%)
crowdbot,qwen,appod,H10,10,1,0,1,17,1,19,18,0.05263157894736842,0.009351994062300362,0.24638731166898786,1/19 (5.26%; 95% CI 0.94–24.64%),0.05263157894736842,0.009351994062300362,0.24638731166898786,1/19 (5.26%; 95% CI 0.94–24.64%),0.0,0.0,0.16817922405261626,0/19 (0.00%; 95% CI 0.00–16.82%),0.8947368421052632,0.6860591728889099,0.9706414397011299,17/19 (89.47%; 95% CI 68.61–97.06%),0.9473684210526315,0.753612688331012,0.9906480059376995,18/19 (94.74%; 95% CI 75.36–99.06%)
crowdbot,qwen,appod,H10,10,2,1,1,16,1,19,18,0.05263157894736842,0.009351994062300362,0.24638731166898786,1/19 (5.26%; 95% CI 0.94–24.64%),0.05263157894736842,0.009351994062300362,0.24638731166898786,1/19 (5.26%; 95% CI 0.94–24.64%),0.05263157894736842,0.009351994062300362,0.24638731166898786,1/19 (5.26%; 95% CI 0.94–24.64%),0.8421052631578947,0.6243452472967093,0.9447952836146585,16/19 (84.21%; 95% CI 62.43–94.48%),0.9473684210526315,0.753612688331012,0.9906480059376995,18/19 (94.74%; 95% CI 75.36–99.06%)
crowdbot,qwen,appod,H10,10,3,1,1,16,1,19,18,0.05263157894736842,0.009351994062300362,0.24638731166898786,1/19 (5.26%; 95% CI 0.94–24.64%),0.05263157894736842,0.009351994062300362,0.24638731166898786,1/19 (5.26%; 95% CI 0.94–24.64%),0.05263157894736842,0.009351994062300362,0.24638731166898786,1/19 (5.26%; 95% CI 0.94–24.64%),0.8421052631578947,0.6243452472967093,0.9447952836146585,16/19 (84.21%; 95% CI 62.43–94.48%),0.9473684210526315,0.753612688331012,0.9906480059376995,18/19 (94.74%; 95% CI 75.36–99.06%)
crowdbot,qwen,appod,H10,10,4,2,1,15,1,19,18,0.05263157894736842,0.009351994062300362,0.24638731166898786,1/19 (5.26%; 95% CI 0.94–24.64%),0.05263157894736842,0.009351994062300362,0.24638731166898786,1/19 (5.26%; 95% CI 0.94–24.64%),0.10526315789473684,0.02935856029887013,0.31394082711109006,2/19 (10.53%; 95% CI 2.94–31.39%),0.7894736842105263,0.5666572155618583,0.9149232336708375,15/19 (78.95%; 95% CI 56.67–91.49%),0.9473684210526315,0.753612688331012,0.9906480059376995,18/19 (94.74%; 95% CI 75.36–99.06%)
crowdbot,qwen,appod,H10,10,5,2,1,15,1,19,18,0.05263157894736842,0.009351994062300362,0.24638731166898786,1/19 (5.26%; 95% CI 0.94–24.64%),0.05263157894736842,0.009351994062300362,0.24638731166898786,1/19 (5.26%; 95% CI 0.94–24.64%),0.10526315789473684,0.02935856029887013,0.31394082711109006,2/19 (10.53%; 95% CI 2.94–31.39%),0.7894736842105263,0.5666572155618583,0.9149232336708375,15/19 (78.95%; 95% CI 56.67–91.49%),0.9473684210526315,0.753612688331012,0.9906480059376995,18/19 (94.74%; 95% CI 75.36–99.06%)
crowdbot,qwen,appod,H12,12,1,0,2,17,0,19,17,0.10526315789473684,0.02935856029887013,0.31394082711109006,2/19 (10.53%; 95% CI 2.94–31.39%),0.0,0.0,0.16817922405261626,0/19 (0.00%; 95% CI 0.00–16.82%),0.0,0.0,0.16817922405261626,0/19 (0.00%; 95% CI 0.00–16.82%),0.8947368421052632,0.6860591728889099,0.9706414397011299,17/19 (89.47%; 95% CI 68.61–97.06%),0.8947368421052632,0.6860591728889099,0.9706414397011299,17/19 (89.47%; 95% CI 68.61–97.06%)
crowdbot,qwen,appod,H12,12,2,1,2,16,0,19,17,0.10526315789473684,0.02935856029887013,0.31394082711109006,2/19 (10.53%; 95% CI 2.94–31.39%),0.0,0.0,0.16817922405261626,0/19 (0.00%; 95% CI 0.00–16.82%),0.05263157894736842,0.009351994062300362,0.24638731166898786,1/19 (5.26%; 95% CI 0.94–24.64%),0.8421052631578947,0.6243452472967093,0.9447952836146585,16/19 (84.21%; 95% CI 62.43–94.48%),0.8947368421052632,0.6860591728889099,0.9706414397011299,17/19 (89.47%; 95% CI 68.61–97.06%)
crowdbot,qwen,appod,H12,12,3,2,2,15,0,19,17,0.10526315789473684,0.02935856029887013,0.31394082711109006,2/19 (10.53%; 95% CI 2.94–31.39%),0.0,0.0,0.16817922405261626,0/19 (0.00%; 95% CI 0.00–16.82%),0.10526315789473684,0.02935856029887013,0.31394082711109006,2/19 (10.53%; 95% CI 2.94–31.39%),0.7894736842105263,0.5666572155618583,0.9149232336708375,15/19 (78.95%; 95% CI 56.67–91.49%),0.8947368421052632,0.6860591728889099,0.9706414397011299,17/19 (89.47%; 95% CI 68.61–97.06%)
crowdbot,qwen,appod,H12,12,4,2,2,15,0,19,17,0.10526315789473684,0.02935856029887013,0.31394082711109006,2/19 (10.53%; 95% CI 2.94–31.39%),0.0,0.0,0.16817922405261626,0/19 (0.00%; 95% CI 0.00–16.82%),0.10526315789473684,0.02935856029887013,0.31394082711109006,2/19 (10.53%; 95% CI 2.94–31.39%),0.7894736842105263,0.5666572155618583,0.9149232336708375,15/19 (78.95%; 95% CI 56.67–91.49%),0.8947368421052632,0.6860591728889099,0.9706414397011299,17/19 (89.47%; 95% CI 68.61–97.06%)
crowdbot,qwen,appod,H12,12,5,2,2,15,0,19,17,0.10526315789473684,0.02935856029887013,0.31394082711109006,2/19 (10.53%; 95% CI 2.94–31.39%),0.0,0.0,0.16817922405261626,0/19 (0.00%; 95% CI 0.00–16.82%),0.10526315789473684,0.02935856029887013,0.31394082711109006,2/19 (10.53%; 95% CI 2.94–31.39%),0.7894736842105263,0.5666572155618583,0.9149232336708375,15/19 (78.95%; 95% CI 56.67–91.49%),0.8947368421052632,0.6860591728889099,0.9706414397011299,17/19 (89.47%; 95% CI 68.61–97.06%)
crowdbot,qwen,appod,H14,14,1,0,1,17,1,19,18,0.05263157894736842,0.009351994062300362,0.24638731166898786,1/19 (5.26%; 95% CI 0.94–24.64%),0.05263157894736842,0.009351994062300362,0.24638731166898786,1/19 (5.26%; 95% CI 0.94–24.64%),0.0,0.0,0.16817922405261626,0/19 (0.00%; 95% CI 0.00–16.82%),0.8947368421052632,0.6860591728889099,0.9706414397011299,17/19 (89.47%; 95% CI 68.61–97.06%),0.9473684210526315,0.753612688331012,0.9906480059376995,18/19 (94.74%; 95% CI 75.36–99.06%)
crowdbot,qwen,appod,H14,14,2,0,1,17,1,19,18,0.05263157894736842,0.009351994062300362,0.24638731166898786,1/19 (5.26%; 95% CI 0.94–24.64%),0.05263157894736842,0.009351994062300362,0.24638731166898786,1/19 (5.26%; 95% CI 0.94–24.64%),0.0,0.0,0.16817922405261626,0/19 (0.00%; 95% CI 0.00–16.82%),0.8947368421052632,0.6860591728889099,0.9706414397011299,17/19 (89.47%; 95% CI 68.61–97.06%),0.9473684210526315,0.753612688331012,0.9906480059376995,18/19 (94.74%; 95% CI 75.36–99.06%)
crowdbot,qwen,appod,H14,14,3,2,1,15,1,19,18,0.05263157894736842,0.009351994062300362,0.24638731166898786,1/19 (5.26%; 95% CI 0.94–24.64%),0.05263157894736842,0.009351994062300362,0.24638731166898786,1/19 (5.26%; 95% CI 0.94–24.64%),0.10526315789473684,0.02935856029887013,0.31394082711109006,2/19 (10.53%; 95% CI 2.94–31.39%),0.7894736842105263,0.5666572155618583,0.9149232336708375,15/19 (78.95%; 95% CI 56.67–91.49%),0.9473684210526315,0.753612688331012,0.9906480059376995,18/19 (94.74%; 95% CI 75.36–99.06%)
crowdbot,qwen,appod,H14,14,4,2,1,15,1,19,18,0.05263157894736842,0.009351994062300362,0.24638731166898786,1/19 (5.26%; 95% CI 0.94–24.64%),0.05263157894736842,0.009351994062300362,0.24638731166898786,1/19 (5.26%; 95% CI 0.94–24.64%),0.10526315789473684,0.02935856029887013,0.31394082711109006,2/19 (10.53%; 95% CI 2.94–31.39%),0.7894736842105263,0.5666572155618583,0.9149232336708375,15/19 (78.95%; 95% CI 56.67–91.49%),0.9473684210526315,0.753612688331012,0.9906480059376995,18/19 (94.74%; 95% CI 75.36–99.06%)
crowdbot,qwen,appod,H14,14,5,2,1,15,1,19,18,0.05263157894736842,0.009351994062300362,0.24638731166898786,1/19 (5.26%; 95% CI 0.94–24.64%),0.05263157894736842,0.009351994062300362,0.24638731166898786,1/19 (5.26%; 95% CI 0.94–24.64%),0.10526315789473684,0.02935856029887013,0.31394082711109006,2/19 (10.53%; 95% CI 2.94–31.39%),0.7894736842105263,0.5666572155618583,0.9149232336708375,15/19 (78.95%; 95% CI 56.67–91.49%),0.9473684210526315,0.753612688331012,0.9906480059376995,18/19 (94.74%; 95% CI 75.36–99.06%)
crowdbot,qwen,appod,H16,16,1,0,0,17,2,19,19,0.0,0.0,0.16817922405261626,0/19 (0.00%; 95% CI 0.00–16.82%),0.10526315789473684,0.02935856029887013,0.31394082711109006,2/19 (10.53%; 95% CI 2.94–31.39%),0.0,0.0,0.16817922405261626,0/19 (0.00%; 95% CI 0.00–16.82%),0.8947368421052632,0.6860591728889099,0.9706414397011299,17/19 (89.47%; 95% CI 68.61–97.06%),1.0,0.8318207759473837,1.0,19/19 (100.00%; 95% CI 83.18–100.00%)
crowdbot,qwen,appod,H16,16,2,1,0,16,2,19,19,0.0,0.0,0.16817922405261626,0/19 (0.00%; 95% CI 0.00–16.82%),0.10526315789473684,0.02935856029887013,0.31394082711109006,2/19 (10.53%; 95% CI 2.94–31.39%),0.05263157894736842,0.009351994062300362,0.24638731166898786,1/19 (5.26%; 95% CI 0.94–24.64%),0.8421052631578947,0.6243452472967093,0.9447952836146585,16/19 (84.21%; 95% CI 62.43–94.48%),1.0,0.8318207759473837,1.0,19/19 (100.00%; 95% CI 83.18–100.00%)
crowdbot,qwen,appod,H16,16,3,1,0,16,2,19,19,0.0,0.0,0.16817922405261626,0/19 (0.00%; 95% CI 0.00–16.82%),0.10526315789473684,0.02935856029887013,0.31394082711109006,2/19 (10.53%; 95% CI 2.94–31.39%),0.05263157894736842,0.009351994062300362,0.24638731166898786,1/19 (5.26%; 95% CI 0.94–24.64%),0.8421052631578947,0.6243452472967093,0.9447952836146585,16/19 (84.21%; 95% CI 62.43–94.48%),1.0,0.8318207759473837,1.0,19/19 (100.00%; 95% CI 83.18–100.00%)
crowdbot,qwen,appod,H16,16,4,2,0,15,2,19,19,0.0,0.0,0.16817922405261626,0/19 (0.00%; 95% CI 0.00–16.82%),0.10526315789473684,0.02935856029887013,0.31394082711109006,2/19 (10.53%; 95% CI 2.94–31.39%),0.10526315789473684,0.02935856029887013,0.31394082711109006,2/19 (10.53%; 95% CI 2.94–31.39%),0.7894736842105263,0.5666572155618583,0.9149232336708375,15/19 (78.95%; 95% CI 56.67–91.49%),1.0,0.8318207759473837,1.0,19/19 (100.00%; 95% CI 83.18–100.00%)
crowdbot,qwen,appod,H16,16,5,2,0,15,2,19,19,0.0,0.0,0.16817922405261626,0/19 (0.00%; 95% CI 0.00–16.82%),0.10526315789473684,0.02935856029887013,0.31394082711109006,2/19 (10.53%; 95% CI 2.94–31.39%),0.10526315789473684,0.02935856029887013,0.31394082711109006,2/19 (10.53%; 95% CI 2.94–31.39%),0.7894736842105263,0.5666572155618583,0.9149232336708375,15/19 (78.95%; 95% CI 56.67–91.49%),1.0,0.8318207759473837,1.0,19/19 (100.00%; 95% CI 83.18–100.00%)
crowdbot,qwen,appod,H18,18,1,0,1,17,1,19,18,0.05263157894736842,0.009351994062300362,0.24638731166898786,1/19 (5.26%; 95% CI 0.94–24.64%),0.05263157894736842,0.009351994062300362,0.24638731166898786,1/19 (5.26%; 95% CI 0.94–24.64%),0.0,0.0,0.16817922405261626,0/19 (0.00%; 95% CI 0.00–16.82%),0.8947368421052632,0.6860591728889099,0.9706414397011299,17/19 (89.47%; 95% CI 68.61–97.06%),0.9473684210526315,0.753612688331012,0.9906480059376995,18/19 (94.74%; 95% CI 75.36–99.06%)
crowdbot,qwen,appod,H18,18,2,0,1,17,1,19,18,0.05263157894736842,0.009351994062300362,0.24638731166898786,1/19 (5.26%; 95% CI 0.94–24.64%),0.05263157894736842,0.009351994062300362,0.24638731166898786,1/19 (5.26%; 95% CI 0.94–24.64%),0.0,0.0,0.16817922405261626,0/19 (0.00%; 95% CI 0.00–16.82%),0.8947368421052632,0.6860591728889099,0.9706414397011299,17/19 (89.47%; 95% CI 68.61–97.06%),0.9473684210526315,0.753612688331012,0.9906480059376995,18/19 (94.74%; 95% CI 75.36–99.06%)
crowdbot,qwen,appod,H18,18,3,1,1,16,1,19,18,0.05263157894736842,0.009351994062300362,0.24638731166898786,1/19 (5.26%; 95% CI 0.94–24.64%),0.05263157894736842,0.009351994062300362,0.24638731166898786,1/19 (5.26%; 95% CI 0.94–24.64%),0.05263157894736842,0.009351994062300362,0.24638731166898786,1/19 (5.26%; 95% CI 0.94–24.64%),0.8421052631578947,0.6243452472967093,0.9447952836146585,16/19 (84.21%; 95% CI 62.43–94.48%),0.9473684210526315,0.753612688331012,0.9906480059376995,18/19 (94.74%; 95% CI 75.36–99.06%)
crowdbot,qwen,appod,H18,18,4,2,1,15,1,19,18,0.05263157894736842,0.009351994062300362,0.24638731166898786,1/19 (5.26%; 95% CI 0.94–24.64%),0.05263157894736842,0.009351994062300362,0.24638731166898786,1/19 (5.26%; 95% CI 0.94–24.64%),0.10526315789473684,0.02935856029887013,0.31394082711109006,2/19 (10.53%; 95% CI 2.94–31.39%),0.7894736842105263,0.5666572155618583,0.9149232336708375,15/19 (78.95%; 95% CI 56.67–91.49%),0.9473684210526315,0.753612688331012,0.9906480059376995,18/19 (94.74%; 95% CI 75.36–99.06%)
crowdbot,qwen,appod,H18,18,5,2,1,15,1,19,18,0.05263157894736842,0.009351994062300362,0.24638731166898786,1/19 (5.26%; 95% CI 0.94–24.64%),0.05263157894736842,0.009351994062300362,0.24638731166898786,1/19 (5.26%; 95% CI 0.94–24.64%),0.10526315789473684,0.02935856029887013,0.31394082711109006,2/19 (10.53%; 95% CI 2.94–31.39%),0.7894736842105263,0.5666572155618583,0.9149232336708375,15/19 (78.95%; 95% CI 56.67–91.49%),0.9473684210526315,0.753612688331012,0.9906480059376995,18/19 (94.74%; 95% CI 75.36–99.06%)
crowdbot,qwen,appod,H20,20,1,0,1,17,1,19,18,0.05263157894736842,0.009351994062300362,0.24638731166898786,1/19 (5.26%; 95% CI 0.94–24.64%),0.05263157894736842,0.009351994062300362,0.24638731166898786,1/19 (5.26%; 95% CI 0.94–24.64%),0.0,0.0,0.16817922405261626,0/19 (0.00%; 95% CI 0.00–16.82%),0.8947368421052632,0.6860591728889099,0.9706414397011299,17/19 (89.47%; 95% CI 68.61–97.06%),0.9473684210526315,0.753612688331012,0.9906480059376995,18/19 (94.74%; 95% CI 75.36–99.06%)
crowdbot,qwen,appod,H20,20,2,0,1,17,1,19,18,0.05263157894736842,0.009351994062300362,0.24638731166898786,1/19 (5.26%; 95% CI 0.94–24.64%),0.05263157894736842,0.009351994062300362,0.24638731166898786,1/19 (5.26%; 95% CI 0.94–24.64%),0.0,0.0,0.16817922405261626,0/19 (0.00%; 95% CI 0.00–16.82%),0.8947368421052632,0.6860591728889099,0.9706414397011299,17/19 (89.47%; 95% CI 68.61–97.06%),0.9473684210526315,0.753612688331012,0.9906480059376995,18/19 (94.74%; 95% CI 75.36–99.06%)
crowdbot,qwen,appod,H20,20,3,1,1,16,1,19,18,0.05263157894736842,0.009351994062300362,0.24638731166898786,1/19 (5.26%; 95% CI 0.94–24.64%),0.05263157894736842,0.009351994062300362,0.24638731166898786,1/19 (5.26%; 95% CI 0.94–24.64%),0.05263157894736842,0.009351994062300362,0.24638731166898786,1/19 (5.26%; 95% CI 0.94–24.64%),0.8421052631578947,0.6243452472967093,0.9447952836146585,16/19 (84.21%; 95% CI 62.43–94.48%),0.9473684210526315,0.753612688331012,0.9906480059376995,18/19 (94.74%; 95% CI 75.36–99.06%)
crowdbot,qwen,appod,H20,20,4,2,1,15,1,19,18,0.05263157894736842,0.009351994062300362,0.24638731166898786,1/19 (5.26%; 95% CI 0.94–24.64%),0.05263157894736842,0.009351994062300362,0.24638731166898786,1/19 (5.26%; 95% CI 0.94–24.64%),0.10526315789473684,0.02935856029887013,0.31394082711109006,2/19 (10.53%; 95% CI 2.94–31.39%),0.7894736842105263,0.5666572155618583,0.9149232336708375,15/19 (78.95%; 95% CI 56.67–91.49%),0.9473684210526315,0.753612688331012,0.9906480059376995,18/19 (94.74%; 95% CI 75.36–99.06%)
crowdbot,qwen,appod,H20,20,5,2,1,15,1,19,18,0.05263157894736842,0.009351994062300362,0.24638731166898786,1/19 (5.26%; 95% CI 0.94–24.64%),0.05263157894736842,0.009351994062300362,0.24638731166898786,1/19 (5.26%; 95% CI 0.94–24.64%),0.10526315789473684,0.02935856029887013,0.31394082711109006,2/19 (10.53%; 95% CI 2.94–31.39%),0.7894736842105263,0.5666572155618583,0.9149232336708375,15/19 (78.95%; 95% CI 56.67–91.49%),0.9473684210526315,0.753612688331012,0.9906480059376995,18/19 (94.74%; 95% CI 75.36–99.06%)
crowdbot,qwen,appod,H22,22,1,0,0,17,2,19,19,0.0,0.0,0.16817922405261626,0/19 (0.00%; 95% CI 0.00–16.82%),0.10526315789473684,0.02935856029887013,0.31394082711109006,2/19 (10.53%; 95% CI 2.94–31.39%),0.0,0.0,0.16817922405261626,0/19 (0.00%; 95% CI 0.00–16.82%),0.8947368421052632,0.6860591728889099,0.9706414397011299,17/19 (89.47%; 95% CI 68.61–97.06%),1.0,0.8318207759473837,1.0,19/19 (100.00%; 95% CI 83.18–100.00%)
crowdbot,qwen,appod,H22,22,2,0,0,17,2,19,19,0.0,0.0,0.16817922405261626,0/19 (0.00%; 95% CI 0.00–16.82%),0.10526315789473684,0.02935856029887013,0.31394082711109006,2/19 (10.53%; 95% CI 2.94–31.39%),0.0,0.0,0.16817922405261626,0/19 (0.00%; 95% CI 0.00–16.82%),0.8947368421052632,0.6860591728889099,0.9706414397011299,17/19 (89.47%; 95% CI 68.61–97.06%),1.0,0.8318207759473837,1.0,19/19 (100.00%; 95% CI 83.18–100.00%)
crowdbot,qwen,appod,H22,22,3,1,0,16,2,19,19,0.0,0.0,0.16817922405261626,0/19 (0.00%; 95% CI 0.00–16.82%),0.10526315789473684,0.02935856029887013,0.31394082711109006,2/19 (10.53%; 95% CI 2.94–31.39%),0.05263157894736842,0.009351994062300362,0.24638731166898786,1/19 (5.26%; 95% CI 0.94–24.64%),0.8421052631578947,0.6243452472967093,0.9447952836146585,16/19 (84.21%; 95% CI 62.43–94.48%),1.0,0.8318207759473837,1.0,19/19 (100.00%; 95% CI 83.18–100.00%)
crowdbot,qwen,appod,H22,22,4,2,0,15,2,19,19,0.0,0.0,0.16817922405261626,0/19 (0.00%; 95% CI 0.00–16.82%),0.10526315789473684,0.02935856029887013,0.31394082711109006,2/19 (10.53%; 95% CI 2.94–31.39%),0.10526315789473684,0.02935856029887013,0.31394082711109006,2/19 (10.53%; 95% CI 2.94–31.39%),0.7894736842105263,0.5666572155618583,0.9149232336708375,15/19 (78.95%; 95% CI 56.67–91.49%),1.0,0.8318207759473837,1.0,19/19 (100.00%; 95% CI 83.18–100.00%)
crowdbot,qwen,appod,H22,22,5,2,0,15,2,19,19,0.0,0.0,0.16817922405261626,0/19 (0.00%; 95% CI 0.00–16.82%),0.10526315789473684,0.02935856029887013,0.31394082711109006,2/19 (10.53%; 95% CI 2.94–31.39%),0.10526315789473684,0.02935856029887013,0.31394082711109006,2/19 (10.53%; 95% CI 2.94–31.39%),0.7894736842105263,0.5666572155618583,0.9149232336708375,15/19 (78.95%; 95% CI 56.67–91.49%),1.0,0.8318207759473837,1.0,19/19 (100.00%; 95% CI 83.18–100.00%)
crowdbot,qwen,appod,H24,24,1,0,1,17,1,19,18,0.05263157894736842,0.009351994062300362,0.24638731166898786,1/19 (5.26%; 95% CI 0.94–24.64%),0.05263157894736842,0.009351994062300362,0.24638731166898786,1/19 (5.26%; 95% CI 0.94–24.64%),0.0,0.0,0.16817922405261626,0/19 (0.00%; 95% CI 0.00–16.82%),0.8947368421052632,0.6860591728889099,0.9706414397011299,17/19 (89.47%; 95% CI 68.61–97.06%),0.9473684210526315,0.753612688331012,0.9906480059376995,18/19 (94.74%; 95% CI 75.36–99.06%)
crowdbot,qwen,appod,H24,24,2,1,1,16,1,19,18,0.05263157894736842,0.009351994062300362,0.24638731166898786,1/19 (5.26%; 95% CI 0.94–24.64%),0.05263157894736842,0.009351994062300362,0.24638731166898786,1/19 (5.26%; 95% CI 0.94–24.64%),0.05263157894736842,0.009351994062300362,0.24638731166898786,1/19 (5.26%; 95% CI 0.94–24.64%),0.8421052631578947,0.6243452472967093,0.9447952836146585,16/19 (84.21%; 95% CI 62.43–94.48%),0.9473684210526315,0.753612688331012,0.9906480059376995,18/19 (94.74%; 95% CI 75.36–99.06%)
crowdbot,qwen,appod,H24,24,3,1,1,16,1,19,18,0.05263157894736842,0.009351994062300362,0.24638731166898786,1/19 (5.26%; 95% CI 0.94–24.64%),0.05263157894736842,0.009351994062300362,0.24638731166898786,1/19 (5.26%; 95% CI 0.94–24.64%),0.05263157894736842,0.009351994062300362,0.24638731166898786,1/19 (5.26%; 95% CI 0.94–24.64%),0.8421052631578947,0.6243452472967093,0.9447952836146585,16/19 (84.21%; 95% CI 62.43–94.48%),0.9473684210526315,0.753612688331012,0.9906480059376995,18/19 (94.74%; 95% CI 75.36–99.06%)
crowdbot,qwen,appod,H24,24,4,2,1,15,1,19,18,0.05263157894736842,0.009351994062300362,0.24638731166898786,1/19 (5.26%; 95% CI 0.94–24.64%),0.05263157894736842,0.009351994062300362,0.24638731166898786,1/19 (5.26%; 95% CI 0.94–24.64%),0.10526315789473684,0.02935856029887013,0.31394082711109006,2/19 (10.53%; 95% CI 2.94–31.39%),0.7894736842105263,0.5666572155618583,0.9149232336708375,15/19 (78.95%; 95% CI 56.67–91.49%),0.9473684210526315,0.753612688331012,0.9906480059376995,18/19 (94.74%; 95% CI 75.36–99.06%)
crowdbot,qwen,appod,H24,24,5,2,1,15,1,19,18,0.05263157894736842,0.009351994062300362,0.24638731166898786,1/19 (5.26%; 95% CI 0.94–24.64%),0.05263157894736842,0.009351994062300362,0.24638731166898786,1/19 (5.26%; 95% CI 0.94–24.64%),0.10526315789473684,0.02935856029887013,0.31394082711109006,2/19 (10.53%; 95% CI 2.94–31.39%),0.7894736842105263,0.5666572155618583,0.9149232336708375,15/19 (78.95%; 95% CI 56.67–91.49%),0.9473684210526315,0.753612688331012,0.9906480059376995,18/19 (94.74%; 95% CI 75.36–99.06%)
crowdbot,qwen,appod,H26,26,1,0,0,17,2,19,19,0.0,0.0,0.16817922405261626,0/19 (0.00%; 95% CI 0.00–16.82%),0.10526315789473684,0.02935856029887013,0.31394082711109006,2/19 (10.53%; 95% CI 2.94–31.39%),0.0,0.0,0.16817922405261626,0/19 (0.00%; 95% CI 0.00–16.82%),0.8947368421052632,0.6860591728889099,0.9706414397011299,17/19 (89.47%; 95% CI 68.61–97.06%),1.0,0.8318207759473837,1.0,19/19 (100.00%; 95% CI 83.18–100.00%)
crowdbot,qwen,appod,H26,26,2,1,0,16,2,19,19,0.0,0.0,0.16817922405261626,0/19 (0.00%; 95% CI 0.00–16.82%),0.10526315789473684,0.02935856029887013,0.31394082711109006,2/19 (10.53%; 95% CI 2.94–31.39%),0.05263157894736842,0.009351994062300362,0.24638731166898786,1/19 (5.26%; 95% CI 0.94–24.64%),0.8421052631578947,0.6243452472967093,0.9447952836146585,16/19 (84.21%; 95% CI 62.43–94.48%),1.0,0.8318207759473837,1.0,19/19 (100.00%; 95% CI 83.18–100.00%)
crowdbot,qwen,appod,H26,26,3,1,0,16,2,19,19,0.0,0.0,0.16817922405261626,0/19 (0.00%; 95% CI 0.00–16.82%),0.10526315789473684,0.02935856029887013,0.31394082711109006,2/19 (10.53%; 95% CI 2.94–31.39%),0.05263157894736842,0.009351994062300362,0.24638731166898786,1/19 (5.26%; 95% CI 0.94–24.64%),0.8421052631578947,0.6243452472967093,0.9447952836146585,16/19 (84.21%; 95% CI 62.43–94.48%),1.0,0.8318207759473837,1.0,19/19 (100.00%; 95% CI 83.18–100.00%)
crowdbot,qwen,appod,H26,26,4,2,0,15,2,19,19,0.0,0.0,0.16817922405261626,0/19 (0.00%; 95% CI 0.00–16.82%),0.10526315789473684,0.02935856029887013,0.31394082711109006,2/19 (10.53%; 95% CI 2.94–31.39%),0.10526315789473684,0.02935856029887013,0.31394082711109006,2/19 (10.53%; 95% CI 2.94–31.39%),0.7894736842105263,0.5666572155618583,0.9149232336708375,15/19 (78.95%; 95% CI 56.67–91.49%),1.0,0.8318207759473837,1.0,19/19 (100.00%; 95% CI 83.18–100.00%)
crowdbot,qwen,appod,H26,26,5,2,0,15,2,19,19,0.0,0.0,0.16817922405261626,0/19 (0.00%; 95% CI 0.00–16.82%),0.10526315789473684,0.02935856029887013,0.31394082711109006,2/19 (10.53%; 95% CI 2.94–31.39%),0.10526315789473684,0.02935856029887013,0.31394082711109006,2/19 (10.53%; 95% CI 2.94–31.39%),0.7894736842105263,0.5666572155618583,0.9149232336708375,15/19 (78.95%; 95% CI 56.67–91.49%),1.0,0.8318207759473837,1.0,19/19 (100.00%; 95% CI 83.18–100.00%)
crowdbot,qwen,appod,H28,28,1,0,0,17,2,19,19,0.0,0.0,0.16817922405261626,0/19 (0.00%; 95% CI 0.00–16.82%),0.10526315789473684,0.02935856029887013,0.31394082711109006,2/19 (10.53%; 95% CI 2.94–31.39%),0.0,0.0,0.16817922405261626,0/19 (0.00%; 95% CI 0.00–16.82%),0.8947368421052632,0.6860591728889099,0.9706414397011299,17/19 (89.47%; 95% CI 68.61–97.06%),1.0,0.8318207759473837,1.0,19/19 (100.00%; 95% CI 83.18–100.00%)
crowdbot,qwen,appod,H28,28,2,0,0,17,2,19,19,0.0,0.0,0.16817922405261626,0/19 (0.00%; 95% CI 0.00–16.82%),0.10526315789473684,0.02935856029887013,0.31394082711109006,2/19 (10.53%; 95% CI 2.94–31.39%),0.0,0.0,0.16817922405261626,0/19 (0.00%; 95% CI 0.00–16.82%),0.8947368421052632,0.6860591728889099,0.9706414397011299,17/19 (89.47%; 95% CI 68.61–97.06%),1.0,0.8318207759473837,1.0,19/19 (100.00%; 95% CI 83.18–100.00%)
crowdbot,qwen,appod,H28,28,3,1,0,16,2,19,19,0.0,0.0,0.16817922405261626,0/19 (0.00%; 95% CI 0.00–16.82%),0.10526315789473684,0.02935856029887013,0.31394082711109006,2/19 (10.53%; 95% CI 2.94–31.39%),0.05263157894736842,0.009351994062300362,0.24638731166898786,1/19 (5.26%; 95% CI 0.94–24.64%),0.8421052631578947,0.6243452472967093,0.9447952836146585,16/19 (84.21%; 95% CI 62.43–94.48%),1.0,0.8318207759473837,1.0,19/19 (100.00%; 95% CI 83.18–100.00%)
crowdbot,qwen,appod,H28,28,4,2,0,15,2,19,19,0.0,0.0,0.16817922405261626,0/19 (0.00%; 95% CI 0.00–16.82%),0.10526315789473684,0.02935856029887013,0.31394082711109006,2/19 (10.53%; 95% CI 2.94–31.39%),0.10526315789473684,0.02935856029887013,0.31394082711109006,2/19 (10.53%; 95% CI 2.94–31.39%),0.7894736842105263,0.5666572155618583,0.9149232336708375,15/19 (78.95%; 95% CI 56.67–91.49%),1.0,0.8318207759473837,1.0,19/19 (100.00%; 95% CI 83.18–100.00%)
crowdbot,qwen,appod,H28,28,5,2,0,15,2,19,19,0.0,0.0,0.16817922405261626,0/19 (0.00%; 95% CI 0.00–16.82%),0.10526315789473684,0.02935856029887013,0.31394082711109006,2/19 (10.53%; 95% CI 2.94–31.39%),0.10526315789473684,0.02935856029887013,0.31394082711109006,2/19 (10.53%; 95% CI 2.94–31.39%),0.7894736842105263,0.5666572155618583,0.9149232336708375,15/19 (78.95%; 95% CI 56.67–91.49%),1.0,0.8318207759473837,1.0,19/19 (100.00%; 95% CI 83.18–100.00%)
crowdbot,qwen,appod,H30,30,1,0,0,17,2,19,19,0.0,0.0,0.16817922405261626,0/19 (0.00%; 95% CI 0.00–16.82%),0.10526315789473684,0.02935856029887013,0.31394082711109006,2/19 (10.53%; 95% CI 2.94–31.39%),0.0,0.0,0.16817922405261626,0/19 (0.00%; 95% CI 0.00–16.82%),0.8947368421052632,0.6860591728889099,0.9706414397011299,17/19 (89.47%; 95% CI 68.61–97.06%),1.0,0.8318207759473837,1.0,19/19 (100.00%; 95% CI 83.18–100.00%)
crowdbot,qwen,appod,H30,30,2,0,0,17,2,19,19,0.0,0.0,0.16817922405261626,0/19 (0.00%; 95% CI 0.00–16.82%),0.10526315789473684,0.02935856029887013,0.31394082711109006,2/19 (10.53%; 95% CI 2.94–31.39%),0.0,0.0,0.16817922405261626,0/19 (0.00%; 95% CI 0.00–16.82%),0.8947368421052632,0.6860591728889099,0.9706414397011299,17/19 (89.47%; 95% CI 68.61–97.06%),1.0,0.8318207759473837,1.0,19/19 (100.00%; 95% CI 83.18–100.00%)
crowdbot,qwen,appod,H30,30,3,1,0,16,2,19,19,0.0,0.0,0.16817922405261626,0/19 (0.00%; 95% CI 0.00–16.82%),0.10526315789473684,0.02935856029887013,0.31394082711109006,2/19 (10.53%; 95% CI 2.94–31.39%),0.05263157894736842,0.009351994062300362,0.24638731166898786,1/19 (5.26%; 95% CI 0.94–24.64%),0.8421052631578947,0.6243452472967093,0.9447952836146585,16/19 (84.21%; 95% CI 62.43–94.48%),1.0,0.8318207759473837,1.0,19/19 (100.00%; 95% CI 83.18–100.00%)
crowdbot,qwen,appod,H30,30,4,2,0,15,2,19,19,0.0,0.0,0.16817922405261626,0/19 (0.00%; 95% CI 0.00–16.82%),0.10526315789473684,0.02935856029887013,0.31394082711109006,2/19 (10.53%; 95% CI 2.94–31.39%),0.10526315789473684,0.02935856029887013,0.31394082711109006,2/19 (10.53%; 95% CI 2.94–31.39%),0.7894736842105263,0.5666572155618583,0.9149232336708375,15/19 (78.95%; 95% CI 56.67–91.49%),1.0,0.8318207759473837,1.0,19/19 (100.00%; 95% CI 83.18–100.00%)
crowdbot,qwen,appod,H30,30,5,2,0,15,2,19,19,0.0,0.0,0.16817922405261626,0/19 (0.00%; 95% CI 0.00–16.82%),0.10526315789473684,0.02935856029887013,0.31394082711109006,2/19 (10.53%; 95% CI 2.94–31.39%),0.10526315789473684,0.02935856029887013,0.31394082711109006,2/19 (10.53%; 95% CI 2.94–31.39%),0.7894736842105263,0.5666572155618583,0.9149232336708375,15/19 (78.95%; 95% CI 56.67–91.49%),1.0,0.8318207759473837,1.0,19/19 (100.00%; 95% CI 83.18–100.00%)
crowdbot,qwen,appod,H32,32,1,0,0,17,2,19,19,0.0,0.0,0.16817922405261626,0/19 (0.00%; 95% CI 0.00–16.82%),0.10526315789473684,0.02935856029887013,0.31394082711109006,2/19 (10.53%; 95% CI 2.94–31.39%),0.0,0.0,0.16817922405261626,0/19 (0.00%; 95% CI 0.00–16.82%),0.8947368421052632,0.6860591728889099,0.9706414397011299,17/19 (89.47%; 95% CI 68.61–97.06%),1.0,0.8318207759473837,1.0,19/19 (100.00%; 95% CI 83.18–100.00%)
crowdbot,qwen,appod,H32,32,2,0,0,17,2,19,19,0.0,0.0,0.16817922405261626,0/19 (0.00%; 95% CI 0.00–16.82%),0.10526315789473684,0.02935856029887013,0.31394082711109006,2/19 (10.53%; 95% CI 2.94–31.39%),0.0,0.0,0.16817922405261626,0/19 (0.00%; 95% CI 0.00–16.82%),0.8947368421052632,0.6860591728889099,0.9706414397011299,17/19 (89.47%; 95% CI 68.61–97.06%),1.0,0.8318207759473837,1.0,19/19 (100.00%; 95% CI 83.18–100.00%)
crowdbot,qwen,appod,H32,32,3,1,0,16,2,19,19,0.0,0.0,0.16817922405261626,0/19 (0.00%; 95% CI 0.00–16.82%),0.10526315789473684,0.02935856029887013,0.31394082711109006,2/19 (10.53%; 95% CI 2.94–31.39%),0.05263157894736842,0.009351994062300362,0.24638731166898786,1/19 (5.26%; 95% CI 0.94–24.64%),0.8421052631578947,0.6243452472967093,0.9447952836146585,16/19 (84.21%; 95% CI 62.43–94.48%),1.0,0.8318207759473837,1.0,19/19 (100.00%; 95% CI 83.18–100.00%)
crowdbot,qwen,appod,H32,32,4,2,0,15,2,19,19,0.0,0.0,0.16817922405261626,0/19 (0.00%; 95% CI 0.00–16.82%),0.10526315789473684,0.02935856029887013,0.31394082711109006,2/19 (10.53%; 95% CI 2.94–31.39%),0.10526315789473684,0.02935856029887013,0.31394082711109006,2/19 (10.53%; 95% CI 2.94–31.39%),0.7894736842105263,0.5666572155618583,0.9149232336708375,15/19 (78.95%; 95% CI 56.67–91.49%),1.0,0.8318207759473837,1.0,19/19 (100.00%; 95% CI 83.18–100.00%)
crowdbot,qwen,appod,H32,32,5,2,0,15,2,19,19,0.0,0.0,0.16817922405261626,0/19 (0.00%; 95% CI 0.00–16.82%),0.10526315789473684,0.02935856029887013,0.31394082711109006,2/19 (10.53%; 95% CI 2.94–31.39%),0.10526315789473684,0.02935856029887013,0.31394082711109006,2/19 (10.53%; 95% CI 2.94–31.39%),0.7894736842105263,0.5666572155618583,0.9149232336708375,15/19 (78.95%; 95% CI 56.67–91.49%),1.0,0.8318207759473837,1.0,19/19 (100.00%; 95% CI 83.18–100.00%)
huron,internvl,appfr,H02,2,1,5,3,37,4,49,46,0.061224489795918366,0.02104014667296747,0.16520487835726402,3/49 (6.12%; 95% CI 2.10–16.52%),0.08163265306122448,0.032202817667763686,0.19189127596571287,4/49 (8.16%; 95% CI 3.22–19.19%),0.10204081632653061,0.04437954674476266,0.21756361549195893,5/49 (10.20%; 95% CI 4.44–21.76%),0.7551020408163265,0.6191368101239605,0.8539765474166023,37/49 (75.51%; 95% CI 61.91–85.40%),0.9387755102040817,0.834795121642736,0.9789598533270324,46/49 (93.88%; 95% CI 83.48–97.90%)
huron,internvl,appfr,H02,2,2,7,3,35,4,49,46,0.061224489795918366,0.02104014667296747,0.16520487835726402,3/49 (6.12%; 95% CI 2.10–16.52%),0.08163265306122448,0.032202817667763686,0.19189127596571287,4/49 (8.16%; 95% CI 3.22–19.19%),0.14285714285714285,0.0709642372040676,0.26667706223914406,7/49 (14.29%; 95% CI 7.10–26.67%),0.7142857142857143,0.575911164922199,0.8215040554118739,35/49 (71.43%; 95% CI 57.59–82.15%),0.9387755102040817,0.834795121642736,0.9789598533270324,46/49 (93.88%; 95% CI 83.48–97.90%)
huron,internvl,appfr,H02,2,3,9,3,33,4,49,46,0.061224489795918366,0.02104014667296747,0.16520487835726402,3/49 (6.12%; 95% CI 2.10–16.52%),0.08163265306122448,0.032202817667763686,0.19189127596571287,4/49 (8.16%; 95% CI 3.22–19.19%),0.1836734693877551,0.09976341062070308,0.3135760260289987,9/49 (18.37%; 95% CI 9.98–31.36%),0.673469387755102,0.5337920531457014,0.7879250299818812,33/49 (67.35%; 95% CI 53.38–78.79%),0.9387755102040817,0.834795121642736,0.9789598533270324,46/49 (93.88%; 95% CI 83.48–97.90%)
huron,internvl,appfr,H02,2,4,9,3,33,4,49,46,0.061224489795918366,0.02104014667296747,0.16520487835726402,3/49 (6.12%; 95% CI 2.10–16.52%),0.08163265306122448,0.032202817667763686,0.19189127596571287,4/49 (8.16%; 95% CI 3.22–19.19%),0.1836734693877551,0.09976341062070308,0.3135760260289987,9/49 (18.37%; 95% CI 9.98–31.36%),0.673469387755102,0.5337920531457014,0.7879250299818812,33/49 (67.35%; 95% CI 53.38–78.79%),0.9387755102040817,0.834795121642736,0.9789598533270324,46/49 (93.88%; 95% CI 83.48–97.90%)
huron,internvl,appfr,H02,2,5,12,3,30,4,49,46,0.061224489795918366,0.02104014667296747,0.16520487835726402,3/49 (6.12%; 95% CI 2.10–16.52%),0.08163265306122448,0.032202817667763686,0.19189127596571287,4/49 (8.16%; 95% CI 3.22–19.19%),0.24489795918367346,0.14602345258339752,0.3808631898760393,12/49 (24.49%; 95% CI 14.60–38.09%),0.6122448979591837,0.4724599944352045,0.7357098828826433,30/49 (61.22%; 95% CI 47.25–73.57%),0.9387755102040817,0.834795121642736,0.9789598533270324,46/49 (93.88%; 95% CI 83.48–97.90%)
huron,internvl,appfr,H04,4,1,2,4,37,6,49,45,0.08163265306122448,0.032202817667763686,0.19189127596571287,4/49 (8.16%; 95% CI 3.22–19.19%),0.12244897959183673,0.05734825790240154,0.2424439729375651,6/49 (12.24%; 95% CI 5.73–24.24%),0.04081632653061224,0.011265633366185787,0.13713032306080064,2/49 (4.08%; 95% CI 1.13–13.71%),0.7551020408163265,0.6191368101239605,0.8539765474166023,37/49 (75.51%; 95% CI 61.91–85.40%),0.9183673469387755,0.808108724034287,0.9677971823322362,45/49 (91.84%; 95% CI 80.81–96.78%)
huron,internvl,appfr,H04,4,2,6,4,33,6,49,45,0.08163265306122448,0.032202817667763686,0.19189127596571287,4/49 (8.16%; 95% CI 3.22–19.19%),0.12244897959183673,0.05734825790240154,0.2424439729375651,6/49 (12.24%; 95% CI 5.73–24.24%),0.12244897959183673,0.05734825790240154,0.2424439729375651,6/49 (12.24%; 95% CI 5.73–24.24%),0.673469387755102,0.5337920531457014,0.7879250299818812,33/49 (67.35%; 95% CI 53.38–78.79%),0.9183673469387755,0.808108724034287,0.9677971823322362,45/49 (91.84%; 95% CI 80.81–96.78%)
huron,internvl,appfr,H04,4,3,7,4,32,6,49,45,0.08163265306122448,0.032202817667763686,0.19189127596571287,4/49 (8.16%; 95% CI 3.22–19.19%),0.12244897959183673,0.05734825790240154,0.2424439729375651,6/49 (12.24%; 95% CI 5.73–24.24%),0.14285714285714285,0.0709642372040676,0.26667706223914406,7/49 (14.29%; 95% CI 7.10–26.67%),0.6530612244897959,0.5131119428697273,0.7707560716546102,32/49 (65.31%; 95% CI 51.31–77.08%),0.9183673469387755,0.808108724034287,0.9677971823322362,45/49 (91.84%; 95% CI 80.81–96.78%)
huron,internvl,appfr,H04,4,4,7,4,32,6,49,45,0.08163265306122448,0.032202817667763686,0.19189127596571287,4/49 (8.16%; 95% CI 3.22–19.19%),0.12244897959183673,0.05734825790240154,0.2424439729375651,6/49 (12.24%; 95% CI 5.73–24.24%),0.14285714285714285,0.0709642372040676,0.26667706223914406,7/49 (14.29%; 95% CI 7.10–26.67%),0.6530612244897959,0.5131119428697273,0.7707560716546102,32/49 (65.31%; 95% CI 51.31–77.08%),0.9183673469387755,0.808108724034287,0.9677971823322362,45/49 (91.84%; 95% CI 80.81–96.78%)
huron,internvl,appfr,H04,4,5,10,4,29,6,49,45,0.08163265306122448,0.032202817667763686,0.19189127596571287,4/49 (8.16%; 95% CI 3.22–19.19%),0.12244897959183673,0.05734825790240154,0.2424439729375651,6/49 (12.24%; 95% CI 5.73–24.24%),0.20408163265306123,0.11481849605782132,0.3363700091951255,10/49 (20.41%; 95% CI 11.48–33.64%),0.5918367346938775,0.4524731939184714,0.7178476147961312,29/49 (59.18%; 95% CI 45.25–71.78%),0.9183673469387755,0.808108724034287,0.9677971823322362,45/49 (91.84%; 95% CI 80.81–96.78%)
huron,internvl,appfr,H06,6,1,2,2,40,5,49,47,0.04081632653061224,0.011265633366185787,0.13713032306080064,2/49 (4.08%; 95% CI 1.13–13.71%),0.10204081632653061,0.04437954674476266,0.21756361549195893,5/49 (10.20%; 95% CI 4.44–21.76%),0.04081632653061224,0.011265633366185787,0.13713032306080064,2/49 (4.08%; 95% CI 1.13–13.71%),0.8163265306122449,0.6864239739710013,0.9002365893792968,40/49 (81.63%; 95% CI 68.64–90.02%),0.9591836734693877,0.8628696769391992,0.9887343666338142,47/49 (95.92%; 95% CI 86.29–98.87%)
huron,internvl,appfr,H06,6,2,6,2,36,5,49,47,0.04081632653061224,0.011265633366185787,0.13713032306080064,2/49 (4.08%; 95% CI 1.13–13.71%),0.10204081632653061,0.04437954674476266,0.21756361549195893,5/49 (10.20%; 95% CI 4.44–21.76%),0.12244897959183673,0.05734825790240154,0.2424439729375651,6/49 (12.24%; 95% CI 5.73–24.24%),0.7346938775510204,0.5973771102868921,0.8378871786504258,36/49 (73.47%; 95% CI 59.74–83.79%),0.9591836734693877,0.8628696769391992,0.9887343666338142,47/49 (95.92%; 95% CI 86.29–98.87%)
huron,internvl,appfr,H06,6,3,9,2,33,5,49,47,0.04081632653061224,0.011265633366185787,0.13713032306080064,2/49 (4.08%; 95% CI 1.13–13.71%),0.10204081632653061,0.04437954674476266,0.21756361549195893,5/49 (10.20%; 95% CI 4.44–21.76%),0.1836734693877551,0.09976341062070308,0.3135760260289987,9/49 (18.37%; 95% CI 9.98–31.36%),0.673469387755102,0.5337920531457014,0.7879250299818812,33/49 (67.35%; 95% CI 53.38–78.79%),0.9591836734693877,0.8628696769391992,0.9887343666338142,47/49 (95.92%; 95% CI 86.29–98.87%)
huron,internvl,appfr,H06,6,4,9,2,33,5,49,47,0.04081632653061224,0.011265633366185787,0.13713032306080064,2/49 (4.08%; 95% CI 1.13–13.71%),0.10204081632653061,0.04437954674476266,0.21756361549195893,5/49 (10.20%; 95% CI 4.44–21.76%),0.1836734693877551,0.09976341062070308,0.3135760260289987,9/49 (18.37%; 95% CI 9.98–31.36%),0.673469387755102,0.5337920531457014,0.7879250299818812,33/49 (67.35%; 95% CI 53.38–78.79%),0.9591836734693877,0.8628696769391992,0.9887343666338142,47/49 (95.92%; 95% CI 86.29–98.87%)
huron,internvl,appfr,H06,6,5,11,2,31,5,49,47,0.04081632653061224,0.011265633366185787,0.13713032306080064,2/49 (4.08%; 95% CI 1.13–13.71%),0.10204081632653061,0.04437954674476266,0.21756361549195893,5/49 (10.20%; 95% CI 4.44–21.76%),0.22448979591836735,0.13024970149659185,0.35878787235959997,11/49 (22.45%; 95% CI 13.02–35.88%),0.6326530612244898,0.49267067560792427,0.7533482703131686,31/49 (63.27%; 95% CI 49.27–75.33%),0.9591836734693877,0.8628696769391992,0.9887343666338142,47/49 (95.92%; 95% CI 86.29–98.87%)
huron,internvl,appfr,H08,8,1,2,2,40,5,49,47,0.04081632653061224,0.011265633366185787,0.13713032306080064,2/49 (4.08%; 95% CI 1.13–13.71%),0.10204081632653061,0.04437954674476266,0.21756361549195893,5/49 (10.20%; 95% CI 4.44–21.76%),0.04081632653061224,0.011265633366185787,0.13713032306080064,2/49 (4.08%; 95% CI 1.13–13.71%),0.8163265306122449,0.6864239739710013,0.9002365893792968,40/49 (81.63%; 95% CI 68.64–90.02%),0.9591836734693877,0.8628696769391992,0.9887343666338142,47/49 (95.92%; 95% CI 86.29–98.87%)
huron,internvl,appfr,H08,8,2,6,2,36,5,49,47,0.04081632653061224,0.011265633366185787,0.13713032306080064,2/49 (4.08%; 95% CI 1.13–13.71%),0.10204081632653061,0.04437954674476266,0.21756361549195893,5/49 (10.20%; 95% CI 4.44–21.76%),0.12244897959183673,0.05734825790240154,0.2424439729375651,6/49 (12.24%; 95% CI 5.73–24.24%),0.7346938775510204,0.5973771102868921,0.8378871786504258,36/49 (73.47%; 95% CI 59.74–83.79%),0.9591836734693877,0.8628696769391992,0.9887343666338142,47/49 (95.92%; 95% CI 86.29–98.87%)
huron,internvl,appfr,H08,8,3,9,2,33,5,49,47,0.04081632653061224,0.011265633366185787,0.13713032306080064,2/49 (4.08%; 95% CI 1.13–13.71%),0.10204081632653061,0.04437954674476266,0.21756361549195893,5/49 (10.20%; 95% CI 4.44–21.76%),0.1836734693877551,0.09976341062070308,0.3135760260289987,9/49 (18.37%; 95% CI 9.98–31.36%),0.673469387755102,0.5337920531457014,0.7879250299818812,33/49 (67.35%; 95% CI 53.38–78.79%),0.9591836734693877,0.8628696769391992,0.9887343666338142,47/49 (95.92%; 95% CI 86.29–98.87%)
huron,internvl,appfr,H08,8,4,9,2,33,5,49,47,0.04081632653061224,0.011265633366185787,0.13713032306080064,2/49 (4.08%; 95% CI 1.13–13.71%),0.10204081632653061,0.04437954674476266,0.21756361549195893,5/49 (10.20%; 95% CI 4.44–21.76%),0.1836734693877551,0.09976341062070308,0.3135760260289987,9/49 (18.37%; 95% CI 9.98–31.36%),0.673469387755102,0.5337920531457014,0.7879250299818812,33/49 (67.35%; 95% CI 53.38–78.79%),0.9591836734693877,0.8628696769391992,0.9887343666338142,47/49 (95.92%; 95% CI 86.29–98.87%)
huron,internvl,appfr,H08,8,5,11,2,31,5,49,47,0.04081632653061224,0.011265633366185787,0.13713032306080064,2/49 (4.08%; 95% CI 1.13–13.71%),0.10204081632653061,0.04437954674476266,0.21756361549195893,5/49 (10.20%; 95% CI 4.44–21.76%),0.22448979591836735,0.13024970149659185,0.35878787235959997,11/49 (22.45%; 95% CI 13.02–35.88%),0.6326530612244898,0.49267067560792427,0.7533482703131686,31/49 (63.27%; 95% CI 49.27–75.33%),0.9591836734693877,0.8628696769391992,0.9887343666338142,47/49 (95.92%; 95% CI 86.29–98.87%)
huron,internvl,appfr,H10,10,1,2,1,40,6,49,48,0.02040816326530612,0.0036116725898252405,0.10693521523391616,1/49 (2.04%; 95% CI 0.36–10.69%),0.12244897959183673,0.05734825790240154,0.2424439729375651,6/49 (12.24%; 95% CI 5.73–24.24%),0.04081632653061224,0.011265633366185787,0.13713032306080064,2/49 (4.08%; 95% CI 1.13–13.71%),0.8163265306122449,0.6864239739710013,0.9002365893792968,40/49 (81.63%; 95% CI 68.64–90.02%),0.9795918367346939,0.8930647847660838,0.9963883274101746,48/49 (97.96%; 95% CI 89.31–99.64%)
huron,internvl,appfr,H10,10,2,6,1,36,6,49,48,0.02040816326530612,0.0036116725898252405,0.10693521523391616,1/49 (2.04%; 95% CI 0.36–10.69%),0.12244897959183673,0.05734825790240154,0.2424439729375651,6/49 (12.24%; 95% CI 5.73–24.24%),0.12244897959183673,0.05734825790240154,0.2424439729375651,6/49 (12.24%; 95% CI 5.73–24.24%),0.7346938775510204,0.5973771102868921,0.8378871786504258,36/49 (73.47%; 95% CI 59.74–83.79%),0.9795918367346939,0.8930647847660838,0.9963883274101746,48/49 (97.96%; 95% CI 89.31–99.64%)
huron,internvl,appfr,H10,10,3,9,1,33,6,49,48,0.02040816326530612,0.0036116725898252405,0.10693521523391616,1/49 (2.04%; 95% CI 0.36–10.69%),0.12244897959183673,0.05734825790240154,0.2424439729375651,6/49 (12.24%; 95% CI 5.73–24.24%),0.1836734693877551,0.09976341062070308,0.3135760260289987,9/49 (18.37%; 95% CI 9.98–31.36%),0.673469387755102,0.5337920531457014,0.7879250299818812,33/49 (67.35%; 95% CI 53.38–78.79%),0.9795918367346939,0.8930647847660838,0.9963883274101746,48/49 (97.96%; 95% CI 89.31–99.64%)
huron,internvl,appfr,H10,10,4,9,1,33,6,49,48,0.02040816326530612,0.0036116725898252405,0.10693521523391616,1/49 (2.04%; 95% CI 0.36–10.69%),0.12244897959183673,0.05734825790240154,0.2424439729375651,6/49 (12.24%; 95% CI 5.73–24.24%),0.1836734693877551,0.09976341062070308,0.3135760260289987,9/49 (18.37%; 95% CI 9.98–31.36%),0.673469387755102,0.5337920531457014,0.7879250299818812,33/49 (67.35%; 95% CI 53.38–78.79%),0.9795918367346939,0.8930647847660838,0.9963883274101746,48/49 (97.96%; 95% CI 89.31–99.64%)
huron,internvl,appfr,H10,10,5,11,1,31,6,49,48,0.02040816326530612,0.0036116725898252405,0.10693521523391616,1/49 (2.04%; 95% CI 0.36–10.69%),0.12244897959183673,0.05734825790240154,0.2424439729375651,6/49 (12.24%; 95% CI 5.73–24.24%),0.22448979591836735,0.13024970149659185,0.35878787235959997,11/49 (22.45%; 95% CI 13.02–35.88%),0.6326530612244898,0.49267067560792427,0.7533482703131686,31/49 (63.27%; 95% CI 49.27–75.33%),0.9795918367346939,0.8930647847660838,0.9963883274101746,48/49 (97.96%; 95% CI 89.31–99.64%)
huron,internvl,appfr,H12,12,1,2,1,40,6,49,48,0.02040816326530612,0.0036116725898252405,0.10693521523391616,1/49 (2.04%; 95% CI 0.36–10.69%),0.12244897959183673,0.05734825790240154,0.2424439729375651,6/49 (12.24%; 95% CI 5.73–24.24%),0.04081632653061224,0.011265633366185787,0.13713032306080064,2/49 (4.08%; 95% CI 1.13–13.71%),0.8163265306122449,0.6864239739710013,0.9002365893792968,40/49 (81.63%; 95% CI 68.64–90.02%),0.9795918367346939,0.8930647847660838,0.9963883274101746,48/49 (97.96%; 95% CI 89.31–99.64%)
huron,internvl,appfr,H12,12,2,6,1,36,6,49,48,0.02040816326530612,0.0036116725898252405,0.10693521523391616,1/49 (2.04%; 95% CI 0.36–10.69%),0.12244897959183673,0.05734825790240154,0.2424439729375651,6/49 (12.24%; 95% CI 5.73–24.24%),0.12244897959183673,0.05734825790240154,0.2424439729375651,6/49 (12.24%; 95% CI 5.73–24.24%),0.7346938775510204,0.5973771102868921,0.8378871786504258,36/49 (73.47%; 95% CI 59.74–83.79%),0.9795918367346939,0.8930647847660838,0.9963883274101746,48/49 (97.96%; 95% CI 89.31–99.64%)
huron,internvl,appfr,H12,12,3,9,1,33,6,49,48,0.02040816326530612,0.0036116725898252405,0.10693521523391616,1/49 (2.04%; 95% CI 0.36–10.69%),0.12244897959183673,0.05734825790240154,0.2424439729375651,6/49 (12.24%; 95% CI 5.73–24.24%),0.1836734693877551,0.09976341062070308,0.3135760260289987,9/49 (18.37%; 95% CI 9.98–31.36%),0.673469387755102,0.5337920531457014,0.7879250299818812,33/49 (67.35%; 95% CI 53.38–78.79%),0.9795918367346939,0.8930647847660838,0.9963883274101746,48/49 (97.96%; 95% CI 89.31–99.64%)
huron,internvl,appfr,H12,12,4,9,1,33,6,49,48,0.02040816326530612,0.0036116725898252405,0.10693521523391616,1/49 (2.04%; 95% CI 0.36–10.69%),0.12244897959183673,0.05734825790240154,0.2424439729375651,6/49 (12.24%; 95% CI 5.73–24.24%),0.1836734693877551,0.09976341062070308,0.3135760260289987,9/49 (18.37%; 95% CI 9.98–31.36%),0.673469387755102,0.5337920531457014,0.7879250299818812,33/49 (67.35%; 95% CI 53.38–78.79%),0.9795918367346939,0.8930647847660838,0.9963883274101746,48/49 (97.96%; 95% CI 89.31–99.64%)
huron,internvl,appfr,H12,12,5,11,1,31,6,49,48,0.02040816326530612,0.0036116725898252405,0.10693521523391616,1/49 (2.04%; 95% CI 0.36–10.69%),0.12244897959183673,0.05734825790240154,0.2424439729375651,6/49 (12.24%; 95% CI 5.73–24.24%),0.22448979591836735,0.13024970149659185,0.35878787235959997,11/49 (22.45%; 95% CI 13.02–35.88%),0.6326530612244898,0.49267067560792427,0.7533482703131686,31/49 (63.27%; 95% CI 49.27–75.33%),0.9795918367346939,0.8930647847660838,0.9963883274101746,48/49 (97.96%; 95% CI 89.31–99.64%)
huron,internvl,appfr,H14,14,1,3,7,35,4,49,42,0.14285714285714285,0.0709642372040676,0.26667706223914406,7/49 (14.29%; 95% CI 7.10–26.67%),0.08163265306122448,0.032202817667763686,0.19189127596571287,4/49 (8.16%; 95% CI 3.22–19.19%),0.061224489795918366,0.02104014667296747,0.16520487835726402,3/49 (6.12%; 95% CI 2.10–16.52%),0.7142857142857143,0.575911164922199,0.8215040554118739,35/49 (71.43%; 95% CI 57.59–82.15%),0.8571428571428571,0.7333229377608557,0.9290357627959323,42/49 (85.71%; 95% CI 73.33–92.90%)
huron,internvl,appfr,H14,14,2,6,7,32,4,49,42,0.14285714285714285,0.0709642372040676,0.26667706223914406,7/49 (14.29%; 95% CI 7.10–26.67%),0.08163265306122448,0.032202817667763686,0.19189127596571287,4/49 (8.16%; 95% CI 3.22–19.19%),0.12244897959183673,0.05734825790240154,0.2424439729375651,6/49 (12.24%; 95% CI 5.73–24.24%),0.6530612244897959,0.5131119428697273,0.7707560716546102,32/49 (65.31%; 95% CI 51.31–77.08%),0.8571428571428571,0.7333229377608557,0.9290357627959323,42/49 (85.71%; 95% CI 73.33–92.90%)
huron,internvl,appfr,H14,14,3,7,7,31,4,49,42,0.14285714285714285,0.0709642372040676,0.26667706223914406,7/49 (14.29%; 95% CI 7.10–26.67%),0.08163265306122448,0.032202817667763686,0.19189127596571287,4/49 (8.16%; 95% CI 3.22–19.19%),0.14285714285714285,0.0709642372040676,0.26667706223914406,7/49 (14.29%; 95% CI 7.10–26.67%),0.6326530612244898,0.49267067560792427,0.7533482703131686,31/49 (63.27%; 95% CI 49.27–75.33%),0.8571428571428571,0.7333229377608557,0.9290357627959323,42/49 (85.71%; 95% CI 73.33–92.90%)
huron,internvl,appfr,H14,14,4,7,7,31,4,49,42,0.14285714285714285,0.0709642372040676,0.26667706223914406,7/49 (14.29%; 95% CI 7.10–26.67%),0.08163265306122448,0.032202817667763686,0.19189127596571287,4/49 (8.16%; 95% CI 3.22–19.19%),0.14285714285714285,0.0709642372040676,0.26667706223914406,7/49 (14.29%; 95% CI 7.10–26.67%),0.6326530612244898,0.49267067560792427,0.7533482703131686,31/49 (63.27%; 95% CI 49.27–75.33%),0.8571428571428571,0.7333229377608557,0.9290357627959323,42/49 (85.71%; 95% CI 73.33–92.90%)
huron,internvl,appfr,H14,14,5,9,7,29,4,49,42,0.14285714285714285,0.0709642372040676,0.26667706223914406,7/49 (14.29%; 95% CI 7.10–26.67%),0.08163265306122448,0.032202817667763686,0.19189127596571287,4/49 (8.16%; 95% CI 3.22–19.19%),0.1836734693877551,0.09976341062070308,0.3135760260289987,9/49 (18.37%; 95% CI 9.98–31.36%),0.5918367346938775,0.4524731939184714,0.7178476147961312,29/49 (59.18%; 95% CI 45.25–71.78%),0.8571428571428571,0.7333229377608557,0.9290357627959323,42/49 (85.71%; 95% CI 73.33–92.90%)
huron,internvl,appfr,H16,16,1,3,7,35,4,49,42,0.14285714285714285,0.0709642372040676,0.26667706223914406,7/49 (14.29%; 95% CI 7.10–26.67%),0.08163265306122448,0.032202817667763686,0.19189127596571287,4/49 (8.16%; 95% CI 3.22–19.19%),0.061224489795918366,0.02104014667296747,0.16520487835726402,3/49 (6.12%; 95% CI 2.10–16.52%),0.7142857142857143,0.575911164922199,0.8215040554118739,35/49 (71.43%; 95% CI 57.59–82.15%),0.8571428571428571,0.7333229377608557,0.9290357627959323,42/49 (85.71%; 95% CI 73.33–92.90%)
huron,internvl,appfr,H16,16,2,6,7,32,4,49,42,0.14285714285714285,0.0709642372040676,0.26667706223914406,7/49 (14.29%; 95% CI 7.10–26.67%),0.08163265306122448,0.032202817667763686,0.19189127596571287,4/49 (8.16%; 95% CI 3.22–19.19%),0.12244897959183673,0.05734825790240154,0.2424439729375651,6/49 (12.24%; 95% CI 5.73–24.24%),0.6530612244897959,0.5131119428697273,0.7707560716546102,32/49 (65.31%; 95% CI 51.31–77.08%),0.8571428571428571,0.7333229377608557,0.9290357627959323,42/49 (85.71%; 95% CI 73.33–92.90%)
huron,internvl,appfr,H16,16,3,7,7,31,4,49,42,0.14285714285714285,0.0709642372040676,0.26667706223914406,7/49 (14.29%; 95% CI 7.10–26.67%),0.08163265306122448,0.032202817667763686,0.19189127596571287,4/49 (8.16%; 95% CI 3.22–19.19%),0.14285714285714285,0.0709642372040676,0.26667706223914406,7/49 (14.29%; 95% CI 7.10–26.67%),0.6326530612244898,0.49267067560792427,0.7533482703131686,31/49 (63.27%; 95% CI 49.27–75.33%),0.8571428571428571,0.7333229377608557,0.9290357627959323,42/49 (85.71%; 95% CI 73.33–92.90%)
huron,internvl,appfr,H16,16,4,7,7,31,4,49,42,0.14285714285714285,0.0709642372040676,0.26667706223914406,7/49 (14.29%; 95% CI 7.10–26.67%),0.08163265306122448,0.032202817667763686,0.19189127596571287,4/49 (8.16%; 95% CI 3.22–19.19%),0.14285714285714285,0.0709642372040676,0.26667706223914406,7/49 (14.29%; 95% CI 7.10–26.67%),0.6326530612244898,0.49267067560792427,0.7533482703131686,31/49 (63.27%; 95% CI 49.27–75.33%),0.8571428571428571,0.7333229377608557,0.9290357627959323,42/49 (85.71%; 95% CI 73.33–92.90%)
huron,internvl,appfr,H16,16,5,9,7,29,4,49,42,0.14285714285714285,0.0709642372040676,0.26667706223914406,7/49 (14.29%; 95% CI 7.10–26.67%),0.08163265306122448,0.032202817667763686,0.19189127596571287,4/49 (8.16%; 95% CI 3.22–19.19%),0.1836734693877551,0.09976341062070308,0.3135760260289987,9/49 (18.37%; 95% CI 9.98–31.36%),0.5918367346938775,0.4524731939184714,0.7178476147961312,29/49 (59.18%; 95% CI 45.25–71.78%),0.8571428571428571,0.7333229377608557,0.9290357627959323,42/49 (85.71%; 95% CI 73.33–92.90%)
huron,internvl,appfr,H18,18,1,2,1,40,6,49,48,0.02040816326530612,0.0036116725898252405,0.10693521523391616,1/49 (2.04%; 95% CI 0.36–10.69%),0.12244897959183673,0.05734825790240154,0.2424439729375651,6/49 (12.24%; 95% CI 5.73–24.24%),0.04081632653061224,0.011265633366185787,0.13713032306080064,2/49 (4.08%; 95% CI 1.13–13.71%),0.8163265306122449,0.6864239739710013,0.9002365893792968,40/49 (81.63%; 95% CI 68.64–90.02%),0.9795918367346939,0.8930647847660838,0.9963883274101746,48/49 (97.96%; 95% CI 89.31–99.64%)
huron,internvl,appfr,H18,18,2,6,1,36,6,49,48,0.02040816326530612,0.0036116725898252405,0.10693521523391616,1/49 (2.04%; 95% CI 0.36–10.69%),0.12244897959183673,0.05734825790240154,0.2424439729375651,6/49 (12.24%; 95% CI 5.73–24.24%),0.12244897959183673,0.05734825790240154,0.2424439729375651,6/49 (12.24%; 95% CI 5.73–24.24%),0.7346938775510204,0.5973771102868921,0.8378871786504258,36/49 (73.47%; 95% CI 59.74–83.79%),0.9795918367346939,0.8930647847660838,0.9963883274101746,48/49 (97.96%; 95% CI 89.31–99.64%)
huron,internvl,appfr,H18,18,3,9,1,33,6,49,48,0.02040816326530612,0.0036116725898252405,0.10693521523391616,1/49 (2.04%; 95% CI 0.36–10.69%),0.12244897959183673,0.05734825790240154,0.2424439729375651,6/49 (12.24%; 95% CI 5.73–24.24%),0.1836734693877551,0.09976341062070308,0.3135760260289987,9/49 (18.37%; 95% CI 9.98–31.36%),0.673469387755102,0.5337920531457014,0.7879250299818812,33/49 (67.35%; 95% CI 53.38–78.79%),0.9795918367346939,0.8930647847660838,0.9963883274101746,48/49 (97.96%; 95% CI 89.31–99.64%)
huron,internvl,appfr,H18,18,4,9,1,33,6,49,48,0.02040816326530612,0.0036116725898252405,0.10693521523391616,1/49 (2.04%; 95% CI 0.36–10.69%),0.12244897959183673,0.05734825790240154,0.2424439729375651,6/49 (12.24%; 95% CI 5.73–24.24%),0.1836734693877551,0.09976341062070308,0.3135760260289987,9/49 (18.37%; 95% CI 9.98–31.36%),0.673469387755102,0.5337920531457014,0.7879250299818812,33/49 (67.35%; 95% CI 53.38–78.79%),0.9795918367346939,0.8930647847660838,0.9963883274101746,48/49 (97.96%; 95% CI 89.31–99.64%)
huron,internvl,appfr,H18,18,5,11,1,31,6,49,48,0.02040816326530612,0.0036116725898252405,0.10693521523391616,1/49 (2.04%; 95% CI 0.36–10.69%),0.12244897959183673,0.05734825790240154,0.2424439729375651,6/49 (12.24%; 95% CI 5.73–24.24%),0.22448979591836735,0.13024970149659185,0.35878787235959997,11/49 (22.45%; 95% CI 13.02–35.88%),0.6326530612244898,0.49267067560792427,0.7533482703131686,31/49 (63.27%; 95% CI 49.27–75.33%),0.9795918367346939,0.8930647847660838,0.9963883274101746,48/49 (97.96%; 95% CI 89.31–99.64%)
huron,internvl,appfr,H20,20,1,2,1,40,6,49,48,0.02040816326530612,0.0036116725898252405,0.10693521523391616,1/49 (2.04%; 95% CI 0.36–10.69%),0.12244897959183673,0.05734825790240154,0.2424439729375651,6/49 (12.24%; 95% CI 5.73–24.24%),0.04081632653061224,0.011265633366185787,0.13713032306080064,2/49 (4.08%; 95% CI 1.13–13.71%),0.8163265306122449,0.6864239739710013,0.9002365893792968,40/49 (81.63%; 95% CI 68.64–90.02%),0.9795918367346939,0.8930647847660838,0.9963883274101746,48/49 (97.96%; 95% CI 89.31–99.64%)
huron,internvl,appfr,H20,20,2,6,1,36,6,49,48,0.02040816326530612,0.0036116725898252405,0.10693521523391616,1/49 (2.04%; 95% CI 0.36–10.69%),0.12244897959183673,0.05734825790240154,0.2424439729375651,6/49 (12.24%; 95% CI 5.73–24.24%),0.12244897959183673,0.05734825790240154,0.2424439729375651,6/49 (12.24%; 95% CI 5.73–24.24%),0.7346938775510204,0.5973771102868921,0.8378871786504258,36/49 (73.47%; 95% CI 59.74–83.79%),0.9795918367346939,0.8930647847660838,0.9963883274101746,48/49 (97.96%; 95% CI 89.31–99.64%)
huron,internvl,appfr,H20,20,3,9,1,33,6,49,48,0.02040816326530612,0.0036116725898252405,0.10693521523391616,1/49 (2.04%; 95% CI 0.36–10.69%),0.12244897959183673,0.05734825790240154,0.2424439729375651,6/49 (12.24%; 95% CI 5.73–24.24%),0.1836734693877551,0.09976341062070308,0.3135760260289987,9/49 (18.37%; 95% CI 9.98–31.36%),0.673469387755102,0.5337920531457014,0.7879250299818812,33/49 (67.35%; 95% CI 53.38–78.79%),0.9795918367346939,0.8930647847660838,0.9963883274101746,48/49 (97.96%; 95% CI 89.31–99.64%)
huron,internvl,appfr,H20,20,4,9,1,33,6,49,48,0.02040816326530612,0.0036116725898252405,0.10693521523391616,1/49 (2.04%; 95% CI 0.36–10.69%),0.12244897959183673,0.05734825790240154,0.2424439729375651,6/49 (12.24%; 95% CI 5.73–24.24%),0.1836734693877551,0.09976341062070308,0.3135760260289987,9/49 (18.37%; 95% CI 9.98–31.36%),0.673469387755102,0.5337920531457014,0.7879250299818812,33/49 (67.35%; 95% CI 53.38–78.79%),0.9795918367346939,0.8930647847660838,0.9963883274101746,48/49 (97.96%; 95% CI 89.31–99.64%)
huron,internvl,appfr,H20,20,5,11,1,31,6,49,48,0.02040816326530612,0.0036116725898252405,0.10693521523391616,1/49 (2.04%; 95% CI 0.36–10.69%),0.12244897959183673,0.05734825790240154,0.2424439729375651,6/49 (12.24%; 95% CI 5.73–24.24%),0.22448979591836735,0.13024970149659185,0.35878787235959997,11/49 (22.45%; 95% CI 13.02–35.88%),0.6326530612244898,0.49267067560792427,0.7533482703131686,31/49 (63.27%; 95% CI 49.27–75.33%),0.9795918367346939,0.8930647847660838,0.9963883274101746,48/49 (97.96%; 95% CI 89.31–99.64%)
huron,internvl,appfr,H22,22,1,3,1,39,6,49,48,0.02040816326530612,0.0036116725898252405,0.10693521523391616,1/49 (2.04%; 95% CI 0.36–10.69%),0.12244897959183673,0.05734825790240154,0.2424439729375651,6/49 (12.24%; 95% CI 5.73–24.24%),0.061224489795918366,0.02104014667296747,0.16520487835726402,3/49 (6.12%; 95% CI 2.10–16.52%),0.7959183673469388,0.6636299908048744,0.8851815039421786,39/49 (79.59%; 95% CI 66.36–88.52%),0.9795918367346939,0.8930647847660838,0.9963883274101746,48/49 (97.96%; 95% CI 89.31–99.64%)
huron,internvl,appfr,H22,22,2,6,1,36,6,49,48,0.02040816326530612,0.0036116725898252405,0.10693521523391616,1/49 (2.04%; 95% CI 0.36–10.69%),0.12244897959183673,0.05734825790240154,0.2424439729375651,6/49 (12.24%; 95% CI 5.73–24.24%),0.12244897959183673,0.05734825790240154,0.2424439729375651,6/49 (12.24%; 95% CI 5.73–24.24%),0.7346938775510204,0.5973771102868921,0.8378871786504258,36/49 (73.47%; 95% CI 59.74–83.79%),0.9795918367346939,0.8930647847660838,0.9963883274101746,48/49 (97.96%; 95% CI 89.31–99.64%)
huron,internvl,appfr,H22,22,3,9,1,33,6,49,48,0.02040816326530612,0.0036116725898252405,0.10693521523391616,1/49 (2.04%; 95% CI 0.36–10.69%),0.12244897959183673,0.05734825790240154,0.2424439729375651,6/49 (12.24%; 95% CI 5.73–24.24%),0.1836734693877551,0.09976341062070308,0.3135760260289987,9/49 (18.37%; 95% CI 9.98–31.36%),0.673469387755102,0.5337920531457014,0.7879250299818812,33/49 (67.35%; 95% CI 53.38–78.79%),0.9795918367346939,0.8930647847660838,0.9963883274101746,48/49 (97.96%; 95% CI 89.31–99.64%)
huron,internvl,appfr,H22,22,4,9,1,33,6,49,48,0.02040816326530612,0.0036116725898252405,0.10693521523391616,1/49 (2.04%; 95% CI 0.36–10.69%),0.12244897959183673,0.05734825790240154,0.2424439729375651,6/49 (12.24%; 95% CI 5.73–24.24%),0.1836734693877551,0.09976341062070308,0.3135760260289987,9/49 (18.37%; 95% CI 9.98–31.36%),0.673469387755102,0.5337920531457014,0.7879250299818812,33/49 (67.35%; 95% CI 53.38–78.79%),0.9795918367346939,0.8930647847660838,0.9963883274101746,48/49 (97.96%; 95% CI 89.31–99.64%)
huron,internvl,appfr,H22,22,5,11,1,31,6,49,48,0.02040816326530612,0.0036116725898252405,0.10693521523391616,1/49 (2.04%; 95% CI 0.36–10.69%),0.12244897959183673,0.05734825790240154,0.2424439729375651,6/49 (12.24%; 95% CI 5.73–24.24%),0.22448979591836735,0.13024970149659185,0.35878787235959997,11/49 (22.45%; 95% CI 13.02–35.88%),0.6326530612244898,0.49267067560792427,0.7533482703131686,31/49 (63.27%; 95% CI 49.27–75.33%),0.9795918367346939,0.8930647847660838,0.9963883274101746,48/49 (97.96%; 95% CI 89.31–99.64%)
huron,internvl,appfr,H24,24,1,1,1,40,7,49,48,0.02040816326530612,0.0036116725898252405,0.10693521523391616,1/49 (2.04%; 95% CI 0.36–10.69%),0.14285714285714285,0.0709642372040676,0.26667706223914406,7/49 (14.29%; 95% CI 7.10–26.67%),0.02040816326530612,0.0036116725898252405,0.10693521523391616,1/49 (2.04%; 95% CI 0.36–10.69%),0.8163265306122449,0.6864239739710013,0.9002365893792968,40/49 (81.63%; 95% CI 68.64–90.02%),0.9795918367346939,0.8930647847660838,0.9963883274101746,48/49 (97.96%; 95% CI 89.31–99.64%)
huron,internvl,appfr,H24,24,2,5,1,36,7,49,48,0.02040816326530612,0.0036116725898252405,0.10693521523391616,1/49 (2.04%; 95% CI 0.36–10.69%),0.14285714285714285,0.0709642372040676,0.26667706223914406,7/49 (14.29%; 95% CI 7.10–26.67%),0.10204081632653061,0.04437954674476266,0.21756361549195893,5/49 (10.20%; 95% CI 4.44–21.76%),0.7346938775510204,0.5973771102868921,0.8378871786504258,36/49 (73.47%; 95% CI 59.74–83.79%),0.9795918367346939,0.8930647847660838,0.9963883274101746,48/49 (97.96%; 95% CI 89.31–99.64%)
huron,internvl,appfr,H24,24,3,8,1,33,7,49,48,0.02040816326530612,0.0036116725898252405,0.10693521523391616,1/49 (2.04%; 95% CI 0.36–10.69%),0.14285714285714285,0.0709642372040676,0.26667706223914406,7/49 (14.29%; 95% CI 7.10–26.67%),0.16326530612244897,0.08512698370728837,0.2903633843391683,8/49 (16.33%; 95% CI 8.51–29.04%),0.673469387755102,0.5337920531457014,0.7879250299818812,33/49 (67.35%; 95% CI 53.38–78.79%),0.9795918367346939,0.8930647847660838,0.9963883274101746,48/49 (97.96%; 95% CI 89.31–99.64%)
huron,internvl,appfr,H24,24,4,8,1,33,7,49,48,0.02040816326530612,0.0036116725898252405,0.10693521523391616,1/49 (2.04%; 95% CI 0.36–10.69%),0.14285714285714285,0.0709642372040676,0.26667706223914406,7/49 (14.29%; 95% CI 7.10–26.67%),0.16326530612244897,0.08512698370728837,0.2903633843391683,8/49 (16.33%; 95% CI 8.51–29.04%),0.673469387755102,0.5337920531457014,0.7879250299818812,33/49 (67.35%; 95% CI 53.38–78.79%),0.9795918367346939,0.8930647847660838,0.9963883274101746,48/49 (97.96%; 95% CI 89.31–99.64%)
huron,internvl,appfr,H24,24,5,10,1,31,7,49,48,0.02040816326530612,0.0036116725898252405,0.10693521523391616,1/49 (2.04%; 95% CI 0.36–10.69%),0.14285714285714285,0.0709642372040676,0.26667706223914406,7/49 (14.29%; 95% CI 7.10–26.67%),0.20408163265306123,0.11481849605782132,0.3363700091951255,10/49 (20.41%; 95% CI 11.48–33.64%),0.6326530612244898,0.49267067560792427,0.7533482703131686,31/49 (63.27%; 95% CI 49.27–75.33%),0.9795918367346939,0.8930647847660838,0.9963883274101746,48/49 (97.96%; 95% CI 89.31–99.64%)
huron,internvl,appfr,H26,26,1,1,1,40,7,49,48,0.02040816326530612,0.0036116725898252405,0.10693521523391616,1/49 (2.04%; 95% CI 0.36–10.69%),0.14285714285714285,0.0709642372040676,0.26667706223914406,7/49 (14.29%; 95% CI 7.10–26.67%),0.02040816326530612,0.0036116725898252405,0.10693521523391616,1/49 (2.04%; 95% CI 0.36–10.69%),0.8163265306122449,0.6864239739710013,0.9002365893792968,40/49 (81.63%; 95% CI 68.64–90.02%),0.9795918367346939,0.8930647847660838,0.9963883274101746,48/49 (97.96%; 95% CI 89.31–99.64%)
huron,internvl,appfr,H26,26,2,4,1,37,7,49,48,0.02040816326530612,0.0036116725898252405,0.10693521523391616,1/49 (2.04%; 95% CI 0.36–10.69%),0.14285714285714285,0.0709642372040676,0.26667706223914406,7/49 (14.29%; 95% CI 7.10–26.67%),0.08163265306122448,0.032202817667763686,0.19189127596571287,4/49 (8.16%; 95% CI 3.22–19.19%),0.7551020408163265,0.6191368101239605,0.8539765474166023,37/49 (75.51%; 95% CI 61.91–85.40%),0.9795918367346939,0.8930647847660838,0.9963883274101746,48/49 (97.96%; 95% CI 89.31–99.64%)
huron,internvl,appfr,H26,26,3,8,1,33,7,49,48,0.02040816326530612,0.0036116725898252405,0.10693521523391616,1/49 (2.04%; 95% CI 0.36–10.69%),0.14285714285714285,0.0709642372040676,0.26667706223914406,7/49 (14.29%; 95% CI 7.10–26.67%),0.16326530612244897,0.08512698370728837,0.2903633843391683,8/49 (16.33%; 95% CI 8.51–29.04%),0.673469387755102,0.5337920531457014,0.7879250299818812,33/49 (67.35%; 95% CI 53.38–78.79%),0.9795918367346939,0.8930647847660838,0.9963883274101746,48/49 (97.96%; 95% CI 89.31–99.64%)
huron,internvl,appfr,H26,26,4,8,1,33,7,49,48,0.02040816326530612,0.0036116725898252405,0.10693521523391616,1/49 (2.04%; 95% CI 0.36–10.69%),0.14285714285714285,0.0709642372040676,0.26667706223914406,7/49 (14.29%; 95% CI 7.10–26.67%),0.16326530612244897,0.08512698370728837,0.2903633843391683,8/49 (16.33%; 95% CI 8.51–29.04%),0.673469387755102,0.5337920531457014,0.7879250299818812,33/49 (67.35%; 95% CI 53.38–78.79%),0.9795918367346939,0.8930647847660838,0.9963883274101746,48/49 (97.96%; 95% CI 89.31–99.64%)
huron,internvl,appfr,H26,26,5,10,1,31,7,49,48,0.02040816326530612,0.0036116725898252405,0.10693521523391616,1/49 (2.04%; 95% CI 0.36–10.69%),0.14285714285714285,0.0709642372040676,0.26667706223914406,7/49 (14.29%; 95% CI 7.10–26.67%),0.20408163265306123,0.11481849605782132,0.3363700091951255,10/49 (20.41%; 95% CI 11.48–33.64%),0.6326530612244898,0.49267067560792427,0.7533482703131686,31/49 (63.27%; 95% CI 49.27–75.33%),0.9795918367346939,0.8930647847660838,0.9963883274101746,48/49 (97.96%; 95% CI 89.31–99.64%)
huron,internvl,appfr,H28,28,1,1,1,40,7,49,48,0.02040816326530612,0.0036116725898252405,0.10693521523391616,1/49 (2.04%; 95% CI 0.36–10.69%),0.14285714285714285,0.0709642372040676,0.26667706223914406,7/49 (14.29%; 95% CI 7.10–26.67%),0.02040816326530612,0.0036116725898252405,0.10693521523391616,1/49 (2.04%; 95% CI 0.36–10.69%),0.8163265306122449,0.6864239739710013,0.9002365893792968,40/49 (81.63%; 95% CI 68.64–90.02%),0.9795918367346939,0.8930647847660838,0.9963883274101746,48/49 (97.96%; 95% CI 89.31–99.64%)
huron,internvl,appfr,H28,28,2,4,1,37,7,49,48,0.02040816326530612,0.0036116725898252405,0.10693521523391616,1/49 (2.04%; 95% CI 0.36–10.69%),0.14285714285714285,0.0709642372040676,0.26667706223914406,7/49 (14.29%; 95% CI 7.10–26.67%),0.08163265306122448,0.032202817667763686,0.19189127596571287,4/49 (8.16%; 95% CI 3.22–19.19%),0.7551020408163265,0.6191368101239605,0.8539765474166023,37/49 (75.51%; 95% CI 61.91–85.40%),0.9795918367346939,0.8930647847660838,0.9963883274101746,48/49 (97.96%; 95% CI 89.31–99.64%)
huron,internvl,appfr,H28,28,3,8,1,33,7,49,48,0.02040816326530612,0.0036116725898252405,0.10693521523391616,1/49 (2.04%; 95% CI 0.36–10.69%),0.14285714285714285,0.0709642372040676,0.26667706223914406,7/49 (14.29%; 95% CI 7.10–26.67%),0.16326530612244897,0.08512698370728837,0.2903633843391683,8/49 (16.33%; 95% CI 8.51–29.04%),0.673469387755102,0.5337920531457014,0.7879250299818812,33/49 (67.35%; 95% CI 53.38–78.79%),0.9795918367346939,0.8930647847660838,0.9963883274101746,48/49 (97.96%; 95% CI 89.31–99.64%)
huron,internvl,appfr,H28,28,4,8,1,33,7,49,48,0.02040816326530612,0.0036116725898252405,0.10693521523391616,1/49 (2.04%; 95% CI 0.36–10.69%),0.14285714285714285,0.0709642372040676,0.26667706223914406,7/49 (14.29%; 95% CI 7.10–26.67%),0.16326530612244897,0.08512698370728837,0.2903633843391683,8/49 (16.33%; 95% CI 8.51–29.04%),0.673469387755102,0.5337920531457014,0.7879250299818812,33/49 (67.35%; 95% CI 53.38–78.79%),0.9795918367346939,0.8930647847660838,0.9963883274101746,48/49 (97.96%; 95% CI 89.31–99.64%)
huron,internvl,appfr,H28,28,5,10,1,31,7,49,48,0.02040816326530612,0.0036116725898252405,0.10693521523391616,1/49 (2.04%; 95% CI 0.36–10.69%),0.14285714285714285,0.0709642372040676,0.26667706223914406,7/49 (14.29%; 95% CI 7.10–26.67%),0.20408163265306123,0.11481849605782132,0.3363700091951255,10/49 (20.41%; 95% CI 11.48–33.64%),0.6326530612244898,0.49267067560792427,0.7533482703131686,31/49 (63.27%; 95% CI 49.27–75.33%),0.9795918367346939,0.8930647847660838,0.9963883274101746,48/49 (97.96%; 95% CI 89.31–99.64%)
huron,internvl,appfr,H30,30,1,1,3,40,5,49,46,0.061224489795918366,0.02104014667296747,0.16520487835726402,3/49 (6.12%; 95% CI 2.10–16.52%),0.10204081632653061,0.04437954674476266,0.21756361549195893,5/49 (10.20%; 95% CI 4.44–21.76%),0.02040816326530612,0.0036116725898252405,0.10693521523391616,1/49 (2.04%; 95% CI 0.36–10.69%),0.8163265306122449,0.6864239739710013,0.9002365893792968,40/49 (81.63%; 95% CI 68.64–90.02%),0.9387755102040817,0.834795121642736,0.9789598533270324,46/49 (93.88%; 95% CI 83.48–97.90%)
huron,internvl,appfr,H30,30,2,4,3,37,5,49,46,0.061224489795918366,0.02104014667296747,0.16520487835726402,3/49 (6.12%; 95% CI 2.10–16.52%),0.10204081632653061,0.04437954674476266,0.21756361549195893,5/49 (10.20%; 95% CI 4.44–21.76%),0.08163265306122448,0.032202817667763686,0.19189127596571287,4/49 (8.16%; 95% CI 3.22–19.19%),0.7551020408163265,0.6191368101239605,0.8539765474166023,37/49 (75.51%; 95% CI 61.91–85.40%),0.9387755102040817,0.834795121642736,0.9789598533270324,46/49 (93.88%; 95% CI 83.48–97.90%)
huron,internvl,appfr,H30,30,3,8,3,33,5,49,46,0.061224489795918366,0.02104014667296747,0.16520487835726402,3/49 (6.12%; 95% CI 2.10–16.52%),0.10204081632653061,0.04437954674476266,0.21756361549195893,5/49 (10.20%; 95% CI 4.44–21.76%),0.16326530612244897,0.08512698370728837,0.2903633843391683,8/49 (16.33%; 95% CI 8.51–29.04%),0.673469387755102,0.5337920531457014,0.7879250299818812,33/49 (67.35%; 95% CI 53.38–78.79%),0.9387755102040817,0.834795121642736,0.9789598533270324,46/49 (93.88%; 95% CI 83.48–97.90%)
huron,internvl,appfr,H30,30,4,8,3,33,5,49,46,0.061224489795918366,0.02104014667296747,0.16520487835726402,3/49 (6.12%; 95% CI 2.10–16.52%),0.10204081632653061,0.04437954674476266,0.21756361549195893,5/49 (10.20%; 95% CI 4.44–21.76%),0.16326530612244897,0.08512698370728837,0.2903633843391683,8/49 (16.33%; 95% CI 8.51–29.04%),0.673469387755102,0.5337920531457014,0.7879250299818812,33/49 (67.35%; 95% CI 53.38–78.79%),0.9387755102040817,0.834795121642736,0.9789598533270324,46/49 (93.88%; 95% CI 83.48–97.90%)
huron,internvl,appfr,H30,30,5,10,3,31,5,49,46,0.061224489795918366,0.02104014667296747,0.16520487835726402,3/49 (6.12%; 95% CI 2.10–16.52%),0.10204081632653061,0.04437954674476266,0.21756361549195893,5/49 (10.20%; 95% CI 4.44–21.76%),0.20408163265306123,0.11481849605782132,0.3363700091951255,10/49 (20.41%; 95% CI 11.48–33.64%),0.6326530612244898,0.49267067560792427,0.7533482703131686,31/49 (63.27%; 95% CI 49.27–75.33%),0.9387755102040817,0.834795121642736,0.9789598533270324,46/49 (93.88%; 95% CI 83.48–97.90%)
huron,internvl,appfr,H32,32,1,2,2,39,6,49,47,0.04081632653061224,0.011265633366185787,0.13713032306080064,2/49 (4.08%; 95% CI 1.13–13.71%),0.12244897959183673,0.05734825790240154,0.2424439729375651,6/49 (12.24%; 95% CI 5.73–24.24%),0.04081632653061224,0.011265633366185787,0.13713032306080064,2/49 (4.08%; 95% CI 1.13–13.71%),0.7959183673469388,0.6636299908048744,0.8851815039421786,39/49 (79.59%; 95% CI 66.36–88.52%),0.9591836734693877,0.8628696769391992,0.9887343666338142,47/49 (95.92%; 95% CI 86.29–98.87%)
huron,internvl,appfr,H32,32,2,7,2,34,6,49,47,0.04081632653061224,0.011265633366185787,0.13713032306080064,2/49 (4.08%; 95% CI 1.13–13.71%),0.12244897959183673,0.05734825790240154,0.2424439729375651,6/49 (12.24%; 95% CI 5.73–24.24%),0.14285714285714285,0.0709642372040676,0.26667706223914406,7/49 (14.29%; 95% CI 7.10–26.67%),0.6938775510204082,0.5547210644108935,0.8048450873199342,34/49 (69.39%; 95% CI 55.47–80.48%),0.9591836734693877,0.8628696769391992,0.9887343666338142,47/49 (95.92%; 95% CI 86.29–98.87%)
huron,internvl,appfr,H32,32,3,8,2,33,6,49,47,0.04081632653061224,0.011265633366185787,0.13713032306080064,2/49 (4.08%; 95% CI 1.13–13.71%),0.12244897959183673,0.05734825790240154,0.2424439729375651,6/49 (12.24%; 95% CI 5.73–24.24%),0.16326530612244897,0.08512698370728837,0.2903633843391683,8/49 (16.33%; 95% CI 8.51–29.04%),0.673469387755102,0.5337920531457014,0.7879250299818812,33/49 (67.35%; 95% CI 53.38–78.79%),0.9591836734693877,0.8628696769391992,0.9887343666338142,47/49 (95.92%; 95% CI 86.29–98.87%)
huron,internvl,appfr,H32,32,4,8,2,33,6,49,47,0.04081632653061224,0.011265633366185787,0.13713032306080064,2/49 (4.08%; 95% CI 1.13–13.71%),0.12244897959183673,0.05734825790240154,0.2424439729375651,6/49 (12.24%; 95% CI 5.73–24.24%),0.16326530612244897,0.08512698370728837,0.2903633843391683,8/49 (16.33%; 95% CI 8.51–29.04%),0.673469387755102,0.5337920531457014,0.7879250299818812,33/49 (67.35%; 95% CI 53.38–78.79%),0.9591836734693877,0.8628696769391992,0.9887343666338142,47/49 (95.92%; 95% CI 86.29–98.87%)
huron,internvl,appfr,H32,32,5,10,2,31,6,49,47,0.04081632653061224,0.011265633366185787,0.13713032306080064,2/49 (4.08%; 95% CI 1.13–13.71%),0.12244897959183673,0.05734825790240154,0.2424439729375651,6/49 (12.24%; 95% CI 5.73–24.24%),0.20408163265306123,0.11481849605782132,0.3363700091951255,10/49 (20.41%; 95% CI 11.48–33.64%),0.6326530612244898,0.49267067560792427,0.7533482703131686,31/49 (63.27%; 95% CI 49.27–75.33%),0.9591836734693877,0.8628696769391992,0.9887343666338142,47/49 (95.92%; 95% CI 86.29–98.87%)
huron,internvl,appod,H02,2,1,3,2,39,5,49,47,0.04081632653061224,0.011265633366185787,0.13713032306080064,2/49 (4.08%; 95% CI 1.13–13.71%),0.10204081632653061,0.04437954674476266,0.21756361549195893,5/49 (10.20%; 95% CI 4.44–21.76%),0.061224489795918366,0.02104014667296747,0.16520487835726402,3/49 (6.12%; 95% CI 2.10–16.52%),0.7959183673469388,0.6636299908048744,0.8851815039421786,39/49 (79.59%; 95% CI 66.36–88.52%),0.9591836734693877,0.8628696769391992,0.9887343666338142,47/49 (95.92%; 95% CI 86.29–98.87%)
huron,internvl,appod,H02,2,2,6,2,36,5,49,47,0.04081632653061224,0.011265633366185787,0.13713032306080064,2/49 (4.08%; 95% CI 1.13–13.71%),0.10204081632653061,0.04437954674476266,0.21756361549195893,5/49 (10.20%; 95% CI 4.44–21.76%),0.12244897959183673,0.05734825790240154,0.2424439729375651,6/49 (12.24%; 95% CI 5.73–24.24%),0.7346938775510204,0.5973771102868921,0.8378871786504258,36/49 (73.47%; 95% CI 59.74–83.79%),0.9591836734693877,0.8628696769391992,0.9887343666338142,47/49 (95.92%; 95% CI 86.29–98.87%)
huron,internvl,appod,H02,2,3,9,2,33,5,49,47,0.04081632653061224,0.011265633366185787,0.13713032306080064,2/49 (4.08%; 95% CI 1.13–13.71%),0.10204081632653061,0.04437954674476266,0.21756361549195893,5/49 (10.20%; 95% CI 4.44–21.76%),0.1836734693877551,0.09976341062070308,0.3135760260289987,9/49 (18.37%; 95% CI 9.98–31.36%),0.673469387755102,0.5337920531457014,0.7879250299818812,33/49 (67.35%; 95% CI 53.38–78.79%),0.9591836734693877,0.8628696769391992,0.9887343666338142,47/49 (95.92%; 95% CI 86.29–98.87%)
huron,internvl,appod,H02,2,4,9,2,33,5,49,47,0.04081632653061224,0.011265633366185787,0.13713032306080064,2/49 (4.08%; 95% CI 1.13–13.71%),0.10204081632653061,0.04437954674476266,0.21756361549195893,5/49 (10.20%; 95% CI 4.44–21.76%),0.1836734693877551,0.09976341062070308,0.3135760260289987,9/49 (18.37%; 95% CI 9.98–31.36%),0.673469387755102,0.5337920531457014,0.7879250299818812,33/49 (67.35%; 95% CI 53.38–78.79%),0.9591836734693877,0.8628696769391992,0.9887343666338142,47/49 (95.92%; 95% CI 86.29–98.87%)
huron,internvl,appod,H02,2,5,11,2,31,5,49,47,0.04081632653061224,0.011265633366185787,0.13713032306080064,2/49 (4.08%; 95% CI 1.13–13.71%),0.10204081632653061,0.04437954674476266,0.21756361549195893,5/49 (10.20%; 95% CI 4.44–21.76%),0.22448979591836735,0.13024970149659185,0.35878787235959997,11/49 (22.45%; 95% CI 13.02–35.88%),0.6326530612244898,0.49267067560792427,0.7533482703131686,31/49 (63.27%; 95% CI 49.27–75.33%),0.9591836734693877,0.8628696769391992,0.9887343666338142,47/49 (95.92%; 95% CI 86.29–98.87%)
huron,internvl,appod,H04,4,1,2,2,39,6,49,47,0.04081632653061224,0.011265633366185787,0.13713032306080064,2/49 (4.08%; 95% CI 1.13–13.71%),0.12244897959183673,0.05734825790240154,0.2424439729375651,6/49 (12.24%; 95% CI 5.73–24.24%),0.04081632653061224,0.011265633366185787,0.13713032306080064,2/49 (4.08%; 95% CI 1.13–13.71%),0.7959183673469388,0.6636299908048744,0.8851815039421786,39/49 (79.59%; 95% CI 66.36–88.52%),0.9591836734693877,0.8628696769391992,0.9887343666338142,47/49 (95.92%; 95% CI 86.29–98.87%)
huron,internvl,appod,H04,4,2,4,2,37,6,49,47,0.04081632653061224,0.011265633366185787,0.13713032306080064,2/49 (4.08%; 95% CI 1.13–13.71%),0.12244897959183673,0.05734825790240154,0.2424439729375651,6/49 (12.24%; 95% CI 5.73–24.24%),0.08163265306122448,0.032202817667763686,0.19189127596571287,4/49 (8.16%; 95% CI 3.22–19.19%),0.7551020408163265,0.6191368101239605,0.8539765474166023,37/49 (75.51%; 95% CI 61.91–85.40%),0.9591836734693877,0.8628696769391992,0.9887343666338142,47/49 (95.92%; 95% CI 86.29–98.87%)
huron,internvl,appod,H04,4,3,8,2,33,6,49,47,0.04081632653061224,0.011265633366185787,0.13713032306080064,2/49 (4.08%; 95% CI 1.13–13.71%),0.12244897959183673,0.05734825790240154,0.2424439729375651,6/49 (12.24%; 95% CI 5.73–24.24%),0.16326530612244897,0.08512698370728837,0.2903633843391683,8/49 (16.33%; 95% CI 8.51–29.04%),0.673469387755102,0.5337920531457014,0.7879250299818812,33/49 (67.35%; 95% CI 53.38–78.79%),0.9591836734693877,0.8628696769391992,0.9887343666338142,47/49 (95.92%; 95% CI 86.29–98.87%)
huron,internvl,appod,H04,4,4,8,2,33,6,49,47,0.04081632653061224,0.011265633366185787,0.13713032306080064,2/49 (4.08%; 95% CI 1.13–13.71%),0.12244897959183673,0.05734825790240154,0.2424439729375651,6/49 (12.24%; 95% CI 5.73–24.24%),0.16326530612244897,0.08512698370728837,0.2903633843391683,8/49 (16.33%; 95% CI 8.51–29.04%),0.673469387755102,0.5337920531457014,0.7879250299818812,33/49 (67.35%; 95% CI 53.38–78.79%),0.9591836734693877,0.8628696769391992,0.9887343666338142,47/49 (95.92%; 95% CI 86.29–98.87%)
huron,internvl,appod,H04,4,5,10,2,31,6,49,47,0.04081632653061224,0.011265633366185787,0.13713032306080064,2/49 (4.08%; 95% CI 1.13–13.71%),0.12244897959183673,0.05734825790240154,0.2424439729375651,6/49 (12.24%; 95% CI 5.73–24.24%),0.20408163265306123,0.11481849605782132,0.3363700091951255,10/49 (20.41%; 95% CI 11.48–33.64%),0.6326530612244898,0.49267067560792427,0.7533482703131686,31/49 (63.27%; 95% CI 49.27–75.33%),0.9591836734693877,0.8628696769391992,0.9887343666338142,47/49 (95.92%; 95% CI 86.29–98.87%)
huron,internvl,appod,H06,6,1,2,2,40,5,49,47,0.04081632653061224,0.011265633366185787,0.13713032306080064,2/49 (4.08%; 95% CI 1.13–13.71%),0.10204081632653061,0.04437954674476266,0.21756361549195893,5/49 (10.20%; 95% CI 4.44–21.76%),0.04081632653061224,0.011265633366185787,0.13713032306080064,2/49 (4.08%; 95% CI 1.13–13.71%),0.8163265306122449,0.6864239739710013,0.9002365893792968,40/49 (81.63%; 95% CI 68.64–90.02%),0.9591836734693877,0.8628696769391992,0.9887343666338142,47/49 (95.92%; 95% CI 86.29–98.87%)
huron,internvl,appod,H06,6,2,6,2,36,5,49,47,0.04081632653061224,0.011265633366185787,0.13713032306080064,2/49 (4.08%; 95% CI 1.13–13.71%),0.10204081632653061,0.04437954674476266,0.21756361549195893,5/49 (10.20%; 95% CI 4.44–21.76%),0.12244897959183673,0.05734825790240154,0.2424439729375651,6/49 (12.24%; 95% CI 5.73–24.24%),0.7346938775510204,0.5973771102868921,0.8378871786504258,36/49 (73.47%; 95% CI 59.74–83.79%),0.9591836734693877,0.8628696769391992,0.9887343666338142,47/49 (95.92%; 95% CI 86.29–98.87%)
huron,internvl,appod,H06,6,3,9,2,33,5,49,47,0.04081632653061224,0.011265633366185787,0.13713032306080064,2/49 (4.08%; 95% CI 1.13–13.71%),0.10204081632653061,0.04437954674476266,0.21756361549195893,5/49 (10.20%; 95% CI 4.44–21.76%),0.1836734693877551,0.09976341062070308,0.3135760260289987,9/49 (18.37%; 95% CI 9.98–31.36%),0.673469387755102,0.5337920531457014,0.7879250299818812,33/49 (67.35%; 95% CI 53.38–78.79%),0.9591836734693877,0.8628696769391992,0.9887343666338142,47/49 (95.92%; 95% CI 86.29–98.87%)
huron,internvl,appod,H06,6,4,9,2,33,5,49,47,0.04081632653061224,0.011265633366185787,0.13713032306080064,2/49 (4.08%; 95% CI 1.13–13.71%),0.10204081632653061,0.04437954674476266,0.21756361549195893,5/49 (10.20%; 95% CI 4.44–21.76%),0.1836734693877551,0.09976341062070308,0.3135760260289987,9/49 (18.37%; 95% CI 9.98–31.36%),0.673469387755102,0.5337920531457014,0.7879250299818812,33/49 (67.35%; 95% CI 53.38–78.79%),0.9591836734693877,0.8628696769391992,0.9887343666338142,47/49 (95.92%; 95% CI 86.29–98.87%)
huron,internvl,appod,H06,6,5,11,2,31,5,49,47,0.04081632653061224,0.011265633366185787,0.13713032306080064,2/49 (4.08%; 95% CI 1.13–13.71%),0.10204081632653061,0.04437954674476266,0.21756361549195893,5/49 (10.20%; 95% CI 4.44–21.76%),0.22448979591836735,0.13024970149659185,0.35878787235959997,11/49 (22.45%; 95% CI 13.02–35.88%),0.6326530612244898,0.49267067560792427,0.7533482703131686,31/49 (63.27%; 95% CI 49.27–75.33%),0.9591836734693877,0.8628696769391992,0.9887343666338142,47/49 (95.92%; 95% CI 86.29–98.87%)
huron,internvl,appod,H08,8,1,1,3,40,5,49,46,0.061224489795918366,0.02104014667296747,0.16520487835726402,3/49 (6.12%; 95% CI 2.10–16.52%),0.10204081632653061,0.04437954674476266,0.21756361549195893,5/49 (10.20%; 95% CI 4.44–21.76%),0.02040816326530612,0.0036116725898252405,0.10693521523391616,1/49 (2.04%; 95% CI 0.36–10.69%),0.8163265306122449,0.6864239739710013,0.9002365893792968,40/49 (81.63%; 95% CI 68.64–90.02%),0.9387755102040817,0.834795121642736,0.9789598533270324,46/49 (93.88%; 95% CI 83.48–97.90%)
huron,internvl,appod,H08,8,2,5,3,36,5,49,46,0.061224489795918366,0.02104014667296747,0.16520487835726402,3/49 (6.12%; 95% CI 2.10–16.52%),0.10204081632653061,0.04437954674476266,0.21756361549195893,5/49 (10.20%; 95% CI 4.44–21.76%),0.10204081632653061,0.04437954674476266,0.21756361549195893,5/49 (10.20%; 95% CI 4.44–21.76%),0.7346938775510204,0.5973771102868921,0.8378871786504258,36/49 (73.47%; 95% CI 59.74–83.79%),0.9387755102040817,0.834795121642736,0.9789598533270324,46/49 (93.88%; 95% CI 83.48–97.90%)
huron,internvl,appod,H08,8,3,8,3,33,5,49,46,0.061224489795918366,0.02104014667296747,0.16520487835726402,3/49 (6.12%; 95% CI 2.10–16.52%),0.10204081632653061,0.04437954674476266,0.21756361549195893,5/49 (10.20%; 95% CI 4.44–21.76%),0.16326530612244897,0.08512698370728837,0.2903633843391683,8/49 (16.33%; 95% CI 8.51–29.04%),0.673469387755102,0.5337920531457014,0.7879250299818812,33/49 (67.35%; 95% CI 53.38–78.79%),0.9387755102040817,0.834795121642736,0.9789598533270324,46/49 (93.88%; 95% CI 83.48–97.90%)
huron,internvl,appod,H08,8,4,8,3,33,5,49,46,0.061224489795918366,0.02104014667296747,0.16520487835726402,3/49 (6.12%; 95% CI 2.10–16.52%),0.10204081632653061,0.04437954674476266,0.21756361549195893,5/49 (10.20%; 95% CI 4.44–21.76%),0.16326530612244897,0.08512698370728837,0.2903633843391683,8/49 (16.33%; 95% CI 8.51–29.04%),0.673469387755102,0.5337920531457014,0.7879250299818812,33/49 (67.35%; 95% CI 53.38–78.79%),0.9387755102040817,0.834795121642736,0.9789598533270324,46/49 (93.88%; 95% CI 83.48–97.90%)
huron,internvl,appod,H08,8,5,10,3,31,5,49,46,0.061224489795918366,0.02104014667296747,0.16520487835726402,3/49 (6.12%; 95% CI 2.10–16.52%),0.10204081632653061,0.04437954674476266,0.21756361549195893,5/49 (10.20%; 95% CI 4.44–21.76%),0.20408163265306123,0.11481849605782132,0.3363700091951255,10/49 (20.41%; 95% CI 11.48–33.64%),0.6326530612244898,0.49267067560792427,0.7533482703131686,31/49 (63.27%; 95% CI 49.27–75.33%),0.9387755102040817,0.834795121642736,0.9789598533270324,46/49 (93.88%; 95% CI 83.48–97.90%)
huron,internvl,appod,H10,10,1,2,3,40,4,49,46,0.061224489795918366,0.02104014667296747,0.16520487835726402,3/49 (6.12%; 95% CI 2.10–16.52%),0.08163265306122448,0.032202817667763686,0.19189127596571287,4/49 (8.16%; 95% CI 3.22–19.19%),0.04081632653061224,0.011265633366185787,0.13713032306080064,2/49 (4.08%; 95% CI 1.13–13.71%),0.8163265306122449,0.6864239739710013,0.9002365893792968,40/49 (81.63%; 95% CI 68.64–90.02%),0.9387755102040817,0.834795121642736,0.9789598533270324,46/49 (93.88%; 95% CI 83.48–97.90%)
huron,internvl,appod,H10,10,2,6,3,36,4,49,46,0.061224489795918366,0.02104014667296747,0.16520487835726402,3/49 (6.12%; 95% CI 2.10–16.52%),0.08163265306122448,0.032202817667763686,0.19189127596571287,4/49 (8.16%; 95% CI 3.22–19.19%),0.12244897959183673,0.05734825790240154,0.2424439729375651,6/49 (12.24%; 95% CI 5.73–24.24%),0.7346938775510204,0.5973771102868921,0.8378871786504258,36/49 (73.47%; 95% CI 59.74–83.79%),0.9387755102040817,0.834795121642736,0.9789598533270324,46/49 (93.88%; 95% CI 83.48–97.90%)
huron,internvl,appod,H10,10,3,9,3,33,4,49,46,0.061224489795918366,0.02104014667296747,0.16520487835726402,3/49 (6.12%; 95% CI 2.10–16.52%),0.08163265306122448,0.032202817667763686,0.19189127596571287,4/49 (8.16%; 95% CI 3.22–19.19%),0.1836734693877551,0.09976341062070308,0.3135760260289987,9/49 (18.37%; 95% CI 9.98–31.36%),0.673469387755102,0.5337920531457014,0.7879250299818812,33/49 (67.35%; 95% CI 53.38–78.79%),0.9387755102040817,0.834795121642736,0.9789598533270324,46/49 (93.88%; 95% CI 83.48–97.90%)
huron,internvl,appod,H10,10,4,9,3,33,4,49,46,0.061224489795918366,0.02104014667296747,0.16520487835726402,3/49 (6.12%; 95% CI 2.10–16.52%),0.08163265306122448,0.032202817667763686,0.19189127596571287,4/49 (8.16%; 95% CI 3.22–19.19%),0.1836734693877551,0.09976341062070308,0.3135760260289987,9/49 (18.37%; 95% CI 9.98–31.36%),0.673469387755102,0.5337920531457014,0.7879250299818812,33/49 (67.35%; 95% CI 53.38–78.79%),0.9387755102040817,0.834795121642736,0.9789598533270324,46/49 (93.88%; 95% CI 83.48–97.90%)
huron,internvl,appod,H10,10,5,11,3,31,4,49,46,0.061224489795918366,0.02104014667296747,0.16520487835726402,3/49 (6.12%; 95% CI 2.10–16.52%),0.08163265306122448,0.032202817667763686,0.19189127596571287,4/49 (8.16%; 95% CI 3.22–19.19%),0.22448979591836735,0.13024970149659185,0.35878787235959997,11/49 (22.45%; 95% CI 13.02–35.88%),0.6326530612244898,0.49267067560792427,0.7533482703131686,31/49 (63.27%; 95% CI 49.27–75.33%),0.9387755102040817,0.834795121642736,0.9789598533270324,46/49 (93.88%; 95% CI 83.48–97.90%)
huron,internvl,appod,H12,12,1,1,2,40,6,49,47,0.04081632653061224,0.011265633366185787,0.13713032306080064,2/49 (4.08%; 95% CI 1.13–13.71%),0.12244897959183673,0.05734825790240154,0.2424439729375651,6/49 (12.24%; 95% CI 5.73–24.24%),0.02040816326530612,0.0036116725898252405,0.10693521523391616,1/49 (2.04%; 95% CI 0.36–10.69%),0.8163265306122449,0.6864239739710013,0.9002365893792968,40/49 (81.63%; 95% CI 68.64–90.02%),0.9591836734693877,0.8628696769391992,0.9887343666338142,47/49 (95.92%; 95% CI 86.29–98.87%)
huron,internvl,appod,H12,12,2,6,2,35,6,49,47,0.04081632653061224,0.011265633366185787,0.13713032306080064,2/49 (4.08%; 95% CI 1.13–13.71%),0.12244897959183673,0.05734825790240154,0.2424439729375651,6/49 (12.24%; 95% CI 5.73–24.24%),0.12244897959183673,0.05734825790240154,0.2424439729375651,6/49 (12.24%; 95% CI 5.73–24.24%),0.7142857142857143,0.575911164922199,0.8215040554118739,35/49 (71.43%; 95% CI 57.59–82.15%),0.9591836734693877,0.8628696769391992,0.9887343666338142,47/49 (95.92%; 95% CI 86.29–98.87%)
huron,internvl,appod,H12,12,3,8,2,33,6,49,47,0.04081632653061224,0.011265633366185787,0.13713032306080064,2/49 (4.08%; 95% CI 1.13–13.71%),0.12244897959183673,0.05734825790240154,0.2424439729375651,6/49 (12.24%; 95% CI 5.73–24.24%),0.16326530612244897,0.08512698370728837,0.2903633843391683,8/49 (16.33%; 95% CI 8.51–29.04%),0.673469387755102,0.5337920531457014,0.7879250299818812,33/49 (67.35%; 95% CI 53.38–78.79%),0.9591836734693877,0.8628696769391992,0.9887343666338142,47/49 (95.92%; 95% CI 86.29–98.87%)
huron,internvl,appod,H12,12,4,8,2,33,6,49,47,0.04081632653061224,0.011265633366185787,0.13713032306080064,2/49 (4.08%; 95% CI 1.13–13.71%),0.12244897959183673,0.05734825790240154,0.2424439729375651,6/49 (12.24%; 95% CI 5.73–24.24%),0.16326530612244897,0.08512698370728837,0.2903633843391683,8/49 (16.33%; 95% CI 8.51–29.04%),0.673469387755102,0.5337920531457014,0.7879250299818812,33/49 (67.35%; 95% CI 53.38–78.79%),0.9591836734693877,0.8628696769391992,0.9887343666338142,47/49 (95.92%; 95% CI 86.29–98.87%)
huron,internvl,appod,H12,12,5,10,2,31,6,49,47,0.04081632653061224,0.011265633366185787,0.13713032306080064,2/49 (4.08%; 95% CI 1.13–13.71%),0.12244897959183673,0.05734825790240154,0.2424439729375651,6/49 (12.24%; 95% CI 5.73–24.24%),0.20408163265306123,0.11481849605782132,0.3363700091951255,10/49 (20.41%; 95% CI 11.48–33.64%),0.6326530612244898,0.49267067560792427,0.7533482703131686,31/49 (63.27%; 95% CI 49.27–75.33%),0.9591836734693877,0.8628696769391992,0.9887343666338142,47/49 (95.92%; 95% CI 86.29–98.87%)
huron,internvl,appod,H14,14,1,4,4,36,5,49,45,0.08163265306122448,0.032202817667763686,0.19189127596571287,4/49 (8.16%; 95% CI 3.22–19.19%),0.10204081632653061,0.04437954674476266,0.21756361549195893,5/49 (10.20%; 95% CI 4.44–21.76%),0.08163265306122448,0.032202817667763686,0.19189127596571287,4/49 (8.16%; 95% CI 3.22–19.19%),0.7346938775510204,0.5973771102868921,0.8378871786504258,36/49 (73.47%; 95% CI 59.74–83.79%),0.9183673469387755,0.808108724034287,0.9677971823322362,45/49 (91.84%; 95% CI 80.81–96.78%)
huron,internvl,appod,H14,14,2,6,4,34,5,49,45,0.08163265306122448,0.032202817667763686,0.19189127596571287,4/49 (8.16%; 95% CI 3.22–19.19%),0.10204081632653061,0.04437954674476266,0.21756361549195893,5/49 (10.20%; 95% CI 4.44–21.76%),0.12244897959183673,0.05734825790240154,0.2424439729375651,6/49 (12.24%; 95% CI 5.73–24.24%),0.6938775510204082,0.5547210644108935,0.8048450873199342,34/49 (69.39%; 95% CI 55.47–80.48%),0.9183673469387755,0.808108724034287,0.9677971823322362,45/49 (91.84%; 95% CI 80.81–96.78%)
huron,internvl,appod,H14,14,3,8,4,32,5,49,45,0.08163265306122448,0.032202817667763686,0.19189127596571287,4/49 (8.16%; 95% CI 3.22–19.19%),0.10204081632653061,0.04437954674476266,0.21756361549195893,5/49 (10.20%; 95% CI 4.44–21.76%),0.16326530612244897,0.08512698370728837,0.2903633843391683,8/49 (16.33%; 95% CI 8.51–29.04%),0.6530612244897959,0.5131119428697273,0.7707560716546102,32/49 (65.31%; 95% CI 51.31–77.08%),0.9183673469387755,0.808108724034287,0.9677971823322362,45/49 (91.84%; 95% CI 80.81–96.78%)
huron,internvl,appod,H14,14,4,8,4,32,5,49,45,0.08163265306122448,0.032202817667763686,0.19189127596571287,4/49 (8.16%; 95% CI 3.22–19.19%),0.10204081632653061,0.04437954674476266,0.21756361549195893,5/49 (10.20%; 95% CI 4.44–21.76%),0.16326530612244897,0.08512698370728837,0.2903633843391683,8/49 (16.33%; 95% CI 8.51–29.04%),0.6530612244897959,0.5131119428697273,0.7707560716546102,32/49 (65.31%; 95% CI 51.31–77.08%),0.9183673469387755,0.808108724034287,0.9677971823322362,45/49 (91.84%; 95% CI 80.81–96.78%)
huron,internvl,appod,H14,14,5,10,4,30,5,49,45,0.08163265306122448,0.032202817667763686,0.19189127596571287,4/49 (8.16%; 95% CI 3.22–19.19%),0.10204081632653061,0.04437954674476266,0.21756361549195893,5/49 (10.20%; 95% CI 4.44–21.76%),0.20408163265306123,0.11481849605782132,0.3363700091951255,10/49 (20.41%; 95% CI 11.48–33.64%),0.6122448979591837,0.4724599944352045,0.7357098828826433,30/49 (61.22%; 95% CI 47.25–73.57%),0.9183673469387755,0.808108724034287,0.9677971823322362,45/49 (91.84%; 95% CI 80.81–96.78%)
huron,internvl,appod,H16,16,1,3,4,38,4,49,45,0.08163265306122448,0.032202817667763686,0.19189127596571287,4/49 (8.16%; 95% CI 3.22–19.19%),0.08163265306122448,0.032202817667763686,0.19189127596571287,4/49 (8.16%; 95% CI 3.22–19.19%),0.061224489795918366,0.02104014667296747,0.16520487835726402,3/49 (6.12%; 95% CI 2.10–16.52%),0.7755102040816326,0.6412121276403999,0.869750298503408,38/49 (77.55%; 95% CI 64.12–86.98%),0.9183673469387755,0.808108724034287,0.9677971823322362,45/49 (91.84%; 95% CI 80.81–96.78%)
huron,internvl,appod,H16,16,2,6,4,35,4,49,45,0.08163265306122448,0.032202817667763686,0.19189127596571287,4/49 (8.16%; 95% CI 3.22–19.19%),0.08163265306122448,0.032202817667763686,0.19189127596571287,4/49 (8.16%; 95% CI 3.22–19.19%),0.12244897959183673,0.05734825790240154,0.2424439729375651,6/49 (12.24%; 95% CI 5.73–24.24%),0.7142857142857143,0.575911164922199,0.8215040554118739,35/49 (71.43%; 95% CI 57.59–82.15%),0.9183673469387755,0.808108724034287,0.9677971823322362,45/49 (91.84%; 95% CI 80.81–96.78%)
huron,internvl,appod,H16,16,3,8,4,33,4,49,45,0.08163265306122448,0.032202817667763686,0.19189127596571287,4/49 (8.16%; 95% CI 3.22–19.19%),0.08163265306122448,0.032202817667763686,0.19189127596571287,4/49 (8.16%; 95% CI 3.22–19.19%),0.16326530612244897,0.08512698370728837,0.2903633843391683,8/49 (16.33%; 95% CI 8.51–29.04%),0.673469387755102,0.5337920531457014,0.7879250299818812,33/49 (67.35%; 95% CI 53.38–78.79%),0.9183673469387755,0.808108724034287,0.9677971823322362,45/49 (91.84%; 95% CI 80.81–96.78%)
huron,internvl,appod,H16,16,4,8,4,33,4,49,45,0.08163265306122448,0.032202817667763686,0.19189127596571287,4/49 (8.16%; 95% CI 3.22–19.19%),0.08163265306122448,0.032202817667763686,0.19189127596571287,4/49 (8.16%; 95% CI 3.22–19.19%),0.16326530612244897,0.08512698370728837,0.2903633843391683,8/49 (16.33%; 95% CI 8.51–29.04%),0.673469387755102,0.5337920531457014,0.7879250299818812,33/49 (67.35%; 95% CI 53.38–78.79%),0.9183673469387755,0.808108724034287,0.9677971823322362,45/49 (91.84%; 95% CI 80.81–96.78%)
huron,internvl,appod,H16,16,5,10,4,31,4,49,45,0.08163265306122448,0.032202817667763686,0.19189127596571287,4/49 (8.16%; 95% CI 3.22–19.19%),0.08163265306122448,0.032202817667763686,0.19189127596571287,4/49 (8.16%; 95% CI 3.22–19.19%),0.20408163265306123,0.11481849605782132,0.3363700091951255,10/49 (20.41%; 95% CI 11.48–33.64%),0.6326530612244898,0.49267067560792427,0.7533482703131686,31/49 (63.27%; 95% CI 49.27–75.33%),0.9183673469387755,0.808108724034287,0.9677971823322362,45/49 (91.84%; 95% CI 80.81–96.78%)
huron,internvl,appod,H18,18,1,2,2,39,6,49,47,0.04081632653061224,0.011265633366185787,0.13713032306080064,2/49 (4.08%; 95% CI 1.13–13.71%),0.12244897959183673,0.05734825790240154,0.2424439729375651,6/49 (12.24%; 95% CI 5.73–24.24%),0.04081632653061224,0.011265633366185787,0.13713032306080064,2/49 (4.08%; 95% CI 1.13–13.71%),0.7959183673469388,0.6636299908048744,0.8851815039421786,39/49 (79.59%; 95% CI 66.36–88.52%),0.9591836734693877,0.8628696769391992,0.9887343666338142,47/49 (95.92%; 95% CI 86.29–98.87%)
huron,internvl,appod,H18,18,2,5,2,36,6,49,47,0.04081632653061224,0.011265633366185787,0.13713032306080064,2/49 (4.08%; 95% CI 1.13–13.71%),0.12244897959183673,0.05734825790240154,0.2424439729375651,6/49 (12.24%; 95% CI 5.73–24.24%),0.10204081632653061,0.04437954674476266,0.21756361549195893,5/49 (10.20%; 95% CI 4.44–21.76%),0.7346938775510204,0.5973771102868921,0.8378871786504258,36/49 (73.47%; 95% CI 59.74–83.79%),0.9591836734693877,0.8628696769391992,0.9887343666338142,47/49 (95.92%; 95% CI 86.29–98.87%)
huron,internvl,appod,H18,18,3,8,2,33,6,49,47,0.04081632653061224,0.011265633366185787,0.13713032306080064,2/49 (4.08%; 95% CI 1.13–13.71%),0.12244897959183673,0.05734825790240154,0.2424439729375651,6/49 (12.24%; 95% CI 5.73–24.24%),0.16326530612244897,0.08512698370728837,0.2903633843391683,8/49 (16.33%; 95% CI 8.51–29.04%),0.673469387755102,0.5337920531457014,0.7879250299818812,33/49 (67.35%; 95% CI 53.38–78.79%),0.9591836734693877,0.8628696769391992,0.9887343666338142,47/49 (95.92%; 95% CI 86.29–98.87%)
huron,internvl,appod,H18,18,4,8,2,33,6,49,47,0.04081632653061224,0.011265633366185787,0.13713032306080064,2/49 (4.08%; 95% CI 1.13–13.71%),0.12244897959183673,0.05734825790240154,0.2424439729375651,6/49 (12.24%; 95% CI 5.73–24.24%),0.16326530612244897,0.08512698370728837,0.2903633843391683,8/49 (16.33%; 95% CI 8.51–29.04%),0.673469387755102,0.5337920531457014,0.7879250299818812,33/49 (67.35%; 95% CI 53.38–78.79%),0.9591836734693877,0.8628696769391992,0.9887343666338142,47/49 (95.92%; 95% CI 86.29–98.87%)
huron,internvl,appod,H18,18,5,10,2,31,6,49,47,0.04081632653061224,0.011265633366185787,0.13713032306080064,2/49 (4.08%; 95% CI 1.13–13.71%),0.12244897959183673,0.05734825790240154,0.2424439729375651,6/49 (12.24%; 95% CI 5.73–24.24%),0.20408163265306123,0.11481849605782132,0.3363700091951255,10/49 (20.41%; 95% CI 11.48–33.64%),0.6326530612244898,0.49267067560792427,0.7533482703131686,31/49 (63.27%; 95% CI 49.27–75.33%),0.9591836734693877,0.8628696769391992,0.9887343666338142,47/49 (95.92%; 95% CI 86.29–98.87%)
huron,internvl,appod,H20,20,1,2,3,39,5,49,46,0.061224489795918366,0.02104014667296747,0.16520487835726402,3/49 (6.12%; 95% CI 2.10–16.52%),0.10204081632653061,0.04437954674476266,0.21756361549195893,5/49 (10.20%; 95% CI 4.44–21.76%),0.04081632653061224,0.011265633366185787,0.13713032306080064,2/49 (4.08%; 95% CI 1.13–13.71%),0.7959183673469388,0.6636299908048744,0.8851815039421786,39/49 (79.59%; 95% CI 66.36–88.52%),0.9387755102040817,0.834795121642736,0.9789598533270324,46/49 (93.88%; 95% CI 83.48–97.90%)
huron,internvl,appod,H20,20,2,6,3,35,5,49,46,0.061224489795918366,0.02104014667296747,0.16520487835726402,3/49 (6.12%; 95% CI 2.10–16.52%),0.10204081632653061,0.04437954674476266,0.21756361549195893,5/49 (10.20%; 95% CI 4.44–21.76%),0.12244897959183673,0.05734825790240154,0.2424439729375651,6/49 (12.24%; 95% CI 5.73–24.24%),0.7142857142857143,0.575911164922199,0.8215040554118739,35/49 (71.43%; 95% CI 57.59–82.15%),0.9387755102040817,0.834795121642736,0.9789598533270324,46/49 (93.88%; 95% CI 83.48–97.90%)
huron,internvl,appod,H20,20,3,8,3,33,5,49,46,0.061224489795918366,0.02104014667296747,0.16520487835726402,3/49 (6.12%; 95% CI 2.10–16.52%),0.10204081632653061,0.04437954674476266,0.21756361549195893,5/49 (10.20%; 95% CI 4.44–21.76%),0.16326530612244897,0.08512698370728837,0.2903633843391683,8/49 (16.33%; 95% CI 8.51–29.04%),0.673469387755102,0.5337920531457014,0.7879250299818812,33/49 (67.35%; 95% CI 53.38–78.79%),0.9387755102040817,0.834795121642736,0.9789598533270324,46/49 (93.88%; 95% CI 83.48–97.90%)
huron,internvl,appod,H20,20,4,8,3,33,5,49,46,0.061224489795918366,0.02104014667296747,0.16520487835726402,3/49 (6.12%; 95% CI 2.10–16.52%),0.10204081632653061,0.04437954674476266,0.21756361549195893,5/49 (10.20%; 95% CI 4.44–21.76%),0.16326530612244897,0.08512698370728837,0.2903633843391683,8/49 (16.33%; 95% CI 8.51–29.04%),0.673469387755102,0.5337920531457014,0.7879250299818812,33/49 (67.35%; 95% CI 53.38–78.79%),0.9387755102040817,0.834795121642736,0.9789598533270324,46/49 (93.88%; 95% CI 83.48–97.90%)
huron,internvl,appod,H20,20,5,10,3,31,5,49,46,0.061224489795918366,0.02104014667296747,0.16520487835726402,3/49 (6.12%; 95% CI 2.10–16.52%),0.10204081632653061,0.04437954674476266,0.21756361549195893,5/49 (10.20%; 95% CI 4.44–21.76%),0.20408163265306123,0.11481849605782132,0.3363700091951255,10/49 (20.41%; 95% CI 11.48–33.64%),0.6326530612244898,0.49267067560792427,0.7533482703131686,31/49 (63.27%; 95% CI 49.27–75.33%),0.9387755102040817,0.834795121642736,0.9789598533270324,46/49 (93.88%; 95% CI 83.48–97.90%)
huron,internvl,appod,H22,22,1,3,2,38,6,49,47,0.04081632653061224,0.011265633366185787,0.13713032306080064,2/49 (4.08%; 95% CI 1.13–13.71%),0.12244897959183673,0.05734825790240154,0.2424439729375651,6/49 (12.24%; 95% CI 5.73–24.24%),0.061224489795918366,0.02104014667296747,0.16520487835726402,3/49 (6.12%; 95% CI 2.10–16.52%),0.7755102040816326,0.6412121276403999,0.869750298503408,38/49 (77.55%; 95% CI 64.12–86.98%),0.9591836734693877,0.8628696769391992,0.9887343666338142,47/49 (95.92%; 95% CI 86.29–98.87%)
huron,internvl,appod,H22,22,2,6,2,35,6,49,47,0.04081632653061224,0.011265633366185787,0.13713032306080064,2/49 (4.08%; 95% CI 1.13–13.71%),0.12244897959183673,0.05734825790240154,0.2424439729375651,6/49 (12.24%; 95% CI 5.73–24.24%),0.12244897959183673,0.05734825790240154,0.2424439729375651,6/49 (12.24%; 95% CI 5.73–24.24%),0.7142857142857143,0.575911164922199,0.8215040554118739,35/49 (71.43%; 95% CI 57.59–82.15%),0.9591836734693877,0.8628696769391992,0.9887343666338142,47/49 (95.92%; 95% CI 86.29–98.87%)
huron,internvl,appod,H22,22,3,8,2,33,6,49,47,0.04081632653061224,0.011265633366185787,0.13713032306080064,2/49 (4.08%; 95% CI 1.13–13.71%),0.12244897959183673,0.05734825790240154,0.2424439729375651,6/49 (12.24%; 95% CI 5.73–24.24%),0.16326530612244897,0.08512698370728837,0.2903633843391683,8/49 (16.33%; 95% CI 8.51–29.04%),0.673469387755102,0.5337920531457014,0.7879250299818812,33/49 (67.35%; 95% CI 53.38–78.79%),0.9591836734693877,0.8628696769391992,0.9887343666338142,47/49 (95.92%; 95% CI 86.29–98.87%)
huron,internvl,appod,H22,22,4,8,2,33,6,49,47,0.04081632653061224,0.011265633366185787,0.13713032306080064,2/49 (4.08%; 95% CI 1.13–13.71%),0.12244897959183673,0.05734825790240154,0.2424439729375651,6/49 (12.24%; 95% CI 5.73–24.24%),0.16326530612244897,0.08512698370728837,0.2903633843391683,8/49 (16.33%; 95% CI 8.51–29.04%),0.673469387755102,0.5337920531457014,0.7879250299818812,33/49 (67.35%; 95% CI 53.38–78.79%),0.9591836734693877,0.8628696769391992,0.9887343666338142,47/49 (95.92%; 95% CI 86.29–98.87%)
huron,internvl,appod,H22,22,5,10,2,31,6,49,47,0.04081632653061224,0.011265633366185787,0.13713032306080064,2/49 (4.08%; 95% CI 1.13–13.71%),0.12244897959183673,0.05734825790240154,0.2424439729375651,6/49 (12.24%; 95% CI 5.73–24.24%),0.20408163265306123,0.11481849605782132,0.3363700091951255,10/49 (20.41%; 95% CI 11.48–33.64%),0.6326530612244898,0.49267067560792427,0.7533482703131686,31/49 (63.27%; 95% CI 49.27–75.33%),0.9591836734693877,0.8628696769391992,0.9887343666338142,47/49 (95.92%; 95% CI 86.29–98.87%)
huron,internvl,appod,H24,24,1,3,2,38,6,49,47,0.04081632653061224,0.011265633366185787,0.13713032306080064,2/49 (4.08%; 95% CI 1.13–13.71%),0.12244897959183673,0.05734825790240154,0.2424439729375651,6/49 (12.24%; 95% CI 5.73–24.24%),0.061224489795918366,0.02104014667296747,0.16520487835726402,3/49 (6.12%; 95% CI 2.10–16.52%),0.7755102040816326,0.6412121276403999,0.869750298503408,38/49 (77.55%; 95% CI 64.12–86.98%),0.9591836734693877,0.8628696769391992,0.9887343666338142,47/49 (95.92%; 95% CI 86.29–98.87%)
huron,internvl,appod,H24,24,2,6,2,35,6,49,47,0.04081632653061224,0.011265633366185787,0.13713032306080064,2/49 (4.08%; 95% CI 1.13–13.71%),0.12244897959183673,0.05734825790240154,0.2424439729375651,6/49 (12.24%; 95% CI 5.73–24.24%),0.12244897959183673,0.05734825790240154,0.2424439729375651,6/49 (12.24%; 95% CI 5.73–24.24%),0.7142857142857143,0.575911164922199,0.8215040554118739,35/49 (71.43%; 95% CI 57.59–82.15%),0.9591836734693877,0.8628696769391992,0.9887343666338142,47/49 (95.92%; 95% CI 86.29–98.87%)
huron,internvl,appod,H24,24,3,8,2,33,6,49,47,0.04081632653061224,0.011265633366185787,0.13713032306080064,2/49 (4.08%; 95% CI 1.13–13.71%),0.12244897959183673,0.05734825790240154,0.2424439729375651,6/49 (12.24%; 95% CI 5.73–24.24%),0.16326530612244897,0.08512698370728837,0.2903633843391683,8/49 (16.33%; 95% CI 8.51–29.04%),0.673469387755102,0.5337920531457014,0.7879250299818812,33/49 (67.35%; 95% CI 53.38–78.79%),0.9591836734693877,0.8628696769391992,0.9887343666338142,47/49 (95.92%; 95% CI 86.29–98.87%)
huron,internvl,appod,H24,24,4,8,2,33,6,49,47,0.04081632653061224,0.011265633366185787,0.13713032306080064,2/49 (4.08%; 95% CI 1.13–13.71%),0.12244897959183673,0.05734825790240154,0.2424439729375651,6/49 (12.24%; 95% CI 5.73–24.24%),0.16326530612244897,0.08512698370728837,0.2903633843391683,8/49 (16.33%; 95% CI 8.51–29.04%),0.673469387755102,0.5337920531457014,0.7879250299818812,33/49 (67.35%; 95% CI 53.38–78.79%),0.9591836734693877,0.8628696769391992,0.9887343666338142,47/49 (95.92%; 95% CI 86.29–98.87%)
huron,internvl,appod,H24,24,5,10,2,31,6,49,47,0.04081632653061224,0.011265633366185787,0.13713032306080064,2/49 (4.08%; 95% CI 1.13–13.71%),0.12244897959183673,0.05734825790240154,0.2424439729375651,6/49 (12.24%; 95% CI 5.73–24.24%),0.20408163265306123,0.11481849605782132,0.3363700091951255,10/49 (20.41%; 95% CI 11.48–33.64%),0.6326530612244898,0.49267067560792427,0.7533482703131686,31/49 (63.27%; 95% CI 49.27–75.33%),0.9591836734693877,0.8628696769391992,0.9887343666338142,47/49 (95.92%; 95% CI 86.29–98.87%)
huron,internvl,appod,H26,26,1,1,2,40,6,49,47,0.04081632653061224,0.011265633366185787,0.13713032306080064,2/49 (4.08%; 95% CI 1.13–13.71%),0.12244897959183673,0.05734825790240154,0.2424439729375651,6/49 (12.24%; 95% CI 5.73–24.24%),0.02040816326530612,0.0036116725898252405,0.10693521523391616,1/49 (2.04%; 95% CI 0.36–10.69%),0.8163265306122449,0.6864239739710013,0.9002365893792968,40/49 (81.63%; 95% CI 68.64–90.02%),0.9591836734693877,0.8628696769391992,0.9887343666338142,47/49 (95.92%; 95% CI 86.29–98.87%)
huron,internvl,appod,H26,26,2,4,2,37,6,49,47,0.04081632653061224,0.011265633366185787,0.13713032306080064,2/49 (4.08%; 95% CI 1.13–13.71%),0.12244897959183673,0.05734825790240154,0.2424439729375651,6/49 (12.24%; 95% CI 5.73–24.24%),0.08163265306122448,0.032202817667763686,0.19189127596571287,4/49 (8.16%; 95% CI 3.22–19.19%),0.7551020408163265,0.6191368101239605,0.8539765474166023,37/49 (75.51%; 95% CI 61.91–85.40%),0.9591836734693877,0.8628696769391992,0.9887343666338142,47/49 (95.92%; 95% CI 86.29–98.87%)
huron,internvl,appod,H26,26,3,8,2,33,6,49,47,0.04081632653061224,0.011265633366185787,0.13713032306080064,2/49 (4.08%; 95% CI 1.13–13.71%),0.12244897959183673,0.05734825790240154,0.2424439729375651,6/49 (12.24%; 95% CI 5.73–24.24%),0.16326530612244897,0.08512698370728837,0.2903633843391683,8/49 (16.33%; 95% CI 8.51–29.04%),0.673469387755102,0.5337920531457014,0.7879250299818812,33/49 (67.35%; 95% CI 53.38–78.79%),0.9591836734693877,0.8628696769391992,0.9887343666338142,47/49 (95.92%; 95% CI 86.29–98.87%)
huron,internvl,appod,H26,26,4,8,2,33,6,49,47,0.04081632653061224,0.011265633366185787,0.13713032306080064,2/49 (4.08%; 95% CI 1.13–13.71%),0.12244897959183673,0.05734825790240154,0.2424439729375651,6/49 (12.24%; 95% CI 5.73–24.24%),0.16326530612244897,0.08512698370728837,0.2903633843391683,8/49 (16.33%; 95% CI 8.51–29.04%),0.673469387755102,0.5337920531457014,0.7879250299818812,33/49 (67.35%; 95% CI 53.38–78.79%),0.9591836734693877,0.8628696769391992,0.9887343666338142,47/49 (95.92%; 95% CI 86.29–98.87%)
huron,internvl,appod,H26,26,5,10,2,31,6,49,47,0.04081632653061224,0.011265633366185787,0.13713032306080064,2/49 (4.08%; 95% CI 1.13–13.71%),0.12244897959183673,0.05734825790240154,0.2424439729375651,6/49 (12.24%; 95% CI 5.73–24.24%),0.20408163265306123,0.11481849605782132,0.3363700091951255,10/49 (20.41%; 95% CI 11.48–33.64%),0.6326530612244898,0.49267067560792427,0.7533482703131686,31/49 (63.27%; 95% CI 49.27–75.33%),0.9591836734693877,0.8628696769391992,0.9887343666338142,47/49 (95.92%; 95% CI 86.29–98.87%)
huron,internvl,appod,H28,28,1,1,1,40,7,49,48,0.02040816326530612,0.0036116725898252405,0.10693521523391616,1/49 (2.04%; 95% CI 0.36–10.69%),0.14285714285714285,0.0709642372040676,0.26667706223914406,7/49 (14.29%; 95% CI 7.10–26.67%),0.02040816326530612,0.0036116725898252405,0.10693521523391616,1/49 (2.04%; 95% CI 0.36–10.69%),0.8163265306122449,0.6864239739710013,0.9002365893792968,40/49 (81.63%; 95% CI 68.64–90.02%),0.9795918367346939,0.8930647847660838,0.9963883274101746,48/49 (97.96%; 95% CI 89.31–99.64%)
huron,internvl,appod,H28,28,2,4,1,37,7,49,48,0.02040816326530612,0.0036116725898252405,0.10693521523391616,1/49 (2.04%; 95% CI 0.36–10.69%),0.14285714285714285,0.0709642372040676,0.26667706223914406,7/49 (14.29%; 95% CI 7.10–26.67%),0.08163265306122448,0.032202817667763686,0.19189127596571287,4/49 (8.16%; 95% CI 3.22–19.19%),0.7551020408163265,0.6191368101239605,0.8539765474166023,37/49 (75.51%; 95% CI 61.91–85.40%),0.9795918367346939,0.8930647847660838,0.9963883274101746,48/49 (97.96%; 95% CI 89.31–99.64%)
huron,internvl,appod,H28,28,3,8,1,33,7,49,48,0.02040816326530612,0.0036116725898252405,0.10693521523391616,1/49 (2.04%; 95% CI 0.36–10.69%),0.14285714285714285,0.0709642372040676,0.26667706223914406,7/49 (14.29%; 95% CI 7.10–26.67%),0.16326530612244897,0.08512698370728837,0.2903633843391683,8/49 (16.33%; 95% CI 8.51–29.04%),0.673469387755102,0.5337920531457014,0.7879250299818812,33/49 (67.35%; 95% CI 53.38–78.79%),0.9795918367346939,0.8930647847660838,0.9963883274101746,48/49 (97.96%; 95% CI 89.31–99.64%)
huron,internvl,appod,H28,28,4,8,1,33,7,49,48,0.02040816326530612,0.0036116725898252405,0.10693521523391616,1/49 (2.04%; 95% CI 0.36–10.69%),0.14285714285714285,0.0709642372040676,0.26667706223914406,7/49 (14.29%; 95% CI 7.10–26.67%),0.16326530612244897,0.08512698370728837,0.2903633843391683,8/49 (16.33%; 95% CI 8.51–29.04%),0.673469387755102,0.5337920531457014,0.7879250299818812,33/49 (67.35%; 95% CI 53.38–78.79%),0.9795918367346939,0.8930647847660838,0.9963883274101746,48/49 (97.96%; 95% CI 89.31–99.64%)
huron,internvl,appod,H28,28,5,10,1,31,7,49,48,0.02040816326530612,0.0036116725898252405,0.10693521523391616,1/49 (2.04%; 95% CI 0.36–10.69%),0.14285714285714285,0.0709642372040676,0.26667706223914406,7/49 (14.29%; 95% CI 7.10–26.67%),0.20408163265306123,0.11481849605782132,0.3363700091951255,10/49 (20.41%; 95% CI 11.48–33.64%),0.6326530612244898,0.49267067560792427,0.7533482703131686,31/49 (63.27%; 95% CI 49.27–75.33%),0.9795918367346939,0.8930647847660838,0.9963883274101746,48/49 (97.96%; 95% CI 89.31–99.64%)
huron,internvl,appod,H30,30,1,1,2,40,6,49,47,0.04081632653061224,0.011265633366185787,0.13713032306080064,2/49 (4.08%; 95% CI 1.13–13.71%),0.12244897959183673,0.05734825790240154,0.2424439729375651,6/49 (12.24%; 95% CI 5.73–24.24%),0.02040816326530612,0.0036116725898252405,0.10693521523391616,1/49 (2.04%; 95% CI 0.36–10.69%),0.8163265306122449,0.6864239739710013,0.9002365893792968,40/49 (81.63%; 95% CI 68.64–90.02%),0.9591836734693877,0.8628696769391992,0.9887343666338142,47/49 (95.92%; 95% CI 86.29–98.87%)
huron,internvl,appod,H30,30,2,4,2,37,6,49,47,0.04081632653061224,0.011265633366185787,0.13713032306080064,2/49 (4.08%; 95% CI 1.13–13.71%),0.12244897959183673,0.05734825790240154,0.2424439729375651,6/49 (12.24%; 95% CI 5.73–24.24%),0.08163265306122448,0.032202817667763686,0.19189127596571287,4/49 (8.16%; 95% CI 3.22–19.19%),0.7551020408163265,0.6191368101239605,0.8539765474166023,37/49 (75.51%; 95% CI 61.91–85.40%),0.9591836734693877,0.8628696769391992,0.9887343666338142,47/49 (95.92%; 95% CI 86.29–98.87%)
huron,internvl,appod,H30,30,3,8,2,33,6,49,47,0.04081632653061224,0.011265633366185787,0.13713032306080064,2/49 (4.08%; 95% CI 1.13–13.71%),0.12244897959183673,0.05734825790240154,0.2424439729375651,6/49 (12.24%; 95% CI 5.73–24.24%),0.16326530612244897,0.08512698370728837,0.2903633843391683,8/49 (16.33%; 95% CI 8.51–29.04%),0.673469387755102,0.5337920531457014,0.7879250299818812,33/49 (67.35%; 95% CI 53.38–78.79%),0.9591836734693877,0.8628696769391992,0.9887343666338142,47/49 (95.92%; 95% CI 86.29–98.87%)
huron,internvl,appod,H30,30,4,8,2,33,6,49,47,0.04081632653061224,0.011265633366185787,0.13713032306080064,2/49 (4.08%; 95% CI 1.13–13.71%),0.12244897959183673,0.05734825790240154,0.2424439729375651,6/49 (12.24%; 95% CI 5.73–24.24%),0.16326530612244897,0.08512698370728837,0.2903633843391683,8/49 (16.33%; 95% CI 8.51–29.04%),0.673469387755102,0.5337920531457014,0.7879250299818812,33/49 (67.35%; 95% CI 53.38–78.79%),0.9591836734693877,0.8628696769391992,0.9887343666338142,47/49 (95.92%; 95% CI 86.29–98.87%)
huron,internvl,appod,H30,30,5,10,2,31,6,49,47,0.04081632653061224,0.011265633366185787,0.13713032306080064,2/49 (4.08%; 95% CI 1.13–13.71%),0.12244897959183673,0.05734825790240154,0.2424439729375651,6/49 (12.24%; 95% CI 5.73–24.24%),0.20408163265306123,0.11481849605782132,0.3363700091951255,10/49 (20.41%; 95% CI 11.48–33.64%),0.6326530612244898,0.49267067560792427,0.7533482703131686,31/49 (63.27%; 95% CI 49.27–75.33%),0.9591836734693877,0.8628696769391992,0.9887343666338142,47/49 (95.92%; 95% CI 86.29–98.87%)
huron,internvl,appod,H32,32,1,1,2,40,6,49,47,0.04081632653061224,0.011265633366185787,0.13713032306080064,2/49 (4.08%; 95% CI 1.13–13.71%),0.12244897959183673,0.05734825790240154,0.2424439729375651,6/49 (12.24%; 95% CI 5.73–24.24%),0.02040816326530612,0.0036116725898252405,0.10693521523391616,1/49 (2.04%; 95% CI 0.36–10.69%),0.8163265306122449,0.6864239739710013,0.9002365893792968,40/49 (81.63%; 95% CI 68.64–90.02%),0.9591836734693877,0.8628696769391992,0.9887343666338142,47/49 (95.92%; 95% CI 86.29–98.87%)
huron,internvl,appod,H32,32,2,4,2,37,6,49,47,0.04081632653061224,0.011265633366185787,0.13713032306080064,2/49 (4.08%; 95% CI 1.13–13.71%),0.12244897959183673,0.05734825790240154,0.2424439729375651,6/49 (12.24%; 95% CI 5.73–24.24%),0.08163265306122448,0.032202817667763686,0.19189127596571287,4/49 (8.16%; 95% CI 3.22–19.19%),0.7551020408163265,0.6191368101239605,0.8539765474166023,37/49 (75.51%; 95% CI 61.91–85.40%),0.9591836734693877,0.8628696769391992,0.9887343666338142,47/49 (95.92%; 95% CI 86.29–98.87%)
huron,internvl,appod,H32,32,3,8,2,33,6,49,47,0.04081632653061224,0.011265633366185787,0.13713032306080064,2/49 (4.08%; 95% CI 1.13–13.71%),0.12244897959183673,0.05734825790240154,0.2424439729375651,6/49 (12.24%; 95% CI 5.73–24.24%),0.16326530612244897,0.08512698370728837,0.2903633843391683,8/49 (16.33%; 95% CI 8.51–29.04%),0.673469387755102,0.5337920531457014,0.7879250299818812,33/49 (67.35%; 95% CI 53.38–78.79%),0.9591836734693877,0.8628696769391992,0.9887343666338142,47/49 (95.92%; 95% CI 86.29–98.87%)
huron,internvl,appod,H32,32,4,8,2,33,6,49,47,0.04081632653061224,0.011265633366185787,0.13713032306080064,2/49 (4.08%; 95% CI 1.13–13.71%),0.12244897959183673,0.05734825790240154,0.2424439729375651,6/49 (12.24%; 95% CI 5.73–24.24%),0.16326530612244897,0.08512698370728837,0.2903633843391683,8/49 (16.33%; 95% CI 8.51–29.04%),0.673469387755102,0.5337920531457014,0.7879250299818812,33/49 (67.35%; 95% CI 53.38–78.79%),0.9591836734693877,0.8628696769391992,0.9887343666338142,47/49 (95.92%; 95% CI 86.29–98.87%)
huron,internvl,appod,H32,32,5,10,2,31,6,49,47,0.04081632653061224,0.011265633366185787,0.13713032306080064,2/49 (4.08%; 95% CI 1.13–13.71%),0.12244897959183673,0.05734825790240154,0.2424439729375651,6/49 (12.24%; 95% CI 5.73–24.24%),0.20408163265306123,0.11481849605782132,0.3363700091951255,10/49 (20.41%; 95% CI 11.48–33.64%),0.6326530612244898,0.49267067560792427,0.7533482703131686,31/49 (63.27%; 95% CI 49.27–75.33%),0.9591836734693877,0.8628696769391992,0.9887343666338142,47/49 (95.92%; 95% CI 86.29–98.87%)
huron,llava,appfr,H02,2,1,3,0,40,6,49,49,0.0,6.938893903907228e-18,0.07269781922049637,0/49 (0.00%; 95% CI 0.00–7.27%),0.12244897959183673,0.05734825790240154,0.2424439729375651,6/49 (12.24%; 95% CI 5.73–24.24%),0.061224489795918366,0.02104014667296747,0.16520487835726402,3/49 (6.12%; 95% CI 2.10–16.52%),0.8163265306122449,0.6864239739710013,0.9002365893792968,40/49 (81.63%; 95% CI 68.64–90.02%),1.0,0.9273021807795035,0.9999999999999999,49/49 (100.00%; 95% CI 92.73–100.00%)
huron,llava,appfr,H02,2,2,6,0,37,6,49,49,0.0,6.938893903907228e-18,0.07269781922049637,0/49 (0.00%; 95% CI 0.00–7.27%),0.12244897959183673,0.05734825790240154,0.2424439729375651,6/49 (12.24%; 95% CI 5.73–24.24%),0.12244897959183673,0.05734825790240154,0.2424439729375651,6/49 (12.24%; 95% CI 5.73–24.24%),0.7551020408163265,0.6191368101239605,0.8539765474166023,37/49 (75.51%; 95% CI 61.91–85.40%),1.0,0.9273021807795035,0.9999999999999999,49/49 (100.00%; 95% CI 92.73–100.00%)
huron,llava,appfr,H02,2,3,9,0,34,6,49,49,0.0,6.938893903907228e-18,0.07269781922049637,0/49 (0.00%; 95% CI 0.00–7.27%),0.12244897959183673,0.05734825790240154,0.2424439729375651,6/49 (12.24%; 95% CI 5.73–24.24%),0.1836734693877551,0.09976341062070308,0.3135760260289987,9/49 (18.37%; 95% CI 9.98–31.36%),0.6938775510204082,0.5547210644108935,0.8048450873199342,34/49 (69.39%; 95% CI 55.47–80.48%),1.0,0.9273021807795035,0.9999999999999999,49/49 (100.00%; 95% CI 92.73–100.00%)
huron,llava,appfr,H02,2,4,10,0,33,6,49,49,0.0,6.938893903907228e-18,0.07269781922049637,0/49 (0.00%; 95% CI 0.00–7.27%),0.12244897959183673,0.05734825790240154,0.2424439729375651,6/49 (12.24%; 95% CI 5.73–24.24%),0.20408163265306123,0.11481849605782132,0.3363700091951255,10/49 (20.41%; 95% CI 11.48–33.64%),0.673469387755102,0.5337920531457014,0.7879250299818812,33/49 (67.35%; 95% CI 53.38–78.79%),1.0,0.9273021807795035,0.9999999999999999,49/49 (100.00%; 95% CI 92.73–100.00%)
huron,llava,appfr,H02,2,5,11,0,32,6,49,49,0.0,6.938893903907228e-18,0.07269781922049637,0/49 (0.00%; 95% CI 0.00–7.27%),0.12244897959183673,0.05734825790240154,0.2424439729375651,6/49 (12.24%; 95% CI 5.73–24.24%),0.22448979591836735,0.13024970149659185,0.35878787235959997,11/49 (22.45%; 95% CI 13.02–35.88%),0.6530612244897959,0.5131119428697273,0.7707560716546102,32/49 (65.31%; 95% CI 51.31–77.08%),1.0,0.9273021807795035,0.9999999999999999,49/49 (100.00%; 95% CI 92.73–100.00%)
huron,llava,appfr,H04,4,1,3,2,40,4,49,47,0.04081632653061224,0.011265633366185787,0.13713032306080064,2/49 (4.08%; 95% CI 1.13–13.71%),0.08163265306122448,0.032202817667763686,0.19189127596571287,4/49 (8.16%; 95% CI 3.22–19.19%),0.061224489795918366,0.02104014667296747,0.16520487835726402,3/49 (6.12%; 95% CI 2.10–16.52%),0.8163265306122449,0.6864239739710013,0.9002365893792968,40/49 (81.63%; 95% CI 68.64–90.02%),0.9591836734693877,0.8628696769391992,0.9887343666338142,47/49 (95.92%; 95% CI 86.29–98.87%)
huron,llava,appfr,H04,4,2,6,2,37,4,49,47,0.04081632653061224,0.011265633366185787,0.13713032306080064,2/49 (4.08%; 95% CI 1.13–13.71%),0.08163265306122448,0.032202817667763686,0.19189127596571287,4/49 (8.16%; 95% CI 3.22–19.19%),0.12244897959183673,0.05734825790240154,0.2424439729375651,6/49 (12.24%; 95% CI 5.73–24.24%),0.7551020408163265,0.6191368101239605,0.8539765474166023,37/49 (75.51%; 95% CI 61.91–85.40%),0.9591836734693877,0.8628696769391992,0.9887343666338142,47/49 (95.92%; 95% CI 86.29–98.87%)
huron,llava,appfr,H04,4,3,9,2,34,4,49,47,0.04081632653061224,0.011265633366185787,0.13713032306080064,2/49 (4.08%; 95% CI 1.13–13.71%),0.08163265306122448,0.032202817667763686,0.19189127596571287,4/49 (8.16%; 95% CI 3.22–19.19%),0.1836734693877551,0.09976341062070308,0.3135760260289987,9/49 (18.37%; 95% CI 9.98–31.36%),0.6938775510204082,0.5547210644108935,0.8048450873199342,34/49 (69.39%; 95% CI 55.47–80.48%),0.9591836734693877,0.8628696769391992,0.9887343666338142,47/49 (95.92%; 95% CI 86.29–98.87%)
huron,llava,appfr,H04,4,4,10,2,33,4,49,47,0.04081632653061224,0.011265633366185787,0.13713032306080064,2/49 (4.08%; 95% CI 1.13–13.71%),0.08163265306122448,0.032202817667763686,0.19189127596571287,4/49 (8.16%; 95% CI 3.22–19.19%),0.20408163265306123,0.11481849605782132,0.3363700091951255,10/49 (20.41%; 95% CI 11.48–33.64%),0.673469387755102,0.5337920531457014,0.7879250299818812,33/49 (67.35%; 95% CI 53.38–78.79%),0.9591836734693877,0.8628696769391992,0.9887343666338142,47/49 (95.92%; 95% CI 86.29–98.87%)
huron,llava,appfr,H04,4,5,11,2,32,4,49,47,0.04081632653061224,0.011265633366185787,0.13713032306080064,2/49 (4.08%; 95% CI 1.13–13.71%),0.08163265306122448,0.032202817667763686,0.19189127596571287,4/49 (8.16%; 95% CI 3.22–19.19%),0.22448979591836735,0.13024970149659185,0.35878787235959997,11/49 (22.45%; 95% CI 13.02–35.88%),0.6530612244897959,0.5131119428697273,0.7707560716546102,32/49 (65.31%; 95% CI 51.31–77.08%),0.9591836734693877,0.8628696769391992,0.9887343666338142,47/49 (95.92%; 95% CI 86.29–98.87%)
huron,llava,appfr,H06,6,1,3,2,39,5,49,47,0.04081632653061224,0.011265633366185787,0.13713032306080064,2/49 (4.08%; 95% CI 1.13–13.71%),0.10204081632653061,0.04437954674476266,0.21756361549195893,5/49 (10.20%; 95% CI 4.44–21.76%),0.061224489795918366,0.02104014667296747,0.16520487835726402,3/49 (6.12%; 95% CI 2.10–16.52%),0.7959183673469388,0.6636299908048744,0.8851815039421786,39/49 (79.59%; 95% CI 66.36–88.52%),0.9591836734693877,0.8628696769391992,0.9887343666338142,47/49 (95.92%; 95% CI 86.29–98.87%)
huron,llava,appfr,H06,6,2,6,2,36,5,49,47,0.04081632653061224,0.011265633366185787,0.13713032306080064,2/49 (4.08%; 95% CI 1.13–13.71%),0.10204081632653061,0.04437954674476266,0.21756361549195893,5/49 (10.20%; 95% CI 4.44–21.76%),0.12244897959183673,0.05734825790240154,0.2424439729375651,6/49 (12.24%; 95% CI 5.73–24.24%),0.7346938775510204,0.5973771102868921,0.8378871786504258,36/49 (73.47%; 95% CI 59.74–83.79%),0.9591836734693877,0.8628696769391992,0.9887343666338142,47/49 (95.92%; 95% CI 86.29–98.87%)
huron,llava,appfr,H06,6,3,8,2,34,5,49,47,0.04081632653061224,0.011265633366185787,0.13713032306080064,2/49 (4.08%; 95% CI 1.13–13.71%),0.10204081632653061,0.04437954674476266,0.21756361549195893,5/49 (10.20%; 95% CI 4.44–21.76%),0.16326530612244897,0.08512698370728837,0.2903633843391683,8/49 (16.33%; 95% CI 8.51–29.04%),0.6938775510204082,0.5547210644108935,0.8048450873199342,34/49 (69.39%; 95% CI 55.47–80.48%),0.9591836734693877,0.8628696769391992,0.9887343666338142,47/49 (95.92%; 95% CI 86.29–98.87%)
huron,llava,appfr,H06,6,4,9,2,33,5,49,47,0.04081632653061224,0.011265633366185787,0.13713032306080064,2/49 (4.08%; 95% CI 1.13–13.71%),0.10204081632653061,0.04437954674476266,0.21756361549195893,5/49 (10.20%; 95% CI 4.44–21.76%),0.1836734693877551,0.09976341062070308,0.3135760260289987,9/49 (18.37%; 95% CI 9.98–31.36%),0.673469387755102,0.5337920531457014,0.7879250299818812,33/49 (67.35%; 95% CI 53.38–78.79%),0.9591836734693877,0.8628696769391992,0.9887343666338142,47/49 (95.92%; 95% CI 86.29–98.87%)
huron,llava,appfr,H06,6,5,10,2,32,5,49,47,0.04081632653061224,0.011265633366185787,0.13713032306080064,2/49 (4.08%; 95% CI 1.13–13.71%),0.10204081632653061,0.04437954674476266,0.21756361549195893,5/49 (10.20%; 95% CI 4.44–21.76%),0.20408163265306123,0.11481849605782132,0.3363700091951255,10/49 (20.41%; 95% CI 11.48–33.64%),0.6530612244897959,0.5131119428697273,0.7707560716546102,32/49 (65.31%; 95% CI 51.31–77.08%),0.9591836734693877,0.8628696769391992,0.9887343666338142,47/49 (95.92%; 95% CI 86.29–98.87%)
huron,llava,appfr,H08,8,1,2,2,38,7,49,47,0.04081632653061224,0.011265633366185787,0.13713032306080064,2/49 (4.08%; 95% CI 1.13–13.71%),0.14285714285714285,0.0709642372040676,0.26667706223914406,7/49 (14.29%; 95% CI 7.10–26.67%),0.04081632653061224,0.011265633366185787,0.13713032306080064,2/49 (4.08%; 95% CI 1.13–13.71%),0.7755102040816326,0.6412121276403999,0.869750298503408,38/49 (77.55%; 95% CI 64.12–86.98%),0.9591836734693877,0.8628696769391992,0.9887343666338142,47/49 (95.92%; 95% CI 86.29–98.87%)
huron,llava,appfr,H08,8,2,5,2,35,7,49,47,0.04081632653061224,0.011265633366185787,0.13713032306080064,2/49 (4.08%; 95% CI 1.13–13.71%),0.14285714285714285,0.0709642372040676,0.26667706223914406,7/49 (14.29%; 95% CI 7.10–26.67%),0.10204081632653061,0.04437954674476266,0.21756361549195893,5/49 (10.20%; 95% CI 4.44–21.76%),0.7142857142857143,0.575911164922199,0.8215040554118739,35/49 (71.43%; 95% CI 57.59–82.15%),0.9591836734693877,0.8628696769391992,0.9887343666338142,47/49 (95.92%; 95% CI 86.29–98.87%)
huron,llava,appfr,H08,8,3,7,2,33,7,49,47,0.04081632653061224,0.011265633366185787,0.13713032306080064,2/49 (4.08%; 95% CI 1.13–13.71%),0.14285714285714285,0.0709642372040676,0.26667706223914406,7/49 (14.29%; 95% CI 7.10–26.67%),0.14285714285714285,0.0709642372040676,0.26667706223914406,7/49 (14.29%; 95% CI 7.10–26.67%),0.673469387755102,0.5337920531457014,0.7879250299818812,33/49 (67.35%; 95% CI 53.38–78.79%),0.9591836734693877,0.8628696769391992,0.9887343666338142,47/49 (95.92%; 95% CI 86.29–98.87%)
huron,llava,appfr,H08,8,4,8,2,32,7,49,47,0.04081632653061224,0.011265633366185787,0.13713032306080064,2/49 (4.08%; 95% CI 1.13–13.71%),0.14285714285714285,0.0709642372040676,0.26667706223914406,7/49 (14.29%; 95% CI 7.10–26.67%),0.16326530612244897,0.08512698370728837,0.2903633843391683,8/49 (16.33%; 95% CI 8.51–29.04%),0.6530612244897959,0.5131119428697273,0.7707560716546102,32/49 (65.31%; 95% CI 51.31–77.08%),0.9591836734693877,0.8628696769391992,0.9887343666338142,47/49 (95.92%; 95% CI 86.29–98.87%)
huron,llava,appfr,H08,8,5,9,2,31,7,49,47,0.04081632653061224,0.011265633366185787,0.13713032306080064,2/49 (4.08%; 95% CI 1.13–13.71%),0.14285714285714285,0.0709642372040676,0.26667706223914406,7/49 (14.29%; 95% CI 7.10–26.67%),0.1836734693877551,0.09976341062070308,0.3135760260289987,9/49 (18.37%; 95% CI 9.98–31.36%),0.6326530612244898,0.49267067560792427,0.7533482703131686,31/49 (63.27%; 95% CI 49.27–75.33%),0.9591836734693877,0.8628696769391992,0.9887343666338142,47/49 (95.92%; 95% CI 86.29–98.87%)
huron,llava,appfr,H10,10,1,1,3,38,7,49,46,0.061224489795918366,0.02104014667296747,0.16520487835726402,3/49 (6.12%; 95% CI 2.10–16.52%),0.14285714285714285,0.0709642372040676,0.26667706223914406,7/49 (14.29%; 95% CI 7.10–26.67%),0.02040816326530612,0.0036116725898252405,0.10693521523391616,1/49 (2.04%; 95% CI 0.36–10.69%),0.7755102040816326,0.6412121276403999,0.869750298503408,38/49 (77.55%; 95% CI 64.12–86.98%),0.9387755102040817,0.834795121642736,0.9789598533270324,46/49 (93.88%; 95% CI 83.48–97.90%)
huron,llava,appfr,H10,10,2,4,3,35,7,49,46,0.061224489795918366,0.02104014667296747,0.16520487835726402,3/49 (6.12%; 95% CI 2.10–16.52%),0.14285714285714285,0.0709642372040676,0.26667706223914406,7/49 (14.29%; 95% CI 7.10–26.67%),0.08163265306122448,0.032202817667763686,0.19189127596571287,4/49 (8.16%; 95% CI 3.22–19.19%),0.7142857142857143,0.575911164922199,0.8215040554118739,35/49 (71.43%; 95% CI 57.59–82.15%),0.9387755102040817,0.834795121642736,0.9789598533270324,46/49 (93.88%; 95% CI 83.48–97.90%)
huron,llava,appfr,H10,10,3,6,3,33,7,49,46,0.061224489795918366,0.02104014667296747,0.16520487835726402,3/49 (6.12%; 95% CI 2.10–16.52%),0.14285714285714285,0.0709642372040676,0.26667706223914406,7/49 (14.29%; 95% CI 7.10–26.67%),0.12244897959183673,0.05734825790240154,0.2424439729375651,6/49 (12.24%; 95% CI 5.73–24.24%),0.673469387755102,0.5337920531457014,0.7879250299818812,33/49 (67.35%; 95% CI 53.38–78.79%),0.9387755102040817,0.834795121642736,0.9789598533270324,46/49 (93.88%; 95% CI 83.48–97.90%)
huron,llava,appfr,H10,10,4,7,3,32,7,49,46,0.061224489795918366,0.02104014667296747,0.16520487835726402,3/49 (6.12%; 95% CI 2.10–16.52%),0.14285714285714285,0.0709642372040676,0.26667706223914406,7/49 (14.29%; 95% CI 7.10–26.67%),0.14285714285714285,0.0709642372040676,0.26667706223914406,7/49 (14.29%; 95% CI 7.10–26.67%),0.6530612244897959,0.5131119428697273,0.7707560716546102,32/49 (65.31%; 95% CI 51.31–77.08%),0.9387755102040817,0.834795121642736,0.9789598533270324,46/49 (93.88%; 95% CI 83.48–97.90%)
huron,llava,appfr,H10,10,5,8,3,31,7,49,46,0.061224489795918366,0.02104014667296747,0.16520487835726402,3/49 (6.12%; 95% CI 2.10–16.52%),0.14285714285714285,0.0709642372040676,0.26667706223914406,7/49 (14.29%; 95% CI 7.10–26.67%),0.16326530612244897,0.08512698370728837,0.2903633843391683,8/49 (16.33%; 95% CI 8.51–29.04%),0.6326530612244898,0.49267067560792427,0.7533482703131686,31/49 (63.27%; 95% CI 49.27–75.33%),0.9387755102040817,0.834795121642736,0.9789598533270324,46/49 (93.88%; 95% CI 83.48–97.90%)
huron,llava,appfr,H12,12,1,2,2,38,7,49,47,0.04081632653061224,0.011265633366185787,0.13713032306080064,2/49 (4.08%; 95% CI 1.13–13.71%),0.14285714285714285,0.0709642372040676,0.26667706223914406,7/49 (14.29%; 95% CI 7.10–26.67%),0.04081632653061224,0.011265633366185787,0.13713032306080064,2/49 (4.08%; 95% CI 1.13–13.71%),0.7755102040816326,0.6412121276403999,0.869750298503408,38/49 (77.55%; 95% CI 64.12–86.98%),0.9591836734693877,0.8628696769391992,0.9887343666338142,47/49 (95.92%; 95% CI 86.29–98.87%)
huron,llava,appfr,H12,12,2,5,2,35,7,49,47,0.04081632653061224,0.011265633366185787,0.13713032306080064,2/49 (4.08%; 95% CI 1.13–13.71%),0.14285714285714285,0.0709642372040676,0.26667706223914406,7/49 (14.29%; 95% CI 7.10–26.67%),0.10204081632653061,0.04437954674476266,0.21756361549195893,5/49 (10.20%; 95% CI 4.44–21.76%),0.7142857142857143,0.575911164922199,0.8215040554118739,35/49 (71.43%; 95% CI 57.59–82.15%),0.9591836734693877,0.8628696769391992,0.9887343666338142,47/49 (95.92%; 95% CI 86.29–98.87%)
huron,llava,appfr,H12,12,3,7,2,33,7,49,47,0.04081632653061224,0.011265633366185787,0.13713032306080064,2/49 (4.08%; 95% CI 1.13–13.71%),0.14285714285714285,0.0709642372040676,0.26667706223914406,7/49 (14.29%; 95% CI 7.10–26.67%),0.14285714285714285,0.0709642372040676,0.26667706223914406,7/49 (14.29%; 95% CI 7.10–26.67%),0.673469387755102,0.5337920531457014,0.7879250299818812,33/49 (67.35%; 95% CI 53.38–78.79%),0.9591836734693877,0.8628696769391992,0.9887343666338142,47/49 (95.92%; 95% CI 86.29–98.87%)
huron,llava,appfr,H12,12,4,8,2,32,7,49,47,0.04081632653061224,0.011265633366185787,0.13713032306080064,2/49 (4.08%; 95% CI 1.13–13.71%),0.14285714285714285,0.0709642372040676,0.26667706223914406,7/49 (14.29%; 95% CI 7.10–26.67%),0.16326530612244897,0.08512698370728837,0.2903633843391683,8/49 (16.33%; 95% CI 8.51–29.04%),0.6530612244897959,0.5131119428697273,0.7707560716546102,32/49 (65.31%; 95% CI 51.31–77.08%),0.9591836734693877,0.8628696769391992,0.9887343666338142,47/49 (95.92%; 95% CI 86.29–98.87%)
huron,llava,appfr,H12,12,5,9,2,31,7,49,47,0.04081632653061224,0.011265633366185787,0.13713032306080064,2/49 (4.08%; 95% CI 1.13–13.71%),0.14285714285714285,0.0709642372040676,0.26667706223914406,7/49 (14.29%; 95% CI 7.10–26.67%),0.1836734693877551,0.09976341062070308,0.3135760260289987,9/49 (18.37%; 95% CI 9.98–31.36%),0.6326530612244898,0.49267067560792427,0.7533482703131686,31/49 (63.27%; 95% CI 49.27–75.33%),0.9591836734693877,0.8628696769391992,0.9887343666338142,47/49 (95.92%; 95% CI 86.29–98.87%)
huron,llava,appfr,H14,14,1,1,3,38,7,49,46,0.061224489795918366,0.02104014667296747,0.16520487835726402,3/49 (6.12%; 95% CI 2.10–16.52%),0.14285714285714285,0.0709642372040676,0.26667706223914406,7/49 (14.29%; 95% CI 7.10–26.67%),0.02040816326530612,0.0036116725898252405,0.10693521523391616,1/49 (2.04%; 95% CI 0.36–10.69%),0.7755102040816326,0.6412121276403999,0.869750298503408,38/49 (77.55%; 95% CI 64.12–86.98%),0.9387755102040817,0.834795121642736,0.9789598533270324,46/49 (93.88%; 95% CI 83.48–97.90%)
huron,llava,appfr,H14,14,2,4,3,35,7,49,46,0.061224489795918366,0.02104014667296747,0.16520487835726402,3/49 (6.12%; 95% CI 2.10–16.52%),0.14285714285714285,0.0709642372040676,0.26667706223914406,7/49 (14.29%; 95% CI 7.10–26.67%),0.08163265306122448,0.032202817667763686,0.19189127596571287,4/49 (8.16%; 95% CI 3.22–19.19%),0.7142857142857143,0.575911164922199,0.8215040554118739,35/49 (71.43%; 95% CI 57.59–82.15%),0.9387755102040817,0.834795121642736,0.9789598533270324,46/49 (93.88%; 95% CI 83.48–97.90%)
huron,llava,appfr,H14,14,3,6,3,33,7,49,46,0.061224489795918366,0.02104014667296747,0.16520487835726402,3/49 (6.12%; 95% CI 2.10–16.52%),0.14285714285714285,0.0709642372040676,0.26667706223914406,7/49 (14.29%; 95% CI 7.10–26.67%),0.12244897959183673,0.05734825790240154,0.2424439729375651,6/49 (12.24%; 95% CI 5.73–24.24%),0.673469387755102,0.5337920531457014,0.7879250299818812,33/49 (67.35%; 95% CI 53.38–78.79%),0.9387755102040817,0.834795121642736,0.9789598533270324,46/49 (93.88%; 95% CI 83.48–97.90%)
huron,llava,appfr,H14,14,4,7,3,32,7,49,46,0.061224489795918366,0.02104014667296747,0.16520487835726402,3/49 (6.12%; 95% CI 2.10–16.52%),0.14285714285714285,0.0709642372040676,0.26667706223914406,7/49 (14.29%; 95% CI 7.10–26.67%),0.14285714285714285,0.0709642372040676,0.26667706223914406,7/49 (14.29%; 95% CI 7.10–26.67%),0.6530612244897959,0.5131119428697273,0.7707560716546102,32/49 (65.31%; 95% CI 51.31–77.08%),0.9387755102040817,0.834795121642736,0.9789598533270324,46/49 (93.88%; 95% CI 83.48–97.90%)
huron,llava,appfr,H14,14,5,8,3,31,7,49,46,0.061224489795918366,0.02104014667296747,0.16520487835726402,3/49 (6.12%; 95% CI 2.10–16.52%),0.14285714285714285,0.0709642372040676,0.26667706223914406,7/49 (14.29%; 95% CI 7.10–26.67%),0.16326530612244897,0.08512698370728837,0.2903633843391683,8/49 (16.33%; 95% CI 8.51–29.04%),0.6326530612244898,0.49267067560792427,0.7533482703131686,31/49 (63.27%; 95% CI 49.27–75.33%),0.9387755102040817,0.834795121642736,0.9789598533270324,46/49 (93.88%; 95% CI 83.48–97.90%)
huron,llava,appfr,H16,16,1,1,3,38,7,49,46,0.061224489795918366,0.02104014667296747,0.16520487835726402,3/49 (6.12%; 95% CI 2.10–16.52%),0.14285714285714285,0.0709642372040676,0.26667706223914406,7/49 (14.29%; 95% CI 7.10–26.67%),0.02040816326530612,0.0036116725898252405,0.10693521523391616,1/49 (2.04%; 95% CI 0.36–10.69%),0.7755102040816326,0.6412121276403999,0.869750298503408,38/49 (77.55%; 95% CI 64.12–86.98%),0.9387755102040817,0.834795121642736,0.9789598533270324,46/49 (93.88%; 95% CI 83.48–97.90%)
huron,llava,appfr,H16,16,2,4,3,35,7,49,46,0.061224489795918366,0.02104014667296747,0.16520487835726402,3/49 (6.12%; 95% CI 2.10–16.52%),0.14285714285714285,0.0709642372040676,0.26667706223914406,7/49 (14.29%; 95% CI 7.10–26.67%),0.08163265306122448,0.032202817667763686,0.19189127596571287,4/49 (8.16%; 95% CI 3.22–19.19%),0.7142857142857143,0.575911164922199,0.8215040554118739,35/49 (71.43%; 95% CI 57.59–82.15%),0.9387755102040817,0.834795121642736,0.9789598533270324,46/49 (93.88%; 95% CI 83.48–97.90%)
huron,llava,appfr,H16,16,3,7,3,32,7,49,46,0.061224489795918366,0.02104014667296747,0.16520487835726402,3/49 (6.12%; 95% CI 2.10–16.52%),0.14285714285714285,0.0709642372040676,0.26667706223914406,7/49 (14.29%; 95% CI 7.10–26.67%),0.14285714285714285,0.0709642372040676,0.26667706223914406,7/49 (14.29%; 95% CI 7.10–26.67%),0.6530612244897959,0.5131119428697273,0.7707560716546102,32/49 (65.31%; 95% CI 51.31–77.08%),0.9387755102040817,0.834795121642736,0.9789598533270324,46/49 (93.88%; 95% CI 83.48–97.90%)
huron,llava,appfr,H16,16,4,8,3,31,7,49,46,0.061224489795918366,0.02104014667296747,0.16520487835726402,3/49 (6.12%; 95% CI 2.10–16.52%),0.14285714285714285,0.0709642372040676,0.26667706223914406,7/49 (14.29%; 95% CI 7.10–26.67%),0.16326530612244897,0.08512698370728837,0.2903633843391683,8/49 (16.33%; 95% CI 8.51–29.04%),0.6326530612244898,0.49267067560792427,0.7533482703131686,31/49 (63.27%; 95% CI 49.27–75.33%),0.9387755102040817,0.834795121642736,0.9789598533270324,46/49 (93.88%; 95% CI 83.48–97.90%)
huron,llava,appfr,H16,16,5,9,3,30,7,49,46,0.061224489795918366,0.02104014667296747,0.16520487835726402,3/49 (6.12%; 95% CI 2.10–16.52%),0.14285714285714285,0.0709642372040676,0.26667706223914406,7/49 (14.29%; 95% CI 7.10–26.67%),0.1836734693877551,0.09976341062070308,0.3135760260289987,9/49 (18.37%; 95% CI 9.98–31.36%),0.6122448979591837,0.4724599944352045,0.7357098828826433,30/49 (61.22%; 95% CI 47.25–73.57%),0.9387755102040817,0.834795121642736,0.9789598533270324,46/49 (93.88%; 95% CI 83.48–97.90%)
huron,llava,appfr,H18,18,1,1,5,38,5,49,44,0.10204081632653061,0.04437954674476266,0.21756361549195893,5/49 (10.20%; 95% CI 4.44–21.76%),0.10204081632653061,0.04437954674476266,0.21756361549195893,5/49 (10.20%; 95% CI 4.44–21.76%),0.02040816326530612,0.0036116725898252405,0.10693521523391616,1/49 (2.04%; 95% CI 0.36–10.69%),0.7755102040816326,0.6412121276403999,0.869750298503408,38/49 (77.55%; 95% CI 64.12–86.98%),0.8979591836734694,0.7824363845080409,0.9556204532552373,44/49 (89.80%; 95% CI 78.24–95.56%)
huron,llava,appfr,H18,18,2,4,5,35,5,49,44,0.10204081632653061,0.04437954674476266,0.21756361549195893,5/49 (10.20%; 95% CI 4.44–21.76%),0.10204081632653061,0.04437954674476266,0.21756361549195893,5/49 (10.20%; 95% CI 4.44–21.76%),0.08163265306122448,0.032202817667763686,0.19189127596571287,4/49 (8.16%; 95% CI 3.22–19.19%),0.7142857142857143,0.575911164922199,0.8215040554118739,35/49 (71.43%; 95% CI 57.59–82.15%),0.8979591836734694,0.7824363845080409,0.9556204532552373,44/49 (89.80%; 95% CI 78.24–95.56%)
huron,llava,appfr,H18,18,3,7,5,32,5,49,44,0.10204081632653061,0.04437954674476266,0.21756361549195893,5/49 (10.20%; 95% CI 4.44–21.76%),0.10204081632653061,0.04437954674476266,0.21756361549195893,5/49 (10.20%; 95% CI 4.44–21.76%),0.14285714285714285,0.0709642372040676,0.26667706223914406,7/49 (14.29%; 95% CI 7.10–26.67%),0.6530612244897959,0.5131119428697273,0.7707560716546102,32/49 (65.31%; 95% CI 51.31–77.08%),0.8979591836734694,0.7824363845080409,0.9556204532552373,44/49 (89.80%; 95% CI 78.24–95.56%)
huron,llava,appfr,H18,18,4,8,5,31,5,49,44,0.10204081632653061,0.04437954674476266,0.21756361549195893,5/49 (10.20%; 95% CI 4.44–21.76%),0.10204081632653061,0.04437954674476266,0.21756361549195893,5/49 (10.20%; 95% CI 4.44–21.76%),0.16326530612244897,0.08512698370728837,0.2903633843391683,8/49 (16.33%; 95% CI 8.51–29.04%),0.6326530612244898,0.49267067560792427,0.7533482703131686,31/49 (63.27%; 95% CI 49.27–75.33%),0.8979591836734694,0.7824363845080409,0.9556204532552373,44/49 (89.80%; 95% CI 78.24–95.56%)
huron,llava,appfr,H18,18,5,9,5,30,5,49,44,0.10204081632653061,0.04437954674476266,0.21756361549195893,5/49 (10.20%; 95% CI 4.44–21.76%),0.10204081632653061,0.04437954674476266,0.21756361549195893,5/49 (10.20%; 95% CI 4.44–21.76%),0.1836734693877551,0.09976341062070308,0.3135760260289987,9/49 (18.37%; 95% CI 9.98–31.36%),0.6122448979591837,0.4724599944352045,0.7357098828826433,30/49 (61.22%; 95% CI 47.25–73.57%),0.8979591836734694,0.7824363845080409,0.9556204532552373,44/49 (89.80%; 95% CI 78.24–95.56%)
huron,llava,appfr,H20,20,1,1,3,40,5,49,46,0.061224489795918366,0.02104014667296747,0.16520487835726402,3/49 (6.12%; 95% CI 2.10–16.52%),0.10204081632653061,0.04437954674476266,0.21756361549195893,5/49 (10.20%; 95% CI 4.44–21.76%),0.02040816326530612,0.0036116725898252405,0.10693521523391616,1/49 (2.04%; 95% CI 0.36–10.69%),0.8163265306122449,0.6864239739710013,0.9002365893792968,40/49 (81.63%; 95% CI 68.64–90.02%),0.9387755102040817,0.834795121642736,0.9789598533270324,46/49 (93.88%; 95% CI 83.48–97.90%)
huron,llava,appfr,H20,20,2,4,3,37,5,49,46,0.061224489795918366,0.02104014667296747,0.16520487835726402,3/49 (6.12%; 95% CI 2.10–16.52%),0.10204081632653061,0.04437954674476266,0.21756361549195893,5/49 (10.20%; 95% CI 4.44–21.76%),0.08163265306122448,0.032202817667763686,0.19189127596571287,4/49 (8.16%; 95% CI 3.22–19.19%),0.7551020408163265,0.6191368101239605,0.8539765474166023,37/49 (75.51%; 95% CI 61.91–85.40%),0.9387755102040817,0.834795121642736,0.9789598533270324,46/49 (93.88%; 95% CI 83.48–97.90%)
huron,llava,appfr,H20,20,3,8,3,33,5,49,46,0.061224489795918366,0.02104014667296747,0.16520487835726402,3/49 (6.12%; 95% CI 2.10–16.52%),0.10204081632653061,0.04437954674476266,0.21756361549195893,5/49 (10.20%; 95% CI 4.44–21.76%),0.16326530612244897,0.08512698370728837,0.2903633843391683,8/49 (16.33%; 95% CI 8.51–29.04%),0.673469387755102,0.5337920531457014,0.7879250299818812,33/49 (67.35%; 95% CI 53.38–78.79%),0.9387755102040817,0.834795121642736,0.9789598533270324,46/49 (93.88%; 95% CI 83.48–97.90%)
huron,llava,appfr,H20,20,4,9,3,32,5,49,46,0.061224489795918366,0.02104014667296747,0.16520487835726402,3/49 (6.12%; 95% CI 2.10–16.52%),0.10204081632653061,0.04437954674476266,0.21756361549195893,5/49 (10.20%; 95% CI 4.44–21.76%),0.1836734693877551,0.09976341062070308,0.3135760260289987,9/49 (18.37%; 95% CI 9.98–31.36%),0.6530612244897959,0.5131119428697273,0.7707560716546102,32/49 (65.31%; 95% CI 51.31–77.08%),0.9387755102040817,0.834795121642736,0.9789598533270324,46/49 (93.88%; 95% CI 83.48–97.90%)
huron,llava,appfr,H20,20,5,10,3,31,5,49,46,0.061224489795918366,0.02104014667296747,0.16520487835726402,3/49 (6.12%; 95% CI 2.10–16.52%),0.10204081632653061,0.04437954674476266,0.21756361549195893,5/49 (10.20%; 95% CI 4.44–21.76%),0.20408163265306123,0.11481849605782132,0.3363700091951255,10/49 (20.41%; 95% CI 11.48–33.64%),0.6326530612244898,0.49267067560792427,0.7533482703131686,31/49 (63.27%; 95% CI 49.27–75.33%),0.9387755102040817,0.834795121642736,0.9789598533270324,46/49 (93.88%; 95% CI 83.48–97.90%)
huron,llava,appfr,H22,22,1,2,3,39,5,49,46,0.061224489795918366,0.02104014667296747,0.16520487835726402,3/49 (6.12%; 95% CI 2.10–16.52%),0.10204081632653061,0.04437954674476266,0.21756361549195893,5/49 (10.20%; 95% CI 4.44–21.76%),0.04081632653061224,0.011265633366185787,0.13713032306080064,2/49 (4.08%; 95% CI 1.13–13.71%),0.7959183673469388,0.6636299908048744,0.8851815039421786,39/49 (79.59%; 95% CI 66.36–88.52%),0.9387755102040817,0.834795121642736,0.9789598533270324,46/49 (93.88%; 95% CI 83.48–97.90%)
huron,llava,appfr,H22,22,2,4,3,37,5,49,46,0.061224489795918366,0.02104014667296747,0.16520487835726402,3/49 (6.12%; 95% CI 2.10–16.52%),0.10204081632653061,0.04437954674476266,0.21756361549195893,5/49 (10.20%; 95% CI 4.44–21.76%),0.08163265306122448,0.032202817667763686,0.19189127596571287,4/49 (8.16%; 95% CI 3.22–19.19%),0.7551020408163265,0.6191368101239605,0.8539765474166023,37/49 (75.51%; 95% CI 61.91–85.40%),0.9387755102040817,0.834795121642736,0.9789598533270324,46/49 (93.88%; 95% CI 83.48–97.90%)
huron,llava,appfr,H22,22,3,9,3,32,5,49,46,0.061224489795918366,0.02104014667296747,0.16520487835726402,3/49 (6.12%; 95% CI 2.10–16.52%),0.10204081632653061,0.04437954674476266,0.21756361549195893,5/49 (10.20%; 95% CI 4.44–21.76%),0.1836734693877551,0.09976341062070308,0.3135760260289987,9/49 (18.37%; 95% CI 9.98–31.36%),0.6530612244897959,0.5131119428697273,0.7707560716546102,32/49 (65.31%; 95% CI 51.31–77.08%),0.9387755102040817,0.834795121642736,0.9789598533270324,46/49 (93.88%; 95% CI 83.48–97.90%)
huron,llava,appfr,H22,22,4,9,3,32,5,49,46,0.061224489795918366,0.02104014667296747,0.16520487835726402,3/49 (6.12%; 95% CI 2.10–16.52%),0.10204081632653061,0.04437954674476266,0.21756361549195893,5/49 (10.20%; 95% CI 4.44–21.76%),0.1836734693877551,0.09976341062070308,0.3135760260289987,9/49 (18.37%; 95% CI 9.98–31.36%),0.6530612244897959,0.5131119428697273,0.7707560716546102,32/49 (65.31%; 95% CI 51.31–77.08%),0.9387755102040817,0.834795121642736,0.9789598533270324,46/49 (93.88%; 95% CI 83.48–97.90%)
huron,llava,appfr,H22,22,5,10,3,31,5,49,46,0.061224489795918366,0.02104014667296747,0.16520487835726402,3/49 (6.12%; 95% CI 2.10–16.52%),0.10204081632653061,0.04437954674476266,0.21756361549195893,5/49 (10.20%; 95% CI 4.44–21.76%),0.20408163265306123,0.11481849605782132,0.3363700091951255,10/49 (20.41%; 95% CI 11.48–33.64%),0.6326530612244898,0.49267067560792427,0.7533482703131686,31/49 (63.27%; 95% CI 49.27–75.33%),0.9387755102040817,0.834795121642736,0.9789598533270324,46/49 (93.88%; 95% CI 83.48–97.90%)
huron,llava,appfr,H24,24,1,1,3,40,5,49,46,0.061224489795918366,0.02104014667296747,0.16520487835726402,3/49 (6.12%; 95% CI 2.10–16.52%),0.10204081632653061,0.04437954674476266,0.21756361549195893,5/49 (10.20%; 95% CI 4.44–21.76%),0.02040816326530612,0.0036116725898252405,0.10693521523391616,1/49 (2.04%; 95% CI 0.36–10.69%),0.8163265306122449,0.6864239739710013,0.9002365893792968,40/49 (81.63%; 95% CI 68.64–90.02%),0.9387755102040817,0.834795121642736,0.9789598533270324,46/49 (93.88%; 95% CI 83.48–97.90%)
huron,llava,appfr,H24,24,2,5,3,36,5,49,46,0.061224489795918366,0.02104014667296747,0.16520487835726402,3/49 (6.12%; 95% CI 2.10–16.52%),0.10204081632653061,0.04437954674476266,0.21756361549195893,5/49 (10.20%; 95% CI 4.44–21.76%),0.10204081632653061,0.04437954674476266,0.21756361549195893,5/49 (10.20%; 95% CI 4.44–21.76%),0.7346938775510204,0.5973771102868921,0.8378871786504258,36/49 (73.47%; 95% CI 59.74–83.79%),0.9387755102040817,0.834795121642736,0.9789598533270324,46/49 (93.88%; 95% CI 83.48–97.90%)
huron,llava,appfr,H24,24,3,9,3,32,5,49,46,0.061224489795918366,0.02104014667296747,0.16520487835726402,3/49 (6.12%; 95% CI 2.10–16.52%),0.10204081632653061,0.04437954674476266,0.21756361549195893,5/49 (10.20%; 95% CI 4.44–21.76%),0.1836734693877551,0.09976341062070308,0.3135760260289987,9/49 (18.37%; 95% CI 9.98–31.36%),0.6530612244897959,0.5131119428697273,0.7707560716546102,32/49 (65.31%; 95% CI 51.31–77.08%),0.9387755102040817,0.834795121642736,0.9789598533270324,46/49 (93.88%; 95% CI 83.48–97.90%)
huron,llava,appfr,H24,24,4,9,3,32,5,49,46,0.061224489795918366,0.02104014667296747,0.16520487835726402,3/49 (6.12%; 95% CI 2.10–16.52%),0.10204081632653061,0.04437954674476266,0.21756361549195893,5/49 (10.20%; 95% CI 4.44–21.76%),0.1836734693877551,0.09976341062070308,0.3135760260289987,9/49 (18.37%; 95% CI 9.98–31.36%),0.6530612244897959,0.5131119428697273,0.7707560716546102,32/49 (65.31%; 95% CI 51.31–77.08%),0.9387755102040817,0.834795121642736,0.9789598533270324,46/49 (93.88%; 95% CI 83.48–97.90%)
huron,llava,appfr,H24,24,5,10,3,31,5,49,46,0.061224489795918366,0.02104014667296747,0.16520487835726402,3/49 (6.12%; 95% CI 2.10–16.52%),0.10204081632653061,0.04437954674476266,0.21756361549195893,5/49 (10.20%; 95% CI 4.44–21.76%),0.20408163265306123,0.11481849605782132,0.3363700091951255,10/49 (20.41%; 95% CI 11.48–33.64%),0.6326530612244898,0.49267067560792427,0.7533482703131686,31/49 (63.27%; 95% CI 49.27–75.33%),0.9387755102040817,0.834795121642736,0.9789598533270324,46/49 (93.88%; 95% CI 83.48–97.90%)
huron,llava,appfr,H26,26,1,2,4,38,5,49,45,0.08163265306122448,0.032202817667763686,0.19189127596571287,4/49 (8.16%; 95% CI 3.22–19.19%),0.10204081632653061,0.04437954674476266,0.21756361549195893,5/49 (10.20%; 95% CI 4.44–21.76%),0.04081632653061224,0.011265633366185787,0.13713032306080064,2/49 (4.08%; 95% CI 1.13–13.71%),0.7755102040816326,0.6412121276403999,0.869750298503408,38/49 (77.55%; 95% CI 64.12–86.98%),0.9183673469387755,0.808108724034287,0.9677971823322362,45/49 (91.84%; 95% CI 80.81–96.78%)
huron,llava,appfr,H26,26,2,6,4,34,5,49,45,0.08163265306122448,0.032202817667763686,0.19189127596571287,4/49 (8.16%; 95% CI 3.22–19.19%),0.10204081632653061,0.04437954674476266,0.21756361549195893,5/49 (10.20%; 95% CI 4.44–21.76%),0.12244897959183673,0.05734825790240154,0.2424439729375651,6/49 (12.24%; 95% CI 5.73–24.24%),0.6938775510204082,0.5547210644108935,0.8048450873199342,34/49 (69.39%; 95% CI 55.47–80.48%),0.9183673469387755,0.808108724034287,0.9677971823322362,45/49 (91.84%; 95% CI 80.81–96.78%)
huron,llava,appfr,H26,26,3,9,4,31,5,49,45,0.08163265306122448,0.032202817667763686,0.19189127596571287,4/49 (8.16%; 95% CI 3.22–19.19%),0.10204081632653061,0.04437954674476266,0.21756361549195893,5/49 (10.20%; 95% CI 4.44–21.76%),0.1836734693877551,0.09976341062070308,0.3135760260289987,9/49 (18.37%; 95% CI 9.98–31.36%),0.6326530612244898,0.49267067560792427,0.7533482703131686,31/49 (63.27%; 95% CI 49.27–75.33%),0.9183673469387755,0.808108724034287,0.9677971823322362,45/49 (91.84%; 95% CI 80.81–96.78%)
huron,llava,appfr,H26,26,4,9,4,31,5,49,45,0.08163265306122448,0.032202817667763686,0.19189127596571287,4/49 (8.16%; 95% CI 3.22–19.19%),0.10204081632653061,0.04437954674476266,0.21756361549195893,5/49 (10.20%; 95% CI 4.44–21.76%),0.1836734693877551,0.09976341062070308,0.3135760260289987,9/49 (18.37%; 95% CI 9.98–31.36%),0.6326530612244898,0.49267067560792427,0.7533482703131686,31/49 (63.27%; 95% CI 49.27–75.33%),0.9183673469387755,0.808108724034287,0.9677971823322362,45/49 (91.84%; 95% CI 80.81–96.78%)
huron,llava,appfr,H26,26,5,10,4,30,5,49,45,0.08163265306122448,0.032202817667763686,0.19189127596571287,4/49 (8.16%; 95% CI 3.22–19.19%),0.10204081632653061,0.04437954674476266,0.21756361549195893,5/49 (10.20%; 95% CI 4.44–21.76%),0.20408163265306123,0.11481849605782132,0.3363700091951255,10/49 (20.41%; 95% CI 11.48–33.64%),0.6122448979591837,0.4724599944352045,0.7357098828826433,30/49 (61.22%; 95% CI 47.25–73.57%),0.9183673469387755,0.808108724034287,0.9677971823322362,45/49 (91.84%; 95% CI 80.81–96.78%)
huron,llava,appfr,H28,28,1,2,4,38,5,49,45,0.08163265306122448,0.032202817667763686,0.19189127596571287,4/49 (8.16%; 95% CI 3.22–19.19%),0.10204081632653061,0.04437954674476266,0.21756361549195893,5/49 (10.20%; 95% CI 4.44–21.76%),0.04081632653061224,0.011265633366185787,0.13713032306080064,2/49 (4.08%; 95% CI 1.13–13.71%),0.7755102040816326,0.6412121276403999,0.869750298503408,38/49 (77.55%; 95% CI 64.12–86.98%),0.9183673469387755,0.808108724034287,0.9677971823322362,45/49 (91.84%; 95% CI 80.81–96.78%)
huron,llava,appfr,H28,28,2,6,4,34,5,49,45,0.08163265306122448,0.032202817667763686,0.19189127596571287,4/49 (8.16%; 95% CI 3.22–19.19%),0.10204081632653061,0.04437954674476266,0.21756361549195893,5/49 (10.20%; 95% CI 4.44–21.76%),0.12244897959183673,0.05734825790240154,0.2424439729375651,6/49 (12.24%; 95% CI 5.73–24.24%),0.6938775510204082,0.5547210644108935,0.8048450873199342,34/49 (69.39%; 95% CI 55.47–80.48%),0.9183673469387755,0.808108724034287,0.9677971823322362,45/49 (91.84%; 95% CI 80.81–96.78%)
huron,llava,appfr,H28,28,3,9,4,31,5,49,45,0.08163265306122448,0.032202817667763686,0.19189127596571287,4/49 (8.16%; 95% CI 3.22–19.19%),0.10204081632653061,0.04437954674476266,0.21756361549195893,5/49 (10.20%; 95% CI 4.44–21.76%),0.1836734693877551,0.09976341062070308,0.3135760260289987,9/49 (18.37%; 95% CI 9.98–31.36%),0.6326530612244898,0.49267067560792427,0.7533482703131686,31/49 (63.27%; 95% CI 49.27–75.33%),0.9183673469387755,0.808108724034287,0.9677971823322362,45/49 (91.84%; 95% CI 80.81–96.78%)
huron,llava,appfr,H28,28,4,9,4,31,5,49,45,0.08163265306122448,0.032202817667763686,0.19189127596571287,4/49 (8.16%; 95% CI 3.22–19.19%),0.10204081632653061,0.04437954674476266,0.21756361549195893,5/49 (10.20%; 95% CI 4.44–21.76%),0.1836734693877551,0.09976341062070308,0.3135760260289987,9/49 (18.37%; 95% CI 9.98–31.36%),0.6326530612244898,0.49267067560792427,0.7533482703131686,31/49 (63.27%; 95% CI 49.27–75.33%),0.9183673469387755,0.808108724034287,0.9677971823322362,45/49 (91.84%; 95% CI 80.81–96.78%)
huron,llava,appfr,H28,28,5,10,4,30,5,49,45,0.08163265306122448,0.032202817667763686,0.19189127596571287,4/49 (8.16%; 95% CI 3.22–19.19%),0.10204081632653061,0.04437954674476266,0.21756361549195893,5/49 (10.20%; 95% CI 4.44–21.76%),0.20408163265306123,0.11481849605782132,0.3363700091951255,10/49 (20.41%; 95% CI 11.48–33.64%),0.6122448979591837,0.4724599944352045,0.7357098828826433,30/49 (61.22%; 95% CI 47.25–73.57%),0.9183673469387755,0.808108724034287,0.9677971823322362,45/49 (91.84%; 95% CI 80.81–96.78%)
huron,llava,appfr,H30,30,1,2,7,35,5,49,42,0.14285714285714285,0.0709642372040676,0.26667706223914406,7/49 (14.29%; 95% CI 7.10–26.67%),0.10204081632653061,0.04437954674476266,0.21756361549195893,5/49 (10.20%; 95% CI 4.44–21.76%),0.04081632653061224,0.011265633366185787,0.13713032306080064,2/49 (4.08%; 95% CI 1.13–13.71%),0.7142857142857143,0.575911164922199,0.8215040554118739,35/49 (71.43%; 95% CI 57.59–82.15%),0.8571428571428571,0.7333229377608557,0.9290357627959323,42/49 (85.71%; 95% CI 73.33–92.90%)
huron,llava,appfr,H30,30,2,5,7,32,5,49,42,0.14285714285714285,0.0709642372040676,0.26667706223914406,7/49 (14.29%; 95% CI 7.10–26.67%),0.10204081632653061,0.04437954674476266,0.21756361549195893,5/49 (10.20%; 95% CI 4.44–21.76%),0.10204081632653061,0.04437954674476266,0.21756361549195893,5/49 (10.20%; 95% CI 4.44–21.76%),0.6530612244897959,0.5131119428697273,0.7707560716546102,32/49 (65.31%; 95% CI 51.31–77.08%),0.8571428571428571,0.7333229377608557,0.9290357627959323,42/49 (85.71%; 95% CI 73.33–92.90%)
huron,llava,appfr,H30,30,3,7,7,30,5,49,42,0.14285714285714285,0.0709642372040676,0.26667706223914406,7/49 (14.29%; 95% CI 7.10–26.67%),0.10204081632653061,0.04437954674476266,0.21756361549195893,5/49 (10.20%; 95% CI 4.44–21.76%),0.14285714285714285,0.0709642372040676,0.26667706223914406,7/49 (14.29%; 95% CI 7.10–26.67%),0.6122448979591837,0.4724599944352045,0.7357098828826433,30/49 (61.22%; 95% CI 47.25–73.57%),0.8571428571428571,0.7333229377608557,0.9290357627959323,42/49 (85.71%; 95% CI 73.33–92.90%)
huron,llava,appfr,H30,30,4,7,7,30,5,49,42,0.14285714285714285,0.0709642372040676,0.26667706223914406,7/49 (14.29%; 95% CI 7.10–26.67%),0.10204081632653061,0.04437954674476266,0.21756361549195893,5/49 (10.20%; 95% CI 4.44–21.76%),0.14285714285714285,0.0709642372040676,0.26667706223914406,7/49 (14.29%; 95% CI 7.10–26.67%),0.6122448979591837,0.4724599944352045,0.7357098828826433,30/49 (61.22%; 95% CI 47.25–73.57%),0.8571428571428571,0.7333229377608557,0.9290357627959323,42/49 (85.71%; 95% CI 73.33–92.90%)
huron,llava,appfr,H30,30,5,8,7,29,5,49,42,0.14285714285714285,0.0709642372040676,0.26667706223914406,7/49 (14.29%; 95% CI 7.10–26.67%),0.10204081632653061,0.04437954674476266,0.21756361549195893,5/49 (10.20%; 95% CI 4.44–21.76%),0.16326530612244897,0.08512698370728837,0.2903633843391683,8/49 (16.33%; 95% CI 8.51–29.04%),0.5918367346938775,0.4524731939184714,0.7178476147961312,29/49 (59.18%; 95% CI 45.25–71.78%),0.8571428571428571,0.7333229377608557,0.9290357627959323,42/49 (85.71%; 95% CI 73.33–92.90%)
huron,llava,appfr,H32,32,1,2,8,34,5,49,41,0.16326530612244897,0.08512698370728837,0.2903633843391683,8/49 (16.33%; 95% CI 8.51–29.04%),0.10204081632653061,0.04437954674476266,0.21756361549195893,5/49 (10.20%; 95% CI 4.44–21.76%),0.04081632653061224,0.011265633366185787,0.13713032306080064,2/49 (4.08%; 95% CI 1.13–13.71%),0.6938775510204082,0.5547210644108935,0.8048450873199342,34/49 (69.39%; 95% CI 55.47–80.48%),0.8367346938775511,0.7096366156608317,0.9148730162927116,41/49 (83.67%; 95% CI 70.96–91.49%)
huron,llava,appfr,H32,32,2,5,8,31,5,49,41,0.16326530612244897,0.08512698370728837,0.2903633843391683,8/49 (16.33%; 95% CI 8.51–29.04%),0.10204081632653061,0.04437954674476266,0.21756361549195893,5/49 (10.20%; 95% CI 4.44–21.76%),0.10204081632653061,0.04437954674476266,0.21756361549195893,5/49 (10.20%; 95% CI 4.44–21.76%),0.6326530612244898,0.49267067560792427,0.7533482703131686,31/49 (63.27%; 95% CI 49.27–75.33%),0.8367346938775511,0.7096366156608317,0.9148730162927116,41/49 (83.67%; 95% CI 70.96–91.49%)
huron,llava,appfr,H32,32,3,7,8,29,5,49,41,0.16326530612244897,0.08512698370728837,0.2903633843391683,8/49 (16.33%; 95% CI 8.51–29.04%),0.10204081632653061,0.04437954674476266,0.21756361549195893,5/49 (10.20%; 95% CI 4.44–21.76%),0.14285714285714285,0.0709642372040676,0.26667706223914406,7/49 (14.29%; 95% CI 7.10–26.67%),0.5918367346938775,0.4524731939184714,0.7178476147961312,29/49 (59.18%; 95% CI 45.25–71.78%),0.8367346938775511,0.7096366156608317,0.9148730162927116,41/49 (83.67%; 95% CI 70.96–91.49%)
huron,llava,appfr,H32,32,4,7,8,29,5,49,41,0.16326530612244897,0.08512698370728837,0.2903633843391683,8/49 (16.33%; 95% CI 8.51–29.04%),0.10204081632653061,0.04437954674476266,0.21756361549195893,5/49 (10.20%; 95% CI 4.44–21.76%),0.14285714285714285,0.0709642372040676,0.26667706223914406,7/49 (14.29%; 95% CI 7.10–26.67%),0.5918367346938775,0.4524731939184714,0.7178476147961312,29/49 (59.18%; 95% CI 45.25–71.78%),0.8367346938775511,0.7096366156608317,0.9148730162927116,41/49 (83.67%; 95% CI 70.96–91.49%)
huron,llava,appfr,H32,32,5,8,8,28,5,49,41,0.16326530612244897,0.08512698370728837,0.2903633843391683,8/49 (16.33%; 95% CI 8.51–29.04%),0.10204081632653061,0.04437954674476266,0.21756361549195893,5/49 (10.20%; 95% CI 4.44–21.76%),0.16326530612244897,0.08512698370728837,0.2903633843391683,8/49 (16.33%; 95% CI 8.51–29.04%),0.5714285714285714,0.4327049309001736,0.699766809211184,28/49 (57.14%; 95% CI 43.27–69.98%),0.8367346938775511,0.7096366156608317,0.9148730162927116,41/49 (83.67%; 95% CI 70.96–91.49%)
huron,llava,appod,H02,2,1,2,2,40,5,49,47,0.04081632653061224,0.011265633366185787,0.13713032306080064,2/49 (4.08%; 95% CI 1.13–13.71%),0.10204081632653061,0.04437954674476266,0.21756361549195893,5/49 (10.20%; 95% CI 4.44–21.76%),0.04081632653061224,0.011265633366185787,0.13713032306080064,2/49 (4.08%; 95% CI 1.13–13.71%),0.8163265306122449,0.6864239739710013,0.9002365893792968,40/49 (81.63%; 95% CI 68.64–90.02%),0.9591836734693877,0.8628696769391992,0.9887343666338142,47/49 (95.92%; 95% CI 86.29–98.87%)
huron,llava,appod,H02,2,2,5,2,37,5,49,47,0.04081632653061224,0.011265633366185787,0.13713032306080064,2/49 (4.08%; 95% CI 1.13–13.71%),0.10204081632653061,0.04437954674476266,0.21756361549195893,5/49 (10.20%; 95% CI 4.44–21.76%),0.10204081632653061,0.04437954674476266,0.21756361549195893,5/49 (10.20%; 95% CI 4.44–21.76%),0.7551020408163265,0.6191368101239605,0.8539765474166023,37/49 (75.51%; 95% CI 61.91–85.40%),0.9591836734693877,0.8628696769391992,0.9887343666338142,47/49 (95.92%; 95% CI 86.29–98.87%)
huron,llava,appod,H02,2,3,8,2,34,5,49,47,0.04081632653061224,0.011265633366185787,0.13713032306080064,2/49 (4.08%; 95% CI 1.13–13.71%),0.10204081632653061,0.04437954674476266,0.21756361549195893,5/49 (10.20%; 95% CI 4.44–21.76%),0.16326530612244897,0.08512698370728837,0.2903633843391683,8/49 (16.33%; 95% CI 8.51–29.04%),0.6938775510204082,0.5547210644108935,0.8048450873199342,34/49 (69.39%; 95% CI 55.47–80.48%),0.9591836734693877,0.8628696769391992,0.9887343666338142,47/49 (95.92%; 95% CI 86.29–98.87%)
huron,llava,appod,H02,2,4,10,2,32,5,49,47,0.04081632653061224,0.011265633366185787,0.13713032306080064,2/49 (4.08%; 95% CI 1.13–13.71%),0.10204081632653061,0.04437954674476266,0.21756361549195893,5/49 (10.20%; 95% CI 4.44–21.76%),0.20408163265306123,0.11481849605782132,0.3363700091951255,10/49 (20.41%; 95% CI 11.48–33.64%),0.6530612244897959,0.5131119428697273,0.7707560716546102,32/49 (65.31%; 95% CI 51.31–77.08%),0.9591836734693877,0.8628696769391992,0.9887343666338142,47/49 (95.92%; 95% CI 86.29–98.87%)
huron,llava,appod,H02,2,5,11,2,31,5,49,47,0.04081632653061224,0.011265633366185787,0.13713032306080064,2/49 (4.08%; 95% CI 1.13–13.71%),0.10204081632653061,0.04437954674476266,0.21756361549195893,5/49 (10.20%; 95% CI 4.44–21.76%),0.22448979591836735,0.13024970149659185,0.35878787235959997,11/49 (22.45%; 95% CI 13.02–35.88%),0.6326530612244898,0.49267067560792427,0.7533482703131686,31/49 (63.27%; 95% CI 49.27–75.33%),0.9591836734693877,0.8628696769391992,0.9887343666338142,47/49 (95.92%; 95% CI 86.29–98.87%)
huron,llava,appod,H04,4,1,2,3,40,4,49,46,0.061224489795918366,0.02104014667296747,0.16520487835726402,3/49 (6.12%; 95% CI 2.10–16.52%),0.08163265306122448,0.032202817667763686,0.19189127596571287,4/49 (8.16%; 95% CI 3.22–19.19%),0.04081632653061224,0.011265633366185787,0.13713032306080064,2/49 (4.08%; 95% CI 1.13–13.71%),0.8163265306122449,0.6864239739710013,0.9002365893792968,40/49 (81.63%; 95% CI 68.64–90.02%),0.9387755102040817,0.834795121642736,0.9789598533270324,46/49 (93.88%; 95% CI 83.48–97.90%)
huron,llava,appod,H04,4,2,5,3,37,4,49,46,0.061224489795918366,0.02104014667296747,0.16520487835726402,3/49 (6.12%; 95% CI 2.10–16.52%),0.08163265306122448,0.032202817667763686,0.19189127596571287,4/49 (8.16%; 95% CI 3.22–19.19%),0.10204081632653061,0.04437954674476266,0.21756361549195893,5/49 (10.20%; 95% CI 4.44–21.76%),0.7551020408163265,0.6191368101239605,0.8539765474166023,37/49 (75.51%; 95% CI 61.91–85.40%),0.9387755102040817,0.834795121642736,0.9789598533270324,46/49 (93.88%; 95% CI 83.48–97.90%)
huron,llava,appod,H04,4,3,8,3,34,4,49,46,0.061224489795918366,0.02104014667296747,0.16520487835726402,3/49 (6.12%; 95% CI 2.10–16.52%),0.08163265306122448,0.032202817667763686,0.19189127596571287,4/49 (8.16%; 95% CI 3.22–19.19%),0.16326530612244897,0.08512698370728837,0.2903633843391683,8/49 (16.33%; 95% CI 8.51–29.04%),0.6938775510204082,0.5547210644108935,0.8048450873199342,34/49 (69.39%; 95% CI 55.47–80.48%),0.9387755102040817,0.834795121642736,0.9789598533270324,46/49 (93.88%; 95% CI 83.48–97.90%)
huron,llava,appod,H04,4,4,9,3,33,4,49,46,0.061224489795918366,0.02104014667296747,0.16520487835726402,3/49 (6.12%; 95% CI 2.10–16.52%),0.08163265306122448,0.032202817667763686,0.19189127596571287,4/49 (8.16%; 95% CI 3.22–19.19%),0.1836734693877551,0.09976341062070308,0.3135760260289987,9/49 (18.37%; 95% CI 9.98–31.36%),0.673469387755102,0.5337920531457014,0.7879250299818812,33/49 (67.35%; 95% CI 53.38–78.79%),0.9387755102040817,0.834795121642736,0.9789598533270324,46/49 (93.88%; 95% CI 83.48–97.90%)
huron,llava,appod,H04,4,5,10,3,32,4,49,46,0.061224489795918366,0.02104014667296747,0.16520487835726402,3/49 (6.12%; 95% CI 2.10–16.52%),0.08163265306122448,0.032202817667763686,0.19189127596571287,4/49 (8.16%; 95% CI 3.22–19.19%),0.20408163265306123,0.11481849605782132,0.3363700091951255,10/49 (20.41%; 95% CI 11.48–33.64%),0.6530612244897959,0.5131119428697273,0.7707560716546102,32/49 (65.31%; 95% CI 51.31–77.08%),0.9387755102040817,0.834795121642736,0.9789598533270324,46/49 (93.88%; 95% CI 83.48–97.90%)
huron,llava,appod,H06,6,1,3,3,39,4,49,46,0.061224489795918366,0.02104014667296747,0.16520487835726402,3/49 (6.12%; 95% CI 2.10–16.52%),0.08163265306122448,0.032202817667763686,0.19189127596571287,4/49 (8.16%; 95% CI 3.22–19.19%),0.061224489795918366,0.02104014667296747,0.16520487835726402,3/49 (6.12%; 95% CI 2.10–16.52%),0.7959183673469388,0.6636299908048744,0.8851815039421786,39/49 (79.59%; 95% CI 66.36–88.52%),0.9387755102040817,0.834795121642736,0.9789598533270324,46/49 (93.88%; 95% CI 83.48–97.90%)
huron,llava,appod,H06,6,2,7,3,35,4,49,46,0.061224489795918366,0.02104014667296747,0.16520487835726402,3/49 (6.12%; 95% CI 2.10–16.52%),0.08163265306122448,0.032202817667763686,0.19189127596571287,4/49 (8.16%; 95% CI 3.22–19.19%),0.14285714285714285,0.0709642372040676,0.26667706223914406,7/49 (14.29%; 95% CI 7.10–26.67%),0.7142857142857143,0.575911164922199,0.8215040554118739,35/49 (71.43%; 95% CI 57.59–82.15%),0.9387755102040817,0.834795121642736,0.9789598533270324,46/49 (93.88%; 95% CI 83.48–97.90%)
huron,llava,appod,H06,6,3,9,3,33,4,49,46,0.061224489795918366,0.02104014667296747,0.16520487835726402,3/49 (6.12%; 95% CI 2.10–16.52%),0.08163265306122448,0.032202817667763686,0.19189127596571287,4/49 (8.16%; 95% CI 3.22–19.19%),0.1836734693877551,0.09976341062070308,0.3135760260289987,9/49 (18.37%; 95% CI 9.98–31.36%),0.673469387755102,0.5337920531457014,0.7879250299818812,33/49 (67.35%; 95% CI 53.38–78.79%),0.9387755102040817,0.834795121642736,0.9789598533270324,46/49 (93.88%; 95% CI 83.48–97.90%)
huron,llava,appod,H06,6,4,10,3,32,4,49,46,0.061224489795918366,0.02104014667296747,0.16520487835726402,3/49 (6.12%; 95% CI 2.10–16.52%),0.08163265306122448,0.032202817667763686,0.19189127596571287,4/49 (8.16%; 95% CI 3.22–19.19%),0.20408163265306123,0.11481849605782132,0.3363700091951255,10/49 (20.41%; 95% CI 11.48–33.64%),0.6530612244897959,0.5131119428697273,0.7707560716546102,32/49 (65.31%; 95% CI 51.31–77.08%),0.9387755102040817,0.834795121642736,0.9789598533270324,46/49 (93.88%; 95% CI 83.48–97.90%)
huron,llava,appod,H06,6,5,11,3,31,4,49,46,0.061224489795918366,0.02104014667296747,0.16520487835726402,3/49 (6.12%; 95% CI 2.10–16.52%),0.08163265306122448,0.032202817667763686,0.19189127596571287,4/49 (8.16%; 95% CI 3.22–19.19%),0.22448979591836735,0.13024970149659185,0.35878787235959997,11/49 (22.45%; 95% CI 13.02–35.88%),0.6326530612244898,0.49267067560792427,0.7533482703131686,31/49 (63.27%; 95% CI 49.27–75.33%),0.9387755102040817,0.834795121642736,0.9789598533270324,46/49 (93.88%; 95% CI 83.48–97.90%)
huron,llava,appod,H08,8,1,2,3,38,6,49,46,0.061224489795918366,0.02104014667296747,0.16520487835726402,3/49 (6.12%; 95% CI 2.10–16.52%),0.12244897959183673,0.05734825790240154,0.2424439729375651,6/49 (12.24%; 95% CI 5.73–24.24%),0.04081632653061224,0.011265633366185787,0.13713032306080064,2/49 (4.08%; 95% CI 1.13–13.71%),0.7755102040816326,0.6412121276403999,0.869750298503408,38/49 (77.55%; 95% CI 64.12–86.98%),0.9387755102040817,0.834795121642736,0.9789598533270324,46/49 (93.88%; 95% CI 83.48–97.90%)
huron,llava,appod,H08,8,2,5,3,35,6,49,46,0.061224489795918366,0.02104014667296747,0.16520487835726402,3/49 (6.12%; 95% CI 2.10–16.52%),0.12244897959183673,0.05734825790240154,0.2424439729375651,6/49 (12.24%; 95% CI 5.73–24.24%),0.10204081632653061,0.04437954674476266,0.21756361549195893,5/49 (10.20%; 95% CI 4.44–21.76%),0.7142857142857143,0.575911164922199,0.8215040554118739,35/49 (71.43%; 95% CI 57.59–82.15%),0.9387755102040817,0.834795121642736,0.9789598533270324,46/49 (93.88%; 95% CI 83.48–97.90%)
huron,llava,appod,H08,8,3,7,3,33,6,49,46,0.061224489795918366,0.02104014667296747,0.16520487835726402,3/49 (6.12%; 95% CI 2.10–16.52%),0.12244897959183673,0.05734825790240154,0.2424439729375651,6/49 (12.24%; 95% CI 5.73–24.24%),0.14285714285714285,0.0709642372040676,0.26667706223914406,7/49 (14.29%; 95% CI 7.10–26.67%),0.673469387755102,0.5337920531457014,0.7879250299818812,33/49 (67.35%; 95% CI 53.38–78.79%),0.9387755102040817,0.834795121642736,0.9789598533270324,46/49 (93.88%; 95% CI 83.48–97.90%)
huron,llava,appod,H08,8,4,8,3,32,6,49,46,0.061224489795918366,0.02104014667296747,0.16520487835726402,3/49 (6.12%; 95% CI 2.10–16.52%),0.12244897959183673,0.05734825790240154,0.2424439729375651,6/49 (12.24%; 95% CI 5.73–24.24%),0.16326530612244897,0.08512698370728837,0.2903633843391683,8/49 (16.33%; 95% CI 8.51–29.04%),0.6530612244897959,0.5131119428697273,0.7707560716546102,32/49 (65.31%; 95% CI 51.31–77.08%),0.9387755102040817,0.834795121642736,0.9789598533270324,46/49 (93.88%; 95% CI 83.48–97.90%)
huron,llava,appod,H08,8,5,9,3,31,6,49,46,0.061224489795918366,0.02104014667296747,0.16520487835726402,3/49 (6.12%; 95% CI 2.10–16.52%),0.12244897959183673,0.05734825790240154,0.2424439729375651,6/49 (12.24%; 95% CI 5.73–24.24%),0.1836734693877551,0.09976341062070308,0.3135760260289987,9/49 (18.37%; 95% CI 9.98–31.36%),0.6326530612244898,0.49267067560792427,0.7533482703131686,31/49 (63.27%; 95% CI 49.27–75.33%),0.9387755102040817,0.834795121642736,0.9789598533270324,46/49 (93.88%; 95% CI 83.48–97.90%)
huron,llava,appod,H10,10,1,2,3,38,6,49,46,0.061224489795918366,0.02104014667296747,0.16520487835726402,3/49 (6.12%; 95% CI 2.10–16.52%),0.12244897959183673,0.05734825790240154,0.2424439729375651,6/49 (12.24%; 95% CI 5.73–24.24%),0.04081632653061224,0.011265633366185787,0.13713032306080064,2/49 (4.08%; 95% CI 1.13–13.71%),0.7755102040816326,0.6412121276403999,0.869750298503408,38/49 (77.55%; 95% CI 64.12–86.98%),0.9387755102040817,0.834795121642736,0.9789598533270324,46/49 (93.88%; 95% CI 83.48–97.90%)
huron,llava,appod,H10,10,2,5,3,35,6,49,46,0.061224489795918366,0.02104014667296747,0.16520487835726402,3/49 (6.12%; 95% CI 2.10–16.52%),0.12244897959183673,0.05734825790240154,0.2424439729375651,6/49 (12.24%; 95% CI 5.73–24.24%),0.10204081632653061,0.04437954674476266,0.21756361549195893,5/49 (10.20%; 95% CI 4.44–21.76%),0.7142857142857143,0.575911164922199,0.8215040554118739,35/49 (71.43%; 95% CI 57.59–82.15%),0.9387755102040817,0.834795121642736,0.9789598533270324,46/49 (93.88%; 95% CI 83.48–97.90%)
huron,llava,appod,H10,10,3,7,3,33,6,49,46,0.061224489795918366,0.02104014667296747,0.16520487835726402,3/49 (6.12%; 95% CI 2.10–16.52%),0.12244897959183673,0.05734825790240154,0.2424439729375651,6/49 (12.24%; 95% CI 5.73–24.24%),0.14285714285714285,0.0709642372040676,0.26667706223914406,7/49 (14.29%; 95% CI 7.10–26.67%),0.673469387755102,0.5337920531457014,0.7879250299818812,33/49 (67.35%; 95% CI 53.38–78.79%),0.9387755102040817,0.834795121642736,0.9789598533270324,46/49 (93.88%; 95% CI 83.48–97.90%)
huron,llava,appod,H10,10,4,8,3,32,6,49,46,0.061224489795918366,0.02104014667296747,0.16520487835726402,3/49 (6.12%; 95% CI 2.10–16.52%),0.12244897959183673,0.05734825790240154,0.2424439729375651,6/49 (12.24%; 95% CI 5.73–24.24%),0.16326530612244897,0.08512698370728837,0.2903633843391683,8/49 (16.33%; 95% CI 8.51–29.04%),0.6530612244897959,0.5131119428697273,0.7707560716546102,32/49 (65.31%; 95% CI 51.31–77.08%),0.9387755102040817,0.834795121642736,0.9789598533270324,46/49 (93.88%; 95% CI 83.48–97.90%)
huron,llava,appod,H10,10,5,9,3,31,6,49,46,0.061224489795918366,0.02104014667296747,0.16520487835726402,3/49 (6.12%; 95% CI 2.10–16.52%),0.12244897959183673,0.05734825790240154,0.2424439729375651,6/49 (12.24%; 95% CI 5.73–24.24%),0.1836734693877551,0.09976341062070308,0.3135760260289987,9/49 (18.37%; 95% CI 9.98–31.36%),0.6326530612244898,0.49267067560792427,0.7533482703131686,31/49 (63.27%; 95% CI 49.27–75.33%),0.9387755102040817,0.834795121642736,0.9789598533270324,46/49 (93.88%; 95% CI 83.48–97.90%)
huron,llava,appod,H12,12,1,1,3,39,6,49,46,0.061224489795918366,0.02104014667296747,0.16520487835726402,3/49 (6.12%; 95% CI 2.10–16.52%),0.12244897959183673,0.05734825790240154,0.2424439729375651,6/49 (12.24%; 95% CI 5.73–24.24%),0.02040816326530612,0.0036116725898252405,0.10693521523391616,1/49 (2.04%; 95% CI 0.36–10.69%),0.7959183673469388,0.6636299908048744,0.8851815039421786,39/49 (79.59%; 95% CI 66.36–88.52%),0.9387755102040817,0.834795121642736,0.9789598533270324,46/49 (93.88%; 95% CI 83.48–97.90%)
huron,llava,appod,H12,12,2,4,3,36,6,49,46,0.061224489795918366,0.02104014667296747,0.16520487835726402,3/49 (6.12%; 95% CI 2.10–16.52%),0.12244897959183673,0.05734825790240154,0.2424439729375651,6/49 (12.24%; 95% CI 5.73–24.24%),0.08163265306122448,0.032202817667763686,0.19189127596571287,4/49 (8.16%; 95% CI 3.22–19.19%),0.7346938775510204,0.5973771102868921,0.8378871786504258,36/49 (73.47%; 95% CI 59.74–83.79%),0.9387755102040817,0.834795121642736,0.9789598533270324,46/49 (93.88%; 95% CI 83.48–97.90%)
huron,llava,appod,H12,12,3,7,3,33,6,49,46,0.061224489795918366,0.02104014667296747,0.16520487835726402,3/49 (6.12%; 95% CI 2.10–16.52%),0.12244897959183673,0.05734825790240154,0.2424439729375651,6/49 (12.24%; 95% CI 5.73–24.24%),0.14285714285714285,0.0709642372040676,0.26667706223914406,7/49 (14.29%; 95% CI 7.10–26.67%),0.673469387755102,0.5337920531457014,0.7879250299818812,33/49 (67.35%; 95% CI 53.38–78.79%),0.9387755102040817,0.834795121642736,0.9789598533270324,46/49 (93.88%; 95% CI 83.48–97.90%)
huron,llava,appod,H12,12,4,8,3,32,6,49,46,0.061224489795918366,0.02104014667296747,0.16520487835726402,3/49 (6.12%; 95% CI 2.10–16.52%),0.12244897959183673,0.05734825790240154,0.2424439729375651,6/49 (12.24%; 95% CI 5.73–24.24%),0.16326530612244897,0.08512698370728837,0.2903633843391683,8/49 (16.33%; 95% CI 8.51–29.04%),0.6530612244897959,0.5131119428697273,0.7707560716546102,32/49 (65.31%; 95% CI 51.31–77.08%),0.9387755102040817,0.834795121642736,0.9789598533270324,46/49 (93.88%; 95% CI 83.48–97.90%)
huron,llava,appod,H12,12,5,9,3,31,6,49,46,0.061224489795918366,0.02104014667296747,0.16520487835726402,3/49 (6.12%; 95% CI 2.10–16.52%),0.12244897959183673,0.05734825790240154,0.2424439729375651,6/49 (12.24%; 95% CI 5.73–24.24%),0.1836734693877551,0.09976341062070308,0.3135760260289987,9/49 (18.37%; 95% CI 9.98–31.36%),0.6326530612244898,0.49267067560792427,0.7533482703131686,31/49 (63.27%; 95% CI 49.27–75.33%),0.9387755102040817,0.834795121642736,0.9789598533270324,46/49 (93.88%; 95% CI 83.48–97.90%)
huron,llava,appod,H14,14,1,1,3,39,6,49,46,0.061224489795918366,0.02104014667296747,0.16520487835726402,3/49 (6.12%; 95% CI 2.10–16.52%),0.12244897959183673,0.05734825790240154,0.2424439729375651,6/49 (12.24%; 95% CI 5.73–24.24%),0.02040816326530612,0.0036116725898252405,0.10693521523391616,1/49 (2.04%; 95% CI 0.36–10.69%),0.7959183673469388,0.6636299908048744,0.8851815039421786,39/49 (79.59%; 95% CI 66.36–88.52%),0.9387755102040817,0.834795121642736,0.9789598533270324,46/49 (93.88%; 95% CI 83.48–97.90%)
huron,llava,appod,H14,14,2,4,3,36,6,49,46,0.061224489795918366,0.02104014667296747,0.16520487835726402,3/49 (6.12%; 95% CI 2.10–16.52%),0.12244897959183673,0.05734825790240154,0.2424439729375651,6/49 (12.24%; 95% CI 5.73–24.24%),0.08163265306122448,0.032202817667763686,0.19189127596571287,4/49 (8.16%; 95% CI 3.22–19.19%),0.7346938775510204,0.5973771102868921,0.8378871786504258,36/49 (73.47%; 95% CI 59.74–83.79%),0.9387755102040817,0.834795121642736,0.9789598533270324,46/49 (93.88%; 95% CI 83.48–97.90%)
huron,llava,appod,H14,14,3,7,3,33,6,49,46,0.061224489795918366,0.02104014667296747,0.16520487835726402,3/49 (6.12%; 95% CI 2.10–16.52%),0.12244897959183673,0.05734825790240154,0.2424439729375651,6/49 (12.24%; 95% CI 5.73–24.24%),0.14285714285714285,0.0709642372040676,0.26667706223914406,7/49 (14.29%; 95% CI 7.10–26.67%),0.673469387755102,0.5337920531457014,0.7879250299818812,33/49 (67.35%; 95% CI 53.38–78.79%),0.9387755102040817,0.834795121642736,0.9789598533270324,46/49 (93.88%; 95% CI 83.48–97.90%)
huron,llava,appod,H14,14,4,8,3,32,6,49,46,0.061224489795918366,0.02104014667296747,0.16520487835726402,3/49 (6.12%; 95% CI 2.10–16.52%),0.12244897959183673,0.05734825790240154,0.2424439729375651,6/49 (12.24%; 95% CI 5.73–24.24%),0.16326530612244897,0.08512698370728837,0.2903633843391683,8/49 (16.33%; 95% CI 8.51–29.04%),0.6530612244897959,0.5131119428697273,0.7707560716546102,32/49 (65.31%; 95% CI 51.31–77.08%),0.9387755102040817,0.834795121642736,0.9789598533270324,46/49 (93.88%; 95% CI 83.48–97.90%)
huron,llava,appod,H14,14,5,9,3,31,6,49,46,0.061224489795918366,0.02104014667296747,0.16520487835726402,3/49 (6.12%; 95% CI 2.10–16.52%),0.12244897959183673,0.05734825790240154,0.2424439729375651,6/49 (12.24%; 95% CI 5.73–24.24%),0.1836734693877551,0.09976341062070308,0.3135760260289987,9/49 (18.37%; 95% CI 9.98–31.36%),0.6326530612244898,0.49267067560792427,0.7533482703131686,31/49 (63.27%; 95% CI 49.27–75.33%),0.9387755102040817,0.834795121642736,0.9789598533270324,46/49 (93.88%; 95% CI 83.48–97.90%)
huron,llava,appod,H16,16,1,1,3,38,7,49,46,0.061224489795918366,0.02104014667296747,0.16520487835726402,3/49 (6.12%; 95% CI 2.10–16.52%),0.14285714285714285,0.0709642372040676,0.26667706223914406,7/49 (14.29%; 95% CI 7.10–26.67%),0.02040816326530612,0.0036116725898252405,0.10693521523391616,1/49 (2.04%; 95% CI 0.36–10.69%),0.7755102040816326,0.6412121276403999,0.869750298503408,38/49 (77.55%; 95% CI 64.12–86.98%),0.9387755102040817,0.834795121642736,0.9789598533270324,46/49 (93.88%; 95% CI 83.48–97.90%)
huron,llava,appod,H16,16,2,4,3,35,7,49,46,0.061224489795918366,0.02104014667296747,0.16520487835726402,3/49 (6.12%; 95% CI 2.10–16.52%),0.14285714285714285,0.0709642372040676,0.26667706223914406,7/49 (14.29%; 95% CI 7.10–26.67%),0.08163265306122448,0.032202817667763686,0.19189127596571287,4/49 (8.16%; 95% CI 3.22–19.19%),0.7142857142857143,0.575911164922199,0.8215040554118739,35/49 (71.43%; 95% CI 57.59–82.15%),0.9387755102040817,0.834795121642736,0.9789598533270324,46/49 (93.88%; 95% CI 83.48–97.90%)
huron,llava,appod,H16,16,3,7,3,32,7,49,46,0.061224489795918366,0.02104014667296747,0.16520487835726402,3/49 (6.12%; 95% CI 2.10–16.52%),0.14285714285714285,0.0709642372040676,0.26667706223914406,7/49 (14.29%; 95% CI 7.10–26.67%),0.14285714285714285,0.0709642372040676,0.26667706223914406,7/49 (14.29%; 95% CI 7.10–26.67%),0.6530612244897959,0.5131119428697273,0.7707560716546102,32/49 (65.31%; 95% CI 51.31–77.08%),0.9387755102040817,0.834795121642736,0.9789598533270324,46/49 (93.88%; 95% CI 83.48–97.90%)
huron,llava,appod,H16,16,4,7,3,32,7,49,46,0.061224489795918366,0.02104014667296747,0.16520487835726402,3/49 (6.12%; 95% CI 2.10–16.52%),0.14285714285714285,0.0709642372040676,0.26667706223914406,7/49 (14.29%; 95% CI 7.10–26.67%),0.14285714285714285,0.0709642372040676,0.26667706223914406,7/49 (14.29%; 95% CI 7.10–26.67%),0.6530612244897959,0.5131119428697273,0.7707560716546102,32/49 (65.31%; 95% CI 51.31–77.08%),0.9387755102040817,0.834795121642736,0.9789598533270324,46/49 (93.88%; 95% CI 83.48–97.90%)
huron,llava,appod,H16,16,5,8,3,31,7,49,46,0.061224489795918366,0.02104014667296747,0.16520487835726402,3/49 (6.12%; 95% CI 2.10–16.52%),0.14285714285714285,0.0709642372040676,0.26667706223914406,7/49 (14.29%; 95% CI 7.10–26.67%),0.16326530612244897,0.08512698370728837,0.2903633843391683,8/49 (16.33%; 95% CI 8.51–29.04%),0.6326530612244898,0.49267067560792427,0.7533482703131686,31/49 (63.27%; 95% CI 49.27–75.33%),0.9387755102040817,0.834795121642736,0.9789598533270324,46/49 (93.88%; 95% CI 83.48–97.90%)
huron,llava,appod,H18,18,1,1,3,40,5,49,46,0.061224489795918366,0.02104014667296747,0.16520487835726402,3/49 (6.12%; 95% CI 2.10–16.52%),0.10204081632653061,0.04437954674476266,0.21756361549195893,5/49 (10.20%; 95% CI 4.44–21.76%),0.02040816326530612,0.0036116725898252405,0.10693521523391616,1/49 (2.04%; 95% CI 0.36–10.69%),0.8163265306122449,0.6864239739710013,0.9002365893792968,40/49 (81.63%; 95% CI 68.64–90.02%),0.9387755102040817,0.834795121642736,0.9789598533270324,46/49 (93.88%; 95% CI 83.48–97.90%)
huron,llava,appod,H18,18,2,4,3,37,5,49,46,0.061224489795918366,0.02104014667296747,0.16520487835726402,3/49 (6.12%; 95% CI 2.10–16.52%),0.10204081632653061,0.04437954674476266,0.21756361549195893,5/49 (10.20%; 95% CI 4.44–21.76%),0.08163265306122448,0.032202817667763686,0.19189127596571287,4/49 (8.16%; 95% CI 3.22–19.19%),0.7551020408163265,0.6191368101239605,0.8539765474166023,37/49 (75.51%; 95% CI 61.91–85.40%),0.9387755102040817,0.834795121642736,0.9789598533270324,46/49 (93.88%; 95% CI 83.48–97.90%)
huron,llava,appod,H18,18,3,7,3,34,5,49,46,0.061224489795918366,0.02104014667296747,0.16520487835726402,3/49 (6.12%; 95% CI 2.10–16.52%),0.10204081632653061,0.04437954674476266,0.21756361549195893,5/49 (10.20%; 95% CI 4.44–21.76%),0.14285714285714285,0.0709642372040676,0.26667706223914406,7/49 (14.29%; 95% CI 7.10–26.67%),0.6938775510204082,0.5547210644108935,0.8048450873199342,34/49 (69.39%; 95% CI 55.47–80.48%),0.9387755102040817,0.834795121642736,0.9789598533270324,46/49 (93.88%; 95% CI 83.48–97.90%)
huron,llava,appod,H18,18,4,8,3,33,5,49,46,0.061224489795918366,0.02104014667296747,0.16520487835726402,3/49 (6.12%; 95% CI 2.10–16.52%),0.10204081632653061,0.04437954674476266,0.21756361549195893,5/49 (10.20%; 95% CI 4.44–21.76%),0.16326530612244897,0.08512698370728837,0.2903633843391683,8/49 (16.33%; 95% CI 8.51–29.04%),0.673469387755102,0.5337920531457014,0.7879250299818812,33/49 (67.35%; 95% CI 53.38–78.79%),0.9387755102040817,0.834795121642736,0.9789598533270324,46/49 (93.88%; 95% CI 83.48–97.90%)
huron,llava,appod,H18,18,5,9,3,32,5,49,46,0.061224489795918366,0.02104014667296747,0.16520487835726402,3/49 (6.12%; 95% CI 2.10–16.52%),0.10204081632653061,0.04437954674476266,0.21756361549195893,5/49 (10.20%; 95% CI 4.44–21.76%),0.1836734693877551,0.09976341062070308,0.3135760260289987,9/49 (18.37%; 95% CI 9.98–31.36%),0.6530612244897959,0.5131119428697273,0.7707560716546102,32/49 (65.31%; 95% CI 51.31–77.08%),0.9387755102040817,0.834795121642736,0.9789598533270324,46/49 (93.88%; 95% CI 83.48–97.90%)
huron,llava,appod,H20,20,1,1,3,40,5,49,46,0.061224489795918366,0.02104014667296747,0.16520487835726402,3/49 (6.12%; 95% CI 2.10–16.52%),0.10204081632653061,0.04437954674476266,0.21756361549195893,5/49 (10.20%; 95% CI 4.44–21.76%),0.02040816326530612,0.0036116725898252405,0.10693521523391616,1/49 (2.04%; 95% CI 0.36–10.69%),0.8163265306122449,0.6864239739710013,0.9002365893792968,40/49 (81.63%; 95% CI 68.64–90.02%),0.9387755102040817,0.834795121642736,0.9789598533270324,46/49 (93.88%; 95% CI 83.48–97.90%)
huron,llava,appod,H20,20,2,4,3,37,5,49,46,0.061224489795918366,0.02104014667296747,0.16520487835726402,3/49 (6.12%; 95% CI 2.10–16.52%),0.10204081632653061,0.04437954674476266,0.21756361549195893,5/49 (10.20%; 95% CI 4.44–21.76%),0.08163265306122448,0.032202817667763686,0.19189127596571287,4/49 (8.16%; 95% CI 3.22–19.19%),0.7551020408163265,0.6191368101239605,0.8539765474166023,37/49 (75.51%; 95% CI 61.91–85.40%),0.9387755102040817,0.834795121642736,0.9789598533270324,46/49 (93.88%; 95% CI 83.48–97.90%)
huron,llava,appod,H20,20,3,8,3,33,5,49,46,0.061224489795918366,0.02104014667296747,0.16520487835726402,3/49 (6.12%; 95% CI 2.10–16.52%),0.10204081632653061,0.04437954674476266,0.21756361549195893,5/49 (10.20%; 95% CI 4.44–21.76%),0.16326530612244897,0.08512698370728837,0.2903633843391683,8/49 (16.33%; 95% CI 8.51–29.04%),0.673469387755102,0.5337920531457014,0.7879250299818812,33/49 (67.35%; 95% CI 53.38–78.79%),0.9387755102040817,0.834795121642736,0.9789598533270324,46/49 (93.88%; 95% CI 83.48–97.90%)
huron,llava,appod,H20,20,4,8,3,33,5,49,46,0.061224489795918366,0.02104014667296747,0.16520487835726402,3/49 (6.12%; 95% CI 2.10–16.52%),0.10204081632653061,0.04437954674476266,0.21756361549195893,5/49 (10.20%; 95% CI 4.44–21.76%),0.16326530612244897,0.08512698370728837,0.2903633843391683,8/49 (16.33%; 95% CI 8.51–29.04%),0.673469387755102,0.5337920531457014,0.7879250299818812,33/49 (67.35%; 95% CI 53.38–78.79%),0.9387755102040817,0.834795121642736,0.9789598533270324,46/49 (93.88%; 95% CI 83.48–97.90%)
huron,llava,appod,H20,20,5,9,3,32,5,49,46,0.061224489795918366,0.02104014667296747,0.16520487835726402,3/49 (6.12%; 95% CI 2.10–16.52%),0.10204081632653061,0.04437954674476266,0.21756361549195893,5/49 (10.20%; 95% CI 4.44–21.76%),0.1836734693877551,0.09976341062070308,0.3135760260289987,9/49 (18.37%; 95% CI 9.98–31.36%),0.6530612244897959,0.5131119428697273,0.7707560716546102,32/49 (65.31%; 95% CI 51.31–77.08%),0.9387755102040817,0.834795121642736,0.9789598533270324,46/49 (93.88%; 95% CI 83.48–97.90%)
huron,llava,appod,H22,22,1,2,3,40,4,49,46,0.061224489795918366,0.02104014667296747,0.16520487835726402,3/49 (6.12%; 95% CI 2.10–16.52%),0.08163265306122448,0.032202817667763686,0.19189127596571287,4/49 (8.16%; 95% CI 3.22–19.19%),0.04081632653061224,0.011265633366185787,0.13713032306080064,2/49 (4.08%; 95% CI 1.13–13.71%),0.8163265306122449,0.6864239739710013,0.9002365893792968,40/49 (81.63%; 95% CI 68.64–90.02%),0.9387755102040817,0.834795121642736,0.9789598533270324,46/49 (93.88%; 95% CI 83.48–97.90%)
huron,llava,appod,H22,22,2,5,3,37,4,49,46,0.061224489795918366,0.02104014667296747,0.16520487835726402,3/49 (6.12%; 95% CI 2.10–16.52%),0.08163265306122448,0.032202817667763686,0.19189127596571287,4/49 (8.16%; 95% CI 3.22–19.19%),0.10204081632653061,0.04437954674476266,0.21756361549195893,5/49 (10.20%; 95% CI 4.44–21.76%),0.7551020408163265,0.6191368101239605,0.8539765474166023,37/49 (75.51%; 95% CI 61.91–85.40%),0.9387755102040817,0.834795121642736,0.9789598533270324,46/49 (93.88%; 95% CI 83.48–97.90%)
huron,llava,appod,H22,22,3,9,3,33,4,49,46,0.061224489795918366,0.02104014667296747,0.16520487835726402,3/49 (6.12%; 95% CI 2.10–16.52%),0.08163265306122448,0.032202817667763686,0.19189127596571287,4/49 (8.16%; 95% CI 3.22–19.19%),0.1836734693877551,0.09976341062070308,0.3135760260289987,9/49 (18.37%; 95% CI 9.98–31.36%),0.673469387755102,0.5337920531457014,0.7879250299818812,33/49 (67.35%; 95% CI 53.38–78.79%),0.9387755102040817,0.834795121642736,0.9789598533270324,46/49 (93.88%; 95% CI 83.48–97.90%)
huron,llava,appod,H22,22,4,9,3,33,4,49,46,0.061224489795918366,0.02104014667296747,0.16520487835726402,3/49 (6.12%; 95% CI 2.10–16.52%),0.08163265306122448,0.032202817667763686,0.19189127596571287,4/49 (8.16%; 95% CI 3.22–19.19%),0.1836734693877551,0.09976341062070308,0.3135760260289987,9/49 (18.37%; 95% CI 9.98–31.36%),0.673469387755102,0.5337920531457014,0.7879250299818812,33/49 (67.35%; 95% CI 53.38–78.79%),0.9387755102040817,0.834795121642736,0.9789598533270324,46/49 (93.88%; 95% CI 83.48–97.90%)
huron,llava,appod,H22,22,5,10,3,32,4,49,46,0.061224489795918366,0.02104014667296747,0.16520487835726402,3/49 (6.12%; 95% CI 2.10–16.52%),0.08163265306122448,0.032202817667763686,0.19189127596571287,4/49 (8.16%; 95% CI 3.22–19.19%),0.20408163265306123,0.11481849605782132,0.3363700091951255,10/49 (20.41%; 95% CI 11.48–33.64%),0.6530612244897959,0.5131119428697273,0.7707560716546102,32/49 (65.31%; 95% CI 51.31–77.08%),0.9387755102040817,0.834795121642736,0.9789598533270324,46/49 (93.88%; 95% CI 83.48–97.90%)
huron,llava,appod,H24,24,1,2,3,40,4,49,46,0.061224489795918366,0.02104014667296747,0.16520487835726402,3/49 (6.12%; 95% CI 2.10–16.52%),0.08163265306122448,0.032202817667763686,0.19189127596571287,4/49 (8.16%; 95% CI 3.22–19.19%),0.04081632653061224,0.011265633366185787,0.13713032306080064,2/49 (4.08%; 95% CI 1.13–13.71%),0.8163265306122449,0.6864239739710013,0.9002365893792968,40/49 (81.63%; 95% CI 68.64–90.02%),0.9387755102040817,0.834795121642736,0.9789598533270324,46/49 (93.88%; 95% CI 83.48–97.90%)
huron,llava,appod,H24,24,2,5,3,37,4,49,46,0.061224489795918366,0.02104014667296747,0.16520487835726402,3/49 (6.12%; 95% CI 2.10–16.52%),0.08163265306122448,0.032202817667763686,0.19189127596571287,4/49 (8.16%; 95% CI 3.22–19.19%),0.10204081632653061,0.04437954674476266,0.21756361549195893,5/49 (10.20%; 95% CI 4.44–21.76%),0.7551020408163265,0.6191368101239605,0.8539765474166023,37/49 (75.51%; 95% CI 61.91–85.40%),0.9387755102040817,0.834795121642736,0.9789598533270324,46/49 (93.88%; 95% CI 83.48–97.90%)
huron,llava,appod,H24,24,3,9,3,33,4,49,46,0.061224489795918366,0.02104014667296747,0.16520487835726402,3/49 (6.12%; 95% CI 2.10–16.52%),0.08163265306122448,0.032202817667763686,0.19189127596571287,4/49 (8.16%; 95% CI 3.22–19.19%),0.1836734693877551,0.09976341062070308,0.3135760260289987,9/49 (18.37%; 95% CI 9.98–31.36%),0.673469387755102,0.5337920531457014,0.7879250299818812,33/49 (67.35%; 95% CI 53.38–78.79%),0.9387755102040817,0.834795121642736,0.9789598533270324,46/49 (93.88%; 95% CI 83.48–97.90%)
huron,llava,appod,H24,24,4,9,3,33,4,49,46,0.061224489795918366,0.02104014667296747,0.16520487835726402,3/49 (6.12%; 95% CI 2.10–16.52%),0.08163265306122448,0.032202817667763686,0.19189127596571287,4/49 (8.16%; 95% CI 3.22–19.19%),0.1836734693877551,0.09976341062070308,0.3135760260289987,9/49 (18.37%; 95% CI 9.98–31.36%),0.673469387755102,0.5337920531457014,0.7879250299818812,33/49 (67.35%; 95% CI 53.38–78.79%),0.9387755102040817,0.834795121642736,0.9789598533270324,46/49 (93.88%; 95% CI 83.48–97.90%)
huron,llava,appod,H24,24,5,10,3,32,4,49,46,0.061224489795918366,0.02104014667296747,0.16520487835726402,3/49 (6.12%; 95% CI 2.10–16.52%),0.08163265306122448,0.032202817667763686,0.19189127596571287,4/49 (8.16%; 95% CI 3.22–19.19%),0.20408163265306123,0.11481849605782132,0.3363700091951255,10/49 (20.41%; 95% CI 11.48–33.64%),0.6530612244897959,0.5131119428697273,0.7707560716546102,32/49 (65.31%; 95% CI 51.31–77.08%),0.9387755102040817,0.834795121642736,0.9789598533270324,46/49 (93.88%; 95% CI 83.48–97.90%)
huron,llava,appod,H26,26,1,1,3,40,5,49,46,0.061224489795918366,0.02104014667296747,0.16520487835726402,3/49 (6.12%; 95% CI 2.10–16.52%),0.10204081632653061,0.04437954674476266,0.21756361549195893,5/49 (10.20%; 95% CI 4.44–21.76%),0.02040816326530612,0.0036116725898252405,0.10693521523391616,1/49 (2.04%; 95% CI 0.36–10.69%),0.8163265306122449,0.6864239739710013,0.9002365893792968,40/49 (81.63%; 95% CI 68.64–90.02%),0.9387755102040817,0.834795121642736,0.9789598533270324,46/49 (93.88%; 95% CI 83.48–97.90%)
huron,llava,appod,H26,26,2,4,3,37,5,49,46,0.061224489795918366,0.02104014667296747,0.16520487835726402,3/49 (6.12%; 95% CI 2.10–16.52%),0.10204081632653061,0.04437954674476266,0.21756361549195893,5/49 (10.20%; 95% CI 4.44–21.76%),0.08163265306122448,0.032202817667763686,0.19189127596571287,4/49 (8.16%; 95% CI 3.22–19.19%),0.7551020408163265,0.6191368101239605,0.8539765474166023,37/49 (75.51%; 95% CI 61.91–85.40%),0.9387755102040817,0.834795121642736,0.9789598533270324,46/49 (93.88%; 95% CI 83.48–97.90%)
huron,llava,appod,H26,26,3,8,3,33,5,49,46,0.061224489795918366,0.02104014667296747,0.16520487835726402,3/49 (6.12%; 95% CI 2.10–16.52%),0.10204081632653061,0.04437954674476266,0.21756361549195893,5/49 (10.20%; 95% CI 4.44–21.76%),0.16326530612244897,0.08512698370728837,0.2903633843391683,8/49 (16.33%; 95% CI 8.51–29.04%),0.673469387755102,0.5337920531457014,0.7879250299818812,33/49 (67.35%; 95% CI 53.38–78.79%),0.9387755102040817,0.834795121642736,0.9789598533270324,46/49 (93.88%; 95% CI 83.48–97.90%)
huron,llava,appod,H26,26,4,8,3,33,5,49,46,0.061224489795918366,0.02104014667296747,0.16520487835726402,3/49 (6.12%; 95% CI 2.10–16.52%),0.10204081632653061,0.04437954674476266,0.21756361549195893,5/49 (10.20%; 95% CI 4.44–21.76%),0.16326530612244897,0.08512698370728837,0.2903633843391683,8/49 (16.33%; 95% CI 8.51–29.04%),0.673469387755102,0.5337920531457014,0.7879250299818812,33/49 (67.35%; 95% CI 53.38–78.79%),0.9387755102040817,0.834795121642736,0.9789598533270324,46/49 (93.88%; 95% CI 83.48–97.90%)
huron,llava,appod,H26,26,5,9,3,32,5,49,46,0.061224489795918366,0.02104014667296747,0.16520487835726402,3/49 (6.12%; 95% CI 2.10–16.52%),0.10204081632653061,0.04437954674476266,0.21756361549195893,5/49 (10.20%; 95% CI 4.44–21.76%),0.1836734693877551,0.09976341062070308,0.3135760260289987,9/49 (18.37%; 95% CI 9.98–31.36%),0.6530612244897959,0.5131119428697273,0.7707560716546102,32/49 (65.31%; 95% CI 51.31–77.08%),0.9387755102040817,0.834795121642736,0.9789598533270324,46/49 (93.88%; 95% CI 83.48–97.90%)
huron,llava,appod,H28,28,1,2,3,39,5,49,46,0.061224489795918366,0.02104014667296747,0.16520487835726402,3/49 (6.12%; 95% CI 2.10–16.52%),0.10204081632653061,0.04437954674476266,0.21756361549195893,5/49 (10.20%; 95% CI 4.44–21.76%),0.04081632653061224,0.011265633366185787,0.13713032306080064,2/49 (4.08%; 95% CI 1.13–13.71%),0.7959183673469388,0.6636299908048744,0.8851815039421786,39/49 (79.59%; 95% CI 66.36–88.52%),0.9387755102040817,0.834795121642736,0.9789598533270324,46/49 (93.88%; 95% CI 83.48–97.90%)
huron,llava,appod,H28,28,2,5,3,36,5,49,46,0.061224489795918366,0.02104014667296747,0.16520487835726402,3/49 (6.12%; 95% CI 2.10–16.52%),0.10204081632653061,0.04437954674476266,0.21756361549195893,5/49 (10.20%; 95% CI 4.44–21.76%),0.10204081632653061,0.04437954674476266,0.21756361549195893,5/49 (10.20%; 95% CI 4.44–21.76%),0.7346938775510204,0.5973771102868921,0.8378871786504258,36/49 (73.47%; 95% CI 59.74–83.79%),0.9387755102040817,0.834795121642736,0.9789598533270324,46/49 (93.88%; 95% CI 83.48–97.90%)
huron,llava,appod,H28,28,3,9,3,32,5,49,46,0.061224489795918366,0.02104014667296747,0.16520487835726402,3/49 (6.12%; 95% CI 2.10–16.52%),0.10204081632653061,0.04437954674476266,0.21756361549195893,5/49 (10.20%; 95% CI 4.44–21.76%),0.1836734693877551,0.09976341062070308,0.3135760260289987,9/49 (18.37%; 95% CI 9.98–31.36%),0.6530612244897959,0.5131119428697273,0.7707560716546102,32/49 (65.31%; 95% CI 51.31–77.08%),0.9387755102040817,0.834795121642736,0.9789598533270324,46/49 (93.88%; 95% CI 83.48–97.90%)
huron,llava,appod,H28,28,4,9,3,32,5,49,46,0.061224489795918366,0.02104014667296747,0.16520487835726402,3/49 (6.12%; 95% CI 2.10–16.52%),0.10204081632653061,0.04437954674476266,0.21756361549195893,5/49 (10.20%; 95% CI 4.44–21.76%),0.1836734693877551,0.09976341062070308,0.3135760260289987,9/49 (18.37%; 95% CI 9.98–31.36%),0.6530612244897959,0.5131119428697273,0.7707560716546102,32/49 (65.31%; 95% CI 51.31–77.08%),0.9387755102040817,0.834795121642736,0.9789598533270324,46/49 (93.88%; 95% CI 83.48–97.90%)
huron,llava,appod,H28,28,5,10,3,31,5,49,46,0.061224489795918366,0.02104014667296747,0.16520487835726402,3/49 (6.12%; 95% CI 2.10–16.52%),0.10204081632653061,0.04437954674476266,0.21756361549195893,5/49 (10.20%; 95% CI 4.44–21.76%),0.20408163265306123,0.11481849605782132,0.3363700091951255,10/49 (20.41%; 95% CI 11.48–33.64%),0.6326530612244898,0.49267067560792427,0.7533482703131686,31/49 (63.27%; 95% CI 49.27–75.33%),0.9387755102040817,0.834795121642736,0.9789598533270324,46/49 (93.88%; 95% CI 83.48–97.90%)
huron,llava,appod,H30,30,1,2,4,38,5,49,45,0.08163265306122448,0.032202817667763686,0.19189127596571287,4/49 (8.16%; 95% CI 3.22–19.19%),0.10204081632653061,0.04437954674476266,0.21756361549195893,5/49 (10.20%; 95% CI 4.44–21.76%),0.04081632653061224,0.011265633366185787,0.13713032306080064,2/49 (4.08%; 95% CI 1.13–13.71%),0.7755102040816326,0.6412121276403999,0.869750298503408,38/49 (77.55%; 95% CI 64.12–86.98%),0.9183673469387755,0.808108724034287,0.9677971823322362,45/49 (91.84%; 95% CI 80.81–96.78%)
huron,llava,appod,H30,30,2,5,4,35,5,49,45,0.08163265306122448,0.032202817667763686,0.19189127596571287,4/49 (8.16%; 95% CI 3.22–19.19%),0.10204081632653061,0.04437954674476266,0.21756361549195893,5/49 (10.20%; 95% CI 4.44–21.76%),0.10204081632653061,0.04437954674476266,0.21756361549195893,5/49 (10.20%; 95% CI 4.44–21.76%),0.7142857142857143,0.575911164922199,0.8215040554118739,35/49 (71.43%; 95% CI 57.59–82.15%),0.9183673469387755,0.808108724034287,0.9677971823322362,45/49 (91.84%; 95% CI 80.81–96.78%)
huron,llava,appod,H30,30,3,8,4,32,5,49,45,0.08163265306122448,0.032202817667763686,0.19189127596571287,4/49 (8.16%; 95% CI 3.22–19.19%),0.10204081632653061,0.04437954674476266,0.21756361549195893,5/49 (10.20%; 95% CI 4.44–21.76%),0.16326530612244897,0.08512698370728837,0.2903633843391683,8/49 (16.33%; 95% CI 8.51–29.04%),0.6530612244897959,0.5131119428697273,0.7707560716546102,32/49 (65.31%; 95% CI 51.31–77.08%),0.9183673469387755,0.808108724034287,0.9677971823322362,45/49 (91.84%; 95% CI 80.81–96.78%)
huron,llava,appod,H30,30,4,8,4,32,5,49,45,0.08163265306122448,0.032202817667763686,0.19189127596571287,4/49 (8.16%; 95% CI 3.22–19.19%),0.10204081632653061,0.04437954674476266,0.21756361549195893,5/49 (10.20%; 95% CI 4.44–21.76%),0.16326530612244897,0.08512698370728837,0.2903633843391683,8/49 (16.33%; 95% CI 8.51–29.04%),0.6530612244897959,0.5131119428697273,0.7707560716546102,32/49 (65.31%; 95% CI 51.31–77.08%),0.9183673469387755,0.808108724034287,0.9677971823322362,45/49 (91.84%; 95% CI 80.81–96.78%)
huron,llava,appod,H30,30,5,9,4,31,5,49,45,0.08163265306122448,0.032202817667763686,0.19189127596571287,4/49 (8.16%; 95% CI 3.22–19.19%),0.10204081632653061,0.04437954674476266,0.21756361549195893,5/49 (10.20%; 95% CI 4.44–21.76%),0.1836734693877551,0.09976341062070308,0.3135760260289987,9/49 (18.37%; 95% CI 9.98–31.36%),0.6326530612244898,0.49267067560792427,0.7533482703131686,31/49 (63.27%; 95% CI 49.27–75.33%),0.9183673469387755,0.808108724034287,0.9677971823322362,45/49 (91.84%; 95% CI 80.81–96.78%)
huron,llava,appod,H32,32,1,2,4,38,5,49,45,0.08163265306122448,0.032202817667763686,0.19189127596571287,4/49 (8.16%; 95% CI 3.22–19.19%),0.10204081632653061,0.04437954674476266,0.21756361549195893,5/49 (10.20%; 95% CI 4.44–21.76%),0.04081632653061224,0.011265633366185787,0.13713032306080064,2/49 (4.08%; 95% CI 1.13–13.71%),0.7755102040816326,0.6412121276403999,0.869750298503408,38/49 (77.55%; 95% CI 64.12–86.98%),0.9183673469387755,0.808108724034287,0.9677971823322362,45/49 (91.84%; 95% CI 80.81–96.78%)
huron,llava,appod,H32,32,2,6,4,34,5,49,45,0.08163265306122448,0.032202817667763686,0.19189127596571287,4/49 (8.16%; 95% CI 3.22–19.19%),0.10204081632653061,0.04437954674476266,0.21756361549195893,5/49 (10.20%; 95% CI 4.44–21.76%),0.12244897959183673,0.05734825790240154,0.2424439729375651,6/49 (12.24%; 95% CI 5.73–24.24%),0.6938775510204082,0.5547210644108935,0.8048450873199342,34/49 (69.39%; 95% CI 55.47–80.48%),0.9183673469387755,0.808108724034287,0.9677971823322362,45/49 (91.84%; 95% CI 80.81–96.78%)
huron,llava,appod,H32,32,3,8,4,32,5,49,45,0.08163265306122448,0.032202817667763686,0.19189127596571287,4/49 (8.16%; 95% CI 3.22–19.19%),0.10204081632653061,0.04437954674476266,0.21756361549195893,5/49 (10.20%; 95% CI 4.44–21.76%),0.16326530612244897,0.08512698370728837,0.2903633843391683,8/49 (16.33%; 95% CI 8.51–29.04%),0.6530612244897959,0.5131119428697273,0.7707560716546102,32/49 (65.31%; 95% CI 51.31–77.08%),0.9183673469387755,0.808108724034287,0.9677971823322362,45/49 (91.84%; 95% CI 80.81–96.78%)
huron,llava,appod,H32,32,4,8,4,32,5,49,45,0.08163265306122448,0.032202817667763686,0.19189127596571287,4/49 (8.16%; 95% CI 3.22–19.19%),0.10204081632653061,0.04437954674476266,0.21756361549195893,5/49 (10.20%; 95% CI 4.44–21.76%),0.16326530612244897,0.08512698370728837,0.2903633843391683,8/49 (16.33%; 95% CI 8.51–29.04%),0.6530612244897959,0.5131119428697273,0.7707560716546102,32/49 (65.31%; 95% CI 51.31–77.08%),0.9183673469387755,0.808108724034287,0.9677971823322362,45/49 (91.84%; 95% CI 80.81–96.78%)
huron,llava,appod,H32,32,5,9,4,31,5,49,45,0.08163265306122448,0.032202817667763686,0.19189127596571287,4/49 (8.16%; 95% CI 3.22–19.19%),0.10204081632653061,0.04437954674476266,0.21756361549195893,5/49 (10.20%; 95% CI 4.44–21.76%),0.1836734693877551,0.09976341062070308,0.3135760260289987,9/49 (18.37%; 95% CI 9.98–31.36%),0.6326530612244898,0.49267067560792427,0.7533482703131686,31/49 (63.27%; 95% CI 49.27–75.33%),0.9183673469387755,0.808108724034287,0.9677971823322362,45/49 (91.84%; 95% CI 80.81–96.78%)
huron,qwen,appfr,H02,2,1,4,7,33,5,49,42,0.14285714285714285,0.0709642372040676,0.26667706223914406,7/49 (14.29%; 95% CI 7.10–26.67%),0.10204081632653061,0.04437954674476266,0.21756361549195893,5/49 (10.20%; 95% CI 4.44–21.76%),0.08163265306122448,0.032202817667763686,0.19189127596571287,4/49 (8.16%; 95% CI 3.22–19.19%),0.673469387755102,0.5337920531457014,0.7879250299818812,33/49 (67.35%; 95% CI 53.38–78.79%),0.8571428571428571,0.7333229377608557,0.9290357627959323,42/49 (85.71%; 95% CI 73.33–92.90%)
huron,qwen,appfr,H02,2,2,7,7,30,5,49,42,0.14285714285714285,0.0709642372040676,0.26667706223914406,7/49 (14.29%; 95% CI 7.10–26.67%),0.10204081632653061,0.04437954674476266,0.21756361549195893,5/49 (10.20%; 95% CI 4.44–21.76%),0.14285714285714285,0.0709642372040676,0.26667706223914406,7/49 (14.29%; 95% CI 7.10–26.67%),0.6122448979591837,0.4724599944352045,0.7357098828826433,30/49 (61.22%; 95% CI 47.25–73.57%),0.8571428571428571,0.7333229377608557,0.9290357627959323,42/49 (85.71%; 95% CI 73.33–92.90%)
huron,qwen,appfr,H02,2,3,9,7,28,5,49,42,0.14285714285714285,0.0709642372040676,0.26667706223914406,7/49 (14.29%; 95% CI 7.10–26.67%),0.10204081632653061,0.04437954674476266,0.21756361549195893,5/49 (10.20%; 95% CI 4.44–21.76%),0.1836734693877551,0.09976341062070308,0.3135760260289987,9/49 (18.37%; 95% CI 9.98–31.36%),0.5714285714285714,0.4327049309001736,0.699766809211184,28/49 (57.14%; 95% CI 43.27–69.98%),0.8571428571428571,0.7333229377608557,0.9290357627959323,42/49 (85.71%; 95% CI 73.33–92.90%)
huron,qwen,appfr,H02,2,4,9,7,28,5,49,42,0.14285714285714285,0.0709642372040676,0.26667706223914406,7/49 (14.29%; 95% CI 7.10–26.67%),0.10204081632653061,0.04437954674476266,0.21756361549195893,5/49 (10.20%; 95% CI 4.44–21.76%),0.1836734693877551,0.09976341062070308,0.3135760260289987,9/49 (18.37%; 95% CI 9.98–31.36%),0.5714285714285714,0.4327049309001736,0.699766809211184,28/49 (57.14%; 95% CI 43.27–69.98%),0.8571428571428571,0.7333229377608557,0.9290357627959323,42/49 (85.71%; 95% CI 73.33–92.90%)
huron,qwen,appfr,H02,2,5,11,7,26,5,49,42,0.14285714285714285,0.0709642372040676,0.26667706223914406,7/49 (14.29%; 95% CI 7.10–26.67%),0.10204081632653061,0.04437954674476266,0.21756361549195893,5/49 (10.20%; 95% CI 4.44–21.76%),0.22448979591836735,0.13024970149659185,0.35878787235959997,11/49 (22.45%; 95% CI 13.02–35.88%),0.5306122448979592,0.39380863983661896,0.6629649630682484,26/49 (53.06%; 95% CI 39.38–66.30%),0.8571428571428571,0.7333229377608557,0.9290357627959323,42/49 (85.71%; 95% CI 73.33–92.90%)
huron,qwen,appfr,H04,4,1,2,17,25,5,49,32,0.3469387755102041,0.22924392834538948,0.48688805713027256,17/49 (34.69%; 95% CI 22.92–48.69%),0.10204081632653061,0.04437954674476266,0.21756361549195893,5/49 (10.20%; 95% CI 4.44–21.76%),0.04081632653061224,0.011265633366185787,0.13713032306080064,2/49 (4.08%; 95% CI 1.13–13.71%),0.5102040816326531,0.37467563740468035,0.6442488968969421,25/49 (51.02%; 95% CI 37.47–64.42%),0.6530612244897959,0.5131119428697273,0.7707560716546102,32/49 (65.31%; 95% CI 51.31–77.08%)
huron,qwen,appfr,H04,4,2,4,17,23,5,49,32,0.3469387755102041,0.22924392834538948,0.48688805713027256,17/49 (34.69%; 95% CI 22.92–48.69%),0.10204081632653061,0.04437954674476266,0.21756361549195893,5/49 (10.20%; 95% CI 4.44–21.76%),0.08163265306122448,0.032202817667763686,0.19189127596571287,4/49 (8.16%; 95% CI 3.22–19.19%),0.46938775510204084,0.3370350369317515,0.6061913601633808,23/49 (46.94%; 95% CI 33.70–60.62%),0.6530612244897959,0.5131119428697273,0.7707560716546102,32/49 (65.31%; 95% CI 51.31–77.08%)
huron,qwen,appfr,H04,4,3,5,17,22,5,49,32,0.3469387755102041,0.22924392834538948,0.48688805713027256,17/49 (34.69%; 95% CI 22.92–48.69%),0.10204081632653061,0.04437954674476266,0.21756361549195893,5/49 (10.20%; 95% CI 4.44–21.76%),0.10204081632653061,0.04437954674476266,0.21756361549195893,5/49 (10.20%; 95% CI 4.44–21.76%),0.4489795918367347,0.31852841068686644,0.5868489178050209,22/49 (44.90%; 95% CI 31.85–58.68%),0.6530612244897959,0.5131119428697273,0.7707560716546102,32/49 (65.31%; 95% CI 51.31–77.08%)
huron,qwen,appfr,H04,4,4,5,17,22,5,49,32,0.3469387755102041,0.22924392834538948,0.48688805713027256,17/49 (34.69%; 95% CI 22.92–48.69%),0.10204081632653061,0.04437954674476266,0.21756361549195893,5/49 (10.20%; 95% CI 4.44–21.76%),0.10204081632653061,0.04437954674476266,0.21756361549195893,5/49 (10.20%; 95% CI 4.44–21.76%),0.4489795918367347,0.31852841068686644,0.5868489178050209,22/49 (44.90%; 95% CI 31.85–58.68%),0.6530612244897959,0.5131119428697273,0.7707560716546102,32/49 (65.31%; 95% CI 51.31–77.08%)
huron,qwen,appfr,H04,4,5,5,17,22,5,49,32,0.3469387755102041,0.22924392834538948,0.48688805713027256,17/49 (34.69%; 95% CI 22.92–48.69%),0.10204081632653061,0.04437954674476266,0.21756361549195893,5/49 (10.20%; 95% CI 4.44–21.76%),0.10204081632653061,0.04437954674476266,0.21756361549195893,5/49 (10.20%; 95% CI 4.44–21.76%),0.4489795918367347,0.31852841068686644,0.5868489178050209,22/49 (44.90%; 95% CI 31.85–58.68%),0.6530612244897959,0.5131119428697273,0.7707560716546102,32/49 (65.31%; 95% CI 51.31–77.08%)
huron,qwen,appfr,H06,6,1,0,18,22,9,49,31,0.3673469387755102,0.24665172968683138,0.5073293243920758,18/49 (36.73%; 95% CI 24.67–50.73%),0.1836734693877551,0.09976341062070308,0.3135760260289987,9/49 (18.37%; 95% CI 9.98–31.36%),0.0,6.938893903907228e-18,0.07269781922049637,0/49 (0.00%; 95% CI 0.00–7.27%),0.4489795918367347,0.31852841068686644,0.5868489178050209,22/49 (44.90%; 95% CI 31.85–58.68%),0.6326530612244898,0.49267067560792427,0.7533482703131686,31/49 (63.27%; 95% CI 49.27–75.33%)
huron,qwen,appfr,H06,6,2,2,18,20,9,49,31,0.3673469387755102,0.24665172968683138,0.5073293243920758,18/49 (36.73%; 95% CI 24.67–50.73%),0.1836734693877551,0.09976341062070308,0.3135760260289987,9/49 (18.37%; 95% CI 9.98–31.36%),0.04081632653061224,0.011265633366185787,0.13713032306080064,2/49 (4.08%; 95% CI 1.13–13.71%),0.40816326530612246,0.28215238520386865,0.5475268060815286,20/49 (40.82%; 95% CI 28.22–54.75%),0.6326530612244898,0.49267067560792427,0.7533482703131686,31/49 (63.27%; 95% CI 49.27–75.33%)
huron,qwen,appfr,H06,6,3,3,18,19,9,49,31,0.3673469387755102,0.24665172968683138,0.5073293243920758,18/49 (36.73%; 95% CI 24.67–50.73%),0.1836734693877551,0.09976341062070308,0.3135760260289987,9/49 (18.37%; 95% CI 9.98–31.36%),0.061224489795918366,0.02104014667296747,0.16520487835726402,3/49 (6.12%; 95% CI 2.10–16.52%),0.3877551020408163,0.2642901171173567,0.5275400055647954,19/49 (38.78%; 95% CI 26.43–52.75%),0.6326530612244898,0.49267067560792427,0.7533482703131686,31/49 (63.27%; 95% CI 49.27–75.33%)
huron,qwen,appfr,H06,6,4,4,18,18,9,49,31,0.3673469387755102,0.24665172968683138,0.5073293243920758,18/49 (36.73%; 95% CI 24.67–50.73%),0.1836734693877551,0.09976341062070308,0.3135760260289987,9/49 (18.37%; 95% CI 9.98–31.36%),0.08163265306122448,0.032202817667763686,0.19189127596571287,4/49 (8.16%; 95% CI 3.22–19.19%),0.3673469387755102,0.24665172968683138,0.5073293243920758,18/49 (36.73%; 95% CI 24.67–50.73%),0.6326530612244898,0.49267067560792427,0.7533482703131686,31/49 (63.27%; 95% CI 49.27–75.33%)
huron,qwen,appfr,H06,6,5,4,18,18,9,49,31,0.3673469387755102,0.24665172968683138,0.5073293243920758,18/49 (36.73%; 95% CI 24.67–50.73%),0.1836734693877551,0.09976341062070308,0.3135760260289987,9/49 (18.37%; 95% CI 9.98–31.36%),0.08163265306122448,0.032202817667763686,0.19189127596571287,4/49 (8.16%; 95% CI 3.22–19.19%),0.3673469387755102,0.24665172968683138,0.5073293243920758,18/49 (36.73%; 95% CI 24.67–50.73%),0.6326530612244898,0.49267067560792427,0.7533482703131686,31/49 (63.27%; 95% CI 49.27–75.33%)
huron,qwen,appfr,H08,8,1,0,20,23,6,49,29,0.40816326530612246,0.28215238520386865,0.5475268060815286,20/49 (40.82%; 95% CI 28.22–54.75%),0.12244897959183673,0.05734825790240154,0.2424439729375651,6/49 (12.24%; 95% CI 5.73–24.24%),0.0,6.938893903907228e-18,0.07269781922049637,0/49 (0.00%; 95% CI 0.00–7.27%),0.46938775510204084,0.3370350369317515,0.6061913601633808,23/49 (46.94%; 95% CI 33.70–60.62%),0.5918367346938775,0.4524731939184714,0.7178476147961312,29/49 (59.18%; 95% CI 45.25–71.78%)
huron,qwen,appfr,H08,8,2,2,20,21,6,49,29,0.40816326530612246,0.28215238520386865,0.5475268060815286,20/49 (40.82%; 95% CI 28.22–54.75%),0.12244897959183673,0.05734825790240154,0.2424439729375651,6/49 (12.24%; 95% CI 5.73–24.24%),0.04081632653061224,0.011265633366185787,0.13713032306080064,2/49 (4.08%; 95% CI 1.13–13.71%),0.42857142857142855,0.30023319078881594,0.5672950690998263,21/49 (42.86%; 95% CI 30.02–56.73%),0.5918367346938775,0.4524731939184714,0.7178476147961312,29/49 (59.18%; 95% CI 45.25–71.78%)
huron,qwen,appfr,H08,8,3,3,20,20,6,49,29,0.40816326530612246,0.28215238520386865,0.5475268060815286,20/49 (40.82%; 95% CI 28.22–54.75%),0.12244897959183673,0.05734825790240154,0.2424439729375651,6/49 (12.24%; 95% CI 5.73–24.24%),0.061224489795918366,0.02104014667296747,0.16520487835726402,3/49 (6.12%; 95% CI 2.10–16.52%),0.40816326530612246,0.28215238520386865,0.5475268060815286,20/49 (40.82%; 95% CI 28.22–54.75%),0.5918367346938775,0.4524731939184714,0.7178476147961312,29/49 (59.18%; 95% CI 45.25–71.78%)
huron,qwen,appfr,H08,8,4,3,20,20,6,49,29,0.40816326530612246,0.28215238520386865,0.5475268060815286,20/49 (40.82%; 95% CI 28.22–54.75%),0.12244897959183673,0.05734825790240154,0.2424439729375651,6/49 (12.24%; 95% CI 5.73–24.24%),0.061224489795918366,0.02104014667296747,0.16520487835726402,3/49 (6.12%; 95% CI 2.10–16.52%),0.40816326530612246,0.28215238520386865,0.5475268060815286,20/49 (40.82%; 95% CI 28.22–54.75%),0.5918367346938775,0.4524731939184714,0.7178476147961312,29/49 (59.18%; 95% CI 45.25–71.78%)
huron,qwen,appfr,H08,8,5,3,20,20,6,49,29,0.40816326530612246,0.28215238520386865,0.5475268060815286,20/49 (40.82%; 95% CI 28.22–54.75%),0.12244897959183673,0.05734825790240154,0.2424439729375651,6/49 (12.24%; 95% CI 5.73–24.24%),0.061224489795918366,0.02104014667296747,0.16520487835726402,3/49 (6.12%; 95% CI 2.10–16.52%),0.40816326530612246,0.28215238520386865,0.5475268060815286,20/49 (40.82%; 95% CI 28.22–54.75%),0.5918367346938775,0.4524731939184714,0.7178476147961312,29/49 (59.18%; 95% CI 45.25–71.78%)
huron,qwen,appfr,H10,10,1,2,19,21,7,49,30,0.3877551020408163,0.2642901171173567,0.5275400055647954,19/49 (38.78%; 95% CI 26.43–52.75%),0.14285714285714285,0.0709642372040676,0.26667706223914406,7/49 (14.29%; 95% CI 7.10–26.67%),0.04081632653061224,0.011265633366185787,0.13713032306080064,2/49 (4.08%; 95% CI 1.13–13.71%),0.42857142857142855,0.30023319078881594,0.5672950690998263,21/49 (42.86%; 95% CI 30.02–56.73%),0.6122448979591837,0.4724599944352045,0.7357098828826433,30/49 (61.22%; 95% CI 47.25–73.57%)
huron,qwen,appfr,H10,10,2,3,19,20,7,49,30,0.3877551020408163,0.2642901171173567,0.5275400055647954,19/49 (38.78%; 95% CI 26.43–52.75%),0.14285714285714285,0.0709642372040676,0.26667706223914406,7/49 (14.29%; 95% CI 7.10–26.67%),0.061224489795918366,0.02104014667296747,0.16520487835726402,3/49 (6.12%; 95% CI 2.10–16.52%),0.40816326530612246,0.28215238520386865,0.5475268060815286,20/49 (40.82%; 95% CI 28.22–54.75%),0.6122448979591837,0.4724599944352045,0.7357098828826433,30/49 (61.22%; 95% CI 47.25–73.57%)
huron,qwen,appfr,H10,10,3,5,19,18,7,49,30,0.3877551020408163,0.2642901171173567,0.5275400055647954,19/49 (38.78%; 95% CI 26.43–52.75%),0.14285714285714285,0.0709642372040676,0.26667706223914406,7/49 (14.29%; 95% CI 7.10–26.67%),0.10204081632653061,0.04437954674476266,0.21756361549195893,5/49 (10.20%; 95% CI 4.44–21.76%),0.3673469387755102,0.24665172968683138,0.5073293243920758,18/49 (36.73%; 95% CI 24.67–50.73%),0.6122448979591837,0.4724599944352045,0.7357098828826433,30/49 (61.22%; 95% CI 47.25–73.57%)
huron,qwen,appfr,H10,10,4,5,19,18,7,49,30,0.3877551020408163,0.2642901171173567,0.5275400055647954,19/49 (38.78%; 95% CI 26.43–52.75%),0.14285714285714285,0.0709642372040676,0.26667706223914406,7/49 (14.29%; 95% CI 7.10–26.67%),0.10204081632653061,0.04437954674476266,0.21756361549195893,5/49 (10.20%; 95% CI 4.44–21.76%),0.3673469387755102,0.24665172968683138,0.5073293243920758,18/49 (36.73%; 95% CI 24.67–50.73%),0.6122448979591837,0.4724599944352045,0.7357098828826433,30/49 (61.22%; 95% CI 47.25–73.57%)
huron,qwen,appfr,H10,10,5,5,19,18,7,49,30,0.3877551020408163,0.2642901171173567,0.5275400055647954,19/49 (38.78%; 95% CI 26.43–52.75%),0.14285714285714285,0.0709642372040676,0.26667706223914406,7/49 (14.29%; 95% CI 7.10–26.67%),0.10204081632653061,0.04437954674476266,0.21756361549195893,5/49 (10.20%; 95% CI 4.44–21.76%),0.3673469387755102,0.24665172968683138,0.5073293243920758,18/49 (36.73%; 95% CI 24.67–50.73%),0.6122448979591837,0.4724599944352045,0.7357098828826433,30/49 (61.22%; 95% CI 47.25–73.57%)
huron,qwen,appfr,H12,12,1,3,18,21,7,49,31,0.3673469387755102,0.24665172968683138,0.5073293243920758,18/49 (36.73%; 95% CI 24.67–50.73%),0.14285714285714285,0.0709642372040676,0.26667706223914406,7/49 (14.29%; 95% CI 7.10–26.67%),0.061224489795918366,0.02104014667296747,0.16520487835726402,3/49 (6.12%; 95% CI 2.10–16.52%),0.42857142857142855,0.30023319078881594,0.5672950690998263,21/49 (42.86%; 95% CI 30.02–56.73%),0.6326530612244898,0.49267067560792427,0.7533482703131686,31/49 (63.27%; 95% CI 49.27–75.33%)
huron,qwen,appfr,H12,12,2,5,18,19,7,49,31,0.3673469387755102,0.24665172968683138,0.5073293243920758,18/49 (36.73%; 95% CI 24.67–50.73%),0.14285714285714285,0.0709642372040676,0.26667706223914406,7/49 (14.29%; 95% CI 7.10–26.67%),0.10204081632653061,0.04437954674476266,0.21756361549195893,5/49 (10.20%; 95% CI 4.44–21.76%),0.3877551020408163,0.2642901171173567,0.5275400055647954,19/49 (38.78%; 95% CI 26.43–52.75%),0.6326530612244898,0.49267067560792427,0.7533482703131686,31/49 (63.27%; 95% CI 49.27–75.33%)
huron,qwen,appfr,H12,12,3,6,18,18,7,49,31,0.3673469387755102,0.24665172968683138,0.5073293243920758,18/49 (36.73%; 95% CI 24.67–50.73%),0.14285714285714285,0.0709642372040676,0.26667706223914406,7/49 (14.29%; 95% CI 7.10–26.67%),0.12244897959183673,0.05734825790240154,0.2424439729375651,6/49 (12.24%; 95% CI 5.73–24.24%),0.3673469387755102,0.24665172968683138,0.5073293243920758,18/49 (36.73%; 95% CI 24.67–50.73%),0.6326530612244898,0.49267067560792427,0.7533482703131686,31/49 (63.27%; 95% CI 49.27–75.33%)
huron,qwen,appfr,H12,12,4,6,18,18,7,49,31,0.3673469387755102,0.24665172968683138,0.5073293243920758,18/49 (36.73%; 95% CI 24.67–50.73%),0.14285714285714285,0.0709642372040676,0.26667706223914406,7/49 (14.29%; 95% CI 7.10–26.67%),0.12244897959183673,0.05734825790240154,0.2424439729375651,6/49 (12.24%; 95% CI 5.73–24.24%),0.3673469387755102,0.24665172968683138,0.5073293243920758,18/49 (36.73%; 95% CI 24.67–50.73%),0.6326530612244898,0.49267067560792427,0.7533482703131686,31/49 (63.27%; 95% CI 49.27–75.33%)
huron,qwen,appfr,H12,12,5,6,18,18,7,49,31,0.3673469387755102,0.24665172968683138,0.5073293243920758,18/49 (36.73%; 95% CI 24.67–50.73%),0.14285714285714285,0.0709642372040676,0.26667706223914406,7/49 (14.29%; 95% CI 7.10–26.67%),0.12244897959183673,0.05734825790240154,0.2424439729375651,6/49 (12.24%; 95% CI 5.73–24.24%),0.3673469387755102,0.24665172968683138,0.5073293243920758,18/49 (36.73%; 95% CI 24.67–50.73%),0.6326530612244898,0.49267067560792427,0.7533482703131686,31/49 (63.27%; 95% CI 49.27–75.33%)
huron,qwen,appfr,H14,14,1,1,24,19,5,49,25,0.4897959183673469,0.3557511031030578,0.6253243625953194,24/49 (48.98%; 95% CI 35.58–62.53%),0.10204081632653061,0.04437954674476266,0.21756361549195893,5/49 (10.20%; 95% CI 4.44–21.76%),0.02040816326530612,0.0036116725898252405,0.10693521523391616,1/49 (2.04%; 95% CI 0.36–10.69%),0.3877551020408163,0.2642901171173567,0.5275400055647954,19/49 (38.78%; 95% CI 26.43–52.75%),0.5102040816326531,0.37467563740468035,0.6442488968969421,25/49 (51.02%; 95% CI 37.47–64.42%)
huron,qwen,appfr,H14,14,2,2,24,18,5,49,25,0.4897959183673469,0.3557511031030578,0.6253243625953194,24/49 (48.98%; 95% CI 35.58–62.53%),0.10204081632653061,0.04437954674476266,0.21756361549195893,5/49 (10.20%; 95% CI 4.44–21.76%),0.04081632653061224,0.011265633366185787,0.13713032306080064,2/49 (4.08%; 95% CI 1.13–13.71%),0.3673469387755102,0.24665172968683138,0.5073293243920758,18/49 (36.73%; 95% CI 24.67–50.73%),0.5102040816326531,0.37467563740468035,0.6442488968969421,25/49 (51.02%; 95% CI 37.47–64.42%)
huron,qwen,appfr,H14,14,3,4,24,16,5,49,25,0.4897959183673469,0.3557511031030578,0.6253243625953194,24/49 (48.98%; 95% CI 35.58–62.53%),0.10204081632653061,0.04437954674476266,0.21756361549195893,5/49 (10.20%; 95% CI 4.44–21.76%),0.08163265306122448,0.032202817667763686,0.19189127596571287,4/49 (8.16%; 95% CI 3.22–19.19%),0.32653061224489793,0.21207497001811865,0.4662079468542984,16/49 (32.65%; 95% CI 21.21–46.62%),0.5102040816326531,0.37467563740468035,0.6442488968969421,25/49 (51.02%; 95% CI 37.47–64.42%)
huron,qwen,appfr,H14,14,4,4,24,16,5,49,25,0.4897959183673469,0.3557511031030578,0.6253243625953194,24/49 (48.98%; 95% CI 35.58–62.53%),0.10204081632653061,0.04437954674476266,0.21756361549195893,5/49 (10.20%; 95% CI 4.44–21.76%),0.08163265306122448,0.032202817667763686,0.19189127596571287,4/49 (8.16%; 95% CI 3.22–19.19%),0.32653061224489793,0.21207497001811865,0.4662079468542984,16/49 (32.65%; 95% CI 21.21–46.62%),0.5102040816326531,0.37467563740468035,0.6442488968969421,25/49 (51.02%; 95% CI 37.47–64.42%)
huron,qwen,appfr,H14,14,5,4,24,16,5,49,25,0.4897959183673469,0.3557511031030578,0.6253243625953194,24/49 (48.98%; 95% CI 35.58–62.53%),0.10204081632653061,0.04437954674476266,0.21756361549195893,5/49 (10.20%; 95% CI 4.44–21.76%),0.08163265306122448,0.032202817667763686,0.19189127596571287,4/49 (8.16%; 95% CI 3.22–19.19%),0.32653061224489793,0.21207497001811865,0.4662079468542984,16/49 (32.65%; 95% CI 21.21–46.62%),0.5102040816326531,0.37467563740468035,0.6442488968969421,25/49 (51.02%; 95% CI 37.47–64.42%)
huron,qwen,appfr,H16,16,1,2,23,18,6,49,26,0.46938775510204084,0.3370350369317515,0.6061913601633808,23/49 (46.94%; 95% CI 33.70–60.62%),0.12244897959183673,0.05734825790240154,0.2424439729375651,6/49 (12.24%; 95% CI 5.73–24.24%),0.04081632653061224,0.011265633366185787,0.13713032306080064,2/49 (4.08%; 95% CI 1.13–13.71%),0.3673469387755102,0.24665172968683138,0.5073293243920758,18/49 (36.73%; 95% CI 24.67–50.73%),0.5306122448979592,0.39380863983661896,0.6629649630682484,26/49 (53.06%; 95% CI 39.38–66.30%)
huron,qwen,appfr,H16,16,2,3,23,17,6,49,26,0.46938775510204084,0.3370350369317515,0.6061913601633808,23/49 (46.94%; 95% CI 33.70–60.62%),0.12244897959183673,0.05734825790240154,0.2424439729375651,6/49 (12.24%; 95% CI 5.73–24.24%),0.061224489795918366,0.02104014667296747,0.16520487835726402,3/49 (6.12%; 95% CI 2.10–16.52%),0.3469387755102041,0.22924392834538948,0.48688805713027256,17/49 (34.69%; 95% CI 22.92–48.69%),0.5306122448979592,0.39380863983661896,0.6629649630682484,26/49 (53.06%; 95% CI 39.38–66.30%)
huron,qwen,appfr,H16,16,3,5,23,15,6,49,26,0.46938775510204084,0.3370350369317515,0.6061913601633808,23/49 (46.94%; 95% CI 33.70–60.62%),0.12244897959183673,0.05734825790240154,0.2424439729375651,6/49 (12.24%; 95% CI 5.73–24.24%),0.10204081632653061,0.04437954674476266,0.21756361549195893,5/49 (10.20%; 95% CI 4.44–21.76%),0.30612244897959184,0.19515491268006566,0.44527893558910636,15/49 (30.61%; 95% CI 19.52–44.53%),0.5306122448979592,0.39380863983661896,0.6629649630682484,26/49 (53.06%; 95% CI 39.38–66.30%)
huron,qwen,appfr,H16,16,4,5,23,15,6,49,26,0.46938775510204084,0.3370350369317515,0.6061913601633808,23/49 (46.94%; 95% CI 33.70–60.62%),0.12244897959183673,0.05734825790240154,0.2424439729375651,6/49 (12.24%; 95% CI 5.73–24.24%),0.10204081632653061,0.04437954674476266,0.21756361549195893,5/49 (10.20%; 95% CI 4.44–21.76%),0.30612244897959184,0.19515491268006566,0.44527893558910636,15/49 (30.61%; 95% CI 19.52–44.53%),0.5306122448979592,0.39380863983661896,0.6629649630682484,26/49 (53.06%; 95% CI 39.38–66.30%)
huron,qwen,appfr,H16,16,5,5,23,15,6,49,26,0.46938775510204084,0.3370350369317515,0.6061913601633808,23/49 (46.94%; 95% CI 33.70–60.62%),0.12244897959183673,0.05734825790240154,0.2424439729375651,6/49 (12.24%; 95% CI 5.73–24.24%),0.10204081632653061,0.04437954674476266,0.21756361549195893,5/49 (10.20%; 95% CI 4.44–21.76%),0.30612244897959184,0.19515491268006566,0.44527893558910636,15/49 (30.61%; 95% CI 19.52–44.53%),0.5306122448979592,0.39380863983661896,0.6629649630682484,26/49 (53.06%; 95% CI 39.38–66.30%)
huron,qwen,appfr,H18,18,1,3,24,17,5,49,25,0.4897959183673469,0.3557511031030578,0.6253243625953194,24/49 (48.98%; 95% CI 35.58–62.53%),0.10204081632653061,0.04437954674476266,0.21756361549195893,5/49 (10.20%; 95% CI 4.44–21.76%),0.061224489795918366,0.02104014667296747,0.16520487835726402,3/49 (6.12%; 95% CI 2.10–16.52%),0.3469387755102041,0.22924392834538948,0.48688805713027256,17/49 (34.69%; 95% CI 22.92–48.69%),0.5102040816326531,0.37467563740468035,0.6442488968969421,25/49 (51.02%; 95% CI 37.47–64.42%)
huron,qwen,appfr,H18,18,2,4,24,16,5,49,25,0.4897959183673469,0.3557511031030578,0.6253243625953194,24/49 (48.98%; 95% CI 35.58–62.53%),0.10204081632653061,0.04437954674476266,0.21756361549195893,5/49 (10.20%; 95% CI 4.44–21.76%),0.08163265306122448,0.032202817667763686,0.19189127596571287,4/49 (8.16%; 95% CI 3.22–19.19%),0.32653061224489793,0.21207497001811865,0.4662079468542984,16/49 (32.65%; 95% CI 21.21–46.62%),0.5102040816326531,0.37467563740468035,0.6442488968969421,25/49 (51.02%; 95% CI 37.47–64.42%)
huron,qwen,appfr,H18,18,3,5,24,15,5,49,25,0.4897959183673469,0.3557511031030578,0.6253243625953194,24/49 (48.98%; 95% CI 35.58–62.53%),0.10204081632653061,0.04437954674476266,0.21756361549195893,5/49 (10.20%; 95% CI 4.44–21.76%),0.10204081632653061,0.04437954674476266,0.21756361549195893,5/49 (10.20%; 95% CI 4.44–21.76%),0.30612244897959184,0.19515491268006566,0.44527893558910636,15/49 (30.61%; 95% CI 19.52–44.53%),0.5102040816326531,0.37467563740468035,0.6442488968969421,25/49 (51.02%; 95% CI 37.47–64.42%)
huron,qwen,appfr,H18,18,4,5,24,15,5,49,25,0.4897959183673469,0.3557511031030578,0.6253243625953194,24/49 (48.98%; 95% CI 35.58–62.53%),0.10204081632653061,0.04437954674476266,0.21756361549195893,5/49 (10.20%; 95% CI 4.44–21.76%),0.10204081632653061,0.04437954674476266,0.21756361549195893,5/49 (10.20%; 95% CI 4.44–21.76%),0.30612244897959184,0.19515491268006566,0.44527893558910636,15/49 (30.61%; 95% CI 19.52–44.53%),0.5102040816326531,0.37467563740468035,0.6442488968969421,25/49 (51.02%; 95% CI 37.47–64.42%)
huron,qwen,appfr,H18,18,5,5,24,15,5,49,25,0.4897959183673469,0.3557511031030578,0.6253243625953194,24/49 (48.98%; 95% CI 35.58–62.53%),0.10204081632653061,0.04437954674476266,0.21756361549195893,5/49 (10.20%; 95% CI 4.44–21.76%),0.10204081632653061,0.04437954674476266,0.21756361549195893,5/49 (10.20%; 95% CI 4.44–21.76%),0.30612244897959184,0.19515491268006566,0.44527893558910636,15/49 (30.61%; 95% CI 19.52–44.53%),0.5102040816326531,0.37467563740468035,0.6442488968969421,25/49 (51.02%; 95% CI 37.47–64.42%)
huron,qwen,appfr,H20,20,1,2,25,16,6,49,24,0.5102040816326531,0.37467563740468035,0.6442488968969421,25/49 (51.02%; 95% CI 37.47–64.42%),0.12244897959183673,0.05734825790240154,0.2424439729375651,6/49 (12.24%; 95% CI 5.73–24.24%),0.04081632653061224,0.011265633366185787,0.13713032306080064,2/49 (4.08%; 95% CI 1.13–13.71%),0.32653061224489793,0.21207497001811865,0.4662079468542984,16/49 (32.65%; 95% CI 21.21–46.62%),0.4897959183673469,0.3557511031030578,0.6253243625953194,24/49 (48.98%; 95% CI 35.58–62.53%)
huron,qwen,appfr,H20,20,2,2,25,16,6,49,24,0.5102040816326531,0.37467563740468035,0.6442488968969421,25/49 (51.02%; 95% CI 37.47–64.42%),0.12244897959183673,0.05734825790240154,0.2424439729375651,6/49 (12.24%; 95% CI 5.73–24.24%),0.04081632653061224,0.011265633366185787,0.13713032306080064,2/49 (4.08%; 95% CI 1.13–13.71%),0.32653061224489793,0.21207497001811865,0.4662079468542984,16/49 (32.65%; 95% CI 21.21–46.62%),0.4897959183673469,0.3557511031030578,0.6253243625953194,24/49 (48.98%; 95% CI 35.58–62.53%)
huron,qwen,appfr,H20,20,3,4,25,14,6,49,24,0.5102040816326531,0.37467563740468035,0.6442488968969421,25/49 (51.02%; 95% CI 37.47–64.42%),0.12244897959183673,0.05734825790240154,0.2424439729375651,6/49 (12.24%; 95% CI 5.73–24.24%),0.08163265306122448,0.032202817667763686,0.19189127596571287,4/49 (8.16%; 95% CI 3.22–19.19%),0.2857142857142857,0.178495944588126,0.42408883507780093,14/49 (28.57%; 95% CI 17.85–42.41%),0.4897959183673469,0.3557511031030578,0.6253243625953194,24/49 (48.98%; 95% CI 35.58–62.53%)
huron,qwen,appfr,H20,20,4,4,25,14,6,49,24,0.5102040816326531,0.37467563740468035,0.6442488968969421,25/49 (51.02%; 95% CI 37.47–64.42%),0.12244897959183673,0.05734825790240154,0.2424439729375651,6/49 (12.24%; 95% CI 5.73–24.24%),0.08163265306122448,0.032202817667763686,0.19189127596571287,4/49 (8.16%; 95% CI 3.22–19.19%),0.2857142857142857,0.178495944588126,0.42408883507780093,14/49 (28.57%; 95% CI 17.85–42.41%),0.4897959183673469,0.3557511031030578,0.6253243625953194,24/49 (48.98%; 95% CI 35.58–62.53%)
huron,qwen,appfr,H20,20,5,4,25,14,6,49,24,0.5102040816326531,0.37467563740468035,0.6442488968969421,25/49 (51.02%; 95% CI 37.47–64.42%),0.12244897959183673,0.05734825790240154,0.2424439729375651,6/49 (12.24%; 95% CI 5.73–24.24%),0.08163265306122448,0.032202817667763686,0.19189127596571287,4/49 (8.16%; 95% CI 3.22–19.19%),0.2857142857142857,0.178495944588126,0.42408883507780093,14/49 (28.57%; 95% CI 17.85–42.41%),0.4897959183673469,0.3557511031030578,0.6253243625953194,24/49 (48.98%; 95% CI 35.58–62.53%)
huron,qwen,appfr,H22,22,1,2,28,14,5,49,21,0.5714285714285714,0.4327049309001736,0.699766809211184,28/49 (57.14%; 95% CI 43.27–69.98%),0.10204081632653061,0.04437954674476266,0.21756361549195893,5/49 (10.20%; 95% CI 4.44–21.76%),0.04081632653061224,0.011265633366185787,0.13713032306080064,2/49 (4.08%; 95% CI 1.13–13.71%),0.2857142857142857,0.178495944588126,0.42408883507780093,14/49 (28.57%; 95% CI 17.85–42.41%),0.42857142857142855,0.30023319078881594,0.5672950690998263,21/49 (42.86%; 95% CI 30.02–56.73%)
huron,qwen,appfr,H22,22,2,3,28,13,5,49,21,0.5714285714285714,0.4327049309001736,0.699766809211184,28/49 (57.14%; 95% CI 43.27–69.98%),0.10204081632653061,0.04437954674476266,0.21756361549195893,5/49 (10.20%; 95% CI 4.44–21.76%),0.061224489795918366,0.02104014667296747,0.16520487835726402,3/49 (6.12%; 95% CI 2.10–16.52%),0.2653061224489796,0.16211282134957408,0.4026228897131079,13/49 (26.53%; 95% CI 16.21–40.26%),0.42857142857142855,0.30023319078881594,0.5672950690998263,21/49 (42.86%; 95% CI 30.02–56.73%)
huron,qwen,appfr,H22,22,3,4,28,12,5,49,21,0.5714285714285714,0.4327049309001736,0.699766809211184,28/49 (57.14%; 95% CI 43.27–69.98%),0.10204081632653061,0.04437954674476266,0.21756361549195893,5/49 (10.20%; 95% CI 4.44–21.76%),0.08163265306122448,0.032202817667763686,0.19189127596571287,4/49 (8.16%; 95% CI 3.22–19.19%),0.24489795918367346,0.14602345258339752,0.3808631898760393,12/49 (24.49%; 95% CI 14.60–38.09%),0.42857142857142855,0.30023319078881594,0.5672950690998263,21/49 (42.86%; 95% CI 30.02–56.73%)
huron,qwen,appfr,H22,22,4,4,28,12,5,49,21,0.5714285714285714,0.4327049309001736,0.699766809211184,28/49 (57.14%; 95% CI 43.27–69.98%),0.10204081632653061,0.04437954674476266,0.21756361549195893,5/49 (10.20%; 95% CI 4.44–21.76%),0.08163265306122448,0.032202817667763686,0.19189127596571287,4/49 (8.16%; 95% CI 3.22–19.19%),0.24489795918367346,0.14602345258339752,0.3808631898760393,12/49 (24.49%; 95% CI 14.60–38.09%),0.42857142857142855,0.30023319078881594,0.5672950690998263,21/49 (42.86%; 95% CI 30.02–56.73%)
huron,qwen,appfr,H22,22,5,4,28,12,5,49,21,0.5714285714285714,0.4327049309001736,0.699766809211184,28/49 (57.14%; 95% CI 43.27–69.98%),0.10204081632653061,0.04437954674476266,0.21756361549195893,5/49 (10.20%; 95% CI 4.44–21.76%),0.08163265306122448,0.032202817667763686,0.19189127596571287,4/49 (8.16%; 95% CI 3.22–19.19%),0.24489795918367346,0.14602345258339752,0.3808631898760393,12/49 (24.49%; 95% CI 14.60–38.09%),0.42857142857142855,0.30023319078881594,0.5672950690998263,21/49 (42.86%; 95% CI 30.02–56.73%)
huron,qwen,appfr,H24,24,1,2,28,14,5,49,21,0.5714285714285714,0.4327049309001736,0.699766809211184,28/49 (57.14%; 95% CI 43.27–69.98%),0.10204081632653061,0.04437954674476266,0.21756361549195893,5/49 (10.20%; 95% CI 4.44–21.76%),0.04081632653061224,0.011265633366185787,0.13713032306080064,2/49 (4.08%; 95% CI 1.13–13.71%),0.2857142857142857,0.178495944588126,0.42408883507780093,14/49 (28.57%; 95% CI 17.85–42.41%),0.42857142857142855,0.30023319078881594,0.5672950690998263,21/49 (42.86%; 95% CI 30.02–56.73%)
huron,qwen,appfr,H24,24,2,3,28,13,5,49,21,0.5714285714285714,0.4327049309001736,0.699766809211184,28/49 (57.14%; 95% CI 43.27–69.98%),0.10204081632653061,0.04437954674476266,0.21756361549195893,5/49 (10.20%; 95% CI 4.44–21.76%),0.061224489795918366,0.02104014667296747,0.16520487835726402,3/49 (6.12%; 95% CI 2.10–16.52%),0.2653061224489796,0.16211282134957408,0.4026228897131079,13/49 (26.53%; 95% CI 16.21–40.26%),0.42857142857142855,0.30023319078881594,0.5672950690998263,21/49 (42.86%; 95% CI 30.02–56.73%)
huron,qwen,appfr,H24,24,3,4,28,12,5,49,21,0.5714285714285714,0.4327049309001736,0.699766809211184,28/49 (57.14%; 95% CI 43.27–69.98%),0.10204081632653061,0.04437954674476266,0.21756361549195893,5/49 (10.20%; 95% CI 4.44–21.76%),0.08163265306122448,0.032202817667763686,0.19189127596571287,4/49 (8.16%; 95% CI 3.22–19.19%),0.24489795918367346,0.14602345258339752,0.3808631898760393,12/49 (24.49%; 95% CI 14.60–38.09%),0.42857142857142855,0.30023319078881594,0.5672950690998263,21/49 (42.86%; 95% CI 30.02–56.73%)
huron,qwen,appfr,H24,24,4,4,28,12,5,49,21,0.5714285714285714,0.4327049309001736,0.699766809211184,28/49 (57.14%; 95% CI 43.27–69.98%),0.10204081632653061,0.04437954674476266,0.21756361549195893,5/49 (10.20%; 95% CI 4.44–21.76%),0.08163265306122448,0.032202817667763686,0.19189127596571287,4/49 (8.16%; 95% CI 3.22–19.19%),0.24489795918367346,0.14602345258339752,0.3808631898760393,12/49 (24.49%; 95% CI 14.60–38.09%),0.42857142857142855,0.30023319078881594,0.5672950690998263,21/49 (42.86%; 95% CI 30.02–56.73%)
huron,qwen,appfr,H24,24,5,5,28,11,5,49,21,0.5714285714285714,0.4327049309001736,0.699766809211184,28/49 (57.14%; 95% CI 43.27–69.98%),0.10204081632653061,0.04437954674476266,0.21756361549195893,5/49 (10.20%; 95% CI 4.44–21.76%),0.10204081632653061,0.04437954674476266,0.21756361549195893,5/49 (10.20%; 95% CI 4.44–21.76%),0.22448979591836735,0.13024970149659185,0.35878787235959997,11/49 (22.45%; 95% CI 13.02–35.88%),0.42857142857142855,0.30023319078881594,0.5672950690998263,21/49 (42.86%; 95% CI 30.02–56.73%)
huron,qwen,appfr,H26,26,1,3,27,15,4,49,22,0.5510204081632653,0.413151082194979,0.6814715893131335,27/49 (55.10%; 95% CI 41.32–68.15%),0.08163265306122448,0.032202817667763686,0.19189127596571287,4/49 (8.16%; 95% CI 3.22–19.19%),0.061224489795918366,0.02104014667296747,0.16520487835726402,3/49 (6.12%; 95% CI 2.10–16.52%),0.30612244897959184,0.19515491268006566,0.44527893558910636,15/49 (30.61%; 95% CI 19.52–44.53%),0.4489795918367347,0.31852841068686644,0.5868489178050209,22/49 (44.90%; 95% CI 31.85–58.68%)
huron,qwen,appfr,H26,26,2,4,27,14,4,49,22,0.5510204081632653,0.413151082194979,0.6814715893131335,27/49 (55.10%; 95% CI 41.32–68.15%),0.08163265306122448,0.032202817667763686,0.19189127596571287,4/49 (8.16%; 95% CI 3.22–19.19%),0.08163265306122448,0.032202817667763686,0.19189127596571287,4/49 (8.16%; 95% CI 3.22–19.19%),0.2857142857142857,0.178495944588126,0.42408883507780093,14/49 (28.57%; 95% CI 17.85–42.41%),0.4489795918367347,0.31852841068686644,0.5868489178050209,22/49 (44.90%; 95% CI 31.85–58.68%)
huron,qwen,appfr,H26,26,3,5,27,13,4,49,22,0.5510204081632653,0.413151082194979,0.6814715893131335,27/49 (55.10%; 95% CI 41.32–68.15%),0.08163265306122448,0.032202817667763686,0.19189127596571287,4/49 (8.16%; 95% CI 3.22–19.19%),0.10204081632653061,0.04437954674476266,0.21756361549195893,5/49 (10.20%; 95% CI 4.44–21.76%),0.2653061224489796,0.16211282134957408,0.4026228897131079,13/49 (26.53%; 95% CI 16.21–40.26%),0.4489795918367347,0.31852841068686644,0.5868489178050209,22/49 (44.90%; 95% CI 31.85–58.68%)
huron,qwen,appfr,H26,26,4,5,27,13,4,49,22,0.5510204081632653,0.413151082194979,0.6814715893131335,27/49 (55.10%; 95% CI 41.32–68.15%),0.08163265306122448,0.032202817667763686,0.19189127596571287,4/49 (8.16%; 95% CI 3.22–19.19%),0.10204081632653061,0.04437954674476266,0.21756361549195893,5/49 (10.20%; 95% CI 4.44–21.76%),0.2653061224489796,0.16211282134957408,0.4026228897131079,13/49 (26.53%; 95% CI 16.21–40.26%),0.4489795918367347,0.31852841068686644,0.5868489178050209,22/49 (44.90%; 95% CI 31.85–58.68%)
huron,qwen,appfr,H26,26,5,6,27,12,4,49,22,0.5510204081632653,0.413151082194979,0.6814715893131335,27/49 (55.10%; 95% CI 41.32–68.15%),0.08163265306122448,0.032202817667763686,0.19189127596571287,4/49 (8.16%; 95% CI 3.22–19.19%),0.12244897959183673,0.05734825790240154,0.2424439729375651,6/49 (12.24%; 95% CI 5.73–24.24%),0.24489795918367346,0.14602345258339752,0.3808631898760393,12/49 (24.49%; 95% CI 14.60–38.09%),0.4489795918367347,0.31852841068686644,0.5868489178050209,22/49 (44.90%; 95% CI 31.85–58.68%)
huron,qwen,appfr,H28,28,1,4,27,14,4,49,22,0.5510204081632653,0.413151082194979,0.6814715893131335,27/49 (55.10%; 95% CI 41.32–68.15%),0.08163265306122448,0.032202817667763686,0.19189127596571287,4/49 (8.16%; 95% CI 3.22–19.19%),0.08163265306122448,0.032202817667763686,0.19189127596571287,4/49 (8.16%; 95% CI 3.22–19.19%),0.2857142857142857,0.178495944588126,0.42408883507780093,14/49 (28.57%; 95% CI 17.85–42.41%),0.4489795918367347,0.31852841068686644,0.5868489178050209,22/49 (44.90%; 95% CI 31.85–58.68%)
huron,qwen,appfr,H28,28,2,5,27,13,4,49,22,0.5510204081632653,0.413151082194979,0.6814715893131335,27/49 (55.10%; 95% CI 41.32–68.15%),0.08163265306122448,0.032202817667763686,0.19189127596571287,4/49 (8.16%; 95% CI 3.22–19.19%),0.10204081632653061,0.04437954674476266,0.21756361549195893,5/49 (10.20%; 95% CI 4.44–21.76%),0.2653061224489796,0.16211282134957408,0.4026228897131079,13/49 (26.53%; 95% CI 16.21–40.26%),0.4489795918367347,0.31852841068686644,0.5868489178050209,22/49 (44.90%; 95% CI 31.85–58.68%)
huron,qwen,appfr,H28,28,3,6,27,12,4,49,22,0.5510204081632653,0.413151082194979,0.6814715893131335,27/49 (55.10%; 95% CI 41.32–68.15%),0.08163265306122448,0.032202817667763686,0.19189127596571287,4/49 (8.16%; 95% CI 3.22–19.19%),0.12244897959183673,0.05734825790240154,0.2424439729375651,6/49 (12.24%; 95% CI 5.73–24.24%),0.24489795918367346,0.14602345258339752,0.3808631898760393,12/49 (24.49%; 95% CI 14.60–38.09%),0.4489795918367347,0.31852841068686644,0.5868489178050209,22/49 (44.90%; 95% CI 31.85–58.68%)
huron,qwen,appfr,H28,28,4,6,27,12,4,49,22,0.5510204081632653,0.413151082194979,0.6814715893131335,27/49 (55.10%; 95% CI 41.32–68.15%),0.08163265306122448,0.032202817667763686,0.19189127596571287,4/49 (8.16%; 95% CI 3.22–19.19%),0.12244897959183673,0.05734825790240154,0.2424439729375651,6/49 (12.24%; 95% CI 5.73–24.24%),0.24489795918367346,0.14602345258339752,0.3808631898760393,12/49 (24.49%; 95% CI 14.60–38.09%),0.4489795918367347,0.31852841068686644,0.5868489178050209,22/49 (44.90%; 95% CI 31.85–58.68%)
huron,qwen,appfr,H28,28,5,7,27,11,4,49,22,0.5510204081632653,0.413151082194979,0.6814715893131335,27/49 (55.10%; 95% CI 41.32–68.15%),0.08163265306122448,0.032202817667763686,0.19189127596571287,4/49 (8.16%; 95% CI 3.22–19.19%),0.14285714285714285,0.0709642372040676,0.26667706223914406,7/49 (14.29%; 95% CI 7.10–26.67%),0.22448979591836735,0.13024970149659185,0.35878787235959997,11/49 (22.45%; 95% CI 13.02–35.88%),0.4489795918367347,0.31852841068686644,0.5868489178050209,22/49 (44.90%; 95% CI 31.85–58.68%)
huron,qwen,appfr,H30,30,1,2,27,15,5,49,22,0.5510204081632653,0.413151082194979,0.6814715893131335,27/49 (55.10%; 95% CI 41.32–68.15%),0.10204081632653061,0.04437954674476266,0.21756361549195893,5/49 (10.20%; 95% CI 4.44–21.76%),0.04081632653061224,0.011265633366185787,0.13713032306080064,2/49 (4.08%; 95% CI 1.13–13.71%),0.30612244897959184,0.19515491268006566,0.44527893558910636,15/49 (30.61%; 95% CI 19.52–44.53%),0.4489795918367347,0.31852841068686644,0.5868489178050209,22/49 (44.90%; 95% CI 31.85–58.68%)
huron,qwen,appfr,H30,30,2,3,27,14,5,49,22,0.5510204081632653,0.413151082194979,0.6814715893131335,27/49 (55.10%; 95% CI 41.32–68.15%),0.10204081632653061,0.04437954674476266,0.21756361549195893,5/49 (10.20%; 95% CI 4.44–21.76%),0.061224489795918366,0.02104014667296747,0.16520487835726402,3/49 (6.12%; 95% CI 2.10–16.52%),0.2857142857142857,0.178495944588126,0.42408883507780093,14/49 (28.57%; 95% CI 17.85–42.41%),0.4489795918367347,0.31852841068686644,0.5868489178050209,22/49 (44.90%; 95% CI 31.85–58.68%)
huron,qwen,appfr,H30,30,3,4,27,13,5,49,22,0.5510204081632653,0.413151082194979,0.6814715893131335,27/49 (55.10%; 95% CI 41.32–68.15%),0.10204081632653061,0.04437954674476266,0.21756361549195893,5/49 (10.20%; 95% CI 4.44–21.76%),0.08163265306122448,0.032202817667763686,0.19189127596571287,4/49 (8.16%; 95% CI 3.22–19.19%),0.2653061224489796,0.16211282134957408,0.4026228897131079,13/49 (26.53%; 95% CI 16.21–40.26%),0.4489795918367347,0.31852841068686644,0.5868489178050209,22/49 (44.90%; 95% CI 31.85–58.68%)
huron,qwen,appfr,H30,30,4,4,27,13,5,49,22,0.5510204081632653,0.413151082194979,0.6814715893131335,27/49 (55.10%; 95% CI 41.32–68.15%),0.10204081632653061,0.04437954674476266,0.21756361549195893,5/49 (10.20%; 95% CI 4.44–21.76%),0.08163265306122448,0.032202817667763686,0.19189127596571287,4/49 (8.16%; 95% CI 3.22–19.19%),0.2653061224489796,0.16211282134957408,0.4026228897131079,13/49 (26.53%; 95% CI 16.21–40.26%),0.4489795918367347,0.31852841068686644,0.5868489178050209,22/49 (44.90%; 95% CI 31.85–58.68%)
huron,qwen,appfr,H30,30,5,5,27,12,5,49,22,0.5510204081632653,0.413151082194979,0.6814715893131335,27/49 (55.10%; 95% CI 41.32–68.15%),0.10204081632653061,0.04437954674476266,0.21756361549195893,5/49 (10.20%; 95% CI 4.44–21.76%),0.10204081632653061,0.04437954674476266,0.21756361549195893,5/49 (10.20%; 95% CI 4.44–21.76%),0.24489795918367346,0.14602345258339752,0.3808631898760393,12/49 (24.49%; 95% CI 14.60–38.09%),0.4489795918367347,0.31852841068686644,0.5868489178050209,22/49 (44.90%; 95% CI 31.85–58.68%)
huron,qwen,appfr,H32,32,1,2,32,11,4,49,17,0.6530612244897959,0.5131119428697273,0.7707560716546102,32/49 (65.31%; 95% CI 51.31–77.08%),0.08163265306122448,0.032202817667763686,0.19189127596571287,4/49 (8.16%; 95% CI 3.22–19.19%),0.04081632653061224,0.011265633366185787,0.13713032306080064,2/49 (4.08%; 95% CI 1.13–13.71%),0.22448979591836735,0.13024970149659185,0.35878787235959997,11/49 (22.45%; 95% CI 13.02–35.88%),0.3469387755102041,0.22924392834538948,0.48688805713027256,17/49 (34.69%; 95% CI 22.92–48.69%)
huron,qwen,appfr,H32,32,2,3,32,10,4,49,17,0.6530612244897959,0.5131119428697273,0.7707560716546102,32/49 (65.31%; 95% CI 51.31–77.08%),0.08163265306122448,0.032202817667763686,0.19189127596571287,4/49 (8.16%; 95% CI 3.22–19.19%),0.061224489795918366,0.02104014667296747,0.16520487835726402,3/49 (6.12%; 95% CI 2.10–16.52%),0.20408163265306123,0.11481849605782132,0.3363700091951255,10/49 (20.41%; 95% CI 11.48–33.64%),0.3469387755102041,0.22924392834538948,0.48688805713027256,17/49 (34.69%; 95% CI 22.92–48.69%)
huron,qwen,appfr,H32,32,3,4,32,9,4,49,17,0.6530612244897959,0.5131119428697273,0.7707560716546102,32/49 (65.31%; 95% CI 51.31–77.08%),0.08163265306122448,0.032202817667763686,0.19189127596571287,4/49 (8.16%; 95% CI 3.22–19.19%),0.08163265306122448,0.032202817667763686,0.19189127596571287,4/49 (8.16%; 95% CI 3.22–19.19%),0.1836734693877551,0.09976341062070308,0.3135760260289987,9/49 (18.37%; 95% CI 9.98–31.36%),0.3469387755102041,0.22924392834538948,0.48688805713027256,17/49 (34.69%; 95% CI 22.92–48.69%)
huron,qwen,appfr,H32,32,4,4,32,9,4,49,17,0.6530612244897959,0.5131119428697273,0.7707560716546102,32/49 (65.31%; 95% CI 51.31–77.08%),0.08163265306122448,0.032202817667763686,0.19189127596571287,4/49 (8.16%; 95% CI 3.22–19.19%),0.08163265306122448,0.032202817667763686,0.19189127596571287,4/49 (8.16%; 95% CI 3.22–19.19%),0.1836734693877551,0.09976341062070308,0.3135760260289987,9/49 (18.37%; 95% CI 9.98–31.36%),0.3469387755102041,0.22924392834538948,0.48688805713027256,17/49 (34.69%; 95% CI 22.92–48.69%)
huron,qwen,appfr,H32,32,5,5,32,8,4,49,17,0.6530612244897959,0.5131119428697273,0.7707560716546102,32/49 (65.31%; 95% CI 51.31–77.08%),0.08163265306122448,0.032202817667763686,0.19189127596571287,4/49 (8.16%; 95% CI 3.22–19.19%),0.10204081632653061,0.04437954674476266,0.21756361549195893,5/49 (10.20%; 95% CI 4.44–21.76%),0.16326530612244897,0.08512698370728837,0.2903633843391683,8/49 (16.33%; 95% CI 8.51–29.04%),0.3469387755102041,0.22924392834538948,0.48688805713027256,17/49 (34.69%; 95% CI 22.92–48.69%)
huron,qwen,appod,H02,2,1,3,3,38,5,49,46,0.061224489795918366,0.02104014667296747,0.16520487835726402,3/49 (6.12%; 95% CI 2.10–16.52%),0.10204081632653061,0.04437954674476266,0.21756361549195893,5/49 (10.20%; 95% CI 4.44–21.76%),0.061224489795918366,0.02104014667296747,0.16520487835726402,3/49 (6.12%; 95% CI 2.10–16.52%),0.7755102040816326,0.6412121276403999,0.869750298503408,38/49 (77.55%; 95% CI 64.12–86.98%),0.9387755102040817,0.834795121642736,0.9789598533270324,46/49 (93.88%; 95% CI 83.48–97.90%)
huron,qwen,appod,H02,2,2,7,3,34,5,49,46,0.061224489795918366,0.02104014667296747,0.16520487835726402,3/49 (6.12%; 95% CI 2.10–16.52%),0.10204081632653061,0.04437954674476266,0.21756361549195893,5/49 (10.20%; 95% CI 4.44–21.76%),0.14285714285714285,0.0709642372040676,0.26667706223914406,7/49 (14.29%; 95% CI 7.10–26.67%),0.6938775510204082,0.5547210644108935,0.8048450873199342,34/49 (69.39%; 95% CI 55.47–80.48%),0.9387755102040817,0.834795121642736,0.9789598533270324,46/49 (93.88%; 95% CI 83.48–97.90%)
huron,qwen,appod,H02,2,3,9,3,32,5,49,46,0.061224489795918366,0.02104014667296747,0.16520487835726402,3/49 (6.12%; 95% CI 2.10–16.52%),0.10204081632653061,0.04437954674476266,0.21756361549195893,5/49 (10.20%; 95% CI 4.44–21.76%),0.1836734693877551,0.09976341062070308,0.3135760260289987,9/49 (18.37%; 95% CI 9.98–31.36%),0.6530612244897959,0.5131119428697273,0.7707560716546102,32/49 (65.31%; 95% CI 51.31–77.08%),0.9387755102040817,0.834795121642736,0.9789598533270324,46/49 (93.88%; 95% CI 83.48–97.90%)
huron,qwen,appod,H02,2,4,9,3,32,5,49,46,0.061224489795918366,0.02104014667296747,0.16520487835726402,3/49 (6.12%; 95% CI 2.10–16.52%),0.10204081632653061,0.04437954674476266,0.21756361549195893,5/49 (10.20%; 95% CI 4.44–21.76%),0.1836734693877551,0.09976341062070308,0.3135760260289987,9/49 (18.37%; 95% CI 9.98–31.36%),0.6530612244897959,0.5131119428697273,0.7707560716546102,32/49 (65.31%; 95% CI 51.31–77.08%),0.9387755102040817,0.834795121642736,0.9789598533270324,46/49 (93.88%; 95% CI 83.48–97.90%)
huron,qwen,appod,H02,2,5,10,3,31,5,49,46,0.061224489795918366,0.02104014667296747,0.16520487835726402,3/49 (6.12%; 95% CI 2.10–16.52%),0.10204081632653061,0.04437954674476266,0.21756361549195893,5/49 (10.20%; 95% CI 4.44–21.76%),0.20408163265306123,0.11481849605782132,0.3363700091951255,10/49 (20.41%; 95% CI 11.48–33.64%),0.6326530612244898,0.49267067560792427,0.7533482703131686,31/49 (63.27%; 95% CI 49.27–75.33%),0.9387755102040817,0.834795121642736,0.9789598533270324,46/49 (93.88%; 95% CI 83.48–97.90%)
huron,qwen,appod,H04,4,1,2,3,38,6,49,46,0.061224489795918366,0.02104014667296747,0.16520487835726402,3/49 (6.12%; 95% CI 2.10–16.52%),0.12244897959183673,0.05734825790240154,0.2424439729375651,6/49 (12.24%; 95% CI 5.73–24.24%),0.04081632653061224,0.011265633366185787,0.13713032306080064,2/49 (4.08%; 95% CI 1.13–13.71%),0.7755102040816326,0.6412121276403999,0.869750298503408,38/49 (77.55%; 95% CI 64.12–86.98%),0.9387755102040817,0.834795121642736,0.9789598533270324,46/49 (93.88%; 95% CI 83.48–97.90%)
huron,qwen,appod,H04,4,2,7,3,33,6,49,46,0.061224489795918366,0.02104014667296747,0.16520487835726402,3/49 (6.12%; 95% CI 2.10–16.52%),0.12244897959183673,0.05734825790240154,0.2424439729375651,6/49 (12.24%; 95% CI 5.73–24.24%),0.14285714285714285,0.0709642372040676,0.26667706223914406,7/49 (14.29%; 95% CI 7.10–26.67%),0.673469387755102,0.5337920531457014,0.7879250299818812,33/49 (67.35%; 95% CI 53.38–78.79%),0.9387755102040817,0.834795121642736,0.9789598533270324,46/49 (93.88%; 95% CI 83.48–97.90%)
huron,qwen,appod,H04,4,3,8,3,32,6,49,46,0.061224489795918366,0.02104014667296747,0.16520487835726402,3/49 (6.12%; 95% CI 2.10–16.52%),0.12244897959183673,0.05734825790240154,0.2424439729375651,6/49 (12.24%; 95% CI 5.73–24.24%),0.16326530612244897,0.08512698370728837,0.2903633843391683,8/49 (16.33%; 95% CI 8.51–29.04%),0.6530612244897959,0.5131119428697273,0.7707560716546102,32/49 (65.31%; 95% CI 51.31–77.08%),0.9387755102040817,0.834795121642736,0.9789598533270324,46/49 (93.88%; 95% CI 83.48–97.90%)
huron,qwen,appod,H04,4,4,8,3,32,6,49,46,0.061224489795918366,0.02104014667296747,0.16520487835726402,3/49 (6.12%; 95% CI 2.10–16.52%),0.12244897959183673,0.05734825790240154,0.2424439729375651,6/49 (12.24%; 95% CI 5.73–24.24%),0.16326530612244897,0.08512698370728837,0.2903633843391683,8/49 (16.33%; 95% CI 8.51–29.04%),0.6530612244897959,0.5131119428697273,0.7707560716546102,32/49 (65.31%; 95% CI 51.31–77.08%),0.9387755102040817,0.834795121642736,0.9789598533270324,46/49 (93.88%; 95% CI 83.48–97.90%)
huron,qwen,appod,H04,4,5,9,3,31,6,49,46,0.061224489795918366,0.02104014667296747,0.16520487835726402,3/49 (6.12%; 95% CI 2.10–16.52%),0.12244897959183673,0.05734825790240154,0.2424439729375651,6/49 (12.24%; 95% CI 5.73–24.24%),0.1836734693877551,0.09976341062070308,0.3135760260289987,9/49 (18.37%; 95% CI 9.98–31.36%),0.6326530612244898,0.49267067560792427,0.7533482703131686,31/49 (63.27%; 95% CI 49.27–75.33%),0.9387755102040817,0.834795121642736,0.9789598533270324,46/49 (93.88%; 95% CI 83.48–97.90%)
huron,qwen,appod,H06,6,1,3,3,36,7,49,46,0.061224489795918366,0.02104014667296747,0.16520487835726402,3/49 (6.12%; 95% CI 2.10–16.52%),0.14285714285714285,0.0709642372040676,0.26667706223914406,7/49 (14.29%; 95% CI 7.10–26.67%),0.061224489795918366,0.02104014667296747,0.16520487835726402,3/49 (6.12%; 95% CI 2.10–16.52%),0.7346938775510204,0.5973771102868921,0.8378871786504258,36/49 (73.47%; 95% CI 59.74–83.79%),0.9387755102040817,0.834795121642736,0.9789598533270324,46/49 (93.88%; 95% CI 83.48–97.90%)
huron,qwen,appod,H06,6,2,6,3,33,7,49,46,0.061224489795918366,0.02104014667296747,0.16520487835726402,3/49 (6.12%; 95% CI 2.10–16.52%),0.14285714285714285,0.0709642372040676,0.26667706223914406,7/49 (14.29%; 95% CI 7.10–26.67%),0.12244897959183673,0.05734825790240154,0.2424439729375651,6/49 (12.24%; 95% CI 5.73–24.24%),0.673469387755102,0.5337920531457014,0.7879250299818812,33/49 (67.35%; 95% CI 53.38–78.79%),0.9387755102040817,0.834795121642736,0.9789598533270324,46/49 (93.88%; 95% CI 83.48–97.90%)
huron,qwen,appod,H06,6,3,7,3,32,7,49,46,0.061224489795918366,0.02104014667296747,0.16520487835726402,3/49 (6.12%; 95% CI 2.10–16.52%),0.14285714285714285,0.0709642372040676,0.26667706223914406,7/49 (14.29%; 95% CI 7.10–26.67%),0.14285714285714285,0.0709642372040676,0.26667706223914406,7/49 (14.29%; 95% CI 7.10–26.67%),0.6530612244897959,0.5131119428697273,0.7707560716546102,32/49 (65.31%; 95% CI 51.31–77.08%),0.9387755102040817,0.834795121642736,0.9789598533270324,46/49 (93.88%; 95% CI 83.48–97.90%)
huron,qwen,appod,H06,6,4,7,3,32,7,49,46,0.061224489795918366,0.02104014667296747,0.16520487835726402,3/49 (6.12%; 95% CI 2.10–16.52%),0.14285714285714285,0.0709642372040676,0.26667706223914406,7/49 (14.29%; 95% CI 7.10–26.67%),0.14285714285714285,0.0709642372040676,0.26667706223914406,7/49 (14.29%; 95% CI 7.10–26.67%),0.6530612244897959,0.5131119428697273,0.7707560716546102,32/49 (65.31%; 95% CI 51.31–77.08%),0.9387755102040817,0.834795121642736,0.9789598533270324,46/49 (93.88%; 95% CI 83.48–97.90%)
huron,qwen,appod,H06,6,5,8,3,31,7,49,46,0.061224489795918366,0.02104014667296747,0.16520487835726402,3/49 (6.12%; 95% CI 2.10–16.52%),0.14285714285714285,0.0709642372040676,0.26667706223914406,7/49 (14.29%; 95% CI 7.10–26.67%),0.16326530612244897,0.08512698370728837,0.2903633843391683,8/49 (16.33%; 95% CI 8.51–29.04%),0.6326530612244898,0.49267067560792427,0.7533482703131686,31/49 (63.27%; 95% CI 49.27–75.33%),0.9387755102040817,0.834795121642736,0.9789598533270324,46/49 (93.88%; 95% CI 83.48–97.90%)
huron,qwen,appod,H08,8,1,4,3,35,7,49,46,0.061224489795918366,0.02104014667296747,0.16520487835726402,3/49 (6.12%; 95% CI 2.10–16.52%),0.14285714285714285,0.0709642372040676,0.26667706223914406,7/49 (14.29%; 95% CI 7.10–26.67%),0.08163265306122448,0.032202817667763686,0.19189127596571287,4/49 (8.16%; 95% CI 3.22–19.19%),0.7142857142857143,0.575911164922199,0.8215040554118739,35/49 (71.43%; 95% CI 57.59–82.15%),0.9387755102040817,0.834795121642736,0.9789598533270324,46/49 (93.88%; 95% CI 83.48–97.90%)
huron,qwen,appod,H08,8,2,6,3,33,7,49,46,0.061224489795918366,0.02104014667296747,0.16520487835726402,3/49 (6.12%; 95% CI 2.10–16.52%),0.14285714285714285,0.0709642372040676,0.26667706223914406,7/49 (14.29%; 95% CI 7.10–26.67%),0.12244897959183673,0.05734825790240154,0.2424439729375651,6/49 (12.24%; 95% CI 5.73–24.24%),0.673469387755102,0.5337920531457014,0.7879250299818812,33/49 (67.35%; 95% CI 53.38–78.79%),0.9387755102040817,0.834795121642736,0.9789598533270324,46/49 (93.88%; 95% CI 83.48–97.90%)
huron,qwen,appod,H08,8,3,7,3,32,7,49,46,0.061224489795918366,0.02104014667296747,0.16520487835726402,3/49 (6.12%; 95% CI 2.10–16.52%),0.14285714285714285,0.0709642372040676,0.26667706223914406,7/49 (14.29%; 95% CI 7.10–26.67%),0.14285714285714285,0.0709642372040676,0.26667706223914406,7/49 (14.29%; 95% CI 7.10–26.67%),0.6530612244897959,0.5131119428697273,0.7707560716546102,32/49 (65.31%; 95% CI 51.31–77.08%),0.9387755102040817,0.834795121642736,0.9789598533270324,46/49 (93.88%; 95% CI 83.48–97.90%)
huron,qwen,appod,H08,8,4,7,3,32,7,49,46,0.061224489795918366,0.02104014667296747,0.16520487835726402,3/49 (6.12%; 95% CI 2.10–16.52%),0.14285714285714285,0.0709642372040676,0.26667706223914406,7/49 (14.29%; 95% CI 7.10–26.67%),0.14285714285714285,0.0709642372040676,0.26667706223914406,7/49 (14.29%; 95% CI 7.10–26.67%),0.6530612244897959,0.5131119428697273,0.7707560716546102,32/49 (65.31%; 95% CI 51.31–77.08%),0.9387755102040817,0.834795121642736,0.9789598533270324,46/49 (93.88%; 95% CI 83.48–97.90%)
huron,qwen,appod,H08,8,5,8,3,31,7,49,46,0.061224489795918366,0.02104014667296747,0.16520487835726402,3/49 (6.12%; 95% CI 2.10–16.52%),0.14285714285714285,0.0709642372040676,0.26667706223914406,7/49 (14.29%; 95% CI 7.10–26.67%),0.16326530612244897,0.08512698370728837,0.2903633843391683,8/49 (16.33%; 95% CI 8.51–29.04%),0.6326530612244898,0.49267067560792427,0.7533482703131686,31/49 (63.27%; 95% CI 49.27–75.33%),0.9387755102040817,0.834795121642736,0.9789598533270324,46/49 (93.88%; 95% CI 83.48–97.90%)
huron,qwen,appod,H10,10,1,4,3,36,6,49,46,0.061224489795918366,0.02104014667296747,0.16520487835726402,3/49 (6.12%; 95% CI 2.10–16.52%),0.12244897959183673,0.05734825790240154,0.2424439729375651,6/49 (12.24%; 95% CI 5.73–24.24%),0.08163265306122448,0.032202817667763686,0.19189127596571287,4/49 (8.16%; 95% CI 3.22–19.19%),0.7346938775510204,0.5973771102868921,0.8378871786504258,36/49 (73.47%; 95% CI 59.74–83.79%),0.9387755102040817,0.834795121642736,0.9789598533270324,46/49 (93.88%; 95% CI 83.48–97.90%)
huron,qwen,appod,H10,10,2,7,3,33,6,49,46,0.061224489795918366,0.02104014667296747,0.16520487835726402,3/49 (6.12%; 95% CI 2.10–16.52%),0.12244897959183673,0.05734825790240154,0.2424439729375651,6/49 (12.24%; 95% CI 5.73–24.24%),0.14285714285714285,0.0709642372040676,0.26667706223914406,7/49 (14.29%; 95% CI 7.10–26.67%),0.673469387755102,0.5337920531457014,0.7879250299818812,33/49 (67.35%; 95% CI 53.38–78.79%),0.9387755102040817,0.834795121642736,0.9789598533270324,46/49 (93.88%; 95% CI 83.48–97.90%)
huron,qwen,appod,H10,10,3,8,3,32,6,49,46,0.061224489795918366,0.02104014667296747,0.16520487835726402,3/49 (6.12%; 95% CI 2.10–16.52%),0.12244897959183673,0.05734825790240154,0.2424439729375651,6/49 (12.24%; 95% CI 5.73–24.24%),0.16326530612244897,0.08512698370728837,0.2903633843391683,8/49 (16.33%; 95% CI 8.51–29.04%),0.6530612244897959,0.5131119428697273,0.7707560716546102,32/49 (65.31%; 95% CI 51.31–77.08%),0.9387755102040817,0.834795121642736,0.9789598533270324,46/49 (93.88%; 95% CI 83.48–97.90%)
huron,qwen,appod,H10,10,4,8,3,32,6,49,46,0.061224489795918366,0.02104014667296747,0.16520487835726402,3/49 (6.12%; 95% CI 2.10–16.52%),0.12244897959183673,0.05734825790240154,0.2424439729375651,6/49 (12.24%; 95% CI 5.73–24.24%),0.16326530612244897,0.08512698370728837,0.2903633843391683,8/49 (16.33%; 95% CI 8.51–29.04%),0.6530612244897959,0.5131119428697273,0.7707560716546102,32/49 (65.31%; 95% CI 51.31–77.08%),0.9387755102040817,0.834795121642736,0.9789598533270324,46/49 (93.88%; 95% CI 83.48–97.90%)
huron,qwen,appod,H10,10,5,9,3,31,6,49,46,0.061224489795918366,0.02104014667296747,0.16520487835726402,3/49 (6.12%; 95% CI 2.10–16.52%),0.12244897959183673,0.05734825790240154,0.2424439729375651,6/49 (12.24%; 95% CI 5.73–24.24%),0.1836734693877551,0.09976341062070308,0.3135760260289987,9/49 (18.37%; 95% CI 9.98–31.36%),0.6326530612244898,0.49267067560792427,0.7533482703131686,31/49 (63.27%; 95% CI 49.27–75.33%),0.9387755102040817,0.834795121642736,0.9789598533270324,46/49 (93.88%; 95% CI 83.48–97.90%)
huron,qwen,appod,H12,12,1,2,5,35,7,49,44,0.10204081632653061,0.04437954674476266,0.21756361549195893,5/49 (10.20%; 95% CI 4.44–21.76%),0.14285714285714285,0.0709642372040676,0.26667706223914406,7/49 (14.29%; 95% CI 7.10–26.67%),0.04081632653061224,0.011265633366185787,0.13713032306080064,2/49 (4.08%; 95% CI 1.13–13.71%),0.7142857142857143,0.575911164922199,0.8215040554118739,35/49 (71.43%; 95% CI 57.59–82.15%),0.8979591836734694,0.7824363845080409,0.9556204532552373,44/49 (89.80%; 95% CI 78.24–95.56%)
huron,qwen,appod,H12,12,2,5,5,32,7,49,44,0.10204081632653061,0.04437954674476266,0.21756361549195893,5/49 (10.20%; 95% CI 4.44–21.76%),0.14285714285714285,0.0709642372040676,0.26667706223914406,7/49 (14.29%; 95% CI 7.10–26.67%),0.10204081632653061,0.04437954674476266,0.21756361549195893,5/49 (10.20%; 95% CI 4.44–21.76%),0.6530612244897959,0.5131119428697273,0.7707560716546102,32/49 (65.31%; 95% CI 51.31–77.08%),0.8979591836734694,0.7824363845080409,0.9556204532552373,44/49 (89.80%; 95% CI 78.24–95.56%)
huron,qwen,appod,H12,12,3,6,5,31,7,49,44,0.10204081632653061,0.04437954674476266,0.21756361549195893,5/49 (10.20%; 95% CI 4.44–21.76%),0.14285714285714285,0.0709642372040676,0.26667706223914406,7/49 (14.29%; 95% CI 7.10–26.67%),0.12244897959183673,0.05734825790240154,0.2424439729375651,6/49 (12.24%; 95% CI 5.73–24.24%),0.6326530612244898,0.49267067560792427,0.7533482703131686,31/49 (63.27%; 95% CI 49.27–75.33%),0.8979591836734694,0.7824363845080409,0.9556204532552373,44/49 (89.80%; 95% CI 78.24–95.56%)
huron,qwen,appod,H12,12,4,6,5,31,7,49,44,0.10204081632653061,0.04437954674476266,0.21756361549195893,5/49 (10.20%; 95% CI 4.44–21.76%),0.14285714285714285,0.0709642372040676,0.26667706223914406,7/49 (14.29%; 95% CI 7.10–26.67%),0.12244897959183673,0.05734825790240154,0.2424439729375651,6/49 (12.24%; 95% CI 5.73–24.24%),0.6326530612244898,0.49267067560792427,0.7533482703131686,31/49 (63.27%; 95% CI 49.27–75.33%),0.8979591836734694,0.7824363845080409,0.9556204532552373,44/49 (89.80%; 95% CI 78.24–95.56%)
huron,qwen,appod,H12,12,5,7,5,30,7,49,44,0.10204081632653061,0.04437954674476266,0.21756361549195893,5/49 (10.20%; 95% CI 4.44–21.76%),0.14285714285714285,0.0709642372040676,0.26667706223914406,7/49 (14.29%; 95% CI 7.10–26.67%),0.14285714285714285,0.0709642372040676,0.26667706223914406,7/49 (14.29%; 95% CI 7.10–26.67%),0.6122448979591837,0.4724599944352045,0.7357098828826433,30/49 (61.22%; 95% CI 47.25–73.57%),0.8979591836734694,0.7824363845080409,0.9556204532552373,44/49 (89.80%; 95% CI 78.24–95.56%)
huron,qwen,appod,H14,14,1,1,7,34,7,49,42,0.14285714285714285,0.0709642372040676,0.26667706223914406,7/49 (14.29%; 95% CI 7.10–26.67%),0.14285714285714285,0.0709642372040676,0.26667706223914406,7/49 (14.29%; 95% CI 7.10–26.67%),0.02040816326530612,0.0036116725898252405,0.10693521523391616,1/49 (2.04%; 95% CI 0.36–10.69%),0.6938775510204082,0.5547210644108935,0.8048450873199342,34/49 (69.39%; 95% CI 55.47–80.48%),0.8571428571428571,0.7333229377608557,0.9290357627959323,42/49 (85.71%; 95% CI 73.33–92.90%)
huron,qwen,appod,H14,14,2,2,7,33,7,49,42,0.14285714285714285,0.0709642372040676,0.26667706223914406,7/49 (14.29%; 95% CI 7.10–26.67%),0.14285714285714285,0.0709642372040676,0.26667706223914406,7/49 (14.29%; 95% CI 7.10–26.67%),0.04081632653061224,0.011265633366185787,0.13713032306080064,2/49 (4.08%; 95% CI 1.13–13.71%),0.673469387755102,0.5337920531457014,0.7879250299818812,33/49 (67.35%; 95% CI 53.38–78.79%),0.8571428571428571,0.7333229377608557,0.9290357627959323,42/49 (85.71%; 95% CI 73.33–92.90%)
huron,qwen,appod,H14,14,3,3,7,32,7,49,42,0.14285714285714285,0.0709642372040676,0.26667706223914406,7/49 (14.29%; 95% CI 7.10–26.67%),0.14285714285714285,0.0709642372040676,0.26667706223914406,7/49 (14.29%; 95% CI 7.10–26.67%),0.061224489795918366,0.02104014667296747,0.16520487835726402,3/49 (6.12%; 95% CI 2.10–16.52%),0.6530612244897959,0.5131119428697273,0.7707560716546102,32/49 (65.31%; 95% CI 51.31–77.08%),0.8571428571428571,0.7333229377608557,0.9290357627959323,42/49 (85.71%; 95% CI 73.33–92.90%)
huron,qwen,appod,H14,14,4,4,7,31,7,49,42,0.14285714285714285,0.0709642372040676,0.26667706223914406,7/49 (14.29%; 95% CI 7.10–26.67%),0.14285714285714285,0.0709642372040676,0.26667706223914406,7/49 (14.29%; 95% CI 7.10–26.67%),0.08163265306122448,0.032202817667763686,0.19189127596571287,4/49 (8.16%; 95% CI 3.22–19.19%),0.6326530612244898,0.49267067560792427,0.7533482703131686,31/49 (63.27%; 95% CI 49.27–75.33%),0.8571428571428571,0.7333229377608557,0.9290357627959323,42/49 (85.71%; 95% CI 73.33–92.90%)
huron,qwen,appod,H14,14,5,5,7,30,7,49,42,0.14285714285714285,0.0709642372040676,0.26667706223914406,7/49 (14.29%; 95% CI 7.10–26.67%),0.14285714285714285,0.0709642372040676,0.26667706223914406,7/49 (14.29%; 95% CI 7.10–26.67%),0.10204081632653061,0.04437954674476266,0.21756361549195893,5/49 (10.20%; 95% CI 4.44–21.76%),0.6122448979591837,0.4724599944352045,0.7357098828826433,30/49 (61.22%; 95% CI 47.25–73.57%),0.8571428571428571,0.7333229377608557,0.9290357627959323,42/49 (85.71%; 95% CI 73.33–92.90%)
huron,qwen,appod,H16,16,1,1,8,31,9,49,41,0.16326530612244897,0.08512698370728837,0.2903633843391683,8/49 (16.33%; 95% CI 8.51–29.04%),0.1836734693877551,0.09976341062070308,0.3135760260289987,9/49 (18.37%; 95% CI 9.98–31.36%),0.02040816326530612,0.0036116725898252405,0.10693521523391616,1/49 (2.04%; 95% CI 0.36–10.69%),0.6326530612244898,0.49267067560792427,0.7533482703131686,31/49 (63.27%; 95% CI 49.27–75.33%),0.8367346938775511,0.7096366156608317,0.9148730162927116,41/49 (83.67%; 95% CI 70.96–91.49%)
huron,qwen,appod,H16,16,2,2,8,30,9,49,41,0.16326530612244897,0.08512698370728837,0.2903633843391683,8/49 (16.33%; 95% CI 8.51–29.04%),0.1836734693877551,0.09976341062070308,0.3135760260289987,9/49 (18.37%; 95% CI 9.98–31.36%),0.04081632653061224,0.011265633366185787,0.13713032306080064,2/49 (4.08%; 95% CI 1.13–13.71%),0.6122448979591837,0.4724599944352045,0.7357098828826433,30/49 (61.22%; 95% CI 47.25–73.57%),0.8367346938775511,0.7096366156608317,0.9148730162927116,41/49 (83.67%; 95% CI 70.96–91.49%)
huron,qwen,appod,H16,16,3,4,8,28,9,49,41,0.16326530612244897,0.08512698370728837,0.2903633843391683,8/49 (16.33%; 95% CI 8.51–29.04%),0.1836734693877551,0.09976341062070308,0.3135760260289987,9/49 (18.37%; 95% CI 9.98–31.36%),0.08163265306122448,0.032202817667763686,0.19189127596571287,4/49 (8.16%; 95% CI 3.22–19.19%),0.5714285714285714,0.4327049309001736,0.699766809211184,28/49 (57.14%; 95% CI 43.27–69.98%),0.8367346938775511,0.7096366156608317,0.9148730162927116,41/49 (83.67%; 95% CI 70.96–91.49%)
huron,qwen,appod,H16,16,4,5,8,27,9,49,41,0.16326530612244897,0.08512698370728837,0.2903633843391683,8/49 (16.33%; 95% CI 8.51–29.04%),0.1836734693877551,0.09976341062070308,0.3135760260289987,9/49 (18.37%; 95% CI 9.98–31.36%),0.10204081632653061,0.04437954674476266,0.21756361549195893,5/49 (10.20%; 95% CI 4.44–21.76%),0.5510204081632653,0.413151082194979,0.6814715893131335,27/49 (55.10%; 95% CI 41.32–68.15%),0.8367346938775511,0.7096366156608317,0.9148730162927116,41/49 (83.67%; 95% CI 70.96–91.49%)
huron,qwen,appod,H16,16,5,5,8,27,9,49,41,0.16326530612244897,0.08512698370728837,0.2903633843391683,8/49 (16.33%; 95% CI 8.51–29.04%),0.1836734693877551,0.09976341062070308,0.3135760260289987,9/49 (18.37%; 95% CI 9.98–31.36%),0.10204081632653061,0.04437954674476266,0.21756361549195893,5/49 (10.20%; 95% CI 4.44–21.76%),0.5510204081632653,0.413151082194979,0.6814715893131335,27/49 (55.10%; 95% CI 41.32–68.15%),0.8367346938775511,0.7096366156608317,0.9148730162927116,41/49 (83.67%; 95% CI 70.96–91.49%)
huron,qwen,appod,H18,18,1,1,11,30,7,49,38,0.22448979591836735,0.13024970149659185,0.35878787235959997,11/49 (22.45%; 95% CI 13.02–35.88%),0.14285714285714285,0.0709642372040676,0.26667706223914406,7/49 (14.29%; 95% CI 7.10–26.67%),0.02040816326530612,0.0036116725898252405,0.10693521523391616,1/49 (2.04%; 95% CI 0.36–10.69%),0.6122448979591837,0.4724599944352045,0.7357098828826433,30/49 (61.22%; 95% CI 47.25–73.57%),0.7755102040816326,0.6412121276403999,0.869750298503408,38/49 (77.55%; 95% CI 64.12–86.98%)
huron,qwen,appod,H18,18,2,3,11,28,7,49,38,0.22448979591836735,0.13024970149659185,0.35878787235959997,11/49 (22.45%; 95% CI 13.02–35.88%),0.14285714285714285,0.0709642372040676,0.26667706223914406,7/49 (14.29%; 95% CI 7.10–26.67%),0.061224489795918366,0.02104014667296747,0.16520487835726402,3/49 (6.12%; 95% CI 2.10–16.52%),0.5714285714285714,0.4327049309001736,0.699766809211184,28/49 (57.14%; 95% CI 43.27–69.98%),0.7755102040816326,0.6412121276403999,0.869750298503408,38/49 (77.55%; 95% CI 64.12–86.98%)
huron,qwen,appod,H18,18,3,6,11,25,7,49,38,0.22448979591836735,0.13024970149659185,0.35878787235959997,11/49 (22.45%; 95% CI 13.02–35.88%),0.14285714285714285,0.0709642372040676,0.26667706223914406,7/49 (14.29%; 95% CI 7.10–26.67%),0.12244897959183673,0.05734825790240154,0.2424439729375651,6/49 (12.24%; 95% CI 5.73–24.24%),0.5102040816326531,0.37467563740468035,0.6442488968969421,25/49 (51.02%; 95% CI 37.47–64.42%),0.7755102040816326,0.6412121276403999,0.869750298503408,38/49 (77.55%; 95% CI 64.12–86.98%)
huron,qwen,appod,H18,18,4,6,11,25,7,49,38,0.22448979591836735,0.13024970149659185,0.35878787235959997,11/49 (22.45%; 95% CI 13.02–35.88%),0.14285714285714285,0.0709642372040676,0.26667706223914406,7/49 (14.29%; 95% CI 7.10–26.67%),0.12244897959183673,0.05734825790240154,0.2424439729375651,6/49 (12.24%; 95% CI 5.73–24.24%),0.5102040816326531,0.37467563740468035,0.6442488968969421,25/49 (51.02%; 95% CI 37.47–64.42%),0.7755102040816326,0.6412121276403999,0.869750298503408,38/49 (77.55%; 95% CI 64.12–86.98%)
huron,qwen,appod,H18,18,5,6,11,25,7,49,38,0.22448979591836735,0.13024970149659185,0.35878787235959997,11/49 (22.45%; 95% CI 13.02–35.88%),0.14285714285714285,0.0709642372040676,0.26667706223914406,7/49 (14.29%; 95% CI 7.10–26.67%),0.12244897959183673,0.05734825790240154,0.2424439729375651,6/49 (12.24%; 95% CI 5.73–24.24%),0.5102040816326531,0.37467563740468035,0.6442488968969421,25/49 (51.02%; 95% CI 37.47–64.42%),0.7755102040816326,0.6412121276403999,0.869750298503408,38/49 (77.55%; 95% CI 64.12–86.98%)
huron,qwen,appod,H20,20,1,2,9,31,7,49,40,0.1836734693877551,0.09976341062070308,0.3135760260289987,9/49 (18.37%; 95% CI 9.98–31.36%),0.14285714285714285,0.0709642372040676,0.26667706223914406,7/49 (14.29%; 95% CI 7.10–26.67%),0.04081632653061224,0.011265633366185787,0.13713032306080064,2/49 (4.08%; 95% CI 1.13–13.71%),0.6326530612244898,0.49267067560792427,0.7533482703131686,31/49 (63.27%; 95% CI 49.27–75.33%),0.8163265306122449,0.6864239739710013,0.9002365893792968,40/49 (81.63%; 95% CI 68.64–90.02%)
huron,qwen,appod,H20,20,2,3,9,30,7,49,40,0.1836734693877551,0.09976341062070308,0.3135760260289987,9/49 (18.37%; 95% CI 9.98–31.36%),0.14285714285714285,0.0709642372040676,0.26667706223914406,7/49 (14.29%; 95% CI 7.10–26.67%),0.061224489795918366,0.02104014667296747,0.16520487835726402,3/49 (6.12%; 95% CI 2.10–16.52%),0.6122448979591837,0.4724599944352045,0.7357098828826433,30/49 (61.22%; 95% CI 47.25–73.57%),0.8163265306122449,0.6864239739710013,0.9002365893792968,40/49 (81.63%; 95% CI 68.64–90.02%)
huron,qwen,appod,H20,20,3,5,9,28,7,49,40,0.1836734693877551,0.09976341062070308,0.3135760260289987,9/49 (18.37%; 95% CI 9.98–31.36%),0.14285714285714285,0.0709642372040676,0.26667706223914406,7/49 (14.29%; 95% CI 7.10–26.67%),0.10204081632653061,0.04437954674476266,0.21756361549195893,5/49 (10.20%; 95% CI 4.44–21.76%),0.5714285714285714,0.4327049309001736,0.699766809211184,28/49 (57.14%; 95% CI 43.27–69.98%),0.8163265306122449,0.6864239739710013,0.9002365893792968,40/49 (81.63%; 95% CI 68.64–90.02%)
huron,qwen,appod,H20,20,4,5,9,28,7,49,40,0.1836734693877551,0.09976341062070308,0.3135760260289987,9/49 (18.37%; 95% CI 9.98–31.36%),0.14285714285714285,0.0709642372040676,0.26667706223914406,7/49 (14.29%; 95% CI 7.10–26.67%),0.10204081632653061,0.04437954674476266,0.21756361549195893,5/49 (10.20%; 95% CI 4.44–21.76%),0.5714285714285714,0.4327049309001736,0.699766809211184,28/49 (57.14%; 95% CI 43.27–69.98%),0.8163265306122449,0.6864239739710013,0.9002365893792968,40/49 (81.63%; 95% CI 68.64–90.02%)
huron,qwen,appod,H20,20,5,5,9,28,7,49,40,0.1836734693877551,0.09976341062070308,0.3135760260289987,9/49 (18.37%; 95% CI 9.98–31.36%),0.14285714285714285,0.0709642372040676,0.26667706223914406,7/49 (14.29%; 95% CI 7.10–26.67%),0.10204081632653061,0.04437954674476266,0.21756361549195893,5/49 (10.20%; 95% CI 4.44–21.76%),0.5714285714285714,0.4327049309001736,0.699766809211184,28/49 (57.14%; 95% CI 43.27–69.98%),0.8163265306122449,0.6864239739710013,0.9002365893792968,40/49 (81.63%; 95% CI 68.64–90.02%)
huron,qwen,appod,H22,22,1,1,12,30,6,49,37,0.24489795918367346,0.14602345258339752,0.3808631898760393,12/49 (24.49%; 95% CI 14.60–38.09%),0.12244897959183673,0.05734825790240154,0.2424439729375651,6/49 (12.24%; 95% CI 5.73–24.24%),0.02040816326530612,0.0036116725898252405,0.10693521523391616,1/49 (2.04%; 95% CI 0.36–10.69%),0.6122448979591837,0.4724599944352045,0.7357098828826433,30/49 (61.22%; 95% CI 47.25–73.57%),0.7551020408163265,0.6191368101239605,0.8539765474166023,37/49 (75.51%; 95% CI 61.91–85.40%)
huron,qwen,appod,H22,22,2,3,12,28,6,49,37,0.24489795918367346,0.14602345258339752,0.3808631898760393,12/49 (24.49%; 95% CI 14.60–38.09%),0.12244897959183673,0.05734825790240154,0.2424439729375651,6/49 (12.24%; 95% CI 5.73–24.24%),0.061224489795918366,0.02104014667296747,0.16520487835726402,3/49 (6.12%; 95% CI 2.10–16.52%),0.5714285714285714,0.4327049309001736,0.699766809211184,28/49 (57.14%; 95% CI 43.27–69.98%),0.7551020408163265,0.6191368101239605,0.8539765474166023,37/49 (75.51%; 95% CI 61.91–85.40%)
huron,qwen,appod,H22,22,3,4,12,27,6,49,37,0.24489795918367346,0.14602345258339752,0.3808631898760393,12/49 (24.49%; 95% CI 14.60–38.09%),0.12244897959183673,0.05734825790240154,0.2424439729375651,6/49 (12.24%; 95% CI 5.73–24.24%),0.08163265306122448,0.032202817667763686,0.19189127596571287,4/49 (8.16%; 95% CI 3.22–19.19%),0.5510204081632653,0.413151082194979,0.6814715893131335,27/49 (55.10%; 95% CI 41.32–68.15%),0.7551020408163265,0.6191368101239605,0.8539765474166023,37/49 (75.51%; 95% CI 61.91–85.40%)
huron,qwen,appod,H22,22,4,5,12,26,6,49,37,0.24489795918367346,0.14602345258339752,0.3808631898760393,12/49 (24.49%; 95% CI 14.60–38.09%),0.12244897959183673,0.05734825790240154,0.2424439729375651,6/49 (12.24%; 95% CI 5.73–24.24%),0.10204081632653061,0.04437954674476266,0.21756361549195893,5/49 (10.20%; 95% CI 4.44–21.76%),0.5306122448979592,0.39380863983661896,0.6629649630682484,26/49 (53.06%; 95% CI 39.38–66.30%),0.7551020408163265,0.6191368101239605,0.8539765474166023,37/49 (75.51%; 95% CI 61.91–85.40%)
huron,qwen,appod,H22,22,5,5,12,26,6,49,37,0.24489795918367346,0.14602345258339752,0.3808631898760393,12/49 (24.49%; 95% CI 14.60–38.09%),0.12244897959183673,0.05734825790240154,0.2424439729375651,6/49 (12.24%; 95% CI 5.73–24.24%),0.10204081632653061,0.04437954674476266,0.21756361549195893,5/49 (10.20%; 95% CI 4.44–21.76%),0.5306122448979592,0.39380863983661896,0.6629649630682484,26/49 (53.06%; 95% CI 39.38–66.30%),0.7551020408163265,0.6191368101239605,0.8539765474166023,37/49 (75.51%; 95% CI 61.91–85.40%)
huron,qwen,appod,H24,24,1,1,15,29,4,49,34,0.30612244897959184,0.19515491268006566,0.44527893558910636,15/49 (30.61%; 95% CI 19.52–44.53%),0.08163265306122448,0.032202817667763686,0.19189127596571287,4/49 (8.16%; 95% CI 3.22–19.19%),0.02040816326530612,0.0036116725898252405,0.10693521523391616,1/49 (2.04%; 95% CI 0.36–10.69%),0.5918367346938775,0.4524731939184714,0.7178476147961312,29/49 (59.18%; 95% CI 45.25–71.78%),0.6938775510204082,0.5547210644108935,0.8048450873199342,34/49 (69.39%; 95% CI 55.47–80.48%)
huron,qwen,appod,H24,24,2,3,15,27,4,49,34,0.30612244897959184,0.19515491268006566,0.44527893558910636,15/49 (30.61%; 95% CI 19.52–44.53%),0.08163265306122448,0.032202817667763686,0.19189127596571287,4/49 (8.16%; 95% CI 3.22–19.19%),0.061224489795918366,0.02104014667296747,0.16520487835726402,3/49 (6.12%; 95% CI 2.10–16.52%),0.5510204081632653,0.413151082194979,0.6814715893131335,27/49 (55.10%; 95% CI 41.32–68.15%),0.6938775510204082,0.5547210644108935,0.8048450873199342,34/49 (69.39%; 95% CI 55.47–80.48%)
huron,qwen,appod,H24,24,3,5,15,25,4,49,34,0.30612244897959184,0.19515491268006566,0.44527893558910636,15/49 (30.61%; 95% CI 19.52–44.53%),0.08163265306122448,0.032202817667763686,0.19189127596571287,4/49 (8.16%; 95% CI 3.22–19.19%),0.10204081632653061,0.04437954674476266,0.21756361549195893,5/49 (10.20%; 95% CI 4.44–21.76%),0.5102040816326531,0.37467563740468035,0.6442488968969421,25/49 (51.02%; 95% CI 37.47–64.42%),0.6938775510204082,0.5547210644108935,0.8048450873199342,34/49 (69.39%; 95% CI 55.47–80.48%)
huron,qwen,appod,H24,24,4,5,15,25,4,49,34,0.30612244897959184,0.19515491268006566,0.44527893558910636,15/49 (30.61%; 95% CI 19.52–44.53%),0.08163265306122448,0.032202817667763686,0.19189127596571287,4/49 (8.16%; 95% CI 3.22–19.19%),0.10204081632653061,0.04437954674476266,0.21756361549195893,5/49 (10.20%; 95% CI 4.44–21.76%),0.5102040816326531,0.37467563740468035,0.6442488968969421,25/49 (51.02%; 95% CI 37.47–64.42%),0.6938775510204082,0.5547210644108935,0.8048450873199342,34/49 (69.39%; 95% CI 55.47–80.48%)
huron,qwen,appod,H24,24,5,5,15,25,4,49,34,0.30612244897959184,0.19515491268006566,0.44527893558910636,15/49 (30.61%; 95% CI 19.52–44.53%),0.08163265306122448,0.032202817667763686,0.19189127596571287,4/49 (8.16%; 95% CI 3.22–19.19%),0.10204081632653061,0.04437954674476266,0.21756361549195893,5/49 (10.20%; 95% CI 4.44–21.76%),0.5102040816326531,0.37467563740468035,0.6442488968969421,25/49 (51.02%; 95% CI 37.47–64.42%),0.6938775510204082,0.5547210644108935,0.8048450873199342,34/49 (69.39%; 95% CI 55.47–80.48%)
huron,qwen,appod,H26,26,1,1,13,31,4,49,36,0.2653061224489796,0.16211282134957408,0.4026228897131079,13/49 (26.53%; 95% CI 16.21–40.26%),0.08163265306122448,0.032202817667763686,0.19189127596571287,4/49 (8.16%; 95% CI 3.22–19.19%),0.02040816326530612,0.0036116725898252405,0.10693521523391616,1/49 (2.04%; 95% CI 0.36–10.69%),0.6326530612244898,0.49267067560792427,0.7533482703131686,31/49 (63.27%; 95% CI 49.27–75.33%),0.7346938775510204,0.5973771102868921,0.8378871786504258,36/49 (73.47%; 95% CI 59.74–83.79%)
huron,qwen,appod,H26,26,2,3,13,29,4,49,36,0.2653061224489796,0.16211282134957408,0.4026228897131079,13/49 (26.53%; 95% CI 16.21–40.26%),0.08163265306122448,0.032202817667763686,0.19189127596571287,4/49 (8.16%; 95% CI 3.22–19.19%),0.061224489795918366,0.02104014667296747,0.16520487835726402,3/49 (6.12%; 95% CI 2.10–16.52%),0.5918367346938775,0.4524731939184714,0.7178476147961312,29/49 (59.18%; 95% CI 45.25–71.78%),0.7346938775510204,0.5973771102868921,0.8378871786504258,36/49 (73.47%; 95% CI 59.74–83.79%)
huron,qwen,appod,H26,26,3,5,13,27,4,49,36,0.2653061224489796,0.16211282134957408,0.4026228897131079,13/49 (26.53%; 95% CI 16.21–40.26%),0.08163265306122448,0.032202817667763686,0.19189127596571287,4/49 (8.16%; 95% CI 3.22–19.19%),0.10204081632653061,0.04437954674476266,0.21756361549195893,5/49 (10.20%; 95% CI 4.44–21.76%),0.5510204081632653,0.413151082194979,0.6814715893131335,27/49 (55.10%; 95% CI 41.32–68.15%),0.7346938775510204,0.5973771102868921,0.8378871786504258,36/49 (73.47%; 95% CI 59.74–83.79%)
huron,qwen,appod,H26,26,4,5,13,27,4,49,36,0.2653061224489796,0.16211282134957408,0.4026228897131079,13/49 (26.53%; 95% CI 16.21–40.26%),0.08163265306122448,0.032202817667763686,0.19189127596571287,4/49 (8.16%; 95% CI 3.22–19.19%),0.10204081632653061,0.04437954674476266,0.21756361549195893,5/49 (10.20%; 95% CI 4.44–21.76%),0.5510204081632653,0.413151082194979,0.6814715893131335,27/49 (55.10%; 95% CI 41.32–68.15%),0.7346938775510204,0.5973771102868921,0.8378871786504258,36/49 (73.47%; 95% CI 59.74–83.79%)
huron,qwen,appod,H26,26,5,5,13,27,4,49,36,0.2653061224489796,0.16211282134957408,0.4026228897131079,13/49 (26.53%; 95% CI 16.21–40.26%),0.08163265306122448,0.032202817667763686,0.19189127596571287,4/49 (8.16%; 95% CI 3.22–19.19%),0.10204081632653061,0.04437954674476266,0.21756361549195893,5/49 (10.20%; 95% CI 4.44–21.76%),0.5510204081632653,0.413151082194979,0.6814715893131335,27/49 (55.10%; 95% CI 41.32–68.15%),0.7346938775510204,0.5973771102868921,0.8378871786504258,36/49 (73.47%; 95% CI 59.74–83.79%)
huron,qwen,appod,H28,28,1,2,13,30,4,49,36,0.2653061224489796,0.16211282134957408,0.4026228897131079,13/49 (26.53%; 95% CI 16.21–40.26%),0.08163265306122448,0.032202817667763686,0.19189127596571287,4/49 (8.16%; 95% CI 3.22–19.19%),0.04081632653061224,0.011265633366185787,0.13713032306080064,2/49 (4.08%; 95% CI 1.13–13.71%),0.6122448979591837,0.4724599944352045,0.7357098828826433,30/49 (61.22%; 95% CI 47.25–73.57%),0.7346938775510204,0.5973771102868921,0.8378871786504258,36/49 (73.47%; 95% CI 59.74–83.79%)
huron,qwen,appod,H28,28,2,4,13,28,4,49,36,0.2653061224489796,0.16211282134957408,0.4026228897131079,13/49 (26.53%; 95% CI 16.21–40.26%),0.08163265306122448,0.032202817667763686,0.19189127596571287,4/49 (8.16%; 95% CI 3.22–19.19%),0.08163265306122448,0.032202817667763686,0.19189127596571287,4/49 (8.16%; 95% CI 3.22–19.19%),0.5714285714285714,0.4327049309001736,0.699766809211184,28/49 (57.14%; 95% CI 43.27–69.98%),0.7346938775510204,0.5973771102868921,0.8378871786504258,36/49 (73.47%; 95% CI 59.74–83.79%)
huron,qwen,appod,H28,28,3,6,13,26,4,49,36,0.2653061224489796,0.16211282134957408,0.4026228897131079,13/49 (26.53%; 95% CI 16.21–40.26%),0.08163265306122448,0.032202817667763686,0.19189127596571287,4/49 (8.16%; 95% CI 3.22–19.19%),0.12244897959183673,0.05734825790240154,0.2424439729375651,6/49 (12.24%; 95% CI 5.73–24.24%),0.5306122448979592,0.39380863983661896,0.6629649630682484,26/49 (53.06%; 95% CI 39.38–66.30%),0.7346938775510204,0.5973771102868921,0.8378871786504258,36/49 (73.47%; 95% CI 59.74–83.79%)
huron,qwen,appod,H28,28,4,6,13,26,4,49,36,0.2653061224489796,0.16211282134957408,0.4026228897131079,13/49 (26.53%; 95% CI 16.21–40.26%),0.08163265306122448,0.032202817667763686,0.19189127596571287,4/49 (8.16%; 95% CI 3.22–19.19%),0.12244897959183673,0.05734825790240154,0.2424439729375651,6/49 (12.24%; 95% CI 5.73–24.24%),0.5306122448979592,0.39380863983661896,0.6629649630682484,26/49 (53.06%; 95% CI 39.38–66.30%),0.7346938775510204,0.5973771102868921,0.8378871786504258,36/49 (73.47%; 95% CI 59.74–83.79%)
huron,qwen,appod,H28,28,5,6,13,26,4,49,36,0.2653061224489796,0.16211282134957408,0.4026228897131079,13/49 (26.53%; 95% CI 16.21–40.26%),0.08163265306122448,0.032202817667763686,0.19189127596571287,4/49 (8.16%; 95% CI 3.22–19.19%),0.12244897959183673,0.05734825790240154,0.2424439729375651,6/49 (12.24%; 95% CI 5.73–24.24%),0.5306122448979592,0.39380863983661896,0.6629649630682484,26/49 (53.06%; 95% CI 39.38–66.30%),0.7346938775510204,0.5973771102868921,0.8378871786504258,36/49 (73.47%; 95% CI 59.74–83.79%)
huron,qwen,appod,H30,30,1,1,12,31,5,49,37,0.24489795918367346,0.14602345258339752,0.3808631898760393,12/49 (24.49%; 95% CI 14.60–38.09%),0.10204081632653061,0.04437954674476266,0.21756361549195893,5/49 (10.20%; 95% CI 4.44–21.76%),0.02040816326530612,0.0036116725898252405,0.10693521523391616,1/49 (2.04%; 95% CI 0.36–10.69%),0.6326530612244898,0.49267067560792427,0.7533482703131686,31/49 (63.27%; 95% CI 49.27–75.33%),0.7551020408163265,0.6191368101239605,0.8539765474166023,37/49 (75.51%; 95% CI 61.91–85.40%)
huron,qwen,appod,H30,30,2,3,12,29,5,49,37,0.24489795918367346,0.14602345258339752,0.3808631898760393,12/49 (24.49%; 95% CI 14.60–38.09%),0.10204081632653061,0.04437954674476266,0.21756361549195893,5/49 (10.20%; 95% CI 4.44–21.76%),0.061224489795918366,0.02104014667296747,0.16520487835726402,3/49 (6.12%; 95% CI 2.10–16.52%),0.5918367346938775,0.4524731939184714,0.7178476147961312,29/49 (59.18%; 95% CI 45.25–71.78%),0.7551020408163265,0.6191368101239605,0.8539765474166023,37/49 (75.51%; 95% CI 61.91–85.40%)
huron,qwen,appod,H30,30,3,6,12,26,5,49,37,0.24489795918367346,0.14602345258339752,0.3808631898760393,12/49 (24.49%; 95% CI 14.60–38.09%),0.10204081632653061,0.04437954674476266,0.21756361549195893,5/49 (10.20%; 95% CI 4.44–21.76%),0.12244897959183673,0.05734825790240154,0.2424439729375651,6/49 (12.24%; 95% CI 5.73–24.24%),0.5306122448979592,0.39380863983661896,0.6629649630682484,26/49 (53.06%; 95% CI 39.38–66.30%),0.7551020408163265,0.6191368101239605,0.8539765474166023,37/49 (75.51%; 95% CI 61.91–85.40%)
huron,qwen,appod,H30,30,4,6,12,26,5,49,37,0.24489795918367346,0.14602345258339752,0.3808631898760393,12/49 (24.49%; 95% CI 14.60–38.09%),0.10204081632653061,0.04437954674476266,0.21756361549195893,5/49 (10.20%; 95% CI 4.44–21.76%),0.12244897959183673,0.05734825790240154,0.2424439729375651,6/49 (12.24%; 95% CI 5.73–24.24%),0.5306122448979592,0.39380863983661896,0.6629649630682484,26/49 (53.06%; 95% CI 39.38–66.30%),0.7551020408163265,0.6191368101239605,0.8539765474166023,37/49 (75.51%; 95% CI 61.91–85.40%)
huron,qwen,appod,H30,30,5,6,12,26,5,49,37,0.24489795918367346,0.14602345258339752,0.3808631898760393,12/49 (24.49%; 95% CI 14.60–38.09%),0.10204081632653061,0.04437954674476266,0.21756361549195893,5/49 (10.20%; 95% CI 4.44–21.76%),0.12244897959183673,0.05734825790240154,0.2424439729375651,6/49 (12.24%; 95% CI 5.73–24.24%),0.5306122448979592,0.39380863983661896,0.6629649630682484,26/49 (53.06%; 95% CI 39.38–66.30%),0.7551020408163265,0.6191368101239605,0.8539765474166023,37/49 (75.51%; 95% CI 61.91–85.40%)
huron,qwen,appod,H32,32,1,2,16,27,4,49,33,0.32653061224489793,0.21207497001811865,0.4662079468542984,16/49 (32.65%; 95% CI 21.21–46.62%),0.08163265306122448,0.032202817667763686,0.19189127596571287,4/49 (8.16%; 95% CI 3.22–19.19%),0.04081632653061224,0.011265633366185787,0.13713032306080064,2/49 (4.08%; 95% CI 1.13–13.71%),0.5510204081632653,0.413151082194979,0.6814715893131335,27/49 (55.10%; 95% CI 41.32–68.15%),0.673469387755102,0.5337920531457014,0.7879250299818812,33/49 (67.35%; 95% CI 53.38–78.79%)
huron,qwen,appod,H32,32,2,3,16,26,4,49,33,0.32653061224489793,0.21207497001811865,0.4662079468542984,16/49 (32.65%; 95% CI 21.21–46.62%),0.08163265306122448,0.032202817667763686,0.19189127596571287,4/49 (8.16%; 95% CI 3.22–19.19%),0.061224489795918366,0.02104014667296747,0.16520487835726402,3/49 (6.12%; 95% CI 2.10–16.52%),0.5306122448979592,0.39380863983661896,0.6629649630682484,26/49 (53.06%; 95% CI 39.38–66.30%),0.673469387755102,0.5337920531457014,0.7879250299818812,33/49 (67.35%; 95% CI 53.38–78.79%)
huron,qwen,appod,H32,32,3,5,16,24,4,49,33,0.32653061224489793,0.21207497001811865,0.4662079468542984,16/49 (32.65%; 95% CI 21.21–46.62%),0.08163265306122448,0.032202817667763686,0.19189127596571287,4/49 (8.16%; 95% CI 3.22–19.19%),0.10204081632653061,0.04437954674476266,0.21756361549195893,5/49 (10.20%; 95% CI 4.44–21.76%),0.4897959183673469,0.3557511031030578,0.6253243625953194,24/49 (48.98%; 95% CI 35.58–62.53%),0.673469387755102,0.5337920531457014,0.7879250299818812,33/49 (67.35%; 95% CI 53.38–78.79%)
huron,qwen,appod,H32,32,4,5,16,24,4,49,33,0.32653061224489793,0.21207497001811865,0.4662079468542984,16/49 (32.65%; 95% CI 21.21–46.62%),0.08163265306122448,0.032202817667763686,0.19189127596571287,4/49 (8.16%; 95% CI 3.22–19.19%),0.10204081632653061,0.04437954674476266,0.21756361549195893,5/49 (10.20%; 95% CI 4.44–21.76%),0.4897959183673469,0.3557511031030578,0.6253243625953194,24/49 (48.98%; 95% CI 35.58–62.53%),0.673469387755102,0.5337920531457014,0.7879250299818812,33/49 (67.35%; 95% CI 53.38–78.79%)
huron,qwen,appod,H32,32,5,5,16,24,4,49,33,0.32653061224489793,0.21207497001811865,0.4662079468542984,16/49 (32.65%; 95% CI 21.21–46.62%),0.08163265306122448,0.032202817667763686,0.19189127596571287,4/49 (8.16%; 95% CI 3.22–19.19%),0.10204081632653061,0.04437954674476266,0.21756361549195893,5/49 (10.20%; 95% CI 4.44–21.76%),0.4897959183673469,0.3557511031030578,0.6253243625953194,24/49 (48.98%; 95% CI 35.58–62.53%),0.673469387755102,0.5337920531457014,0.7879250299818812,33/49 (67.35%; 95% CI 53.38–78.79%)
pal,internvl,appfr,H02,2,1,4,4,5,5,18,14,0.2222222222222222,0.09000928108601694,0.45214584316212625,4/18 (22.22%; 95% CI 9.00–45.21%),0.2777777777777778,0.12499753379553993,0.5087265656029746,5/18 (27.78%; 95% CI 12.50–50.87%),0.2222222222222222,0.09000928108601694,0.45214584316212625,4/18 (22.22%; 95% CI 9.00–45.21%),0.2777777777777778,0.12499753379553993,0.5087265656029746,5/18 (27.78%; 95% CI 12.50–50.87%),0.7777777777777778,0.5478541568378739,0.9099907189139831,14/18 (77.78%; 95% CI 54.79–91.00%)
pal,internvl,appfr,H02,2,2,4,4,5,5,18,14,0.2222222222222222,0.09000928108601694,0.45214584316212625,4/18 (22.22%; 95% CI 9.00–45.21%),0.2777777777777778,0.12499753379553993,0.5087265656029746,5/18 (27.78%; 95% CI 12.50–50.87%),0.2222222222222222,0.09000928108601694,0.45214584316212625,4/18 (22.22%; 95% CI 9.00–45.21%),0.2777777777777778,0.12499753379553993,0.5087265656029746,5/18 (27.78%; 95% CI 12.50–50.87%),0.7777777777777778,0.5478541568378739,0.9099907189139831,14/18 (77.78%; 95% CI 54.79–91.00%)
pal,internvl,appfr,H02,2,3,4,4,5,5,18,14,0.2222222222222222,0.09000928108601694,0.45214584316212625,4/18 (22.22%; 95% CI 9.00–45.21%),0.2777777777777778,0.12499753379553993,0.5087265656029746,5/18 (27.78%; 95% CI 12.50–50.87%),0.2222222222222222,0.09000928108601694,0.45214584316212625,4/18 (22.22%; 95% CI 9.00–45.21%),0.2777777777777778,0.12499753379553993,0.5087265656029746,5/18 (27.78%; 95% CI 12.50–50.87%),0.7777777777777778,0.5478541568378739,0.9099907189139831,14/18 (77.78%; 95% CI 54.79–91.00%)
pal,internvl,appfr,H02,2,4,5,4,4,5,18,14,0.2222222222222222,0.09000928108601694,0.45214584316212625,4/18 (22.22%; 95% CI 9.00–45.21%),0.2777777777777778,0.12499753379553993,0.5087265656029746,5/18 (27.78%; 95% CI 12.50–50.87%),0.2777777777777778,0.12499753379553993,0.5087265656029746,5/18 (27.78%; 95% CI 12.50–50.87%),0.2222222222222222,0.09000928108601694,0.45214584316212625,4/18 (22.22%; 95% CI 9.00–45.21%),0.7777777777777778,0.5478541568378739,0.9099907189139831,14/18 (77.78%; 95% CI 54.79–91.00%)
pal,internvl,appfr,H02,2,5,5,4,4,5,18,14,0.2222222222222222,0.09000928108601694,0.45214584316212625,4/18 (22.22%; 95% CI 9.00–45.21%),0.2777777777777778,0.12499753379553993,0.5087265656029746,5/18 (27.78%; 95% CI 12.50–50.87%),0.2777777777777778,0.12499753379553993,0.5087265656029746,5/18 (27.78%; 95% CI 12.50–50.87%),0.2222222222222222,0.09000928108601694,0.45214584316212625,4/18 (22.22%; 95% CI 9.00–45.21%),0.7777777777777778,0.5478541568378739,0.9099907189139831,14/18 (77.78%; 95% CI 54.79–91.00%)
pal,internvl,appfr,H04,4,1,2,8,4,4,18,10,0.4444444444444444,0.24559518127005633,0.6628358435795723,8/18 (44.44%; 95% CI 24.56–66.28%),0.2222222222222222,0.09000928108601694,0.45214584316212625,4/18 (22.22%; 95% CI 9.00–45.21%),0.1111111111111111,0.03101952264561239,0.32799765130178804,2/18 (11.11%; 95% CI 3.10–32.80%),0.2222222222222222,0.09000928108601694,0.45214584316212625,4/18 (22.22%; 95% CI 9.00–45.21%),0.5555555555555556,0.33716415642042774,0.7544048187299437,10/18 (55.56%; 95% CI 33.72–75.44%)
pal,internvl,appfr,H04,4,2,2,8,4,4,18,10,0.4444444444444444,0.24559518127005633,0.6628358435795723,8/18 (44.44%; 95% CI 24.56–66.28%),0.2222222222222222,0.09000928108601694,0.45214584316212625,4/18 (22.22%; 95% CI 9.00–45.21%),0.1111111111111111,0.03101952264561239,0.32799765130178804,2/18 (11.11%; 95% CI 3.10–32.80%),0.2222222222222222,0.09000928108601694,0.45214584316212625,4/18 (22.22%; 95% CI 9.00–45.21%),0.5555555555555556,0.33716415642042774,0.7544048187299437,10/18 (55.56%; 95% CI 33.72–75.44%)
pal,internvl,appfr,H04,4,3,2,8,4,4,18,10,0.4444444444444444,0.24559518127005633,0.6628358435795723,8/18 (44.44%; 95% CI 24.56–66.28%),0.2222222222222222,0.09000928108601694,0.45214584316212625,4/18 (22.22%; 95% CI 9.00–45.21%),0.1111111111111111,0.03101952264561239,0.32799765130178804,2/18 (11.11%; 95% CI 3.10–32.80%),0.2222222222222222,0.09000928108601694,0.45214584316212625,4/18 (22.22%; 95% CI 9.00–45.21%),0.5555555555555556,0.33716415642042774,0.7544048187299437,10/18 (55.56%; 95% CI 33.72–75.44%)
pal,internvl,appfr,H04,4,4,2,8,4,4,18,10,0.4444444444444444,0.24559518127005633,0.6628358435795723,8/18 (44.44%; 95% CI 24.56–66.28%),0.2222222222222222,0.09000928108601694,0.45214584316212625,4/18 (22.22%; 95% CI 9.00–45.21%),0.1111111111111111,0.03101952264561239,0.32799765130178804,2/18 (11.11%; 95% CI 3.10–32.80%),0.2222222222222222,0.09000928108601694,0.45214584316212625,4/18 (22.22%; 95% CI 9.00–45.21%),0.5555555555555556,0.33716415642042774,0.7544048187299437,10/18 (55.56%; 95% CI 33.72–75.44%)
pal,internvl,appfr,H04,4,5,3,8,3,4,18,10,0.4444444444444444,0.24559518127005633,0.6628358435795723,8/18 (44.44%; 95% CI 24.56–66.28%),0.2222222222222222,0.09000928108601694,0.45214584316212625,4/18 (22.22%; 95% CI 9.00–45.21%),0.16666666666666666,0.05836576805861446,0.39222038103915724,3/18 (16.67%; 95% CI 5.84–39.22%),0.16666666666666666,0.05836576805861446,0.39222038103915724,3/18 (16.67%; 95% CI 5.84–39.22%),0.5555555555555556,0.33716415642042774,0.7544048187299437,10/18 (55.56%; 95% CI 33.72–75.44%)
pal,internvl,appfr,H06,6,1,4,0,6,8,18,18,0.0,0.0,0.17587922364665765,0/18 (0.00%; 95% CI 0.00–17.59%),0.4444444444444444,0.24559518127005633,0.6628358435795723,8/18 (44.44%; 95% CI 24.56–66.28%),0.2222222222222222,0.09000928108601694,0.45214584316212625,4/18 (22.22%; 95% CI 9.00–45.21%),0.3333333333333333,0.1627877475083369,0.5625053270405489,6/18 (33.33%; 95% CI 16.28–56.25%),1.0,0.8241207763533425,1.0,18/18 (100.00%; 95% CI 82.41–100.00%)
pal,internvl,appfr,H06,6,2,4,0,6,8,18,18,0.0,0.0,0.17587922364665765,0/18 (0.00%; 95% CI 0.00–17.59%),0.4444444444444444,0.24559518127005633,0.6628358435795723,8/18 (44.44%; 95% CI 24.56–66.28%),0.2222222222222222,0.09000928108601694,0.45214584316212625,4/18 (22.22%; 95% CI 9.00–45.21%),0.3333333333333333,0.1627877475083369,0.5625053270405489,6/18 (33.33%; 95% CI 16.28–56.25%),1.0,0.8241207763533425,1.0,18/18 (100.00%; 95% CI 82.41–100.00%)
pal,internvl,appfr,H06,6,3,4,0,6,8,18,18,0.0,0.0,0.17587922364665765,0/18 (0.00%; 95% CI 0.00–17.59%),0.4444444444444444,0.24559518127005633,0.6628358435795723,8/18 (44.44%; 95% CI 24.56–66.28%),0.2222222222222222,0.09000928108601694,0.45214584316212625,4/18 (22.22%; 95% CI 9.00–45.21%),0.3333333333333333,0.1627877475083369,0.5625053270405489,6/18 (33.33%; 95% CI 16.28–56.25%),1.0,0.8241207763533425,1.0,18/18 (100.00%; 95% CI 82.41–100.00%)
pal,internvl,appfr,H06,6,4,5,0,5,8,18,18,0.0,0.0,0.17587922364665765,0/18 (0.00%; 95% CI 0.00–17.59%),0.4444444444444444,0.24559518127005633,0.6628358435795723,8/18 (44.44%; 95% CI 24.56–66.28%),0.2777777777777778,0.12499753379553993,0.5087265656029746,5/18 (27.78%; 95% CI 12.50–50.87%),0.2777777777777778,0.12499753379553993,0.5087265656029746,5/18 (27.78%; 95% CI 12.50–50.87%),1.0,0.8241207763533425,1.0,18/18 (100.00%; 95% CI 82.41–100.00%)
pal,internvl,appfr,H06,6,5,5,0,5,8,18,18,0.0,0.0,0.17587922364665765,0/18 (0.00%; 95% CI 0.00–17.59%),0.4444444444444444,0.24559518127005633,0.6628358435795723,8/18 (44.44%; 95% CI 24.56–66.28%),0.2777777777777778,0.12499753379553993,0.5087265656029746,5/18 (27.78%; 95% CI 12.50–50.87%),0.2777777777777778,0.12499753379553993,0.5087265656029746,5/18 (27.78%; 95% CI 12.50–50.87%),1.0,0.8241207763533425,1.0,18/18 (100.00%; 95% CI 82.41–100.00%)
pal,internvl,appfr,H08,8,1,4,1,6,7,18,17,0.05555555555555555,0.009875190978303097,0.25757300781872594,1/18 (5.56%; 95% CI 0.99–25.76%),0.3888888888888889,0.2030524657216362,0.613809583977621,7/18 (38.89%; 95% CI 20.31–61.38%),0.2222222222222222,0.09000928108601694,0.45214584316212625,4/18 (22.22%; 95% CI 9.00–45.21%),0.3333333333333333,0.1627877475083369,0.5625053270405489,6/18 (33.33%; 95% CI 16.28–56.25%),0.9444444444444444,0.7424269921812741,0.990124809021697,17/18 (94.44%; 95% CI 74.24–99.01%)
pal,internvl,appfr,H08,8,2,4,1,6,7,18,17,0.05555555555555555,0.009875190978303097,0.25757300781872594,1/18 (5.56%; 95% CI 0.99–25.76%),0.3888888888888889,0.2030524657216362,0.613809583977621,7/18 (38.89%; 95% CI 20.31–61.38%),0.2222222222222222,0.09000928108601694,0.45214584316212625,4/18 (22.22%; 95% CI 9.00–45.21%),0.3333333333333333,0.1627877475083369,0.5625053270405489,6/18 (33.33%; 95% CI 16.28–56.25%),0.9444444444444444,0.7424269921812741,0.990124809021697,17/18 (94.44%; 95% CI 74.24–99.01%)
pal,internvl,appfr,H08,8,3,4,1,6,7,18,17,0.05555555555555555,0.009875190978303097,0.25757300781872594,1/18 (5.56%; 95% CI 0.99–25.76%),0.3888888888888889,0.2030524657216362,0.613809583977621,7/18 (38.89%; 95% CI 20.31–61.38%),0.2222222222222222,0.09000928108601694,0.45214584316212625,4/18 (22.22%; 95% CI 9.00–45.21%),0.3333333333333333,0.1627877475083369,0.5625053270405489,6/18 (33.33%; 95% CI 16.28–56.25%),0.9444444444444444,0.7424269921812741,0.990124809021697,17/18 (94.44%; 95% CI 74.24–99.01%)
pal,internvl,appfr,H08,8,4,5,1,5,7,18,17,0.05555555555555555,0.009875190978303097,0.25757300781872594,1/18 (5.56%; 95% CI 0.99–25.76%),0.3888888888888889,0.2030524657216362,0.613809583977621,7/18 (38.89%; 95% CI 20.31–61.38%),0.2777777777777778,0.12499753379553993,0.5087265656029746,5/18 (27.78%; 95% CI 12.50–50.87%),0.2777777777777778,0.12499753379553993,0.5087265656029746,5/18 (27.78%; 95% CI 12.50–50.87%),0.9444444444444444,0.7424269921812741,0.990124809021697,17/18 (94.44%; 95% CI 74.24–99.01%)
pal,internvl,appfr,H08,8,5,5,1,5,7,18,17,0.05555555555555555,0.009875190978303097,0.25757300781872594,1/18 (5.56%; 95% CI 0.99–25.76%),0.3888888888888889,0.2030524657216362,0.613809583977621,7/18 (38.89%; 95% CI 20.31–61.38%),0.2777777777777778,0.12499753379553993,0.5087265656029746,5/18 (27.78%; 95% CI 12.50–50.87%),0.2777777777777778,0.12499753379553993,0.5087265656029746,5/18 (27.78%; 95% CI 12.50–50.87%),0.9444444444444444,0.7424269921812741,0.990124809021697,17/18 (94.44%; 95% CI 74.24–99.01%)
pal,internvl,appfr,H10,10,1,4,0,6,8,18,18,0.0,0.0,0.17587922364665765,0/18 (0.00%; 95% CI 0.00–17.59%),0.4444444444444444,0.24559518127005633,0.6628358435795723,8/18 (44.44%; 95% CI 24.56–66.28%),0.2222222222222222,0.09000928108601694,0.45214584316212625,4/18 (22.22%; 95% CI 9.00–45.21%),0.3333333333333333,0.1627877475083369,0.5625053270405489,6/18 (33.33%; 95% CI 16.28–56.25%),1.0,0.8241207763533425,1.0,18/18 (100.00%; 95% CI 82.41–100.00%)
pal,internvl,appfr,H10,10,2,4,0,6,8,18,18,0.0,0.0,0.17587922364665765,0/18 (0.00%; 95% CI 0.00–17.59%),0.4444444444444444,0.24559518127005633,0.6628358435795723,8/18 (44.44%; 95% CI 24.56–66.28%),0.2222222222222222,0.09000928108601694,0.45214584316212625,4/18 (22.22%; 95% CI 9.00–45.21%),0.3333333333333333,0.1627877475083369,0.5625053270405489,6/18 (33.33%; 95% CI 16.28–56.25%),1.0,0.8241207763533425,1.0,18/18 (100.00%; 95% CI 82.41–100.00%)
pal,internvl,appfr,H10,10,3,4,0,6,8,18,18,0.0,0.0,0.17587922364665765,0/18 (0.00%; 95% CI 0.00–17.59%),0.4444444444444444,0.24559518127005633,0.6628358435795723,8/18 (44.44%; 95% CI 24.56–66.28%),0.2222222222222222,0.09000928108601694,0.45214584316212625,4/18 (22.22%; 95% CI 9.00–45.21%),0.3333333333333333,0.1627877475083369,0.5625053270405489,6/18 (33.33%; 95% CI 16.28–56.25%),1.0,0.8241207763533425,1.0,18/18 (100.00%; 95% CI 82.41–100.00%)
pal,internvl,appfr,H10,10,4,5,0,5,8,18,18,0.0,0.0,0.17587922364665765,0/18 (0.00%; 95% CI 0.00–17.59%),0.4444444444444444,0.24559518127005633,0.6628358435795723,8/18 (44.44%; 95% CI 24.56–66.28%),0.2777777777777778,0.12499753379553993,0.5087265656029746,5/18 (27.78%; 95% CI 12.50–50.87%),0.2777777777777778,0.12499753379553993,0.5087265656029746,5/18 (27.78%; 95% CI 12.50–50.87%),1.0,0.8241207763533425,1.0,18/18 (100.00%; 95% CI 82.41–100.00%)
pal,internvl,appfr,H10,10,5,5,0,5,8,18,18,0.0,0.0,0.17587922364665765,0/18 (0.00%; 95% CI 0.00–17.59%),0.4444444444444444,0.24559518127005633,0.6628358435795723,8/18 (44.44%; 95% CI 24.56–66.28%),0.2777777777777778,0.12499753379553993,0.5087265656029746,5/18 (27.78%; 95% CI 12.50–50.87%),0.2777777777777778,0.12499753379553993,0.5087265656029746,5/18 (27.78%; 95% CI 12.50–50.87%),1.0,0.8241207763533425,1.0,18/18 (100.00%; 95% CI 82.41–100.00%)
pal,internvl,appfr,H12,12,1,4,0,6,8,18,18,0.0,0.0,0.17587922364665765,0/18 (0.00%; 95% CI 0.00–17.59%),0.4444444444444444,0.24559518127005633,0.6628358435795723,8/18 (44.44%; 95% CI 24.56–66.28%),0.2222222222222222,0.09000928108601694,0.45214584316212625,4/18 (22.22%; 95% CI 9.00–45.21%),0.3333333333333333,0.1627877475083369,0.5625053270405489,6/18 (33.33%; 95% CI 16.28–56.25%),1.0,0.8241207763533425,1.0,18/18 (100.00%; 95% CI 82.41–100.00%)
pal,internvl,appfr,H12,12,2,4,0,6,8,18,18,0.0,0.0,0.17587922364665765,0/18 (0.00%; 95% CI 0.00–17.59%),0.4444444444444444,0.24559518127005633,0.6628358435795723,8/18 (44.44%; 95% CI 24.56–66.28%),0.2222222222222222,0.09000928108601694,0.45214584316212625,4/18 (22.22%; 95% CI 9.00–45.21%),0.3333333333333333,0.1627877475083369,0.5625053270405489,6/18 (33.33%; 95% CI 16.28–56.25%),1.0,0.8241207763533425,1.0,18/18 (100.00%; 95% CI 82.41–100.00%)
pal,internvl,appfr,H12,12,3,4,0,6,8,18,18,0.0,0.0,0.17587922364665765,0/18 (0.00%; 95% CI 0.00–17.59%),0.4444444444444444,0.24559518127005633,0.6628358435795723,8/18 (44.44%; 95% CI 24.56–66.28%),0.2222222222222222,0.09000928108601694,0.45214584316212625,4/18 (22.22%; 95% CI 9.00–45.21%),0.3333333333333333,0.1627877475083369,0.5625053270405489,6/18 (33.33%; 95% CI 16.28–56.25%),1.0,0.8241207763533425,1.0,18/18 (100.00%; 95% CI 82.41–100.00%)
pal,internvl,appfr,H12,12,4,5,0,5,8,18,18,0.0,0.0,0.17587922364665765,0/18 (0.00%; 95% CI 0.00–17.59%),0.4444444444444444,0.24559518127005633,0.6628358435795723,8/18 (44.44%; 95% CI 24.56–66.28%),0.2777777777777778,0.12499753379553993,0.5087265656029746,5/18 (27.78%; 95% CI 12.50–50.87%),0.2777777777777778,0.12499753379553993,0.5087265656029746,5/18 (27.78%; 95% CI 12.50–50.87%),1.0,0.8241207763533425,1.0,18/18 (100.00%; 95% CI 82.41–100.00%)
pal,internvl,appfr,H12,12,5,5,0,5,8,18,18,0.0,0.0,0.17587922364665765,0/18 (0.00%; 95% CI 0.00–17.59%),0.4444444444444444,0.24559518127005633,0.6628358435795723,8/18 (44.44%; 95% CI 24.56–66.28%),0.2777777777777778,0.12499753379553993,0.5087265656029746,5/18 (27.78%; 95% CI 12.50–50.87%),0.2777777777777778,0.12499753379553993,0.5087265656029746,5/18 (27.78%; 95% CI 12.50–50.87%),1.0,0.8241207763533425,1.0,18/18 (100.00%; 95% CI 82.41–100.00%)
pal,internvl,appfr,H14,14,1,2,2,6,8,18,16,0.1111111111111111,0.03101952264561239,0.32799765130178804,2/18 (11.11%; 95% CI 3.10–32.80%),0.4444444444444444,0.24559518127005633,0.6628358435795723,8/18 (44.44%; 95% CI 24.56–66.28%),0.1111111111111111,0.03101952264561239,0.32799765130178804,2/18 (11.11%; 95% CI 3.10–32.80%),0.3333333333333333,0.1627877475083369,0.5625053270405489,6/18 (33.33%; 95% CI 16.28–56.25%),0.8888888888888888,0.672002348698212,0.9689804773543876,16/18 (88.89%; 95% CI 67.20–96.90%)
pal,internvl,appfr,H14,14,2,2,2,6,8,18,16,0.1111111111111111,0.03101952264561239,0.32799765130178804,2/18 (11.11%; 95% CI 3.10–32.80%),0.4444444444444444,0.24559518127005633,0.6628358435795723,8/18 (44.44%; 95% CI 24.56–66.28%),0.1111111111111111,0.03101952264561239,0.32799765130178804,2/18 (11.11%; 95% CI 3.10–32.80%),0.3333333333333333,0.1627877475083369,0.5625053270405489,6/18 (33.33%; 95% CI 16.28–56.25%),0.8888888888888888,0.672002348698212,0.9689804773543876,16/18 (88.89%; 95% CI 67.20–96.90%)
pal,internvl,appfr,H14,14,3,2,2,6,8,18,16,0.1111111111111111,0.03101952264561239,0.32799765130178804,2/18 (11.11%; 95% CI 3.10–32.80%),0.4444444444444444,0.24559518127005633,0.6628358435795723,8/18 (44.44%; 95% CI 24.56–66.28%),0.1111111111111111,0.03101952264561239,0.32799765130178804,2/18 (11.11%; 95% CI 3.10–32.80%),0.3333333333333333,0.1627877475083369,0.5625053270405489,6/18 (33.33%; 95% CI 16.28–56.25%),0.8888888888888888,0.672002348698212,0.9689804773543876,16/18 (88.89%; 95% CI 67.20–96.90%)
pal,internvl,appfr,H14,14,4,3,2,5,8,18,16,0.1111111111111111,0.03101952264561239,0.32799765130178804,2/18 (11.11%; 95% CI 3.10–32.80%),0.4444444444444444,0.24559518127005633,0.6628358435795723,8/18 (44.44%; 95% CI 24.56–66.28%),0.16666666666666666,0.05836576805861446,0.39222038103915724,3/18 (16.67%; 95% CI 5.84–39.22%),0.2777777777777778,0.12499753379553993,0.5087265656029746,5/18 (27.78%; 95% CI 12.50–50.87%),0.8888888888888888,0.672002348698212,0.9689804773543876,16/18 (88.89%; 95% CI 67.20–96.90%)
pal,internvl,appfr,H14,14,5,3,2,5,8,18,16,0.1111111111111111,0.03101952264561239,0.32799765130178804,2/18 (11.11%; 95% CI 3.10–32.80%),0.4444444444444444,0.24559518127005633,0.6628358435795723,8/18 (44.44%; 95% CI 24.56–66.28%),0.16666666666666666,0.05836576805861446,0.39222038103915724,3/18 (16.67%; 95% CI 5.84–39.22%),0.2777777777777778,0.12499753379553993,0.5087265656029746,5/18 (27.78%; 95% CI 12.50–50.87%),0.8888888888888888,0.672002348698212,0.9689804773543876,16/18 (88.89%; 95% CI 67.20–96.90%)
pal,internvl,appfr,H16,16,1,2,3,6,7,18,15,0.16666666666666666,0.05836576805861446,0.39222038103915724,3/18 (16.67%; 95% CI 5.84–39.22%),0.3888888888888889,0.2030524657216362,0.613809583977621,7/18 (38.89%; 95% CI 20.31–61.38%),0.1111111111111111,0.03101952264561239,0.32799765130178804,2/18 (11.11%; 95% CI 3.10–32.80%),0.3333333333333333,0.1627877475083369,0.5625053270405489,6/18 (33.33%; 95% CI 16.28–56.25%),0.8333333333333334,0.6077796189608428,0.9416342319413856,15/18 (83.33%; 95% CI 60.78–94.16%)
pal,internvl,appfr,H16,16,2,2,3,6,7,18,15,0.16666666666666666,0.05836576805861446,0.39222038103915724,3/18 (16.67%; 95% CI 5.84–39.22%),0.3888888888888889,0.2030524657216362,0.613809583977621,7/18 (38.89%; 95% CI 20.31–61.38%),0.1111111111111111,0.03101952264561239,0.32799765130178804,2/18 (11.11%; 95% CI 3.10–32.80%),0.3333333333333333,0.1627877475083369,0.5625053270405489,6/18 (33.33%; 95% CI 16.28–56.25%),0.8333333333333334,0.6077796189608428,0.9416342319413856,15/18 (83.33%; 95% CI 60.78–94.16%)
pal,internvl,appfr,H16,16,3,2,3,6,7,18,15,0.16666666666666666,0.05836576805861446,0.39222038103915724,3/18 (16.67%; 95% CI 5.84–39.22%),0.3888888888888889,0.2030524657216362,0.613809583977621,7/18 (38.89%; 95% CI 20.31–61.38%),0.1111111111111111,0.03101952264561239,0.32799765130178804,2/18 (11.11%; 95% CI 3.10–32.80%),0.3333333333333333,0.1627877475083369,0.5625053270405489,6/18 (33.33%; 95% CI 16.28–56.25%),0.8333333333333334,0.6077796189608428,0.9416342319413856,15/18 (83.33%; 95% CI 60.78–94.16%)
pal,internvl,appfr,H16,16,4,3,3,5,7,18,15,0.16666666666666666,0.05836576805861446,0.39222038103915724,3/18 (16.67%; 95% CI 5.84–39.22%),0.3888888888888889,0.2030524657216362,0.613809583977621,7/18 (38.89%; 95% CI 20.31–61.38%),0.16666666666666666,0.05836576805861446,0.39222038103915724,3/18 (16.67%; 95% CI 5.84–39.22%),0.2777777777777778,0.12499753379553993,0.5087265656029746,5/18 (27.78%; 95% CI 12.50–50.87%),0.8333333333333334,0.6077796189608428,0.9416342319413856,15/18 (83.33%; 95% CI 60.78–94.16%)
pal,internvl,appfr,H16,16,5,3,3,5,7,18,15,0.16666666666666666,0.05836576805861446,0.39222038103915724,3/18 (16.67%; 95% CI 5.84–39.22%),0.3888888888888889,0.2030524657216362,0.613809583977621,7/18 (38.89%; 95% CI 20.31–61.38%),0.16666666666666666,0.05836576805861446,0.39222038103915724,3/18 (16.67%; 95% CI 5.84–39.22%),0.2777777777777778,0.12499753379553993,0.5087265656029746,5/18 (27.78%; 95% CI 12.50–50.87%),0.8333333333333334,0.6077796189608428,0.9416342319413856,15/18 (83.33%; 95% CI 60.78–94.16%)
pal,internvl,appfr,H18,18,1,4,1,6,7,18,17,0.05555555555555555,0.009875190978303097,0.25757300781872594,1/18 (5.56%; 95% CI 0.99–25.76%),0.3888888888888889,0.2030524657216362,0.613809583977621,7/18 (38.89%; 95% CI 20.31–61.38%),0.2222222222222222,0.09000928108601694,0.45214584316212625,4/18 (22.22%; 95% CI 9.00–45.21%),0.3333333333333333,0.1627877475083369,0.5625053270405489,6/18 (33.33%; 95% CI 16.28–56.25%),0.9444444444444444,0.7424269921812741,0.990124809021697,17/18 (94.44%; 95% CI 74.24–99.01%)
pal,internvl,appfr,H18,18,2,4,1,6,7,18,17,0.05555555555555555,0.009875190978303097,0.25757300781872594,1/18 (5.56%; 95% CI 0.99–25.76%),0.3888888888888889,0.2030524657216362,0.613809583977621,7/18 (38.89%; 95% CI 20.31–61.38%),0.2222222222222222,0.09000928108601694,0.45214584316212625,4/18 (22.22%; 95% CI 9.00–45.21%),0.3333333333333333,0.1627877475083369,0.5625053270405489,6/18 (33.33%; 95% CI 16.28–56.25%),0.9444444444444444,0.7424269921812741,0.990124809021697,17/18 (94.44%; 95% CI 74.24–99.01%)
pal,internvl,appfr,H18,18,3,4,1,6,7,18,17,0.05555555555555555,0.009875190978303097,0.25757300781872594,1/18 (5.56%; 95% CI 0.99–25.76%),0.3888888888888889,0.2030524657216362,0.613809583977621,7/18 (38.89%; 95% CI 20.31–61.38%),0.2222222222222222,0.09000928108601694,0.45214584316212625,4/18 (22.22%; 95% CI 9.00–45.21%),0.3333333333333333,0.1627877475083369,0.5625053270405489,6/18 (33.33%; 95% CI 16.28–56.25%),0.9444444444444444,0.7424269921812741,0.990124809021697,17/18 (94.44%; 95% CI 74.24–99.01%)
pal,internvl,appfr,H18,18,4,5,1,5,7,18,17,0.05555555555555555,0.009875190978303097,0.25757300781872594,1/18 (5.56%; 95% CI 0.99–25.76%),0.3888888888888889,0.2030524657216362,0.613809583977621,7/18 (38.89%; 95% CI 20.31–61.38%),0.2777777777777778,0.12499753379553993,0.5087265656029746,5/18 (27.78%; 95% CI 12.50–50.87%),0.2777777777777778,0.12499753379553993,0.5087265656029746,5/18 (27.78%; 95% CI 12.50–50.87%),0.9444444444444444,0.7424269921812741,0.990124809021697,17/18 (94.44%; 95% CI 74.24–99.01%)
pal,internvl,appfr,H18,18,5,5,1,5,7,18,17,0.05555555555555555,0.009875190978303097,0.25757300781872594,1/18 (5.56%; 95% CI 0.99–25.76%),0.3888888888888889,0.2030524657216362,0.613809583977621,7/18 (38.89%; 95% CI 20.31–61.38%),0.2777777777777778,0.12499753379553993,0.5087265656029746,5/18 (27.78%; 95% CI 12.50–50.87%),0.2777777777777778,0.12499753379553993,0.5087265656029746,5/18 (27.78%; 95% CI 12.50–50.87%),0.9444444444444444,0.7424269921812741,0.990124809021697,17/18 (94.44%; 95% CI 74.24–99.01%)
pal,internvl,appfr,H20,20,1,4,1,6,7,18,17,0.05555555555555555,0.009875190978303097,0.25757300781872594,1/18 (5.56%; 95% CI 0.99–25.76%),0.3888888888888889,0.2030524657216362,0.613809583977621,7/18 (38.89%; 95% CI 20.31–61.38%),0.2222222222222222,0.09000928108601694,0.45214584316212625,4/18 (22.22%; 95% CI 9.00–45.21%),0.3333333333333333,0.1627877475083369,0.5625053270405489,6/18 (33.33%; 95% CI 16.28–56.25%),0.9444444444444444,0.7424269921812741,0.990124809021697,17/18 (94.44%; 95% CI 74.24–99.01%)
pal,internvl,appfr,H20,20,2,4,1,6,7,18,17,0.05555555555555555,0.009875190978303097,0.25757300781872594,1/18 (5.56%; 95% CI 0.99–25.76%),0.3888888888888889,0.2030524657216362,0.613809583977621,7/18 (38.89%; 95% CI 20.31–61.38%),0.2222222222222222,0.09000928108601694,0.45214584316212625,4/18 (22.22%; 95% CI 9.00–45.21%),0.3333333333333333,0.1627877475083369,0.5625053270405489,6/18 (33.33%; 95% CI 16.28–56.25%),0.9444444444444444,0.7424269921812741,0.990124809021697,17/18 (94.44%; 95% CI 74.24–99.01%)
pal,internvl,appfr,H20,20,3,4,1,6,7,18,17,0.05555555555555555,0.009875190978303097,0.25757300781872594,1/18 (5.56%; 95% CI 0.99–25.76%),0.3888888888888889,0.2030524657216362,0.613809583977621,7/18 (38.89%; 95% CI 20.31–61.38%),0.2222222222222222,0.09000928108601694,0.45214584316212625,4/18 (22.22%; 95% CI 9.00–45.21%),0.3333333333333333,0.1627877475083369,0.5625053270405489,6/18 (33.33%; 95% CI 16.28–56.25%),0.9444444444444444,0.7424269921812741,0.990124809021697,17/18 (94.44%; 95% CI 74.24–99.01%)
pal,internvl,appfr,H20,20,4,5,1,5,7,18,17,0.05555555555555555,0.009875190978303097,0.25757300781872594,1/18 (5.56%; 95% CI 0.99–25.76%),0.3888888888888889,0.2030524657216362,0.613809583977621,7/18 (38.89%; 95% CI 20.31–61.38%),0.2777777777777778,0.12499753379553993,0.5087265656029746,5/18 (27.78%; 95% CI 12.50–50.87%),0.2777777777777778,0.12499753379553993,0.5087265656029746,5/18 (27.78%; 95% CI 12.50–50.87%),0.9444444444444444,0.7424269921812741,0.990124809021697,17/18 (94.44%; 95% CI 74.24–99.01%)
pal,internvl,appfr,H20,20,5,5,1,5,7,18,17,0.05555555555555555,0.009875190978303097,0.25757300781872594,1/18 (5.56%; 95% CI 0.99–25.76%),0.3888888888888889,0.2030524657216362,0.613809583977621,7/18 (38.89%; 95% CI 20.31–61.38%),0.2777777777777778,0.12499753379553993,0.5087265656029746,5/18 (27.78%; 95% CI 12.50–50.87%),0.2777777777777778,0.12499753379553993,0.5087265656029746,5/18 (27.78%; 95% CI 12.50–50.87%),0.9444444444444444,0.7424269921812741,0.990124809021697,17/18 (94.44%; 95% CI 74.24–99.01%)
pal,internvl,appfr,H22,22,1,4,1,6,7,18,17,0.05555555555555555,0.009875190978303097,0.25757300781872594,1/18 (5.56%; 95% CI 0.99–25.76%),0.3888888888888889,0.2030524657216362,0.613809583977621,7/18 (38.89%; 95% CI 20.31–61.38%),0.2222222222222222,0.09000928108601694,0.45214584316212625,4/18 (22.22%; 95% CI 9.00–45.21%),0.3333333333333333,0.1627877475083369,0.5625053270405489,6/18 (33.33%; 95% CI 16.28–56.25%),0.9444444444444444,0.7424269921812741,0.990124809021697,17/18 (94.44%; 95% CI 74.24–99.01%)
pal,internvl,appfr,H22,22,2,4,1,6,7,18,17,0.05555555555555555,0.009875190978303097,0.25757300781872594,1/18 (5.56%; 95% CI 0.99–25.76%),0.3888888888888889,0.2030524657216362,0.613809583977621,7/18 (38.89%; 95% CI 20.31–61.38%),0.2222222222222222,0.09000928108601694,0.45214584316212625,4/18 (22.22%; 95% CI 9.00–45.21%),0.3333333333333333,0.1627877475083369,0.5625053270405489,6/18 (33.33%; 95% CI 16.28–56.25%),0.9444444444444444,0.7424269921812741,0.990124809021697,17/18 (94.44%; 95% CI 74.24–99.01%)
pal,internvl,appfr,H22,22,3,4,1,6,7,18,17,0.05555555555555555,0.009875190978303097,0.25757300781872594,1/18 (5.56%; 95% CI 0.99–25.76%),0.3888888888888889,0.2030524657216362,0.613809583977621,7/18 (38.89%; 95% CI 20.31–61.38%),0.2222222222222222,0.09000928108601694,0.45214584316212625,4/18 (22.22%; 95% CI 9.00–45.21%),0.3333333333333333,0.1627877475083369,0.5625053270405489,6/18 (33.33%; 95% CI 16.28–56.25%),0.9444444444444444,0.7424269921812741,0.990124809021697,17/18 (94.44%; 95% CI 74.24–99.01%)
pal,internvl,appfr,H22,22,4,5,1,5,7,18,17,0.05555555555555555,0.009875190978303097,0.25757300781872594,1/18 (5.56%; 95% CI 0.99–25.76%),0.3888888888888889,0.2030524657216362,0.613809583977621,7/18 (38.89%; 95% CI 20.31–61.38%),0.2777777777777778,0.12499753379553993,0.5087265656029746,5/18 (27.78%; 95% CI 12.50–50.87%),0.2777777777777778,0.12499753379553993,0.5087265656029746,5/18 (27.78%; 95% CI 12.50–50.87%),0.9444444444444444,0.7424269921812741,0.990124809021697,17/18 (94.44%; 95% CI 74.24–99.01%)
pal,internvl,appfr,H22,22,5,5,1,5,7,18,17,0.05555555555555555,0.009875190978303097,0.25757300781872594,1/18 (5.56%; 95% CI 0.99–25.76%),0.3888888888888889,0.2030524657216362,0.613809583977621,7/18 (38.89%; 95% CI 20.31–61.38%),0.2777777777777778,0.12499753379553993,0.5087265656029746,5/18 (27.78%; 95% CI 12.50–50.87%),0.2777777777777778,0.12499753379553993,0.5087265656029746,5/18 (27.78%; 95% CI 12.50–50.87%),0.9444444444444444,0.7424269921812741,0.990124809021697,17/18 (94.44%; 95% CI 74.24–99.01%)
pal,internvl,appfr,H24,24,1,4,1,6,7,18,17,0.05555555555555555,0.009875190978303097,0.25757300781872594,1/18 (5.56%; 95% CI 0.99–25.76%),0.3888888888888889,0.2030524657216362,0.613809583977621,7/18 (38.89%; 95% CI 20.31–61.38%),0.2222222222222222,0.09000928108601694,0.45214584316212625,4/18 (22.22%; 95% CI 9.00–45.21%),0.3333333333333333,0.1627877475083369,0.5625053270405489,6/18 (33.33%; 95% CI 16.28–56.25%),0.9444444444444444,0.7424269921812741,0.990124809021697,17/18 (94.44%; 95% CI 74.24–99.01%)
pal,internvl,appfr,H24,24,2,4,1,6,7,18,17,0.05555555555555555,0.009875190978303097,0.25757300781872594,1/18 (5.56%; 95% CI 0.99–25.76%),0.3888888888888889,0.2030524657216362,0.613809583977621,7/18 (38.89%; 95% CI 20.31–61.38%),0.2222222222222222,0.09000928108601694,0.45214584316212625,4/18 (22.22%; 95% CI 9.00–45.21%),0.3333333333333333,0.1627877475083369,0.5625053270405489,6/18 (33.33%; 95% CI 16.28–56.25%),0.9444444444444444,0.7424269921812741,0.990124809021697,17/18 (94.44%; 95% CI 74.24–99.01%)
pal,internvl,appfr,H24,24,3,4,1,6,7,18,17,0.05555555555555555,0.009875190978303097,0.25757300781872594,1/18 (5.56%; 95% CI 0.99–25.76%),0.3888888888888889,0.2030524657216362,0.613809583977621,7/18 (38.89%; 95% CI 20.31–61.38%),0.2222222222222222,0.09000928108601694,0.45214584316212625,4/18 (22.22%; 95% CI 9.00–45.21%),0.3333333333333333,0.1627877475083369,0.5625053270405489,6/18 (33.33%; 95% CI 16.28–56.25%),0.9444444444444444,0.7424269921812741,0.990124809021697,17/18 (94.44%; 95% CI 74.24–99.01%)
pal,internvl,appfr,H24,24,4,5,1,5,7,18,17,0.05555555555555555,0.009875190978303097,0.25757300781872594,1/18 (5.56%; 95% CI 0.99–25.76%),0.3888888888888889,0.2030524657216362,0.613809583977621,7/18 (38.89%; 95% CI 20.31–61.38%),0.2777777777777778,0.12499753379553993,0.5087265656029746,5/18 (27.78%; 95% CI 12.50–50.87%),0.2777777777777778,0.12499753379553993,0.5087265656029746,5/18 (27.78%; 95% CI 12.50–50.87%),0.9444444444444444,0.7424269921812741,0.990124809021697,17/18 (94.44%; 95% CI 74.24–99.01%)
pal,internvl,appfr,H24,24,5,5,1,5,7,18,17,0.05555555555555555,0.009875190978303097,0.25757300781872594,1/18 (5.56%; 95% CI 0.99–25.76%),0.3888888888888889,0.2030524657216362,0.613809583977621,7/18 (38.89%; 95% CI 20.31–61.38%),0.2777777777777778,0.12499753379553993,0.5087265656029746,5/18 (27.78%; 95% CI 12.50–50.87%),0.2777777777777778,0.12499753379553993,0.5087265656029746,5/18 (27.78%; 95% CI 12.50–50.87%),0.9444444444444444,0.7424269921812741,0.990124809021697,17/18 (94.44%; 95% CI 74.24–99.01%)
pal,internvl,appfr,H26,26,1,4,0,6,8,18,18,0.0,0.0,0.17587922364665765,0/18 (0.00%; 95% CI 0.00–17.59%),0.4444444444444444,0.24559518127005633,0.6628358435795723,8/18 (44.44%; 95% CI 24.56–66.28%),0.2222222222222222,0.09000928108601694,0.45214584316212625,4/18 (22.22%; 95% CI 9.00–45.21%),0.3333333333333333,0.1627877475083369,0.5625053270405489,6/18 (33.33%; 95% CI 16.28–56.25%),1.0,0.8241207763533425,1.0,18/18 (100.00%; 95% CI 82.41–100.00%)
pal,internvl,appfr,H26,26,2,4,0,6,8,18,18,0.0,0.0,0.17587922364665765,0/18 (0.00%; 95% CI 0.00–17.59%),0.4444444444444444,0.24559518127005633,0.6628358435795723,8/18 (44.44%; 95% CI 24.56–66.28%),0.2222222222222222,0.09000928108601694,0.45214584316212625,4/18 (22.22%; 95% CI 9.00–45.21%),0.3333333333333333,0.1627877475083369,0.5625053270405489,6/18 (33.33%; 95% CI 16.28–56.25%),1.0,0.8241207763533425,1.0,18/18 (100.00%; 95% CI 82.41–100.00%)
pal,internvl,appfr,H26,26,3,4,0,6,8,18,18,0.0,0.0,0.17587922364665765,0/18 (0.00%; 95% CI 0.00–17.59%),0.4444444444444444,0.24559518127005633,0.6628358435795723,8/18 (44.44%; 95% CI 24.56–66.28%),0.2222222222222222,0.09000928108601694,0.45214584316212625,4/18 (22.22%; 95% CI 9.00–45.21%),0.3333333333333333,0.1627877475083369,0.5625053270405489,6/18 (33.33%; 95% CI 16.28–56.25%),1.0,0.8241207763533425,1.0,18/18 (100.00%; 95% CI 82.41–100.00%)
pal,internvl,appfr,H26,26,4,5,0,5,8,18,18,0.0,0.0,0.17587922364665765,0/18 (0.00%; 95% CI 0.00–17.59%),0.4444444444444444,0.24559518127005633,0.6628358435795723,8/18 (44.44%; 95% CI 24.56–66.28%),0.2777777777777778,0.12499753379553993,0.5087265656029746,5/18 (27.78%; 95% CI 12.50–50.87%),0.2777777777777778,0.12499753379553993,0.5087265656029746,5/18 (27.78%; 95% CI 12.50–50.87%),1.0,0.8241207763533425,1.0,18/18 (100.00%; 95% CI 82.41–100.00%)
pal,internvl,appfr,H26,26,5,5,0,5,8,18,18,0.0,0.0,0.17587922364665765,0/18 (0.00%; 95% CI 0.00–17.59%),0.4444444444444444,0.24559518127005633,0.6628358435795723,8/18 (44.44%; 95% CI 24.56–66.28%),0.2777777777777778,0.12499753379553993,0.5087265656029746,5/18 (27.78%; 95% CI 12.50–50.87%),0.2777777777777778,0.12499753379553993,0.5087265656029746,5/18 (27.78%; 95% CI 12.50–50.87%),1.0,0.8241207763533425,1.0,18/18 (100.00%; 95% CI 82.41–100.00%)
pal,internvl,appfr,H28,28,1,4,0,6,8,18,18,0.0,0.0,0.17587922364665765,0/18 (0.00%; 95% CI 0.00–17.59%),0.4444444444444444,0.24559518127005633,0.6628358435795723,8/18 (44.44%; 95% CI 24.56–66.28%),0.2222222222222222,0.09000928108601694,0.45214584316212625,4/18 (22.22%; 95% CI 9.00–45.21%),0.3333333333333333,0.1627877475083369,0.5625053270405489,6/18 (33.33%; 95% CI 16.28–56.25%),1.0,0.8241207763533425,1.0,18/18 (100.00%; 95% CI 82.41–100.00%)
pal,internvl,appfr,H28,28,2,4,0,6,8,18,18,0.0,0.0,0.17587922364665765,0/18 (0.00%; 95% CI 0.00–17.59%),0.4444444444444444,0.24559518127005633,0.6628358435795723,8/18 (44.44%; 95% CI 24.56–66.28%),0.2222222222222222,0.09000928108601694,0.45214584316212625,4/18 (22.22%; 95% CI 9.00–45.21%),0.3333333333333333,0.1627877475083369,0.5625053270405489,6/18 (33.33%; 95% CI 16.28–56.25%),1.0,0.8241207763533425,1.0,18/18 (100.00%; 95% CI 82.41–100.00%)
pal,internvl,appfr,H28,28,3,4,0,6,8,18,18,0.0,0.0,0.17587922364665765,0/18 (0.00%; 95% CI 0.00–17.59%),0.4444444444444444,0.24559518127005633,0.6628358435795723,8/18 (44.44%; 95% CI 24.56–66.28%),0.2222222222222222,0.09000928108601694,0.45214584316212625,4/18 (22.22%; 95% CI 9.00–45.21%),0.3333333333333333,0.1627877475083369,0.5625053270405489,6/18 (33.33%; 95% CI 16.28–56.25%),1.0,0.8241207763533425,1.0,18/18 (100.00%; 95% CI 82.41–100.00%)
pal,internvl,appfr,H28,28,4,5,0,5,8,18,18,0.0,0.0,0.17587922364665765,0/18 (0.00%; 95% CI 0.00–17.59%),0.4444444444444444,0.24559518127005633,0.6628358435795723,8/18 (44.44%; 95% CI 24.56–66.28%),0.2777777777777778,0.12499753379553993,0.5087265656029746,5/18 (27.78%; 95% CI 12.50–50.87%),0.2777777777777778,0.12499753379553993,0.5087265656029746,5/18 (27.78%; 95% CI 12.50–50.87%),1.0,0.8241207763533425,1.0,18/18 (100.00%; 95% CI 82.41–100.00%)
pal,internvl,appfr,H28,28,5,5,0,5,8,18,18,0.0,0.0,0.17587922364665765,0/18 (0.00%; 95% CI 0.00–17.59%),0.4444444444444444,0.24559518127005633,0.6628358435795723,8/18 (44.44%; 95% CI 24.56–66.28%),0.2777777777777778,0.12499753379553993,0.5087265656029746,5/18 (27.78%; 95% CI 12.50–50.87%),0.2777777777777778,0.12499753379553993,0.5087265656029746,5/18 (27.78%; 95% CI 12.50–50.87%),1.0,0.8241207763533425,1.0,18/18 (100.00%; 95% CI 82.41–100.00%)
pal,internvl,appfr,H30,30,1,4,0,6,8,18,18,0.0,0.0,0.17587922364665765,0/18 (0.00%; 95% CI 0.00–17.59%),0.4444444444444444,0.24559518127005633,0.6628358435795723,8/18 (44.44%; 95% CI 24.56–66.28%),0.2222222222222222,0.09000928108601694,0.45214584316212625,4/18 (22.22%; 95% CI 9.00–45.21%),0.3333333333333333,0.1627877475083369,0.5625053270405489,6/18 (33.33%; 95% CI 16.28–56.25%),1.0,0.8241207763533425,1.0,18/18 (100.00%; 95% CI 82.41–100.00%)
pal,internvl,appfr,H30,30,2,4,0,6,8,18,18,0.0,0.0,0.17587922364665765,0/18 (0.00%; 95% CI 0.00–17.59%),0.4444444444444444,0.24559518127005633,0.6628358435795723,8/18 (44.44%; 95% CI 24.56–66.28%),0.2222222222222222,0.09000928108601694,0.45214584316212625,4/18 (22.22%; 95% CI 9.00–45.21%),0.3333333333333333,0.1627877475083369,0.5625053270405489,6/18 (33.33%; 95% CI 16.28–56.25%),1.0,0.8241207763533425,1.0,18/18 (100.00%; 95% CI 82.41–100.00%)
pal,internvl,appfr,H30,30,3,4,0,6,8,18,18,0.0,0.0,0.17587922364665765,0/18 (0.00%; 95% CI 0.00–17.59%),0.4444444444444444,0.24559518127005633,0.6628358435795723,8/18 (44.44%; 95% CI 24.56–66.28%),0.2222222222222222,0.09000928108601694,0.45214584316212625,4/18 (22.22%; 95% CI 9.00–45.21%),0.3333333333333333,0.1627877475083369,0.5625053270405489,6/18 (33.33%; 95% CI 16.28–56.25%),1.0,0.8241207763533425,1.0,18/18 (100.00%; 95% CI 82.41–100.00%)
pal,internvl,appfr,H30,30,4,5,0,5,8,18,18,0.0,0.0,0.17587922364665765,0/18 (0.00%; 95% CI 0.00–17.59%),0.4444444444444444,0.24559518127005633,0.6628358435795723,8/18 (44.44%; 95% CI 24.56–66.28%),0.2777777777777778,0.12499753379553993,0.5087265656029746,5/18 (27.78%; 95% CI 12.50–50.87%),0.2777777777777778,0.12499753379553993,0.5087265656029746,5/18 (27.78%; 95% CI 12.50–50.87%),1.0,0.8241207763533425,1.0,18/18 (100.00%; 95% CI 82.41–100.00%)
pal,internvl,appfr,H30,30,5,5,0,5,8,18,18,0.0,0.0,0.17587922364665765,0/18 (0.00%; 95% CI 0.00–17.59%),0.4444444444444444,0.24559518127005633,0.6628358435795723,8/18 (44.44%; 95% CI 24.56–66.28%),0.2777777777777778,0.12499753379553993,0.5087265656029746,5/18 (27.78%; 95% CI 12.50–50.87%),0.2777777777777778,0.12499753379553993,0.5087265656029746,5/18 (27.78%; 95% CI 12.50–50.87%),1.0,0.8241207763533425,1.0,18/18 (100.00%; 95% CI 82.41–100.00%)
pal,internvl,appfr,H32,32,1,4,0,6,8,18,18,0.0,0.0,0.17587922364665765,0/18 (0.00%; 95% CI 0.00–17.59%),0.4444444444444444,0.24559518127005633,0.6628358435795723,8/18 (44.44%; 95% CI 24.56–66.28%),0.2222222222222222,0.09000928108601694,0.45214584316212625,4/18 (22.22%; 95% CI 9.00–45.21%),0.3333333333333333,0.1627877475083369,0.5625053270405489,6/18 (33.33%; 95% CI 16.28–56.25%),1.0,0.8241207763533425,1.0,18/18 (100.00%; 95% CI 82.41–100.00%)
pal,internvl,appfr,H32,32,2,4,0,6,8,18,18,0.0,0.0,0.17587922364665765,0/18 (0.00%; 95% CI 0.00–17.59%),0.4444444444444444,0.24559518127005633,0.6628358435795723,8/18 (44.44%; 95% CI 24.56–66.28%),0.2222222222222222,0.09000928108601694,0.45214584316212625,4/18 (22.22%; 95% CI 9.00–45.21%),0.3333333333333333,0.1627877475083369,0.5625053270405489,6/18 (33.33%; 95% CI 16.28–56.25%),1.0,0.8241207763533425,1.0,18/18 (100.00%; 95% CI 82.41–100.00%)
pal,internvl,appfr,H32,32,3,4,0,6,8,18,18,0.0,0.0,0.17587922364665765,0/18 (0.00%; 95% CI 0.00–17.59%),0.4444444444444444,0.24559518127005633,0.6628358435795723,8/18 (44.44%; 95% CI 24.56–66.28%),0.2222222222222222,0.09000928108601694,0.45214584316212625,4/18 (22.22%; 95% CI 9.00–45.21%),0.3333333333333333,0.1627877475083369,0.5625053270405489,6/18 (33.33%; 95% CI 16.28–56.25%),1.0,0.8241207763533425,1.0,18/18 (100.00%; 95% CI 82.41–100.00%)
pal,internvl,appfr,H32,32,4,5,0,5,8,18,18,0.0,0.0,0.17587922364665765,0/18 (0.00%; 95% CI 0.00–17.59%),0.4444444444444444,0.24559518127005633,0.6628358435795723,8/18 (44.44%; 95% CI 24.56–66.28%),0.2777777777777778,0.12499753379553993,0.5087265656029746,5/18 (27.78%; 95% CI 12.50–50.87%),0.2777777777777778,0.12499753379553993,0.5087265656029746,5/18 (27.78%; 95% CI 12.50–50.87%),1.0,0.8241207763533425,1.0,18/18 (100.00%; 95% CI 82.41–100.00%)
pal,internvl,appfr,H32,32,5,5,0,5,8,18,18,0.0,0.0,0.17587922364665765,0/18 (0.00%; 95% CI 0.00–17.59%),0.4444444444444444,0.24559518127005633,0.6628358435795723,8/18 (44.44%; 95% CI 24.56–66.28%),0.2777777777777778,0.12499753379553993,0.5087265656029746,5/18 (27.78%; 95% CI 12.50–50.87%),0.2777777777777778,0.12499753379553993,0.5087265656029746,5/18 (27.78%; 95% CI 12.50–50.87%),1.0,0.8241207763533425,1.0,18/18 (100.00%; 95% CI 82.41–100.00%)
pal,internvl,appod,H02,2,1,3,5,6,4,18,13,0.2777777777777778,0.12499753379553993,0.5087265656029746,5/18 (27.78%; 95% CI 12.50–50.87%),0.2222222222222222,0.09000928108601694,0.45214584316212625,4/18 (22.22%; 95% CI 9.00–45.21%),0.16666666666666666,0.05836576805861446,0.39222038103915724,3/18 (16.67%; 95% CI 5.84–39.22%),0.3333333333333333,0.1627877475083369,0.5625053270405489,6/18 (33.33%; 95% CI 16.28–56.25%),0.7222222222222222,0.4912734343970254,0.8750024662044601,13/18 (72.22%; 95% CI 49.13–87.50%)
pal,internvl,appod,H02,2,2,3,5,6,4,18,13,0.2777777777777778,0.12499753379553993,0.5087265656029746,5/18 (27.78%; 95% CI 12.50–50.87%),0.2222222222222222,0.09000928108601694,0.45214584316212625,4/18 (22.22%; 95% CI 9.00–45.21%),0.16666666666666666,0.05836576805861446,0.39222038103915724,3/18 (16.67%; 95% CI 5.84–39.22%),0.3333333333333333,0.1627877475083369,0.5625053270405489,6/18 (33.33%; 95% CI 16.28–56.25%),0.7222222222222222,0.4912734343970254,0.8750024662044601,13/18 (72.22%; 95% CI 49.13–87.50%)
pal,internvl,appod,H02,2,3,4,5,5,4,18,13,0.2777777777777778,0.12499753379553993,0.5087265656029746,5/18 (27.78%; 95% CI 12.50–50.87%),0.2222222222222222,0.09000928108601694,0.45214584316212625,4/18 (22.22%; 95% CI 9.00–45.21%),0.2222222222222222,0.09000928108601694,0.45214584316212625,4/18 (22.22%; 95% CI 9.00–45.21%),0.2777777777777778,0.12499753379553993,0.5087265656029746,5/18 (27.78%; 95% CI 12.50–50.87%),0.7222222222222222,0.4912734343970254,0.8750024662044601,13/18 (72.22%; 95% CI 49.13–87.50%)
pal,internvl,appod,H02,2,4,4,5,5,4,18,13,0.2777777777777778,0.12499753379553993,0.5087265656029746,5/18 (27.78%; 95% CI 12.50–50.87%),0.2222222222222222,0.09000928108601694,0.45214584316212625,4/18 (22.22%; 95% CI 9.00–45.21%),0.2222222222222222,0.09000928108601694,0.45214584316212625,4/18 (22.22%; 95% CI 9.00–45.21%),0.2777777777777778,0.12499753379553993,0.5087265656029746,5/18 (27.78%; 95% CI 12.50–50.87%),0.7222222222222222,0.4912734343970254,0.8750024662044601,13/18 (72.22%; 95% CI 49.13–87.50%)
pal,internvl,appod,H02,2,5,4,5,5,4,18,13,0.2777777777777778,0.12499753379553993,0.5087265656029746,5/18 (27.78%; 95% CI 12.50–50.87%),0.2222222222222222,0.09000928108601694,0.45214584316212625,4/18 (22.22%; 95% CI 9.00–45.21%),0.2222222222222222,0.09000928108601694,0.45214584316212625,4/18 (22.22%; 95% CI 9.00–45.21%),0.2777777777777778,0.12499753379553993,0.5087265656029746,5/18 (27.78%; 95% CI 12.50–50.87%),0.7222222222222222,0.4912734343970254,0.8750024662044601,13/18 (72.22%; 95% CI 49.13–87.50%)
pal,internvl,appod,H04,4,1,4,4,6,4,18,14,0.2222222222222222,0.09000928108601694,0.45214584316212625,4/18 (22.22%; 95% CI 9.00–45.21%),0.2222222222222222,0.09000928108601694,0.45214584316212625,4/18 (22.22%; 95% CI 9.00–45.21%),0.2222222222222222,0.09000928108601694,0.45214584316212625,4/18 (22.22%; 95% CI 9.00–45.21%),0.3333333333333333,0.1627877475083369,0.5625053270405489,6/18 (33.33%; 95% CI 16.28–56.25%),0.7777777777777778,0.5478541568378739,0.9099907189139831,14/18 (77.78%; 95% CI 54.79–91.00%)
pal,internvl,appod,H04,4,2,4,4,6,4,18,14,0.2222222222222222,0.09000928108601694,0.45214584316212625,4/18 (22.22%; 95% CI 9.00–45.21%),0.2222222222222222,0.09000928108601694,0.45214584316212625,4/18 (22.22%; 95% CI 9.00–45.21%),0.2222222222222222,0.09000928108601694,0.45214584316212625,4/18 (22.22%; 95% CI 9.00–45.21%),0.3333333333333333,0.1627877475083369,0.5625053270405489,6/18 (33.33%; 95% CI 16.28–56.25%),0.7777777777777778,0.5478541568378739,0.9099907189139831,14/18 (77.78%; 95% CI 54.79–91.00%)
pal,internvl,appod,H04,4,3,4,4,6,4,18,14,0.2222222222222222,0.09000928108601694,0.45214584316212625,4/18 (22.22%; 95% CI 9.00–45.21%),0.2222222222222222,0.09000928108601694,0.45214584316212625,4/18 (22.22%; 95% CI 9.00–45.21%),0.2222222222222222,0.09000928108601694,0.45214584316212625,4/18 (22.22%; 95% CI 9.00–45.21%),0.3333333333333333,0.1627877475083369,0.5625053270405489,6/18 (33.33%; 95% CI 16.28–56.25%),0.7777777777777778,0.5478541568378739,0.9099907189139831,14/18 (77.78%; 95% CI 54.79–91.00%)
pal,internvl,appod,H04,4,4,5,4,5,4,18,14,0.2222222222222222,0.09000928108601694,0.45214584316212625,4/18 (22.22%; 95% CI 9.00–45.21%),0.2222222222222222,0.09000928108601694,0.45214584316212625,4/18 (22.22%; 95% CI 9.00–45.21%),0.2777777777777778,0.12499753379553993,0.5087265656029746,5/18 (27.78%; 95% CI 12.50–50.87%),0.2777777777777778,0.12499753379553993,0.5087265656029746,5/18 (27.78%; 95% CI 12.50–50.87%),0.7777777777777778,0.5478541568378739,0.9099907189139831,14/18 (77.78%; 95% CI 54.79–91.00%)
pal,internvl,appod,H04,4,5,6,4,4,4,18,14,0.2222222222222222,0.09000928108601694,0.45214584316212625,4/18 (22.22%; 95% CI 9.00–45.21%),0.2222222222222222,0.09000928108601694,0.45214584316212625,4/18 (22.22%; 95% CI 9.00–45.21%),0.3333333333333333,0.1627877475083369,0.5625053270405489,6/18 (33.33%; 95% CI 16.28–56.25%),0.2222222222222222,0.09000928108601694,0.45214584316212625,4/18 (22.22%; 95% CI 9.00–45.21%),0.7777777777777778,0.5478541568378739,0.9099907189139831,14/18 (77.78%; 95% CI 54.79–91.00%)
pal,internvl,appod,H06,6,1,4,1,6,7,18,17,0.05555555555555555,0.009875190978303097,0.25757300781872594,1/18 (5.56%; 95% CI 0.99–25.76%),0.3888888888888889,0.2030524657216362,0.613809583977621,7/18 (38.89%; 95% CI 20.31–61.38%),0.2222222222222222,0.09000928108601694,0.45214584316212625,4/18 (22.22%; 95% CI 9.00–45.21%),0.3333333333333333,0.1627877475083369,0.5625053270405489,6/18 (33.33%; 95% CI 16.28–56.25%),0.9444444444444444,0.7424269921812741,0.990124809021697,17/18 (94.44%; 95% CI 74.24–99.01%)
pal,internvl,appod,H06,6,2,4,1,6,7,18,17,0.05555555555555555,0.009875190978303097,0.25757300781872594,1/18 (5.56%; 95% CI 0.99–25.76%),0.3888888888888889,0.2030524657216362,0.613809583977621,7/18 (38.89%; 95% CI 20.31–61.38%),0.2222222222222222,0.09000928108601694,0.45214584316212625,4/18 (22.22%; 95% CI 9.00–45.21%),0.3333333333333333,0.1627877475083369,0.5625053270405489,6/18 (33.33%; 95% CI 16.28–56.25%),0.9444444444444444,0.7424269921812741,0.990124809021697,17/18 (94.44%; 95% CI 74.24–99.01%)
pal,internvl,appod,H06,6,3,4,1,6,7,18,17,0.05555555555555555,0.009875190978303097,0.25757300781872594,1/18 (5.56%; 95% CI 0.99–25.76%),0.3888888888888889,0.2030524657216362,0.613809583977621,7/18 (38.89%; 95% CI 20.31–61.38%),0.2222222222222222,0.09000928108601694,0.45214584316212625,4/18 (22.22%; 95% CI 9.00–45.21%),0.3333333333333333,0.1627877475083369,0.5625053270405489,6/18 (33.33%; 95% CI 16.28–56.25%),0.9444444444444444,0.7424269921812741,0.990124809021697,17/18 (94.44%; 95% CI 74.24–99.01%)
pal,internvl,appod,H06,6,4,5,1,5,7,18,17,0.05555555555555555,0.009875190978303097,0.25757300781872594,1/18 (5.56%; 95% CI 0.99–25.76%),0.3888888888888889,0.2030524657216362,0.613809583977621,7/18 (38.89%; 95% CI 20.31–61.38%),0.2777777777777778,0.12499753379553993,0.5087265656029746,5/18 (27.78%; 95% CI 12.50–50.87%),0.2777777777777778,0.12499753379553993,0.5087265656029746,5/18 (27.78%; 95% CI 12.50–50.87%),0.9444444444444444,0.7424269921812741,0.990124809021697,17/18 (94.44%; 95% CI 74.24–99.01%)
pal,internvl,appod,H06,6,5,5,1,5,7,18,17,0.05555555555555555,0.009875190978303097,0.25757300781872594,1/18 (5.56%; 95% CI 0.99–25.76%),0.3888888888888889,0.2030524657216362,0.613809583977621,7/18 (38.89%; 95% CI 20.31–61.38%),0.2777777777777778,0.12499753379553993,0.5087265656029746,5/18 (27.78%; 95% CI 12.50–50.87%),0.2777777777777778,0.12499753379553993,0.5087265656029746,5/18 (27.78%; 95% CI 12.50–50.87%),0.9444444444444444,0.7424269921812741,0.990124809021697,17/18 (94.44%; 95% CI 74.24–99.01%)
pal,internvl,appod,H08,8,1,4,0,6,8,18,18,0.0,0.0,0.17587922364665765,0/18 (0.00%; 95% CI 0.00–17.59%),0.4444444444444444,0.24559518127005633,0.6628358435795723,8/18 (44.44%; 95% CI 24.56–66.28%),0.2222222222222222,0.09000928108601694,0.45214584316212625,4/18 (22.22%; 95% CI 9.00–45.21%),0.3333333333333333,0.1627877475083369,0.5625053270405489,6/18 (33.33%; 95% CI 16.28–56.25%),1.0,0.8241207763533425,1.0,18/18 (100.00%; 95% CI 82.41–100.00%)
pal,internvl,appod,H08,8,2,4,0,6,8,18,18,0.0,0.0,0.17587922364665765,0/18 (0.00%; 95% CI 0.00–17.59%),0.4444444444444444,0.24559518127005633,0.6628358435795723,8/18 (44.44%; 95% CI 24.56–66.28%),0.2222222222222222,0.09000928108601694,0.45214584316212625,4/18 (22.22%; 95% CI 9.00–45.21%),0.3333333333333333,0.1627877475083369,0.5625053270405489,6/18 (33.33%; 95% CI 16.28–56.25%),1.0,0.8241207763533425,1.0,18/18 (100.00%; 95% CI 82.41–100.00%)
pal,internvl,appod,H08,8,3,4,0,6,8,18,18,0.0,0.0,0.17587922364665765,0/18 (0.00%; 95% CI 0.00–17.59%),0.4444444444444444,0.24559518127005633,0.6628358435795723,8/18 (44.44%; 95% CI 24.56–66.28%),0.2222222222222222,0.09000928108601694,0.45214584316212625,4/18 (22.22%; 95% CI 9.00–45.21%),0.3333333333333333,0.1627877475083369,0.5625053270405489,6/18 (33.33%; 95% CI 16.28–56.25%),1.0,0.8241207763533425,1.0,18/18 (100.00%; 95% CI 82.41–100.00%)
pal,internvl,appod,H08,8,4,5,0,5,8,18,18,0.0,0.0,0.17587922364665765,0/18 (0.00%; 95% CI 0.00–17.59%),0.4444444444444444,0.24559518127005633,0.6628358435795723,8/18 (44.44%; 95% CI 24.56–66.28%),0.2777777777777778,0.12499753379553993,0.5087265656029746,5/18 (27.78%; 95% CI 12.50–50.87%),0.2777777777777778,0.12499753379553993,0.5087265656029746,5/18 (27.78%; 95% CI 12.50–50.87%),1.0,0.8241207763533425,1.0,18/18 (100.00%; 95% CI 82.41–100.00%)
pal,internvl,appod,H08,8,5,5,0,5,8,18,18,0.0,0.0,0.17587922364665765,0/18 (0.00%; 95% CI 0.00–17.59%),0.4444444444444444,0.24559518127005633,0.6628358435795723,8/18 (44.44%; 95% CI 24.56–66.28%),0.2777777777777778,0.12499753379553993,0.5087265656029746,5/18 (27.78%; 95% CI 12.50–50.87%),0.2777777777777778,0.12499753379553993,0.5087265656029746,5/18 (27.78%; 95% CI 12.50–50.87%),1.0,0.8241207763533425,1.0,18/18 (100.00%; 95% CI 82.41–100.00%)
pal,internvl,appod,H10,10,1,4,2,6,6,18,16,0.1111111111111111,0.03101952264561239,0.32799765130178804,2/18 (11.11%; 95% CI 3.10–32.80%),0.3333333333333333,0.1627877475083369,0.5625053270405489,6/18 (33.33%; 95% CI 16.28–56.25%),0.2222222222222222,0.09000928108601694,0.45214584316212625,4/18 (22.22%; 95% CI 9.00–45.21%),0.3333333333333333,0.1627877475083369,0.5625053270405489,6/18 (33.33%; 95% CI 16.28–56.25%),0.8888888888888888,0.672002348698212,0.9689804773543876,16/18 (88.89%; 95% CI 67.20–96.90%)
pal,internvl,appod,H10,10,2,4,2,6,6,18,16,0.1111111111111111,0.03101952264561239,0.32799765130178804,2/18 (11.11%; 95% CI 3.10–32.80%),0.3333333333333333,0.1627877475083369,0.5625053270405489,6/18 (33.33%; 95% CI 16.28–56.25%),0.2222222222222222,0.09000928108601694,0.45214584316212625,4/18 (22.22%; 95% CI 9.00–45.21%),0.3333333333333333,0.1627877475083369,0.5625053270405489,6/18 (33.33%; 95% CI 16.28–56.25%),0.8888888888888888,0.672002348698212,0.9689804773543876,16/18 (88.89%; 95% CI 67.20–96.90%)
pal,internvl,appod,H10,10,3,4,2,6,6,18,16,0.1111111111111111,0.03101952264561239,0.32799765130178804,2/18 (11.11%; 95% CI 3.10–32.80%),0.3333333333333333,0.1627877475083369,0.5625053270405489,6/18 (33.33%; 95% CI 16.28–56.25%),0.2222222222222222,0.09000928108601694,0.45214584316212625,4/18 (22.22%; 95% CI 9.00–45.21%),0.3333333333333333,0.1627877475083369,0.5625053270405489,6/18 (33.33%; 95% CI 16.28–56.25%),0.8888888888888888,0.672002348698212,0.9689804773543876,16/18 (88.89%; 95% CI 67.20–96.90%)
pal,internvl,appod,H10,10,4,5,2,5,6,18,16,0.1111111111111111,0.03101952264561239,0.32799765130178804,2/18 (11.11%; 95% CI 3.10–32.80%),0.3333333333333333,0.1627877475083369,0.5625053270405489,6/18 (33.33%; 95% CI 16.28–56.25%),0.2777777777777778,0.12499753379553993,0.5087265656029746,5/18 (27.78%; 95% CI 12.50–50.87%),0.2777777777777778,0.12499753379553993,0.5087265656029746,5/18 (27.78%; 95% CI 12.50–50.87%),0.8888888888888888,0.672002348698212,0.9689804773543876,16/18 (88.89%; 95% CI 67.20–96.90%)
pal,internvl,appod,H10,10,5,5,2,5,6,18,16,0.1111111111111111,0.03101952264561239,0.32799765130178804,2/18 (11.11%; 95% CI 3.10–32.80%),0.3333333333333333,0.1627877475083369,0.5625053270405489,6/18 (33.33%; 95% CI 16.28–56.25%),0.2777777777777778,0.12499753379553993,0.5087265656029746,5/18 (27.78%; 95% CI 12.50–50.87%),0.2777777777777778,0.12499753379553993,0.5087265656029746,5/18 (27.78%; 95% CI 12.50–50.87%),0.8888888888888888,0.672002348698212,0.9689804773543876,16/18 (88.89%; 95% CI 67.20–96.90%)
pal,internvl,appod,H12,12,1,4,1,6,7,18,17,0.05555555555555555,0.009875190978303097,0.25757300781872594,1/18 (5.56%; 95% CI 0.99–25.76%),0.3888888888888889,0.2030524657216362,0.613809583977621,7/18 (38.89%; 95% CI 20.31–61.38%),0.2222222222222222,0.09000928108601694,0.45214584316212625,4/18 (22.22%; 95% CI 9.00–45.21%),0.3333333333333333,0.1627877475083369,0.5625053270405489,6/18 (33.33%; 95% CI 16.28–56.25%),0.9444444444444444,0.7424269921812741,0.990124809021697,17/18 (94.44%; 95% CI 74.24–99.01%)
pal,internvl,appod,H12,12,2,4,1,6,7,18,17,0.05555555555555555,0.009875190978303097,0.25757300781872594,1/18 (5.56%; 95% CI 0.99–25.76%),0.3888888888888889,0.2030524657216362,0.613809583977621,7/18 (38.89%; 95% CI 20.31–61.38%),0.2222222222222222,0.09000928108601694,0.45214584316212625,4/18 (22.22%; 95% CI 9.00–45.21%),0.3333333333333333,0.1627877475083369,0.5625053270405489,6/18 (33.33%; 95% CI 16.28–56.25%),0.9444444444444444,0.7424269921812741,0.990124809021697,17/18 (94.44%; 95% CI 74.24–99.01%)
pal,internvl,appod,H12,12,3,4,1,6,7,18,17,0.05555555555555555,0.009875190978303097,0.25757300781872594,1/18 (5.56%; 95% CI 0.99–25.76%),0.3888888888888889,0.2030524657216362,0.613809583977621,7/18 (38.89%; 95% CI 20.31–61.38%),0.2222222222222222,0.09000928108601694,0.45214584316212625,4/18 (22.22%; 95% CI 9.00–45.21%),0.3333333333333333,0.1627877475083369,0.5625053270405489,6/18 (33.33%; 95% CI 16.28–56.25%),0.9444444444444444,0.7424269921812741,0.990124809021697,17/18 (94.44%; 95% CI 74.24–99.01%)
pal,internvl,appod,H12,12,4,5,1,5,7,18,17,0.05555555555555555,0.009875190978303097,0.25757300781872594,1/18 (5.56%; 95% CI 0.99–25.76%),0.3888888888888889,0.2030524657216362,0.613809583977621,7/18 (38.89%; 95% CI 20.31–61.38%),0.2777777777777778,0.12499753379553993,0.5087265656029746,5/18 (27.78%; 95% CI 12.50–50.87%),0.2777777777777778,0.12499753379553993,0.5087265656029746,5/18 (27.78%; 95% CI 12.50–50.87%),0.9444444444444444,0.7424269921812741,0.990124809021697,17/18 (94.44%; 95% CI 74.24–99.01%)
pal,internvl,appod,H12,12,5,5,1,5,7,18,17,0.05555555555555555,0.009875190978303097,0.25757300781872594,1/18 (5.56%; 95% CI 0.99–25.76%),0.3888888888888889,0.2030524657216362,0.613809583977621,7/18 (38.89%; 95% CI 20.31–61.38%),0.2777777777777778,0.12499753379553993,0.5087265656029746,5/18 (27.78%; 95% CI 12.50–50.87%),0.2777777777777778,0.12499753379553993,0.5087265656029746,5/18 (27.78%; 95% CI 12.50–50.87%),0.9444444444444444,0.7424269921812741,0.990124809021697,17/18 (94.44%; 95% CI 74.24–99.01%)
pal,internvl,appod,H14,14,1,3,4,6,5,18,14,0.2222222222222222,0.09000928108601694,0.45214584316212625,4/18 (22.22%; 95% CI 9.00–45.21%),0.2777777777777778,0.12499753379553993,0.5087265656029746,5/18 (27.78%; 95% CI 12.50–50.87%),0.16666666666666666,0.05836576805861446,0.39222038103915724,3/18 (16.67%; 95% CI 5.84–39.22%),0.3333333333333333,0.1627877475083369,0.5625053270405489,6/18 (33.33%; 95% CI 16.28–56.25%),0.7777777777777778,0.5478541568378739,0.9099907189139831,14/18 (77.78%; 95% CI 54.79–91.00%)
pal,internvl,appod,H14,14,2,3,4,6,5,18,14,0.2222222222222222,0.09000928108601694,0.45214584316212625,4/18 (22.22%; 95% CI 9.00–45.21%),0.2777777777777778,0.12499753379553993,0.5087265656029746,5/18 (27.78%; 95% CI 12.50–50.87%),0.16666666666666666,0.05836576805861446,0.39222038103915724,3/18 (16.67%; 95% CI 5.84–39.22%),0.3333333333333333,0.1627877475083369,0.5625053270405489,6/18 (33.33%; 95% CI 16.28–56.25%),0.7777777777777778,0.5478541568378739,0.9099907189139831,14/18 (77.78%; 95% CI 54.79–91.00%)
pal,internvl,appod,H14,14,3,4,4,5,5,18,14,0.2222222222222222,0.09000928108601694,0.45214584316212625,4/18 (22.22%; 95% CI 9.00–45.21%),0.2777777777777778,0.12499753379553993,0.5087265656029746,5/18 (27.78%; 95% CI 12.50–50.87%),0.2222222222222222,0.09000928108601694,0.45214584316212625,4/18 (22.22%; 95% CI 9.00–45.21%),0.2777777777777778,0.12499753379553993,0.5087265656029746,5/18 (27.78%; 95% CI 12.50–50.87%),0.7777777777777778,0.5478541568378739,0.9099907189139831,14/18 (77.78%; 95% CI 54.79–91.00%)
pal,internvl,appod,H14,14,4,4,4,5,5,18,14,0.2222222222222222,0.09000928108601694,0.45214584316212625,4/18 (22.22%; 95% CI 9.00–45.21%),0.2777777777777778,0.12499753379553993,0.5087265656029746,5/18 (27.78%; 95% CI 12.50–50.87%),0.2222222222222222,0.09000928108601694,0.45214584316212625,4/18 (22.22%; 95% CI 9.00–45.21%),0.2777777777777778,0.12499753379553993,0.5087265656029746,5/18 (27.78%; 95% CI 12.50–50.87%),0.7777777777777778,0.5478541568378739,0.9099907189139831,14/18 (77.78%; 95% CI 54.79–91.00%)
pal,internvl,appod,H14,14,5,4,4,5,5,18,14,0.2222222222222222,0.09000928108601694,0.45214584316212625,4/18 (22.22%; 95% CI 9.00–45.21%),0.2777777777777778,0.12499753379553993,0.5087265656029746,5/18 (27.78%; 95% CI 12.50–50.87%),0.2222222222222222,0.09000928108601694,0.45214584316212625,4/18 (22.22%; 95% CI 9.00–45.21%),0.2777777777777778,0.12499753379553993,0.5087265656029746,5/18 (27.78%; 95% CI 12.50–50.87%),0.7777777777777778,0.5478541568378739,0.9099907189139831,14/18 (77.78%; 95% CI 54.79–91.00%)
pal,internvl,appod,H16,16,1,2,5,6,5,18,13,0.2777777777777778,0.12499753379553993,0.5087265656029746,5/18 (27.78%; 95% CI 12.50–50.87%),0.2777777777777778,0.12499753379553993,0.5087265656029746,5/18 (27.78%; 95% CI 12.50–50.87%),0.1111111111111111,0.03101952264561239,0.32799765130178804,2/18 (11.11%; 95% CI 3.10–32.80%),0.3333333333333333,0.1627877475083369,0.5625053270405489,6/18 (33.33%; 95% CI 16.28–56.25%),0.7222222222222222,0.4912734343970254,0.8750024662044601,13/18 (72.22%; 95% CI 49.13–87.50%)
pal,internvl,appod,H16,16,2,2,5,6,5,18,13,0.2777777777777778,0.12499753379553993,0.5087265656029746,5/18 (27.78%; 95% CI 12.50–50.87%),0.2777777777777778,0.12499753379553993,0.5087265656029746,5/18 (27.78%; 95% CI 12.50–50.87%),0.1111111111111111,0.03101952264561239,0.32799765130178804,2/18 (11.11%; 95% CI 3.10–32.80%),0.3333333333333333,0.1627877475083369,0.5625053270405489,6/18 (33.33%; 95% CI 16.28–56.25%),0.7222222222222222,0.4912734343970254,0.8750024662044601,13/18 (72.22%; 95% CI 49.13–87.50%)
pal,internvl,appod,H16,16,3,3,5,5,5,18,13,0.2777777777777778,0.12499753379553993,0.5087265656029746,5/18 (27.78%; 95% CI 12.50–50.87%),0.2777777777777778,0.12499753379553993,0.5087265656029746,5/18 (27.78%; 95% CI 12.50–50.87%),0.16666666666666666,0.05836576805861446,0.39222038103915724,3/18 (16.67%; 95% CI 5.84–39.22%),0.2777777777777778,0.12499753379553993,0.5087265656029746,5/18 (27.78%; 95% CI 12.50–50.87%),0.7222222222222222,0.4912734343970254,0.8750024662044601,13/18 (72.22%; 95% CI 49.13–87.50%)
pal,internvl,appod,H16,16,4,3,5,5,5,18,13,0.2777777777777778,0.12499753379553993,0.5087265656029746,5/18 (27.78%; 95% CI 12.50–50.87%),0.2777777777777778,0.12499753379553993,0.5087265656029746,5/18 (27.78%; 95% CI 12.50–50.87%),0.16666666666666666,0.05836576805861446,0.39222038103915724,3/18 (16.67%; 95% CI 5.84–39.22%),0.2777777777777778,0.12499753379553993,0.5087265656029746,5/18 (27.78%; 95% CI 12.50–50.87%),0.7222222222222222,0.4912734343970254,0.8750024662044601,13/18 (72.22%; 95% CI 49.13–87.50%)
pal,internvl,appod,H16,16,5,4,5,4,5,18,13,0.2777777777777778,0.12499753379553993,0.5087265656029746,5/18 (27.78%; 95% CI 12.50–50.87%),0.2777777777777778,0.12499753379553993,0.5087265656029746,5/18 (27.78%; 95% CI 12.50–50.87%),0.2222222222222222,0.09000928108601694,0.45214584316212625,4/18 (22.22%; 95% CI 9.00–45.21%),0.2222222222222222,0.09000928108601694,0.45214584316212625,4/18 (22.22%; 95% CI 9.00–45.21%),0.7222222222222222,0.4912734343970254,0.8750024662044601,13/18 (72.22%; 95% CI 49.13–87.50%)
pal,internvl,appod,H18,18,1,4,1,6,7,18,17,0.05555555555555555,0.009875190978303097,0.25757300781872594,1/18 (5.56%; 95% CI 0.99–25.76%),0.3888888888888889,0.2030524657216362,0.613809583977621,7/18 (38.89%; 95% CI 20.31–61.38%),0.2222222222222222,0.09000928108601694,0.45214584316212625,4/18 (22.22%; 95% CI 9.00–45.21%),0.3333333333333333,0.1627877475083369,0.5625053270405489,6/18 (33.33%; 95% CI 16.28–56.25%),0.9444444444444444,0.7424269921812741,0.990124809021697,17/18 (94.44%; 95% CI 74.24–99.01%)
pal,internvl,appod,H18,18,2,4,1,6,7,18,17,0.05555555555555555,0.009875190978303097,0.25757300781872594,1/18 (5.56%; 95% CI 0.99–25.76%),0.3888888888888889,0.2030524657216362,0.613809583977621,7/18 (38.89%; 95% CI 20.31–61.38%),0.2222222222222222,0.09000928108601694,0.45214584316212625,4/18 (22.22%; 95% CI 9.00–45.21%),0.3333333333333333,0.1627877475083369,0.5625053270405489,6/18 (33.33%; 95% CI 16.28–56.25%),0.9444444444444444,0.7424269921812741,0.990124809021697,17/18 (94.44%; 95% CI 74.24–99.01%)
pal,internvl,appod,H18,18,3,4,1,6,7,18,17,0.05555555555555555,0.009875190978303097,0.25757300781872594,1/18 (5.56%; 95% CI 0.99–25.76%),0.3888888888888889,0.2030524657216362,0.613809583977621,7/18 (38.89%; 95% CI 20.31–61.38%),0.2222222222222222,0.09000928108601694,0.45214584316212625,4/18 (22.22%; 95% CI 9.00–45.21%),0.3333333333333333,0.1627877475083369,0.5625053270405489,6/18 (33.33%; 95% CI 16.28–56.25%),0.9444444444444444,0.7424269921812741,0.990124809021697,17/18 (94.44%; 95% CI 74.24–99.01%)
pal,internvl,appod,H18,18,4,5,1,5,7,18,17,0.05555555555555555,0.009875190978303097,0.25757300781872594,1/18 (5.56%; 95% CI 0.99–25.76%),0.3888888888888889,0.2030524657216362,0.613809583977621,7/18 (38.89%; 95% CI 20.31–61.38%),0.2777777777777778,0.12499753379553993,0.5087265656029746,5/18 (27.78%; 95% CI 12.50–50.87%),0.2777777777777778,0.12499753379553993,0.5087265656029746,5/18 (27.78%; 95% CI 12.50–50.87%),0.9444444444444444,0.7424269921812741,0.990124809021697,17/18 (94.44%; 95% CI 74.24–99.01%)
pal,internvl,appod,H18,18,5,5,1,5,7,18,17,0.05555555555555555,0.009875190978303097,0.25757300781872594,1/18 (5.56%; 95% CI 0.99–25.76%),0.3888888888888889,0.2030524657216362,0.613809583977621,7/18 (38.89%; 95% CI 20.31–61.38%),0.2777777777777778,0.12499753379553993,0.5087265656029746,5/18 (27.78%; 95% CI 12.50–50.87%),0.2777777777777778,0.12499753379553993,0.5087265656029746,5/18 (27.78%; 95% CI 12.50–50.87%),0.9444444444444444,0.7424269921812741,0.990124809021697,17/18 (94.44%; 95% CI 74.24–99.01%)
pal,internvl,appod,H20,20,1,4,0,6,8,18,18,0.0,0.0,0.17587922364665765,0/18 (0.00%; 95% CI 0.00–17.59%),0.4444444444444444,0.24559518127005633,0.6628358435795723,8/18 (44.44%; 95% CI 24.56–66.28%),0.2222222222222222,0.09000928108601694,0.45214584316212625,4/18 (22.22%; 95% CI 9.00–45.21%),0.3333333333333333,0.1627877475083369,0.5625053270405489,6/18 (33.33%; 95% CI 16.28–56.25%),1.0,0.8241207763533425,1.0,18/18 (100.00%; 95% CI 82.41–100.00%)
pal,internvl,appod,H20,20,2,4,0,6,8,18,18,0.0,0.0,0.17587922364665765,0/18 (0.00%; 95% CI 0.00–17.59%),0.4444444444444444,0.24559518127005633,0.6628358435795723,8/18 (44.44%; 95% CI 24.56–66.28%),0.2222222222222222,0.09000928108601694,0.45214584316212625,4/18 (22.22%; 95% CI 9.00–45.21%),0.3333333333333333,0.1627877475083369,0.5625053270405489,6/18 (33.33%; 95% CI 16.28–56.25%),1.0,0.8241207763533425,1.0,18/18 (100.00%; 95% CI 82.41–100.00%)
pal,internvl,appod,H20,20,3,4,0,6,8,18,18,0.0,0.0,0.17587922364665765,0/18 (0.00%; 95% CI 0.00–17.59%),0.4444444444444444,0.24559518127005633,0.6628358435795723,8/18 (44.44%; 95% CI 24.56–66.28%),0.2222222222222222,0.09000928108601694,0.45214584316212625,4/18 (22.22%; 95% CI 9.00–45.21%),0.3333333333333333,0.1627877475083369,0.5625053270405489,6/18 (33.33%; 95% CI 16.28–56.25%),1.0,0.8241207763533425,1.0,18/18 (100.00%; 95% CI 82.41–100.00%)
pal,internvl,appod,H20,20,4,5,0,5,8,18,18,0.0,0.0,0.17587922364665765,0/18 (0.00%; 95% CI 0.00–17.59%),0.4444444444444444,0.24559518127005633,0.6628358435795723,8/18 (44.44%; 95% CI 24.56–66.28%),0.2777777777777778,0.12499753379553993,0.5087265656029746,5/18 (27.78%; 95% CI 12.50–50.87%),0.2777777777777778,0.12499753379553993,0.5087265656029746,5/18 (27.78%; 95% CI 12.50–50.87%),1.0,0.8241207763533425,1.0,18/18 (100.00%; 95% CI 82.41–100.00%)
pal,internvl,appod,H20,20,5,5,0,5,8,18,18,0.0,0.0,0.17587922364665765,0/18 (0.00%; 95% CI 0.00–17.59%),0.4444444444444444,0.24559518127005633,0.6628358435795723,8/18 (44.44%; 95% CI 24.56–66.28%),0.2777777777777778,0.12499753379553993,0.5087265656029746,5/18 (27.78%; 95% CI 12.50–50.87%),0.2777777777777778,0.12499753379553993,0.5087265656029746,5/18 (27.78%; 95% CI 12.50–50.87%),1.0,0.8241207763533425,1.0,18/18 (100.00%; 95% CI 82.41–100.00%)
pal,internvl,appod,H22,22,1,4,0,6,8,18,18,0.0,0.0,0.17587922364665765,0/18 (0.00%; 95% CI 0.00–17.59%),0.4444444444444444,0.24559518127005633,0.6628358435795723,8/18 (44.44%; 95% CI 24.56–66.28%),0.2222222222222222,0.09000928108601694,0.45214584316212625,4/18 (22.22%; 95% CI 9.00–45.21%),0.3333333333333333,0.1627877475083369,0.5625053270405489,6/18 (33.33%; 95% CI 16.28–56.25%),1.0,0.8241207763533425,1.0,18/18 (100.00%; 95% CI 82.41–100.00%)
pal,internvl,appod,H22,22,2,4,0,6,8,18,18,0.0,0.0,0.17587922364665765,0/18 (0.00%; 95% CI 0.00–17.59%),0.4444444444444444,0.24559518127005633,0.6628358435795723,8/18 (44.44%; 95% CI 24.56–66.28%),0.2222222222222222,0.09000928108601694,0.45214584316212625,4/18 (22.22%; 95% CI 9.00–45.21%),0.3333333333333333,0.1627877475083369,0.5625053270405489,6/18 (33.33%; 95% CI 16.28–56.25%),1.0,0.8241207763533425,1.0,18/18 (100.00%; 95% CI 82.41–100.00%)
pal,internvl,appod,H22,22,3,4,0,6,8,18,18,0.0,0.0,0.17587922364665765,0/18 (0.00%; 95% CI 0.00–17.59%),0.4444444444444444,0.24559518127005633,0.6628358435795723,8/18 (44.44%; 95% CI 24.56–66.28%),0.2222222222222222,0.09000928108601694,0.45214584316212625,4/18 (22.22%; 95% CI 9.00–45.21%),0.3333333333333333,0.1627877475083369,0.5625053270405489,6/18 (33.33%; 95% CI 16.28–56.25%),1.0,0.8241207763533425,1.0,18/18 (100.00%; 95% CI 82.41–100.00%)
pal,internvl,appod,H22,22,4,5,0,5,8,18,18,0.0,0.0,0.17587922364665765,0/18 (0.00%; 95% CI 0.00–17.59%),0.4444444444444444,0.24559518127005633,0.6628358435795723,8/18 (44.44%; 95% CI 24.56–66.28%),0.2777777777777778,0.12499753379553993,0.5087265656029746,5/18 (27.78%; 95% CI 12.50–50.87%),0.2777777777777778,0.12499753379553993,0.5087265656029746,5/18 (27.78%; 95% CI 12.50–50.87%),1.0,0.8241207763533425,1.0,18/18 (100.00%; 95% CI 82.41–100.00%)
pal,internvl,appod,H22,22,5,5,0,5,8,18,18,0.0,0.0,0.17587922364665765,0/18 (0.00%; 95% CI 0.00–17.59%),0.4444444444444444,0.24559518127005633,0.6628358435795723,8/18 (44.44%; 95% CI 24.56–66.28%),0.2777777777777778,0.12499753379553993,0.5087265656029746,5/18 (27.78%; 95% CI 12.50–50.87%),0.2777777777777778,0.12499753379553993,0.5087265656029746,5/18 (27.78%; 95% CI 12.50–50.87%),1.0,0.8241207763533425,1.0,18/18 (100.00%; 95% CI 82.41–100.00%)
pal,internvl,appod,H24,24,1,4,1,6,7,18,17,0.05555555555555555,0.009875190978303097,0.25757300781872594,1/18 (5.56%; 95% CI 0.99–25.76%),0.3888888888888889,0.2030524657216362,0.613809583977621,7/18 (38.89%; 95% CI 20.31–61.38%),0.2222222222222222,0.09000928108601694,0.45214584316212625,4/18 (22.22%; 95% CI 9.00–45.21%),0.3333333333333333,0.1627877475083369,0.5625053270405489,6/18 (33.33%; 95% CI 16.28–56.25%),0.9444444444444444,0.7424269921812741,0.990124809021697,17/18 (94.44%; 95% CI 74.24–99.01%)
pal,internvl,appod,H24,24,2,4,1,6,7,18,17,0.05555555555555555,0.009875190978303097,0.25757300781872594,1/18 (5.56%; 95% CI 0.99–25.76%),0.3888888888888889,0.2030524657216362,0.613809583977621,7/18 (38.89%; 95% CI 20.31–61.38%),0.2222222222222222,0.09000928108601694,0.45214584316212625,4/18 (22.22%; 95% CI 9.00–45.21%),0.3333333333333333,0.1627877475083369,0.5625053270405489,6/18 (33.33%; 95% CI 16.28–56.25%),0.9444444444444444,0.7424269921812741,0.990124809021697,17/18 (94.44%; 95% CI 74.24–99.01%)
pal,internvl,appod,H24,24,3,4,1,6,7,18,17,0.05555555555555555,0.009875190978303097,0.25757300781872594,1/18 (5.56%; 95% CI 0.99–25.76%),0.3888888888888889,0.2030524657216362,0.613809583977621,7/18 (38.89%; 95% CI 20.31–61.38%),0.2222222222222222,0.09000928108601694,0.45214584316212625,4/18 (22.22%; 95% CI 9.00–45.21%),0.3333333333333333,0.1627877475083369,0.5625053270405489,6/18 (33.33%; 95% CI 16.28–56.25%),0.9444444444444444,0.7424269921812741,0.990124809021697,17/18 (94.44%; 95% CI 74.24–99.01%)
pal,internvl,appod,H24,24,4,5,1,5,7,18,17,0.05555555555555555,0.009875190978303097,0.25757300781872594,1/18 (5.56%; 95% CI 0.99–25.76%),0.3888888888888889,0.2030524657216362,0.613809583977621,7/18 (38.89%; 95% CI 20.31–61.38%),0.2777777777777778,0.12499753379553993,0.5087265656029746,5/18 (27.78%; 95% CI 12.50–50.87%),0.2777777777777778,0.12499753379553993,0.5087265656029746,5/18 (27.78%; 95% CI 12.50–50.87%),0.9444444444444444,0.7424269921812741,0.990124809021697,17/18 (94.44%; 95% CI 74.24–99.01%)
pal,internvl,appod,H24,24,5,5,1,5,7,18,17,0.05555555555555555,0.009875190978303097,0.25757300781872594,1/18 (5.56%; 95% CI 0.99–25.76%),0.3888888888888889,0.2030524657216362,0.613809583977621,7/18 (38.89%; 95% CI 20.31–61.38%),0.2777777777777778,0.12499753379553993,0.5087265656029746,5/18 (27.78%; 95% CI 12.50–50.87%),0.2777777777777778,0.12499753379553993,0.5087265656029746,5/18 (27.78%; 95% CI 12.50–50.87%),0.9444444444444444,0.7424269921812741,0.990124809021697,17/18 (94.44%; 95% CI 74.24–99.01%)
pal,internvl,appod,H26,26,1,4,1,6,7,18,17,0.05555555555555555,0.009875190978303097,0.25757300781872594,1/18 (5.56%; 95% CI 0.99–25.76%),0.3888888888888889,0.2030524657216362,0.613809583977621,7/18 (38.89%; 95% CI 20.31–61.38%),0.2222222222222222,0.09000928108601694,0.45214584316212625,4/18 (22.22%; 95% CI 9.00–45.21%),0.3333333333333333,0.1627877475083369,0.5625053270405489,6/18 (33.33%; 95% CI 16.28–56.25%),0.9444444444444444,0.7424269921812741,0.990124809021697,17/18 (94.44%; 95% CI 74.24–99.01%)
pal,internvl,appod,H26,26,2,4,1,6,7,18,17,0.05555555555555555,0.009875190978303097,0.25757300781872594,1/18 (5.56%; 95% CI 0.99–25.76%),0.3888888888888889,0.2030524657216362,0.613809583977621,7/18 (38.89%; 95% CI 20.31–61.38%),0.2222222222222222,0.09000928108601694,0.45214584316212625,4/18 (22.22%; 95% CI 9.00–45.21%),0.3333333333333333,0.1627877475083369,0.5625053270405489,6/18 (33.33%; 95% CI 16.28–56.25%),0.9444444444444444,0.7424269921812741,0.990124809021697,17/18 (94.44%; 95% CI 74.24–99.01%)
pal,internvl,appod,H26,26,3,4,1,6,7,18,17,0.05555555555555555,0.009875190978303097,0.25757300781872594,1/18 (5.56%; 95% CI 0.99–25.76%),0.3888888888888889,0.2030524657216362,0.613809583977621,7/18 (38.89%; 95% CI 20.31–61.38%),0.2222222222222222,0.09000928108601694,0.45214584316212625,4/18 (22.22%; 95% CI 9.00–45.21%),0.3333333333333333,0.1627877475083369,0.5625053270405489,6/18 (33.33%; 95% CI 16.28–56.25%),0.9444444444444444,0.7424269921812741,0.990124809021697,17/18 (94.44%; 95% CI 74.24–99.01%)
pal,internvl,appod,H26,26,4,5,1,5,7,18,17,0.05555555555555555,0.009875190978303097,0.25757300781872594,1/18 (5.56%; 95% CI 0.99–25.76%),0.3888888888888889,0.2030524657216362,0.613809583977621,7/18 (38.89%; 95% CI 20.31–61.38%),0.2777777777777778,0.12499753379553993,0.5087265656029746,5/18 (27.78%; 95% CI 12.50–50.87%),0.2777777777777778,0.12499753379553993,0.5087265656029746,5/18 (27.78%; 95% CI 12.50–50.87%),0.9444444444444444,0.7424269921812741,0.990124809021697,17/18 (94.44%; 95% CI 74.24–99.01%)
pal,internvl,appod,H26,26,5,5,1,5,7,18,17,0.05555555555555555,0.009875190978303097,0.25757300781872594,1/18 (5.56%; 95% CI 0.99–25.76%),0.3888888888888889,0.2030524657216362,0.613809583977621,7/18 (38.89%; 95% CI 20.31–61.38%),0.2777777777777778,0.12499753379553993,0.5087265656029746,5/18 (27.78%; 95% CI 12.50–50.87%),0.2777777777777778,0.12499753379553993,0.5087265656029746,5/18 (27.78%; 95% CI 12.50–50.87%),0.9444444444444444,0.7424269921812741,0.990124809021697,17/18 (94.44%; 95% CI 74.24–99.01%)
pal,internvl,appod,H28,28,1,4,2,6,6,18,16,0.1111111111111111,0.03101952264561239,0.32799765130178804,2/18 (11.11%; 95% CI 3.10–32.80%),0.3333333333333333,0.1627877475083369,0.5625053270405489,6/18 (33.33%; 95% CI 16.28–56.25%),0.2222222222222222,0.09000928108601694,0.45214584316212625,4/18 (22.22%; 95% CI 9.00–45.21%),0.3333333333333333,0.1627877475083369,0.5625053270405489,6/18 (33.33%; 95% CI 16.28–56.25%),0.8888888888888888,0.672002348698212,0.9689804773543876,16/18 (88.89%; 95% CI 67.20–96.90%)
pal,internvl,appod,H28,28,2,4,2,6,6,18,16,0.1111111111111111,0.03101952264561239,0.32799765130178804,2/18 (11.11%; 95% CI 3.10–32.80%),0.3333333333333333,0.1627877475083369,0.5625053270405489,6/18 (33.33%; 95% CI 16.28–56.25%),0.2222222222222222,0.09000928108601694,0.45214584316212625,4/18 (22.22%; 95% CI 9.00–45.21%),0.3333333333333333,0.1627877475083369,0.5625053270405489,6/18 (33.33%; 95% CI 16.28–56.25%),0.8888888888888888,0.672002348698212,0.9689804773543876,16/18 (88.89%; 95% CI 67.20–96.90%)
pal,internvl,appod,H28,28,3,4,2,6,6,18,16,0.1111111111111111,0.03101952264561239,0.32799765130178804,2/18 (11.11%; 95% CI 3.10–32.80%),0.3333333333333333,0.1627877475083369,0.5625053270405489,6/18 (33.33%; 95% CI 16.28–56.25%),0.2222222222222222,0.09000928108601694,0.45214584316212625,4/18 (22.22%; 95% CI 9.00–45.21%),0.3333333333333333,0.1627877475083369,0.5625053270405489,6/18 (33.33%; 95% CI 16.28–56.25%),0.8888888888888888,0.672002348698212,0.9689804773543876,16/18 (88.89%; 95% CI 67.20–96.90%)
pal,internvl,appod,H28,28,4,5,2,5,6,18,16,0.1111111111111111,0.03101952264561239,0.32799765130178804,2/18 (11.11%; 95% CI 3.10–32.80%),0.3333333333333333,0.1627877475083369,0.5625053270405489,6/18 (33.33%; 95% CI 16.28–56.25%),0.2777777777777778,0.12499753379553993,0.5087265656029746,5/18 (27.78%; 95% CI 12.50–50.87%),0.2777777777777778,0.12499753379553993,0.5087265656029746,5/18 (27.78%; 95% CI 12.50–50.87%),0.8888888888888888,0.672002348698212,0.9689804773543876,16/18 (88.89%; 95% CI 67.20–96.90%)
pal,internvl,appod,H28,28,5,5,2,5,6,18,16,0.1111111111111111,0.03101952264561239,0.32799765130178804,2/18 (11.11%; 95% CI 3.10–32.80%),0.3333333333333333,0.1627877475083369,0.5625053270405489,6/18 (33.33%; 95% CI 16.28–56.25%),0.2777777777777778,0.12499753379553993,0.5087265656029746,5/18 (27.78%; 95% CI 12.50–50.87%),0.2777777777777778,0.12499753379553993,0.5087265656029746,5/18 (27.78%; 95% CI 12.50–50.87%),0.8888888888888888,0.672002348698212,0.9689804773543876,16/18 (88.89%; 95% CI 67.20–96.90%)
pal,internvl,appod,H30,30,1,4,0,6,8,18,18,0.0,0.0,0.17587922364665765,0/18 (0.00%; 95% CI 0.00–17.59%),0.4444444444444444,0.24559518127005633,0.6628358435795723,8/18 (44.44%; 95% CI 24.56–66.28%),0.2222222222222222,0.09000928108601694,0.45214584316212625,4/18 (22.22%; 95% CI 9.00–45.21%),0.3333333333333333,0.1627877475083369,0.5625053270405489,6/18 (33.33%; 95% CI 16.28–56.25%),1.0,0.8241207763533425,1.0,18/18 (100.00%; 95% CI 82.41–100.00%)
pal,internvl,appod,H30,30,2,4,0,6,8,18,18,0.0,0.0,0.17587922364665765,0/18 (0.00%; 95% CI 0.00–17.59%),0.4444444444444444,0.24559518127005633,0.6628358435795723,8/18 (44.44%; 95% CI 24.56–66.28%),0.2222222222222222,0.09000928108601694,0.45214584316212625,4/18 (22.22%; 95% CI 9.00–45.21%),0.3333333333333333,0.1627877475083369,0.5625053270405489,6/18 (33.33%; 95% CI 16.28–56.25%),1.0,0.8241207763533425,1.0,18/18 (100.00%; 95% CI 82.41–100.00%)
pal,internvl,appod,H30,30,3,4,0,6,8,18,18,0.0,0.0,0.17587922364665765,0/18 (0.00%; 95% CI 0.00–17.59%),0.4444444444444444,0.24559518127005633,0.6628358435795723,8/18 (44.44%; 95% CI 24.56–66.28%),0.2222222222222222,0.09000928108601694,0.45214584316212625,4/18 (22.22%; 95% CI 9.00–45.21%),0.3333333333333333,0.1627877475083369,0.5625053270405489,6/18 (33.33%; 95% CI 16.28–56.25%),1.0,0.8241207763533425,1.0,18/18 (100.00%; 95% CI 82.41–100.00%)
pal,internvl,appod,H30,30,4,5,0,5,8,18,18,0.0,0.0,0.17587922364665765,0/18 (0.00%; 95% CI 0.00–17.59%),0.4444444444444444,0.24559518127005633,0.6628358435795723,8/18 (44.44%; 95% CI 24.56–66.28%),0.2777777777777778,0.12499753379553993,0.5087265656029746,5/18 (27.78%; 95% CI 12.50–50.87%),0.2777777777777778,0.12499753379553993,0.5087265656029746,5/18 (27.78%; 95% CI 12.50–50.87%),1.0,0.8241207763533425,1.0,18/18 (100.00%; 95% CI 82.41–100.00%)
pal,internvl,appod,H30,30,5,5,0,5,8,18,18,0.0,0.0,0.17587922364665765,0/18 (0.00%; 95% CI 0.00–17.59%),0.4444444444444444,0.24559518127005633,0.6628358435795723,8/18 (44.44%; 95% CI 24.56–66.28%),0.2777777777777778,0.12499753379553993,0.5087265656029746,5/18 (27.78%; 95% CI 12.50–50.87%),0.2777777777777778,0.12499753379553993,0.5087265656029746,5/18 (27.78%; 95% CI 12.50–50.87%),1.0,0.8241207763533425,1.0,18/18 (100.00%; 95% CI 82.41–100.00%)
pal,internvl,appod,H32,32,1,4,0,6,8,18,18,0.0,0.0,0.17587922364665765,0/18 (0.00%; 95% CI 0.00–17.59%),0.4444444444444444,0.24559518127005633,0.6628358435795723,8/18 (44.44%; 95% CI 24.56–66.28%),0.2222222222222222,0.09000928108601694,0.45214584316212625,4/18 (22.22%; 95% CI 9.00–45.21%),0.3333333333333333,0.1627877475083369,0.5625053270405489,6/18 (33.33%; 95% CI 16.28–56.25%),1.0,0.8241207763533425,1.0,18/18 (100.00%; 95% CI 82.41–100.00%)
pal,internvl,appod,H32,32,2,4,0,6,8,18,18,0.0,0.0,0.17587922364665765,0/18 (0.00%; 95% CI 0.00–17.59%),0.4444444444444444,0.24559518127005633,0.6628358435795723,8/18 (44.44%; 95% CI 24.56–66.28%),0.2222222222222222,0.09000928108601694,0.45214584316212625,4/18 (22.22%; 95% CI 9.00–45.21%),0.3333333333333333,0.1627877475083369,0.5625053270405489,6/18 (33.33%; 95% CI 16.28–56.25%),1.0,0.8241207763533425,1.0,18/18 (100.00%; 95% CI 82.41–100.00%)
pal,internvl,appod,H32,32,3,4,0,6,8,18,18,0.0,0.0,0.17587922364665765,0/18 (0.00%; 95% CI 0.00–17.59%),0.4444444444444444,0.24559518127005633,0.6628358435795723,8/18 (44.44%; 95% CI 24.56–66.28%),0.2222222222222222,0.09000928108601694,0.45214584316212625,4/18 (22.22%; 95% CI 9.00–45.21%),0.3333333333333333,0.1627877475083369,0.5625053270405489,6/18 (33.33%; 95% CI 16.28–56.25%),1.0,0.8241207763533425,1.0,18/18 (100.00%; 95% CI 82.41–100.00%)
pal,internvl,appod,H32,32,4,5,0,5,8,18,18,0.0,0.0,0.17587922364665765,0/18 (0.00%; 95% CI 0.00–17.59%),0.4444444444444444,0.24559518127005633,0.6628358435795723,8/18 (44.44%; 95% CI 24.56–66.28%),0.2777777777777778,0.12499753379553993,0.5087265656029746,5/18 (27.78%; 95% CI 12.50–50.87%),0.2777777777777778,0.12499753379553993,0.5087265656029746,5/18 (27.78%; 95% CI 12.50–50.87%),1.0,0.8241207763533425,1.0,18/18 (100.00%; 95% CI 82.41–100.00%)
pal,internvl,appod,H32,32,5,5,0,5,8,18,18,0.0,0.0,0.17587922364665765,0/18 (0.00%; 95% CI 0.00–17.59%),0.4444444444444444,0.24559518127005633,0.6628358435795723,8/18 (44.44%; 95% CI 24.56–66.28%),0.2777777777777778,0.12499753379553993,0.5087265656029746,5/18 (27.78%; 95% CI 12.50–50.87%),0.2777777777777778,0.12499753379553993,0.5087265656029746,5/18 (27.78%; 95% CI 12.50–50.87%),1.0,0.8241207763533425,1.0,18/18 (100.00%; 95% CI 82.41–100.00%)
pal,llava,appfr,H02,2,1,2,2,6,8,18,16,0.1111111111111111,0.03101952264561239,0.32799765130178804,2/18 (11.11%; 95% CI 3.10–32.80%),0.4444444444444444,0.24559518127005633,0.6628358435795723,8/18 (44.44%; 95% CI 24.56–66.28%),0.1111111111111111,0.03101952264561239,0.32799765130178804,2/18 (11.11%; 95% CI 3.10–32.80%),0.3333333333333333,0.1627877475083369,0.5625053270405489,6/18 (33.33%; 95% CI 16.28–56.25%),0.8888888888888888,0.672002348698212,0.9689804773543876,16/18 (88.89%; 95% CI 67.20–96.90%)
pal,llava,appfr,H02,2,2,2,2,6,8,18,16,0.1111111111111111,0.03101952264561239,0.32799765130178804,2/18 (11.11%; 95% CI 3.10–32.80%),0.4444444444444444,0.24559518127005633,0.6628358435795723,8/18 (44.44%; 95% CI 24.56–66.28%),0.1111111111111111,0.03101952264561239,0.32799765130178804,2/18 (11.11%; 95% CI 3.10–32.80%),0.3333333333333333,0.1627877475083369,0.5625053270405489,6/18 (33.33%; 95% CI 16.28–56.25%),0.8888888888888888,0.672002348698212,0.9689804773543876,16/18 (88.89%; 95% CI 67.20–96.90%)
pal,llava,appfr,H02,2,3,2,2,6,8,18,16,0.1111111111111111,0.03101952264561239,0.32799765130178804,2/18 (11.11%; 95% CI 3.10–32.80%),0.4444444444444444,0.24559518127005633,0.6628358435795723,8/18 (44.44%; 95% CI 24.56–66.28%),0.1111111111111111,0.03101952264561239,0.32799765130178804,2/18 (11.11%; 95% CI 3.10–32.80%),0.3333333333333333,0.1627877475083369,0.5625053270405489,6/18 (33.33%; 95% CI 16.28–56.25%),0.8888888888888888,0.672002348698212,0.9689804773543876,16/18 (88.89%; 95% CI 67.20–96.90%)
pal,llava,appfr,H02,2,4,3,2,5,8,18,16,0.1111111111111111,0.03101952264561239,0.32799765130178804,2/18 (11.11%; 95% CI 3.10–32.80%),0.4444444444444444,0.24559518127005633,0.6628358435795723,8/18 (44.44%; 95% CI 24.56–66.28%),0.16666666666666666,0.05836576805861446,0.39222038103915724,3/18 (16.67%; 95% CI 5.84–39.22%),0.2777777777777778,0.12499753379553993,0.5087265656029746,5/18 (27.78%; 95% CI 12.50–50.87%),0.8888888888888888,0.672002348698212,0.9689804773543876,16/18 (88.89%; 95% CI 67.20–96.90%)
pal,llava,appfr,H02,2,5,3,2,5,8,18,16,0.1111111111111111,0.03101952264561239,0.32799765130178804,2/18 (11.11%; 95% CI 3.10–32.80%),0.4444444444444444,0.24559518127005633,0.6628358435795723,8/18 (44.44%; 95% CI 24.56–66.28%),0.16666666666666666,0.05836576805861446,0.39222038103915724,3/18 (16.67%; 95% CI 5.84–39.22%),0.2777777777777778,0.12499753379553993,0.5087265656029746,5/18 (27.78%; 95% CI 12.50–50.87%),0.8888888888888888,0.672002348698212,0.9689804773543876,16/18 (88.89%; 95% CI 67.20–96.90%)
pal,llava,appfr,H04,4,1,1,6,5,6,18,12,0.3333333333333333,0.1627877475083369,0.5625053270405489,6/18 (33.33%; 95% CI 16.28–56.25%),0.3333333333333333,0.1627877475083369,0.5625053270405489,6/18 (33.33%; 95% CI 16.28–56.25%),0.05555555555555555,0.009875190978303097,0.25757300781872594,1/18 (5.56%; 95% CI 0.99–25.76%),0.2777777777777778,0.12499753379553993,0.5087265656029746,5/18 (27.78%; 95% CI 12.50–50.87%),0.6666666666666666,0.43749467295945105,0.837212252491663,12/18 (66.67%; 95% CI 43.75–83.72%)
pal,llava,appfr,H04,4,2,1,6,5,6,18,12,0.3333333333333333,0.1627877475083369,0.5625053270405489,6/18 (33.33%; 95% CI 16.28–56.25%),0.3333333333333333,0.1627877475083369,0.5625053270405489,6/18 (33.33%; 95% CI 16.28–56.25%),0.05555555555555555,0.009875190978303097,0.25757300781872594,1/18 (5.56%; 95% CI 0.99–25.76%),0.2777777777777778,0.12499753379553993,0.5087265656029746,5/18 (27.78%; 95% CI 12.50–50.87%),0.6666666666666666,0.43749467295945105,0.837212252491663,12/18 (66.67%; 95% CI 43.75–83.72%)
pal,llava,appfr,H04,4,3,1,6,5,6,18,12,0.3333333333333333,0.1627877475083369,0.5625053270405489,6/18 (33.33%; 95% CI 16.28–56.25%),0.3333333333333333,0.1627877475083369,0.5625053270405489,6/18 (33.33%; 95% CI 16.28–56.25%),0.05555555555555555,0.009875190978303097,0.25757300781872594,1/18 (5.56%; 95% CI 0.99–25.76%),0.2777777777777778,0.12499753379553993,0.5087265656029746,5/18 (27.78%; 95% CI 12.50–50.87%),0.6666666666666666,0.43749467295945105,0.837212252491663,12/18 (66.67%; 95% CI 43.75–83.72%)
pal,llava,appfr,H04,4,4,2,6,4,6,18,12,0.3333333333333333,0.1627877475083369,0.5625053270405489,6/18 (33.33%; 95% CI 16.28–56.25%),0.3333333333333333,0.1627877475083369,0.5625053270405489,6/18 (33.33%; 95% CI 16.28–56.25%),0.1111111111111111,0.03101952264561239,0.32799765130178804,2/18 (11.11%; 95% CI 3.10–32.80%),0.2222222222222222,0.09000928108601694,0.45214584316212625,4/18 (22.22%; 95% CI 9.00–45.21%),0.6666666666666666,0.43749467295945105,0.837212252491663,12/18 (66.67%; 95% CI 43.75–83.72%)
pal,llava,appfr,H04,4,5,2,6,4,6,18,12,0.3333333333333333,0.1627877475083369,0.5625053270405489,6/18 (33.33%; 95% CI 16.28–56.25%),0.3333333333333333,0.1627877475083369,0.5625053270405489,6/18 (33.33%; 95% CI 16.28–56.25%),0.1111111111111111,0.03101952264561239,0.32799765130178804,2/18 (11.11%; 95% CI 3.10–32.80%),0.2222222222222222,0.09000928108601694,0.45214584316212625,4/18 (22.22%; 95% CI 9.00–45.21%),0.6666666666666666,0.43749467295945105,0.837212252491663,12/18 (66.67%; 95% CI 43.75–83.72%)
pal,llava,appfr,H06,6,1,1,6,5,6,18,12,0.3333333333333333,0.1627877475083369,0.5625053270405489,6/18 (33.33%; 95% CI 16.28–56.25%),0.3333333333333333,0.1627877475083369,0.5625053270405489,6/18 (33.33%; 95% CI 16.28–56.25%),0.05555555555555555,0.009875190978303097,0.25757300781872594,1/18 (5.56%; 95% CI 0.99–25.76%),0.2777777777777778,0.12499753379553993,0.5087265656029746,5/18 (27.78%; 95% CI 12.50–50.87%),0.6666666666666666,0.43749467295945105,0.837212252491663,12/18 (66.67%; 95% CI 43.75–83.72%)
pal,llava,appfr,H06,6,2,1,6,5,6,18,12,0.3333333333333333,0.1627877475083369,0.5625053270405489,6/18 (33.33%; 95% CI 16.28–56.25%),0.3333333333333333,0.1627877475083369,0.5625053270405489,6/18 (33.33%; 95% CI 16.28–56.25%),0.05555555555555555,0.009875190978303097,0.25757300781872594,1/18 (5.56%; 95% CI 0.99–25.76%),0.2777777777777778,0.12499753379553993,0.5087265656029746,5/18 (27.78%; 95% CI 12.50–50.87%),0.6666666666666666,0.43749467295945105,0.837212252491663,12/18 (66.67%; 95% CI 43.75–83.72%)
pal,llava,appfr,H06,6,3,1,6,5,6,18,12,0.3333333333333333,0.1627877475083369,0.5625053270405489,6/18 (33.33%; 95% CI 16.28–56.25%),0.3333333333333333,0.1627877475083369,0.5625053270405489,6/18 (33.33%; 95% CI 16.28–56.25%),0.05555555555555555,0.009875190978303097,0.25757300781872594,1/18 (5.56%; 95% CI 0.99–25.76%),0.2777777777777778,0.12499753379553993,0.5087265656029746,5/18 (27.78%; 95% CI 12.50–50.87%),0.6666666666666666,0.43749467295945105,0.837212252491663,12/18 (66.67%; 95% CI 43.75–83.72%)
pal,llava,appfr,H06,6,4,2,6,4,6,18,12,0.3333333333333333,0.1627877475083369,0.5625053270405489,6/18 (33.33%; 95% CI 16.28–56.25%),0.3333333333333333,0.1627877475083369,0.5625053270405489,6/18 (33.33%; 95% CI 16.28–56.25%),0.1111111111111111,0.03101952264561239,0.32799765130178804,2/18 (11.11%; 95% CI 3.10–32.80%),0.2222222222222222,0.09000928108601694,0.45214584316212625,4/18 (22.22%; 95% CI 9.00–45.21%),0.6666666666666666,0.43749467295945105,0.837212252491663,12/18 (66.67%; 95% CI 43.75–83.72%)
pal,llava,appfr,H06,6,5,3,6,3,6,18,12,0.3333333333333333,0.1627877475083369,0.5625053270405489,6/18 (33.33%; 95% CI 16.28–56.25%),0.3333333333333333,0.1627877475083369,0.5625053270405489,6/18 (33.33%; 95% CI 16.28–56.25%),0.16666666666666666,0.05836576805861446,0.39222038103915724,3/18 (16.67%; 95% CI 5.84–39.22%),0.16666666666666666,0.05836576805861446,0.39222038103915724,3/18 (16.67%; 95% CI 5.84–39.22%),0.6666666666666666,0.43749467295945105,0.837212252491663,12/18 (66.67%; 95% CI 43.75–83.72%)
pal,llava,appfr,H08,8,1,1,7,5,5,18,11,0.3888888888888889,0.2030524657216362,0.613809583977621,7/18 (38.89%; 95% CI 20.31–61.38%),0.2777777777777778,0.12499753379553993,0.5087265656029746,5/18 (27.78%; 95% CI 12.50–50.87%),0.05555555555555555,0.009875190978303097,0.25757300781872594,1/18 (5.56%; 95% CI 0.99–25.76%),0.2777777777777778,0.12499753379553993,0.5087265656029746,5/18 (27.78%; 95% CI 12.50–50.87%),0.6111111111111112,0.3861904160223791,0.7969475342783638,11/18 (61.11%; 95% CI 38.62–79.69%)
pal,llava,appfr,H08,8,2,1,7,5,5,18,11,0.3888888888888889,0.2030524657216362,0.613809583977621,7/18 (38.89%; 95% CI 20.31–61.38%),0.2777777777777778,0.12499753379553993,0.5087265656029746,5/18 (27.78%; 95% CI 12.50–50.87%),0.05555555555555555,0.009875190978303097,0.25757300781872594,1/18 (5.56%; 95% CI 0.99–25.76%),0.2777777777777778,0.12499753379553993,0.5087265656029746,5/18 (27.78%; 95% CI 12.50–50.87%),0.6111111111111112,0.3861904160223791,0.7969475342783638,11/18 (61.11%; 95% CI 38.62–79.69%)
pal,llava,appfr,H08,8,3,1,7,5,5,18,11,0.3888888888888889,0.2030524657216362,0.613809583977621,7/18 (38.89%; 95% CI 20.31–61.38%),0.2777777777777778,0.12499753379553993,0.5087265656029746,5/18 (27.78%; 95% CI 12.50–50.87%),0.05555555555555555,0.009875190978303097,0.25757300781872594,1/18 (5.56%; 95% CI 0.99–25.76%),0.2777777777777778,0.12499753379553993,0.5087265656029746,5/18 (27.78%; 95% CI 12.50–50.87%),0.6111111111111112,0.3861904160223791,0.7969475342783638,11/18 (61.11%; 95% CI 38.62–79.69%)
pal,llava,appfr,H08,8,4,2,7,4,5,18,11,0.3888888888888889,0.2030524657216362,0.613809583977621,7/18 (38.89%; 95% CI 20.31–61.38%),0.2777777777777778,0.12499753379553993,0.5087265656029746,5/18 (27.78%; 95% CI 12.50–50.87%),0.1111111111111111,0.03101952264561239,0.32799765130178804,2/18 (11.11%; 95% CI 3.10–32.80%),0.2222222222222222,0.09000928108601694,0.45214584316212625,4/18 (22.22%; 95% CI 9.00–45.21%),0.6111111111111112,0.3861904160223791,0.7969475342783638,11/18 (61.11%; 95% CI 38.62–79.69%)
pal,llava,appfr,H08,8,5,3,7,3,5,18,11,0.3888888888888889,0.2030524657216362,0.613809583977621,7/18 (38.89%; 95% CI 20.31–61.38%),0.2777777777777778,0.12499753379553993,0.5087265656029746,5/18 (27.78%; 95% CI 12.50–50.87%),0.16666666666666666,0.05836576805861446,0.39222038103915724,3/18 (16.67%; 95% CI 5.84–39.22%),0.16666666666666666,0.05836576805861446,0.39222038103915724,3/18 (16.67%; 95% CI 5.84–39.22%),0.6111111111111112,0.3861904160223791,0.7969475342783638,11/18 (61.11%; 95% CI 38.62–79.69%)
pal,llava,appfr,H10,10,1,1,8,5,4,18,10,0.4444444444444444,0.24559518127005633,0.6628358435795723,8/18 (44.44%; 95% CI 24.56–66.28%),0.2222222222222222,0.09000928108601694,0.45214584316212625,4/18 (22.22%; 95% CI 9.00–45.21%),0.05555555555555555,0.009875190978303097,0.25757300781872594,1/18 (5.56%; 95% CI 0.99–25.76%),0.2777777777777778,0.12499753379553993,0.5087265656029746,5/18 (27.78%; 95% CI 12.50–50.87%),0.5555555555555556,0.33716415642042774,0.7544048187299437,10/18 (55.56%; 95% CI 33.72–75.44%)
pal,llava,appfr,H10,10,2,1,8,5,4,18,10,0.4444444444444444,0.24559518127005633,0.6628358435795723,8/18 (44.44%; 95% CI 24.56–66.28%),0.2222222222222222,0.09000928108601694,0.45214584316212625,4/18 (22.22%; 95% CI 9.00–45.21%),0.05555555555555555,0.009875190978303097,0.25757300781872594,1/18 (5.56%; 95% CI 0.99–25.76%),0.2777777777777778,0.12499753379553993,0.5087265656029746,5/18 (27.78%; 95% CI 12.50–50.87%),0.5555555555555556,0.33716415642042774,0.7544048187299437,10/18 (55.56%; 95% CI 33.72–75.44%)
pal,llava,appfr,H10,10,3,1,8,5,4,18,10,0.4444444444444444,0.24559518127005633,0.6628358435795723,8/18 (44.44%; 95% CI 24.56–66.28%),0.2222222222222222,0.09000928108601694,0.45214584316212625,4/18 (22.22%; 95% CI 9.00–45.21%),0.05555555555555555,0.009875190978303097,0.25757300781872594,1/18 (5.56%; 95% CI 0.99–25.76%),0.2777777777777778,0.12499753379553993,0.5087265656029746,5/18 (27.78%; 95% CI 12.50–50.87%),0.5555555555555556,0.33716415642042774,0.7544048187299437,10/18 (55.56%; 95% CI 33.72–75.44%)
pal,llava,appfr,H10,10,4,2,8,4,4,18,10,0.4444444444444444,0.24559518127005633,0.6628358435795723,8/18 (44.44%; 95% CI 24.56–66.28%),0.2222222222222222,0.09000928108601694,0.45214584316212625,4/18 (22.22%; 95% CI 9.00–45.21%),0.1111111111111111,0.03101952264561239,0.32799765130178804,2/18 (11.11%; 95% CI 3.10–32.80%),0.2222222222222222,0.09000928108601694,0.45214584316212625,4/18 (22.22%; 95% CI 9.00–45.21%),0.5555555555555556,0.33716415642042774,0.7544048187299437,10/18 (55.56%; 95% CI 33.72–75.44%)
pal,llava,appfr,H10,10,5,3,8,3,4,18,10,0.4444444444444444,0.24559518127005633,0.6628358435795723,8/18 (44.44%; 95% CI 24.56–66.28%),0.2222222222222222,0.09000928108601694,0.45214584316212625,4/18 (22.22%; 95% CI 9.00–45.21%),0.16666666666666666,0.05836576805861446,0.39222038103915724,3/18 (16.67%; 95% CI 5.84–39.22%),0.16666666666666666,0.05836576805861446,0.39222038103915724,3/18 (16.67%; 95% CI 5.84–39.22%),0.5555555555555556,0.33716415642042774,0.7544048187299437,10/18 (55.56%; 95% CI 33.72–75.44%)
pal,llava,appfr,H12,12,1,1,9,5,3,18,9,0.5,0.29031021505169974,0.7096897849483003,9/18 (50.00%; 95% CI 29.03–70.97%),0.16666666666666666,0.05836576805861446,0.39222038103915724,3/18 (16.67%; 95% CI 5.84–39.22%),0.05555555555555555,0.009875190978303097,0.25757300781872594,1/18 (5.56%; 95% CI 0.99–25.76%),0.2777777777777778,0.12499753379553993,0.5087265656029746,5/18 (27.78%; 95% CI 12.50–50.87%),0.5,0.29031021505169974,0.7096897849483003,9/18 (50.00%; 95% CI 29.03–70.97%)
pal,llava,appfr,H12,12,2,1,9,5,3,18,9,0.5,0.29031021505169974,0.7096897849483003,9/18 (50.00%; 95% CI 29.03–70.97%),0.16666666666666666,0.05836576805861446,0.39222038103915724,3/18 (16.67%; 95% CI 5.84–39.22%),0.05555555555555555,0.009875190978303097,0.25757300781872594,1/18 (5.56%; 95% CI 0.99–25.76%),0.2777777777777778,0.12499753379553993,0.5087265656029746,5/18 (27.78%; 95% CI 12.50–50.87%),0.5,0.29031021505169974,0.7096897849483003,9/18 (50.00%; 95% CI 29.03–70.97%)
pal,llava,appfr,H12,12,3,1,9,5,3,18,9,0.5,0.29031021505169974,0.7096897849483003,9/18 (50.00%; 95% CI 29.03–70.97%),0.16666666666666666,0.05836576805861446,0.39222038103915724,3/18 (16.67%; 95% CI 5.84–39.22%),0.05555555555555555,0.009875190978303097,0.25757300781872594,1/18 (5.56%; 95% CI 0.99–25.76%),0.2777777777777778,0.12499753379553993,0.5087265656029746,5/18 (27.78%; 95% CI 12.50–50.87%),0.5,0.29031021505169974,0.7096897849483003,9/18 (50.00%; 95% CI 29.03–70.97%)
pal,llava,appfr,H12,12,4,2,9,4,3,18,9,0.5,0.29031021505169974,0.7096897849483003,9/18 (50.00%; 95% CI 29.03–70.97%),0.16666666666666666,0.05836576805861446,0.39222038103915724,3/18 (16.67%; 95% CI 5.84–39.22%),0.1111111111111111,0.03101952264561239,0.32799765130178804,2/18 (11.11%; 95% CI 3.10–32.80%),0.2222222222222222,0.09000928108601694,0.45214584316212625,4/18 (22.22%; 95% CI 9.00–45.21%),0.5,0.29031021505169974,0.7096897849483003,9/18 (50.00%; 95% CI 29.03–70.97%)
pal,llava,appfr,H12,12,5,3,9,3,3,18,9,0.5,0.29031021505169974,0.7096897849483003,9/18 (50.00%; 95% CI 29.03–70.97%),0.16666666666666666,0.05836576805861446,0.39222038103915724,3/18 (16.67%; 95% CI 5.84–39.22%),0.16666666666666666,0.05836576805861446,0.39222038103915724,3/18 (16.67%; 95% CI 5.84–39.22%),0.16666666666666666,0.05836576805861446,0.39222038103915724,3/18 (16.67%; 95% CI 5.84–39.22%),0.5,0.29031021505169974,0.7096897849483003,9/18 (50.00%; 95% CI 29.03–70.97%)
pal,llava,appfr,H14,14,1,1,9,5,3,18,9,0.5,0.29031021505169974,0.7096897849483003,9/18 (50.00%; 95% CI 29.03–70.97%),0.16666666666666666,0.05836576805861446,0.39222038103915724,3/18 (16.67%; 95% CI 5.84–39.22%),0.05555555555555555,0.009875190978303097,0.25757300781872594,1/18 (5.56%; 95% CI 0.99–25.76%),0.2777777777777778,0.12499753379553993,0.5087265656029746,5/18 (27.78%; 95% CI 12.50–50.87%),0.5,0.29031021505169974,0.7096897849483003,9/18 (50.00%; 95% CI 29.03–70.97%)
pal,llava,appfr,H14,14,2,1,9,5,3,18,9,0.5,0.29031021505169974,0.7096897849483003,9/18 (50.00%; 95% CI 29.03–70.97%),0.16666666666666666,0.05836576805861446,0.39222038103915724,3/18 (16.67%; 95% CI 5.84–39.22%),0.05555555555555555,0.009875190978303097,0.25757300781872594,1/18 (5.56%; 95% CI 0.99–25.76%),0.2777777777777778,0.12499753379553993,0.5087265656029746,5/18 (27.78%; 95% CI 12.50–50.87%),0.5,0.29031021505169974,0.7096897849483003,9/18 (50.00%; 95% CI 29.03–70.97%)
pal,llava,appfr,H14,14,3,1,9,5,3,18,9,0.5,0.29031021505169974,0.7096897849483003,9/18 (50.00%; 95% CI 29.03–70.97%),0.16666666666666666,0.05836576805861446,0.39222038103915724,3/18 (16.67%; 95% CI 5.84–39.22%),0.05555555555555555,0.009875190978303097,0.25757300781872594,1/18 (5.56%; 95% CI 0.99–25.76%),0.2777777777777778,0.12499753379553993,0.5087265656029746,5/18 (27.78%; 95% CI 12.50–50.87%),0.5,0.29031021505169974,0.7096897849483003,9/18 (50.00%; 95% CI 29.03–70.97%)
pal,llava,appfr,H14,14,4,2,9,4,3,18,9,0.5,0.29031021505169974,0.7096897849483003,9/18 (50.00%; 95% CI 29.03–70.97%),0.16666666666666666,0.05836576805861446,0.39222038103915724,3/18 (16.67%; 95% CI 5.84–39.22%),0.1111111111111111,0.03101952264561239,0.32799765130178804,2/18 (11.11%; 95% CI 3.10–32.80%),0.2222222222222222,0.09000928108601694,0.45214584316212625,4/18 (22.22%; 95% CI 9.00–45.21%),0.5,0.29031021505169974,0.7096897849483003,9/18 (50.00%; 95% CI 29.03–70.97%)
pal,llava,appfr,H14,14,5,3,9,3,3,18,9,0.5,0.29031021505169974,0.7096897849483003,9/18 (50.00%; 95% CI 29.03–70.97%),0.16666666666666666,0.05836576805861446,0.39222038103915724,3/18 (16.67%; 95% CI 5.84–39.22%),0.16666666666666666,0.05836576805861446,0.39222038103915724,3/18 (16.67%; 95% CI 5.84–39.22%),0.16666666666666666,0.05836576805861446,0.39222038103915724,3/18 (16.67%; 95% CI 5.84–39.22%),0.5,0.29031021505169974,0.7096897849483003,9/18 (50.00%; 95% CI 29.03–70.97%)
pal,llava,appfr,H16,16,1,1,11,5,1,18,7,0.6111111111111112,0.3861904160223791,0.7969475342783638,11/18 (61.11%; 95% CI 38.62–79.69%),0.05555555555555555,0.009875190978303097,0.25757300781872594,1/18 (5.56%; 95% CI 0.99–25.76%),0.05555555555555555,0.009875190978303097,0.25757300781872594,1/18 (5.56%; 95% CI 0.99–25.76%),0.2777777777777778,0.12499753379553993,0.5087265656029746,5/18 (27.78%; 95% CI 12.50–50.87%),0.3888888888888889,0.2030524657216362,0.613809583977621,7/18 (38.89%; 95% CI 20.31–61.38%)
pal,llava,appfr,H16,16,2,1,11,5,1,18,7,0.6111111111111112,0.3861904160223791,0.7969475342783638,11/18 (61.11%; 95% CI 38.62–79.69%),0.05555555555555555,0.009875190978303097,0.25757300781872594,1/18 (5.56%; 95% CI 0.99–25.76%),0.05555555555555555,0.009875190978303097,0.25757300781872594,1/18 (5.56%; 95% CI 0.99–25.76%),0.2777777777777778,0.12499753379553993,0.5087265656029746,5/18 (27.78%; 95% CI 12.50–50.87%),0.3888888888888889,0.2030524657216362,0.613809583977621,7/18 (38.89%; 95% CI 20.31–61.38%)
pal,llava,appfr,H16,16,3,1,11,5,1,18,7,0.6111111111111112,0.3861904160223791,0.7969475342783638,11/18 (61.11%; 95% CI 38.62–79.69%),0.05555555555555555,0.009875190978303097,0.25757300781872594,1/18 (5.56%; 95% CI 0.99–25.76%),0.05555555555555555,0.009875190978303097,0.25757300781872594,1/18 (5.56%; 95% CI 0.99–25.76%),0.2777777777777778,0.12499753379553993,0.5087265656029746,5/18 (27.78%; 95% CI 12.50–50.87%),0.3888888888888889,0.2030524657216362,0.613809583977621,7/18 (38.89%; 95% CI 20.31–61.38%)
pal,llava,appfr,H16,16,4,2,11,4,1,18,7,0.6111111111111112,0.3861904160223791,0.7969475342783638,11/18 (61.11%; 95% CI 38.62–79.69%),0.05555555555555555,0.009875190978303097,0.25757300781872594,1/18 (5.56%; 95% CI 0.99–25.76%),0.1111111111111111,0.03101952264561239,0.32799765130178804,2/18 (11.11%; 95% CI 3.10–32.80%),0.2222222222222222,0.09000928108601694,0.45214584316212625,4/18 (22.22%; 95% CI 9.00–45.21%),0.3888888888888889,0.2030524657216362,0.613809583977621,7/18 (38.89%; 95% CI 20.31–61.38%)
pal,llava,appfr,H16,16,5,3,11,3,1,18,7,0.6111111111111112,0.3861904160223791,0.7969475342783638,11/18 (61.11%; 95% CI 38.62–79.69%),0.05555555555555555,0.009875190978303097,0.25757300781872594,1/18 (5.56%; 95% CI 0.99–25.76%),0.16666666666666666,0.05836576805861446,0.39222038103915724,3/18 (16.67%; 95% CI 5.84–39.22%),0.16666666666666666,0.05836576805861446,0.39222038103915724,3/18 (16.67%; 95% CI 5.84–39.22%),0.3888888888888889,0.2030524657216362,0.613809583977621,7/18 (38.89%; 95% CI 20.31–61.38%)
pal,llava,appfr,H18,18,1,1,9,5,3,18,9,0.5,0.29031021505169974,0.7096897849483003,9/18 (50.00%; 95% CI 29.03–70.97%),0.16666666666666666,0.05836576805861446,0.39222038103915724,3/18 (16.67%; 95% CI 5.84–39.22%),0.05555555555555555,0.009875190978303097,0.25757300781872594,1/18 (5.56%; 95% CI 0.99–25.76%),0.2777777777777778,0.12499753379553993,0.5087265656029746,5/18 (27.78%; 95% CI 12.50–50.87%),0.5,0.29031021505169974,0.7096897849483003,9/18 (50.00%; 95% CI 29.03–70.97%)
pal,llava,appfr,H18,18,2,1,9,5,3,18,9,0.5,0.29031021505169974,0.7096897849483003,9/18 (50.00%; 95% CI 29.03–70.97%),0.16666666666666666,0.05836576805861446,0.39222038103915724,3/18 (16.67%; 95% CI 5.84–39.22%),0.05555555555555555,0.009875190978303097,0.25757300781872594,1/18 (5.56%; 95% CI 0.99–25.76%),0.2777777777777778,0.12499753379553993,0.5087265656029746,5/18 (27.78%; 95% CI 12.50–50.87%),0.5,0.29031021505169974,0.7096897849483003,9/18 (50.00%; 95% CI 29.03–70.97%)
pal,llava,appfr,H18,18,3,1,9,5,3,18,9,0.5,0.29031021505169974,0.7096897849483003,9/18 (50.00%; 95% CI 29.03–70.97%),0.16666666666666666,0.05836576805861446,0.39222038103915724,3/18 (16.67%; 95% CI 5.84–39.22%),0.05555555555555555,0.009875190978303097,0.25757300781872594,1/18 (5.56%; 95% CI 0.99–25.76%),0.2777777777777778,0.12499753379553993,0.5087265656029746,5/18 (27.78%; 95% CI 12.50–50.87%),0.5,0.29031021505169974,0.7096897849483003,9/18 (50.00%; 95% CI 29.03–70.97%)
pal,llava,appfr,H18,18,4,2,9,4,3,18,9,0.5,0.29031021505169974,0.7096897849483003,9/18 (50.00%; 95% CI 29.03–70.97%),0.16666666666666666,0.05836576805861446,0.39222038103915724,3/18 (16.67%; 95% CI 5.84–39.22%),0.1111111111111111,0.03101952264561239,0.32799765130178804,2/18 (11.11%; 95% CI 3.10–32.80%),0.2222222222222222,0.09000928108601694,0.45214584316212625,4/18 (22.22%; 95% CI 9.00–45.21%),0.5,0.29031021505169974,0.7096897849483003,9/18 (50.00%; 95% CI 29.03–70.97%)
pal,llava,appfr,H18,18,5,3,9,3,3,18,9,0.5,0.29031021505169974,0.7096897849483003,9/18 (50.00%; 95% CI 29.03–70.97%),0.16666666666666666,0.05836576805861446,0.39222038103915724,3/18 (16.67%; 95% CI 5.84–39.22%),0.16666666666666666,0.05836576805861446,0.39222038103915724,3/18 (16.67%; 95% CI 5.84–39.22%),0.16666666666666666,0.05836576805861446,0.39222038103915724,3/18 (16.67%; 95% CI 5.84–39.22%),0.5,0.29031021505169974,0.7096897849483003,9/18 (50.00%; 95% CI 29.03–70.97%)
pal,llava,appfr,H20,20,1,1,9,5,3,18,9,0.5,0.29031021505169974,0.7096897849483003,9/18 (50.00%; 95% CI 29.03–70.97%),0.16666666666666666,0.05836576805861446,0.39222038103915724,3/18 (16.67%; 95% CI 5.84–39.22%),0.05555555555555555,0.009875190978303097,0.25757300781872594,1/18 (5.56%; 95% CI 0.99–25.76%),0.2777777777777778,0.12499753379553993,0.5087265656029746,5/18 (27.78%; 95% CI 12.50–50.87%),0.5,0.29031021505169974,0.7096897849483003,9/18 (50.00%; 95% CI 29.03–70.97%)
pal,llava,appfr,H20,20,2,1,9,5,3,18,9,0.5,0.29031021505169974,0.7096897849483003,9/18 (50.00%; 95% CI 29.03–70.97%),0.16666666666666666,0.05836576805861446,0.39222038103915724,3/18 (16.67%; 95% CI 5.84–39.22%),0.05555555555555555,0.009875190978303097,0.25757300781872594,1/18 (5.56%; 95% CI 0.99–25.76%),0.2777777777777778,0.12499753379553993,0.5087265656029746,5/18 (27.78%; 95% CI 12.50–50.87%),0.5,0.29031021505169974,0.7096897849483003,9/18 (50.00%; 95% CI 29.03–70.97%)
pal,llava,appfr,H20,20,3,1,9,5,3,18,9,0.5,0.29031021505169974,0.7096897849483003,9/18 (50.00%; 95% CI 29.03–70.97%),0.16666666666666666,0.05836576805861446,0.39222038103915724,3/18 (16.67%; 95% CI 5.84–39.22%),0.05555555555555555,0.009875190978303097,0.25757300781872594,1/18 (5.56%; 95% CI 0.99–25.76%),0.2777777777777778,0.12499753379553993,0.5087265656029746,5/18 (27.78%; 95% CI 12.50–50.87%),0.5,0.29031021505169974,0.7096897849483003,9/18 (50.00%; 95% CI 29.03–70.97%)
pal,llava,appfr,H20,20,4,2,9,4,3,18,9,0.5,0.29031021505169974,0.7096897849483003,9/18 (50.00%; 95% CI 29.03–70.97%),0.16666666666666666,0.05836576805861446,0.39222038103915724,3/18 (16.67%; 95% CI 5.84–39.22%),0.1111111111111111,0.03101952264561239,0.32799765130178804,2/18 (11.11%; 95% CI 3.10–32.80%),0.2222222222222222,0.09000928108601694,0.45214584316212625,4/18 (22.22%; 95% CI 9.00–45.21%),0.5,0.29031021505169974,0.7096897849483003,9/18 (50.00%; 95% CI 29.03–70.97%)
pal,llava,appfr,H20,20,5,2,9,4,3,18,9,0.5,0.29031021505169974,0.7096897849483003,9/18 (50.00%; 95% CI 29.03–70.97%),0.16666666666666666,0.05836576805861446,0.39222038103915724,3/18 (16.67%; 95% CI 5.84–39.22%),0.1111111111111111,0.03101952264561239,0.32799765130178804,2/18 (11.11%; 95% CI 3.10–32.80%),0.2222222222222222,0.09000928108601694,0.45214584316212625,4/18 (22.22%; 95% CI 9.00–45.21%),0.5,0.29031021505169974,0.7096897849483003,9/18 (50.00%; 95% CI 29.03–70.97%)
pal,llava,appfr,H22,22,1,1,9,5,3,18,9,0.5,0.29031021505169974,0.7096897849483003,9/18 (50.00%; 95% CI 29.03–70.97%),0.16666666666666666,0.05836576805861446,0.39222038103915724,3/18 (16.67%; 95% CI 5.84–39.22%),0.05555555555555555,0.009875190978303097,0.25757300781872594,1/18 (5.56%; 95% CI 0.99–25.76%),0.2777777777777778,0.12499753379553993,0.5087265656029746,5/18 (27.78%; 95% CI 12.50–50.87%),0.5,0.29031021505169974,0.7096897849483003,9/18 (50.00%; 95% CI 29.03–70.97%)
pal,llava,appfr,H22,22,2,1,9,5,3,18,9,0.5,0.29031021505169974,0.7096897849483003,9/18 (50.00%; 95% CI 29.03–70.97%),0.16666666666666666,0.05836576805861446,0.39222038103915724,3/18 (16.67%; 95% CI 5.84–39.22%),0.05555555555555555,0.009875190978303097,0.25757300781872594,1/18 (5.56%; 95% CI 0.99–25.76%),0.2777777777777778,0.12499753379553993,0.5087265656029746,5/18 (27.78%; 95% CI 12.50–50.87%),0.5,0.29031021505169974,0.7096897849483003,9/18 (50.00%; 95% CI 29.03–70.97%)
pal,llava,appfr,H22,22,3,1,9,5,3,18,9,0.5,0.29031021505169974,0.7096897849483003,9/18 (50.00%; 95% CI 29.03–70.97%),0.16666666666666666,0.05836576805861446,0.39222038103915724,3/18 (16.67%; 95% CI 5.84–39.22%),0.05555555555555555,0.009875190978303097,0.25757300781872594,1/18 (5.56%; 95% CI 0.99–25.76%),0.2777777777777778,0.12499753379553993,0.5087265656029746,5/18 (27.78%; 95% CI 12.50–50.87%),0.5,0.29031021505169974,0.7096897849483003,9/18 (50.00%; 95% CI 29.03–70.97%)
pal,llava,appfr,H22,22,4,2,9,4,3,18,9,0.5,0.29031021505169974,0.7096897849483003,9/18 (50.00%; 95% CI 29.03–70.97%),0.16666666666666666,0.05836576805861446,0.39222038103915724,3/18 (16.67%; 95% CI 5.84–39.22%),0.1111111111111111,0.03101952264561239,0.32799765130178804,2/18 (11.11%; 95% CI 3.10–32.80%),0.2222222222222222,0.09000928108601694,0.45214584316212625,4/18 (22.22%; 95% CI 9.00–45.21%),0.5,0.29031021505169974,0.7096897849483003,9/18 (50.00%; 95% CI 29.03–70.97%)
pal,llava,appfr,H22,22,5,2,9,4,3,18,9,0.5,0.29031021505169974,0.7096897849483003,9/18 (50.00%; 95% CI 29.03–70.97%),0.16666666666666666,0.05836576805861446,0.39222038103915724,3/18 (16.67%; 95% CI 5.84–39.22%),0.1111111111111111,0.03101952264561239,0.32799765130178804,2/18 (11.11%; 95% CI 3.10–32.80%),0.2222222222222222,0.09000928108601694,0.45214584316212625,4/18 (22.22%; 95% CI 9.00–45.21%),0.5,0.29031021505169974,0.7096897849483003,9/18 (50.00%; 95% CI 29.03–70.97%)
pal,llava,appfr,H24,24,1,1,9,5,3,18,9,0.5,0.29031021505169974,0.7096897849483003,9/18 (50.00%; 95% CI 29.03–70.97%),0.16666666666666666,0.05836576805861446,0.39222038103915724,3/18 (16.67%; 95% CI 5.84–39.22%),0.05555555555555555,0.009875190978303097,0.25757300781872594,1/18 (5.56%; 95% CI 0.99–25.76%),0.2777777777777778,0.12499753379553993,0.5087265656029746,5/18 (27.78%; 95% CI 12.50–50.87%),0.5,0.29031021505169974,0.7096897849483003,9/18 (50.00%; 95% CI 29.03–70.97%)
pal,llava,appfr,H24,24,2,1,9,5,3,18,9,0.5,0.29031021505169974,0.7096897849483003,9/18 (50.00%; 95% CI 29.03–70.97%),0.16666666666666666,0.05836576805861446,0.39222038103915724,3/18 (16.67%; 95% CI 5.84–39.22%),0.05555555555555555,0.009875190978303097,0.25757300781872594,1/18 (5.56%; 95% CI 0.99–25.76%),0.2777777777777778,0.12499753379553993,0.5087265656029746,5/18 (27.78%; 95% CI 12.50–50.87%),0.5,0.29031021505169974,0.7096897849483003,9/18 (50.00%; 95% CI 29.03–70.97%)
pal,llava,appfr,H24,24,3,1,9,5,3,18,9,0.5,0.29031021505169974,0.7096897849483003,9/18 (50.00%; 95% CI 29.03–70.97%),0.16666666666666666,0.05836576805861446,0.39222038103915724,3/18 (16.67%; 95% CI 5.84–39.22%),0.05555555555555555,0.009875190978303097,0.25757300781872594,1/18 (5.56%; 95% CI 0.99–25.76%),0.2777777777777778,0.12499753379553993,0.5087265656029746,5/18 (27.78%; 95% CI 12.50–50.87%),0.5,0.29031021505169974,0.7096897849483003,9/18 (50.00%; 95% CI 29.03–70.97%)
pal,llava,appfr,H24,24,4,2,9,4,3,18,9,0.5,0.29031021505169974,0.7096897849483003,9/18 (50.00%; 95% CI 29.03–70.97%),0.16666666666666666,0.05836576805861446,0.39222038103915724,3/18 (16.67%; 95% CI 5.84–39.22%),0.1111111111111111,0.03101952264561239,0.32799765130178804,2/18 (11.11%; 95% CI 3.10–32.80%),0.2222222222222222,0.09000928108601694,0.45214584316212625,4/18 (22.22%; 95% CI 9.00–45.21%),0.5,0.29031021505169974,0.7096897849483003,9/18 (50.00%; 95% CI 29.03–70.97%)
pal,llava,appfr,H24,24,5,2,9,4,3,18,9,0.5,0.29031021505169974,0.7096897849483003,9/18 (50.00%; 95% CI 29.03–70.97%),0.16666666666666666,0.05836576805861446,0.39222038103915724,3/18 (16.67%; 95% CI 5.84–39.22%),0.1111111111111111,0.03101952264561239,0.32799765130178804,2/18 (11.11%; 95% CI 3.10–32.80%),0.2222222222222222,0.09000928108601694,0.45214584316212625,4/18 (22.22%; 95% CI 9.00–45.21%),0.5,0.29031021505169974,0.7096897849483003,9/18 (50.00%; 95% CI 29.03–70.97%)
pal,llava,appfr,H26,26,1,1,9,5,3,18,9,0.5,0.29031021505169974,0.7096897849483003,9/18 (50.00%; 95% CI 29.03–70.97%),0.16666666666666666,0.05836576805861446,0.39222038103915724,3/18 (16.67%; 95% CI 5.84–39.22%),0.05555555555555555,0.009875190978303097,0.25757300781872594,1/18 (5.56%; 95% CI 0.99–25.76%),0.2777777777777778,0.12499753379553993,0.5087265656029746,5/18 (27.78%; 95% CI 12.50–50.87%),0.5,0.29031021505169974,0.7096897849483003,9/18 (50.00%; 95% CI 29.03–70.97%)
pal,llava,appfr,H26,26,2,1,9,5,3,18,9,0.5,0.29031021505169974,0.7096897849483003,9/18 (50.00%; 95% CI 29.03–70.97%),0.16666666666666666,0.05836576805861446,0.39222038103915724,3/18 (16.67%; 95% CI 5.84–39.22%),0.05555555555555555,0.009875190978303097,0.25757300781872594,1/18 (5.56%; 95% CI 0.99–25.76%),0.2777777777777778,0.12499753379553993,0.5087265656029746,5/18 (27.78%; 95% CI 12.50–50.87%),0.5,0.29031021505169974,0.7096897849483003,9/18 (50.00%; 95% CI 29.03–70.97%)
pal,llava,appfr,H26,26,3,1,9,5,3,18,9,0.5,0.29031021505169974,0.7096897849483003,9/18 (50.00%; 95% CI 29.03–70.97%),0.16666666666666666,0.05836576805861446,0.39222038103915724,3/18 (16.67%; 95% CI 5.84–39.22%),0.05555555555555555,0.009875190978303097,0.25757300781872594,1/18 (5.56%; 95% CI 0.99–25.76%),0.2777777777777778,0.12499753379553993,0.5087265656029746,5/18 (27.78%; 95% CI 12.50–50.87%),0.5,0.29031021505169974,0.7096897849483003,9/18 (50.00%; 95% CI 29.03–70.97%)
pal,llava,appfr,H26,26,4,2,9,4,3,18,9,0.5,0.29031021505169974,0.7096897849483003,9/18 (50.00%; 95% CI 29.03–70.97%),0.16666666666666666,0.05836576805861446,0.39222038103915724,3/18 (16.67%; 95% CI 5.84–39.22%),0.1111111111111111,0.03101952264561239,0.32799765130178804,2/18 (11.11%; 95% CI 3.10–32.80%),0.2222222222222222,0.09000928108601694,0.45214584316212625,4/18 (22.22%; 95% CI 9.00–45.21%),0.5,0.29031021505169974,0.7096897849483003,9/18 (50.00%; 95% CI 29.03–70.97%)
pal,llava,appfr,H26,26,5,2,9,4,3,18,9,0.5,0.29031021505169974,0.7096897849483003,9/18 (50.00%; 95% CI 29.03–70.97%),0.16666666666666666,0.05836576805861446,0.39222038103915724,3/18 (16.67%; 95% CI 5.84–39.22%),0.1111111111111111,0.03101952264561239,0.32799765130178804,2/18 (11.11%; 95% CI 3.10–32.80%),0.2222222222222222,0.09000928108601694,0.45214584316212625,4/18 (22.22%; 95% CI 9.00–45.21%),0.5,0.29031021505169974,0.7096897849483003,9/18 (50.00%; 95% CI 29.03–70.97%)
pal,llava,appfr,H28,28,1,0,11,5,2,18,7,0.6111111111111112,0.3861904160223791,0.7969475342783638,11/18 (61.11%; 95% CI 38.62–79.69%),0.1111111111111111,0.03101952264561239,0.32799765130178804,2/18 (11.11%; 95% CI 3.10–32.80%),0.0,0.0,0.17587922364665765,0/18 (0.00%; 95% CI 0.00–17.59%),0.2777777777777778,0.12499753379553993,0.5087265656029746,5/18 (27.78%; 95% CI 12.50–50.87%),0.3888888888888889,0.2030524657216362,0.613809583977621,7/18 (38.89%; 95% CI 20.31–61.38%)
pal,llava,appfr,H28,28,2,0,11,5,2,18,7,0.6111111111111112,0.3861904160223791,0.7969475342783638,11/18 (61.11%; 95% CI 38.62–79.69%),0.1111111111111111,0.03101952264561239,0.32799765130178804,2/18 (11.11%; 95% CI 3.10–32.80%),0.0,0.0,0.17587922364665765,0/18 (0.00%; 95% CI 0.00–17.59%),0.2777777777777778,0.12499753379553993,0.5087265656029746,5/18 (27.78%; 95% CI 12.50–50.87%),0.3888888888888889,0.2030524657216362,0.613809583977621,7/18 (38.89%; 95% CI 20.31–61.38%)
pal,llava,appfr,H28,28,3,0,11,5,2,18,7,0.6111111111111112,0.3861904160223791,0.7969475342783638,11/18 (61.11%; 95% CI 38.62–79.69%),0.1111111111111111,0.03101952264561239,0.32799765130178804,2/18 (11.11%; 95% CI 3.10–32.80%),0.0,0.0,0.17587922364665765,0/18 (0.00%; 95% CI 0.00–17.59%),0.2777777777777778,0.12499753379553993,0.5087265656029746,5/18 (27.78%; 95% CI 12.50–50.87%),0.3888888888888889,0.2030524657216362,0.613809583977621,7/18 (38.89%; 95% CI 20.31–61.38%)
pal,llava,appfr,H28,28,4,1,11,4,2,18,7,0.6111111111111112,0.3861904160223791,0.7969475342783638,11/18 (61.11%; 95% CI 38.62–79.69%),0.1111111111111111,0.03101952264561239,0.32799765130178804,2/18 (11.11%; 95% CI 3.10–32.80%),0.05555555555555555,0.009875190978303097,0.25757300781872594,1/18 (5.56%; 95% CI 0.99–25.76%),0.2222222222222222,0.09000928108601694,0.45214584316212625,4/18 (22.22%; 95% CI 9.00–45.21%),0.3888888888888889,0.2030524657216362,0.613809583977621,7/18 (38.89%; 95% CI 20.31–61.38%)
pal,llava,appfr,H28,28,5,1,11,4,2,18,7,0.6111111111111112,0.3861904160223791,0.7969475342783638,11/18 (61.11%; 95% CI 38.62–79.69%),0.1111111111111111,0.03101952264561239,0.32799765130178804,2/18 (11.11%; 95% CI 3.10–32.80%),0.05555555555555555,0.009875190978303097,0.25757300781872594,1/18 (5.56%; 95% CI 0.99–25.76%),0.2222222222222222,0.09000928108601694,0.45214584316212625,4/18 (22.22%; 95% CI 9.00–45.21%),0.3888888888888889,0.2030524657216362,0.613809583977621,7/18 (38.89%; 95% CI 20.31–61.38%)
pal,llava,appfr,H30,30,1,1,11,4,2,18,7,0.6111111111111112,0.3861904160223791,0.7969475342783638,11/18 (61.11%; 95% CI 38.62–79.69%),0.1111111111111111,0.03101952264561239,0.32799765130178804,2/18 (11.11%; 95% CI 3.10–32.80%),0.05555555555555555,0.009875190978303097,0.25757300781872594,1/18 (5.56%; 95% CI 0.99–25.76%),0.2222222222222222,0.09000928108601694,0.45214584316212625,4/18 (22.22%; 95% CI 9.00–45.21%),0.3888888888888889,0.2030524657216362,0.613809583977621,7/18 (38.89%; 95% CI 20.31–61.38%)
pal,llava,appfr,H30,30,2,1,11,4,2,18,7,0.6111111111111112,0.3861904160223791,0.7969475342783638,11/18 (61.11%; 95% CI 38.62–79.69%),0.1111111111111111,0.03101952264561239,0.32799765130178804,2/18 (11.11%; 95% CI 3.10–32.80%),0.05555555555555555,0.009875190978303097,0.25757300781872594,1/18 (5.56%; 95% CI 0.99–25.76%),0.2222222222222222,0.09000928108601694,0.45214584316212625,4/18 (22.22%; 95% CI 9.00–45.21%),0.3888888888888889,0.2030524657216362,0.613809583977621,7/18 (38.89%; 95% CI 20.31–61.38%)
pal,llava,appfr,H30,30,3,1,11,4,2,18,7,0.6111111111111112,0.3861904160223791,0.7969475342783638,11/18 (61.11%; 95% CI 38.62–79.69%),0.1111111111111111,0.03101952264561239,0.32799765130178804,2/18 (11.11%; 95% CI 3.10–32.80%),0.05555555555555555,0.009875190978303097,0.25757300781872594,1/18 (5.56%; 95% CI 0.99–25.76%),0.2222222222222222,0.09000928108601694,0.45214584316212625,4/18 (22.22%; 95% CI 9.00–45.21%),0.3888888888888889,0.2030524657216362,0.613809583977621,7/18 (38.89%; 95% CI 20.31–61.38%)
pal,llava,appfr,H30,30,4,1,11,4,2,18,7,0.6111111111111112,0.3861904160223791,0.7969475342783638,11/18 (61.11%; 95% CI 38.62–79.69%),0.1111111111111111,0.03101952264561239,0.32799765130178804,2/18 (11.11%; 95% CI 3.10–32.80%),0.05555555555555555,0.009875190978303097,0.25757300781872594,1/18 (5.56%; 95% CI 0.99–25.76%),0.2222222222222222,0.09000928108601694,0.45214584316212625,4/18 (22.22%; 95% CI 9.00–45.21%),0.3888888888888889,0.2030524657216362,0.613809583977621,7/18 (38.89%; 95% CI 20.31–61.38%)
pal,llava,appfr,H30,30,5,2,11,3,2,18,7,0.6111111111111112,0.3861904160223791,0.7969475342783638,11/18 (61.11%; 95% CI 38.62–79.69%),0.1111111111111111,0.03101952264561239,0.32799765130178804,2/18 (11.11%; 95% CI 3.10–32.80%),0.1111111111111111,0.03101952264561239,0.32799765130178804,2/18 (11.11%; 95% CI 3.10–32.80%),0.16666666666666666,0.05836576805861446,0.39222038103915724,3/18 (16.67%; 95% CI 5.84–39.22%),0.3888888888888889,0.2030524657216362,0.613809583977621,7/18 (38.89%; 95% CI 20.31–61.38%)
pal,llava,appfr,H32,32,1,0,12,4,2,18,6,0.6666666666666666,0.43749467295945105,0.837212252491663,12/18 (66.67%; 95% CI 43.75–83.72%),0.1111111111111111,0.03101952264561239,0.32799765130178804,2/18 (11.11%; 95% CI 3.10–32.80%),0.0,0.0,0.17587922364665765,0/18 (0.00%; 95% CI 0.00–17.59%),0.2222222222222222,0.09000928108601694,0.45214584316212625,4/18 (22.22%; 95% CI 9.00–45.21%),0.3333333333333333,0.1627877475083369,0.5625053270405489,6/18 (33.33%; 95% CI 16.28–56.25%)
pal,llava,appfr,H32,32,2,0,12,4,2,18,6,0.6666666666666666,0.43749467295945105,0.837212252491663,12/18 (66.67%; 95% CI 43.75–83.72%),0.1111111111111111,0.03101952264561239,0.32799765130178804,2/18 (11.11%; 95% CI 3.10–32.80%),0.0,0.0,0.17587922364665765,0/18 (0.00%; 95% CI 0.00–17.59%),0.2222222222222222,0.09000928108601694,0.45214584316212625,4/18 (22.22%; 95% CI 9.00–45.21%),0.3333333333333333,0.1627877475083369,0.5625053270405489,6/18 (33.33%; 95% CI 16.28–56.25%)
pal,llava,appfr,H32,32,3,0,12,4,2,18,6,0.6666666666666666,0.43749467295945105,0.837212252491663,12/18 (66.67%; 95% CI 43.75–83.72%),0.1111111111111111,0.03101952264561239,0.32799765130178804,2/18 (11.11%; 95% CI 3.10–32.80%),0.0,0.0,0.17587922364665765,0/18 (0.00%; 95% CI 0.00–17.59%),0.2222222222222222,0.09000928108601694,0.45214584316212625,4/18 (22.22%; 95% CI 9.00–45.21%),0.3333333333333333,0.1627877475083369,0.5625053270405489,6/18 (33.33%; 95% CI 16.28–56.25%)
pal,llava,appfr,H32,32,4,0,12,4,2,18,6,0.6666666666666666,0.43749467295945105,0.837212252491663,12/18 (66.67%; 95% CI 43.75–83.72%),0.1111111111111111,0.03101952264561239,0.32799765130178804,2/18 (11.11%; 95% CI 3.10–32.80%),0.0,0.0,0.17587922364665765,0/18 (0.00%; 95% CI 0.00–17.59%),0.2222222222222222,0.09000928108601694,0.45214584316212625,4/18 (22.22%; 95% CI 9.00–45.21%),0.3333333333333333,0.1627877475083369,0.5625053270405489,6/18 (33.33%; 95% CI 16.28–56.25%)
pal,llava,appfr,H32,32,5,1,12,3,2,18,6,0.6666666666666666,0.43749467295945105,0.837212252491663,12/18 (66.67%; 95% CI 43.75–83.72%),0.1111111111111111,0.03101952264561239,0.32799765130178804,2/18 (11.11%; 95% CI 3.10–32.80%),0.05555555555555555,0.009875190978303097,0.25757300781872594,1/18 (5.56%; 95% CI 0.99–25.76%),0.16666666666666666,0.05836576805861446,0.39222038103915724,3/18 (16.67%; 95% CI 5.84–39.22%),0.3333333333333333,0.1627877475083369,0.5625053270405489,6/18 (33.33%; 95% CI 16.28–56.25%)
pal,llava,appod,H02,2,1,3,2,6,7,18,16,0.1111111111111111,0.03101952264561239,0.32799765130178804,2/18 (11.11%; 95% CI 3.10–32.80%),0.3888888888888889,0.2030524657216362,0.613809583977621,7/18 (38.89%; 95% CI 20.31–61.38%),0.16666666666666666,0.05836576805861446,0.39222038103915724,3/18 (16.67%; 95% CI 5.84–39.22%),0.3333333333333333,0.1627877475083369,0.5625053270405489,6/18 (33.33%; 95% CI 16.28–56.25%),0.8888888888888888,0.672002348698212,0.9689804773543876,16/18 (88.89%; 95% CI 67.20–96.90%)
pal,llava,appod,H02,2,2,3,2,6,7,18,16,0.1111111111111111,0.03101952264561239,0.32799765130178804,2/18 (11.11%; 95% CI 3.10–32.80%),0.3888888888888889,0.2030524657216362,0.613809583977621,7/18 (38.89%; 95% CI 20.31–61.38%),0.16666666666666666,0.05836576805861446,0.39222038103915724,3/18 (16.67%; 95% CI 5.84–39.22%),0.3333333333333333,0.1627877475083369,0.5625053270405489,6/18 (33.33%; 95% CI 16.28–56.25%),0.8888888888888888,0.672002348698212,0.9689804773543876,16/18 (88.89%; 95% CI 67.20–96.90%)
pal,llava,appod,H02,2,3,4,2,5,7,18,16,0.1111111111111111,0.03101952264561239,0.32799765130178804,2/18 (11.11%; 95% CI 3.10–32.80%),0.3888888888888889,0.2030524657216362,0.613809583977621,7/18 (38.89%; 95% CI 20.31–61.38%),0.2222222222222222,0.09000928108601694,0.45214584316212625,4/18 (22.22%; 95% CI 9.00–45.21%),0.2777777777777778,0.12499753379553993,0.5087265656029746,5/18 (27.78%; 95% CI 12.50–50.87%),0.8888888888888888,0.672002348698212,0.9689804773543876,16/18 (88.89%; 95% CI 67.20–96.90%)
pal,llava,appod,H02,2,4,4,2,5,7,18,16,0.1111111111111111,0.03101952264561239,0.32799765130178804,2/18 (11.11%; 95% CI 3.10–32.80%),0.3888888888888889,0.2030524657216362,0.613809583977621,7/18 (38.89%; 95% CI 20.31–61.38%),0.2222222222222222,0.09000928108601694,0.45214584316212625,4/18 (22.22%; 95% CI 9.00–45.21%),0.2777777777777778,0.12499753379553993,0.5087265656029746,5/18 (27.78%; 95% CI 12.50–50.87%),0.8888888888888888,0.672002348698212,0.9689804773543876,16/18 (88.89%; 95% CI 67.20–96.90%)
pal,llava,appod,H02,2,5,4,2,5,7,18,16,0.1111111111111111,0.03101952264561239,0.32799765130178804,2/18 (11.11%; 95% CI 3.10–32.80%),0.3888888888888889,0.2030524657216362,0.613809583977621,7/18 (38.89%; 95% CI 20.31–61.38%),0.2222222222222222,0.09000928108601694,0.45214584316212625,4/18 (22.22%; 95% CI 9.00–45.21%),0.2777777777777778,0.12499753379553993,0.5087265656029746,5/18 (27.78%; 95% CI 12.50–50.87%),0.8888888888888888,0.672002348698212,0.9689804773543876,16/18 (88.89%; 95% CI 67.20–96.90%)
pal,llava,appod,H04,4,1,1,8,5,4,18,10,0.4444444444444444,0.24559518127005633,0.6628358435795723,8/18 (44.44%; 95% CI 24.56–66.28%),0.2222222222222222,0.09000928108601694,0.45214584316212625,4/18 (22.22%; 95% CI 9.00–45.21%),0.05555555555555555,0.009875190978303097,0.25757300781872594,1/18 (5.56%; 95% CI 0.99–25.76%),0.2777777777777778,0.12499753379553993,0.5087265656029746,5/18 (27.78%; 95% CI 12.50–50.87%),0.5555555555555556,0.33716415642042774,0.7544048187299437,10/18 (55.56%; 95% CI 33.72–75.44%)
pal,llava,appod,H04,4,2,1,8,5,4,18,10,0.4444444444444444,0.24559518127005633,0.6628358435795723,8/18 (44.44%; 95% CI 24.56–66.28%),0.2222222222222222,0.09000928108601694,0.45214584316212625,4/18 (22.22%; 95% CI 9.00–45.21%),0.05555555555555555,0.009875190978303097,0.25757300781872594,1/18 (5.56%; 95% CI 0.99–25.76%),0.2777777777777778,0.12499753379553993,0.5087265656029746,5/18 (27.78%; 95% CI 12.50–50.87%),0.5555555555555556,0.33716415642042774,0.7544048187299437,10/18 (55.56%; 95% CI 33.72–75.44%)
pal,llava,appod,H04,4,3,2,8,4,4,18,10,0.4444444444444444,0.24559518127005633,0.6628358435795723,8/18 (44.44%; 95% CI 24.56–66.28%),0.2222222222222222,0.09000928108601694,0.45214584316212625,4/18 (22.22%; 95% CI 9.00–45.21%),0.1111111111111111,0.03101952264561239,0.32799765130178804,2/18 (11.11%; 95% CI 3.10–32.80%),0.2222222222222222,0.09000928108601694,0.45214584316212625,4/18 (22.22%; 95% CI 9.00–45.21%),0.5555555555555556,0.33716415642042774,0.7544048187299437,10/18 (55.56%; 95% CI 33.72–75.44%)
pal,llava,appod,H04,4,4,2,8,4,4,18,10,0.4444444444444444,0.24559518127005633,0.6628358435795723,8/18 (44.44%; 95% CI 24.56–66.28%),0.2222222222222222,0.09000928108601694,0.45214584316212625,4/18 (22.22%; 95% CI 9.00–45.21%),0.1111111111111111,0.03101952264561239,0.32799765130178804,2/18 (11.11%; 95% CI 3.10–32.80%),0.2222222222222222,0.09000928108601694,0.45214584316212625,4/18 (22.22%; 95% CI 9.00–45.21%),0.5555555555555556,0.33716415642042774,0.7544048187299437,10/18 (55.56%; 95% CI 33.72–75.44%)
pal,llava,appod,H04,4,5,2,8,4,4,18,10,0.4444444444444444,0.24559518127005633,0.6628358435795723,8/18 (44.44%; 95% CI 24.56–66.28%),0.2222222222222222,0.09000928108601694,0.45214584316212625,4/18 (22.22%; 95% CI 9.00–45.21%),0.1111111111111111,0.03101952264561239,0.32799765130178804,2/18 (11.11%; 95% CI 3.10–32.80%),0.2222222222222222,0.09000928108601694,0.45214584316212625,4/18 (22.22%; 95% CI 9.00–45.21%),0.5555555555555556,0.33716415642042774,0.7544048187299437,10/18 (55.56%; 95% CI 33.72–75.44%)
pal,llava,appod,H06,6,1,1,9,5,3,18,9,0.5,0.29031021505169974,0.7096897849483003,9/18 (50.00%; 95% CI 29.03–70.97%),0.16666666666666666,0.05836576805861446,0.39222038103915724,3/18 (16.67%; 95% CI 5.84–39.22%),0.05555555555555555,0.009875190978303097,0.25757300781872594,1/18 (5.56%; 95% CI 0.99–25.76%),0.2777777777777778,0.12499753379553993,0.5087265656029746,5/18 (27.78%; 95% CI 12.50–50.87%),0.5,0.29031021505169974,0.7096897849483003,9/18 (50.00%; 95% CI 29.03–70.97%)
pal,llava,appod,H06,6,2,1,9,5,3,18,9,0.5,0.29031021505169974,0.7096897849483003,9/18 (50.00%; 95% CI 29.03–70.97%),0.16666666666666666,0.05836576805861446,0.39222038103915724,3/18 (16.67%; 95% CI 5.84–39.22%),0.05555555555555555,0.009875190978303097,0.25757300781872594,1/18 (5.56%; 95% CI 0.99–25.76%),0.2777777777777778,0.12499753379553993,0.5087265656029746,5/18 (27.78%; 95% CI 12.50–50.87%),0.5,0.29031021505169974,0.7096897849483003,9/18 (50.00%; 95% CI 29.03–70.97%)
pal,llava,appod,H06,6,3,2,9,4,3,18,9,0.5,0.29031021505169974,0.7096897849483003,9/18 (50.00%; 95% CI 29.03–70.97%),0.16666666666666666,0.05836576805861446,0.39222038103915724,3/18 (16.67%; 95% CI 5.84–39.22%),0.1111111111111111,0.03101952264561239,0.32799765130178804,2/18 (11.11%; 95% CI 3.10–32.80%),0.2222222222222222,0.09000928108601694,0.45214584316212625,4/18 (22.22%; 95% CI 9.00–45.21%),0.5,0.29031021505169974,0.7096897849483003,9/18 (50.00%; 95% CI 29.03–70.97%)
pal,llava,appod,H06,6,4,2,9,4,3,18,9,0.5,0.29031021505169974,0.7096897849483003,9/18 (50.00%; 95% CI 29.03–70.97%),0.16666666666666666,0.05836576805861446,0.39222038103915724,3/18 (16.67%; 95% CI 5.84–39.22%),0.1111111111111111,0.03101952264561239,0.32799765130178804,2/18 (11.11%; 95% CI 3.10–32.80%),0.2222222222222222,0.09000928108601694,0.45214584316212625,4/18 (22.22%; 95% CI 9.00–45.21%),0.5,0.29031021505169974,0.7096897849483003,9/18 (50.00%; 95% CI 29.03–70.97%)
pal,llava,appod,H06,6,5,2,9,4,3,18,9,0.5,0.29031021505169974,0.7096897849483003,9/18 (50.00%; 95% CI 29.03–70.97%),0.16666666666666666,0.05836576805861446,0.39222038103915724,3/18 (16.67%; 95% CI 5.84–39.22%),0.1111111111111111,0.03101952264561239,0.32799765130178804,2/18 (11.11%; 95% CI 3.10–32.80%),0.2222222222222222,0.09000928108601694,0.45214584316212625,4/18 (22.22%; 95% CI 9.00–45.21%),0.5,0.29031021505169974,0.7096897849483003,9/18 (50.00%; 95% CI 29.03–70.97%)
pal,llava,appod,H08,8,1,1,12,4,1,18,6,0.6666666666666666,0.43749467295945105,0.837212252491663,12/18 (66.67%; 95% CI 43.75–83.72%),0.05555555555555555,0.009875190978303097,0.25757300781872594,1/18 (5.56%; 95% CI 0.99–25.76%),0.05555555555555555,0.009875190978303097,0.25757300781872594,1/18 (5.56%; 95% CI 0.99–25.76%),0.2222222222222222,0.09000928108601694,0.45214584316212625,4/18 (22.22%; 95% CI 9.00–45.21%),0.3333333333333333,0.1627877475083369,0.5625053270405489,6/18 (33.33%; 95% CI 16.28–56.25%)
pal,llava,appod,H08,8,2,1,12,4,1,18,6,0.6666666666666666,0.43749467295945105,0.837212252491663,12/18 (66.67%; 95% CI 43.75–83.72%),0.05555555555555555,0.009875190978303097,0.25757300781872594,1/18 (5.56%; 95% CI 0.99–25.76%),0.05555555555555555,0.009875190978303097,0.25757300781872594,1/18 (5.56%; 95% CI 0.99–25.76%),0.2222222222222222,0.09000928108601694,0.45214584316212625,4/18 (22.22%; 95% CI 9.00–45.21%),0.3333333333333333,0.1627877475083369,0.5625053270405489,6/18 (33.33%; 95% CI 16.28–56.25%)
pal,llava,appod,H08,8,3,1,12,4,1,18,6,0.6666666666666666,0.43749467295945105,0.837212252491663,12/18 (66.67%; 95% CI 43.75–83.72%),0.05555555555555555,0.009875190978303097,0.25757300781872594,1/18 (5.56%; 95% CI 0.99–25.76%),0.05555555555555555,0.009875190978303097,0.25757300781872594,1/18 (5.56%; 95% CI 0.99–25.76%),0.2222222222222222,0.09000928108601694,0.45214584316212625,4/18 (22.22%; 95% CI 9.00–45.21%),0.3333333333333333,0.1627877475083369,0.5625053270405489,6/18 (33.33%; 95% CI 16.28–56.25%)
pal,llava,appod,H08,8,4,1,12,4,1,18,6,0.6666666666666666,0.43749467295945105,0.837212252491663,12/18 (66.67%; 95% CI 43.75–83.72%),0.05555555555555555,0.009875190978303097,0.25757300781872594,1/18 (5.56%; 95% CI 0.99–25.76%),0.05555555555555555,0.009875190978303097,0.25757300781872594,1/18 (5.56%; 95% CI 0.99–25.76%),0.2222222222222222,0.09000928108601694,0.45214584316212625,4/18 (22.22%; 95% CI 9.00–45.21%),0.3333333333333333,0.1627877475083369,0.5625053270405489,6/18 (33.33%; 95% CI 16.28–56.25%)
pal,llava,appod,H08,8,5,2,12,3,1,18,6,0.6666666666666666,0.43749467295945105,0.837212252491663,12/18 (66.67%; 95% CI 43.75–83.72%),0.05555555555555555,0.009875190978303097,0.25757300781872594,1/18 (5.56%; 95% CI 0.99–25.76%),0.1111111111111111,0.03101952264561239,0.32799765130178804,2/18 (11.11%; 95% CI 3.10–32.80%),0.16666666666666666,0.05836576805861446,0.39222038103915724,3/18 (16.67%; 95% CI 5.84–39.22%),0.3333333333333333,0.1627877475083369,0.5625053270405489,6/18 (33.33%; 95% CI 16.28–56.25%)
pal,llava,appod,H10,10,1,1,11,5,1,18,7,0.6111111111111112,0.3861904160223791,0.7969475342783638,11/18 (61.11%; 95% CI 38.62–79.69%),0.05555555555555555,0.009875190978303097,0.25757300781872594,1/18 (5.56%; 95% CI 0.99–25.76%),0.05555555555555555,0.009875190978303097,0.25757300781872594,1/18 (5.56%; 95% CI 0.99–25.76%),0.2777777777777778,0.12499753379553993,0.5087265656029746,5/18 (27.78%; 95% CI 12.50–50.87%),0.3888888888888889,0.2030524657216362,0.613809583977621,7/18 (38.89%; 95% CI 20.31–61.38%)
pal,llava,appod,H10,10,2,1,11,5,1,18,7,0.6111111111111112,0.3861904160223791,0.7969475342783638,11/18 (61.11%; 95% CI 38.62–79.69%),0.05555555555555555,0.009875190978303097,0.25757300781872594,1/18 (5.56%; 95% CI 0.99–25.76%),0.05555555555555555,0.009875190978303097,0.25757300781872594,1/18 (5.56%; 95% CI 0.99–25.76%),0.2777777777777778,0.12499753379553993,0.5087265656029746,5/18 (27.78%; 95% CI 12.50–50.87%),0.3888888888888889,0.2030524657216362,0.613809583977621,7/18 (38.89%; 95% CI 20.31–61.38%)
pal,llava,appod,H10,10,3,2,11,4,1,18,7,0.6111111111111112,0.3861904160223791,0.7969475342783638,11/18 (61.11%; 95% CI 38.62–79.69%),0.05555555555555555,0.009875190978303097,0.25757300781872594,1/18 (5.56%; 95% CI 0.99–25.76%),0.1111111111111111,0.03101952264561239,0.32799765130178804,2/18 (11.11%; 95% CI 3.10–32.80%),0.2222222222222222,0.09000928108601694,0.45214584316212625,4/18 (22.22%; 95% CI 9.00–45.21%),0.3888888888888889,0.2030524657216362,0.613809583977621,7/18 (38.89%; 95% CI 20.31–61.38%)
pal,llava,appod,H10,10,4,2,11,4,1,18,7,0.6111111111111112,0.3861904160223791,0.7969475342783638,11/18 (61.11%; 95% CI 38.62–79.69%),0.05555555555555555,0.009875190978303097,0.25757300781872594,1/18 (5.56%; 95% CI 0.99–25.76%),0.1111111111111111,0.03101952264561239,0.32799765130178804,2/18 (11.11%; 95% CI 3.10–32.80%),0.2222222222222222,0.09000928108601694,0.45214584316212625,4/18 (22.22%; 95% CI 9.00–45.21%),0.3888888888888889,0.2030524657216362,0.613809583977621,7/18 (38.89%; 95% CI 20.31–61.38%)
pal,llava,appod,H10,10,5,3,11,3,1,18,7,0.6111111111111112,0.3861904160223791,0.7969475342783638,11/18 (61.11%; 95% CI 38.62–79.69%),0.05555555555555555,0.009875190978303097,0.25757300781872594,1/18 (5.56%; 95% CI 0.99–25.76%),0.16666666666666666,0.05836576805861446,0.39222038103915724,3/18 (16.67%; 95% CI 5.84–39.22%),0.16666666666666666,0.05836576805861446,0.39222038103915724,3/18 (16.67%; 95% CI 5.84–39.22%),0.3888888888888889,0.2030524657216362,0.613809583977621,7/18 (38.89%; 95% CI 20.31–61.38%)
pal,llava,appod,H12,12,1,1,11,5,1,18,7,0.6111111111111112,0.3861904160223791,0.7969475342783638,11/18 (61.11%; 95% CI 38.62–79.69%),0.05555555555555555,0.009875190978303097,0.25757300781872594,1/18 (5.56%; 95% CI 0.99–25.76%),0.05555555555555555,0.009875190978303097,0.25757300781872594,1/18 (5.56%; 95% CI 0.99–25.76%),0.2777777777777778,0.12499753379553993,0.5087265656029746,5/18 (27.78%; 95% CI 12.50–50.87%),0.3888888888888889,0.2030524657216362,0.613809583977621,7/18 (38.89%; 95% CI 20.31–61.38%)
pal,llava,appod,H12,12,2,1,11,5,1,18,7,0.6111111111111112,0.3861904160223791,0.7969475342783638,11/18 (61.11%; 95% CI 38.62–79.69%),0.05555555555555555,0.009875190978303097,0.25757300781872594,1/18 (5.56%; 95% CI 0.99–25.76%),0.05555555555555555,0.009875190978303097,0.25757300781872594,1/18 (5.56%; 95% CI 0.99–25.76%),0.2777777777777778,0.12499753379553993,0.5087265656029746,5/18 (27.78%; 95% CI 12.50–50.87%),0.3888888888888889,0.2030524657216362,0.613809583977621,7/18 (38.89%; 95% CI 20.31–61.38%)
pal,llava,appod,H12,12,3,2,11,4,1,18,7,0.6111111111111112,0.3861904160223791,0.7969475342783638,11/18 (61.11%; 95% CI 38.62–79.69%),0.05555555555555555,0.009875190978303097,0.25757300781872594,1/18 (5.56%; 95% CI 0.99–25.76%),0.1111111111111111,0.03101952264561239,0.32799765130178804,2/18 (11.11%; 95% CI 3.10–32.80%),0.2222222222222222,0.09000928108601694,0.45214584316212625,4/18 (22.22%; 95% CI 9.00–45.21%),0.3888888888888889,0.2030524657216362,0.613809583977621,7/18 (38.89%; 95% CI 20.31–61.38%)
pal,llava,appod,H12,12,4,2,11,4,1,18,7,0.6111111111111112,0.3861904160223791,0.7969475342783638,11/18 (61.11%; 95% CI 38.62–79.69%),0.05555555555555555,0.009875190978303097,0.25757300781872594,1/18 (5.56%; 95% CI 0.99–25.76%),0.1111111111111111,0.03101952264561239,0.32799765130178804,2/18 (11.11%; 95% CI 3.10–32.80%),0.2222222222222222,0.09000928108601694,0.45214584316212625,4/18 (22.22%; 95% CI 9.00–45.21%),0.3888888888888889,0.2030524657216362,0.613809583977621,7/18 (38.89%; 95% CI 20.31–61.38%)
pal,llava,appod,H12,12,5,3,11,3,1,18,7,0.6111111111111112,0.3861904160223791,0.7969475342783638,11/18 (61.11%; 95% CI 38.62–79.69%),0.05555555555555555,0.009875190978303097,0.25757300781872594,1/18 (5.56%; 95% CI 0.99–25.76%),0.16666666666666666,0.05836576805861446,0.39222038103915724,3/18 (16.67%; 95% CI 5.84–39.22%),0.16666666666666666,0.05836576805861446,0.39222038103915724,3/18 (16.67%; 95% CI 5.84–39.22%),0.3888888888888889,0.2030524657216362,0.613809583977621,7/18 (38.89%; 95% CI 20.31–61.38%)
pal,llava,appod,H14,14,1,1,11,4,2,18,7,0.6111111111111112,0.3861904160223791,0.7969475342783638,11/18 (61.11%; 95% CI 38.62–79.69%),0.1111111111111111,0.03101952264561239,0.32799765130178804,2/18 (11.11%; 95% CI 3.10–32.80%),0.05555555555555555,0.009875190978303097,0.25757300781872594,1/18 (5.56%; 95% CI 0.99–25.76%),0.2222222222222222,0.09000928108601694,0.45214584316212625,4/18 (22.22%; 95% CI 9.00–45.21%),0.3888888888888889,0.2030524657216362,0.613809583977621,7/18 (38.89%; 95% CI 20.31–61.38%)
pal,llava,appod,H14,14,2,1,11,4,2,18,7,0.6111111111111112,0.3861904160223791,0.7969475342783638,11/18 (61.11%; 95% CI 38.62–79.69%),0.1111111111111111,0.03101952264561239,0.32799765130178804,2/18 (11.11%; 95% CI 3.10–32.80%),0.05555555555555555,0.009875190978303097,0.25757300781872594,1/18 (5.56%; 95% CI 0.99–25.76%),0.2222222222222222,0.09000928108601694,0.45214584316212625,4/18 (22.22%; 95% CI 9.00–45.21%),0.3888888888888889,0.2030524657216362,0.613809583977621,7/18 (38.89%; 95% CI 20.31–61.38%)
pal,llava,appod,H14,14,3,1,11,4,2,18,7,0.6111111111111112,0.3861904160223791,0.7969475342783638,11/18 (61.11%; 95% CI 38.62–79.69%),0.1111111111111111,0.03101952264561239,0.32799765130178804,2/18 (11.11%; 95% CI 3.10–32.80%),0.05555555555555555,0.009875190978303097,0.25757300781872594,1/18 (5.56%; 95% CI 0.99–25.76%),0.2222222222222222,0.09000928108601694,0.45214584316212625,4/18 (22.22%; 95% CI 9.00–45.21%),0.3888888888888889,0.2030524657216362,0.613809583977621,7/18 (38.89%; 95% CI 20.31–61.38%)
pal,llava,appod,H14,14,4,1,11,4,2,18,7,0.6111111111111112,0.3861904160223791,0.7969475342783638,11/18 (61.11%; 95% CI 38.62–79.69%),0.1111111111111111,0.03101952264561239,0.32799765130178804,2/18 (11.11%; 95% CI 3.10–32.80%),0.05555555555555555,0.009875190978303097,0.25757300781872594,1/18 (5.56%; 95% CI 0.99–25.76%),0.2222222222222222,0.09000928108601694,0.45214584316212625,4/18 (22.22%; 95% CI 9.00–45.21%),0.3888888888888889,0.2030524657216362,0.613809583977621,7/18 (38.89%; 95% CI 20.31–61.38%)
pal,llava,appod,H14,14,5,2,11,3,2,18,7,0.6111111111111112,0.3861904160223791,0.7969475342783638,11/18 (61.11%; 95% CI 38.62–79.69%),0.1111111111111111,0.03101952264561239,0.32799765130178804,2/18 (11.11%; 95% CI 3.10–32.80%),0.1111111111111111,0.03101952264561239,0.32799765130178804,2/18 (11.11%; 95% CI 3.10–32.80%),0.16666666666666666,0.05836576805861446,0.39222038103915724,3/18 (16.67%; 95% CI 5.84–39.22%),0.3888888888888889,0.2030524657216362,0.613809583977621,7/18 (38.89%; 95% CI 20.31–61.38%)
pal,llava,appod,H16,16,1,1,11,4,2,18,7,0.6111111111111112,0.3861904160223791,0.7969475342783638,11/18 (61.11%; 95% CI 38.62–79.69%),0.1111111111111111,0.03101952264561239,0.32799765130178804,2/18 (11.11%; 95% CI 3.10–32.80%),0.05555555555555555,0.009875190978303097,0.25757300781872594,1/18 (5.56%; 95% CI 0.99–25.76%),0.2222222222222222,0.09000928108601694,0.45214584316212625,4/18 (22.22%; 95% CI 9.00–45.21%),0.3888888888888889,0.2030524657216362,0.613809583977621,7/18 (38.89%; 95% CI 20.31–61.38%)
pal,llava,appod,H16,16,2,1,11,4,2,18,7,0.6111111111111112,0.3861904160223791,0.7969475342783638,11/18 (61.11%; 95% CI 38.62–79.69%),0.1111111111111111,0.03101952264561239,0.32799765130178804,2/18 (11.11%; 95% CI 3.10–32.80%),0.05555555555555555,0.009875190978303097,0.25757300781872594,1/18 (5.56%; 95% CI 0.99–25.76%),0.2222222222222222,0.09000928108601694,0.45214584316212625,4/18 (22.22%; 95% CI 9.00–45.21%),0.3888888888888889,0.2030524657216362,0.613809583977621,7/18 (38.89%; 95% CI 20.31–61.38%)
pal,llava,appod,H16,16,3,1,11,4,2,18,7,0.6111111111111112,0.3861904160223791,0.7969475342783638,11/18 (61.11%; 95% CI 38.62–79.69%),0.1111111111111111,0.03101952264561239,0.32799765130178804,2/18 (11.11%; 95% CI 3.10–32.80%),0.05555555555555555,0.009875190978303097,0.25757300781872594,1/18 (5.56%; 95% CI 0.99–25.76%),0.2222222222222222,0.09000928108601694,0.45214584316212625,4/18 (22.22%; 95% CI 9.00–45.21%),0.3888888888888889,0.2030524657216362,0.613809583977621,7/18 (38.89%; 95% CI 20.31–61.38%)
pal,llava,appod,H16,16,4,1,11,4,2,18,7,0.6111111111111112,0.3861904160223791,0.7969475342783638,11/18 (61.11%; 95% CI 38.62–79.69%),0.1111111111111111,0.03101952264561239,0.32799765130178804,2/18 (11.11%; 95% CI 3.10–32.80%),0.05555555555555555,0.009875190978303097,0.25757300781872594,1/18 (5.56%; 95% CI 0.99–25.76%),0.2222222222222222,0.09000928108601694,0.45214584316212625,4/18 (22.22%; 95% CI 9.00–45.21%),0.3888888888888889,0.2030524657216362,0.613809583977621,7/18 (38.89%; 95% CI 20.31–61.38%)
pal,llava,appod,H16,16,5,2,11,3,2,18,7,0.6111111111111112,0.3861904160223791,0.7969475342783638,11/18 (61.11%; 95% CI 38.62–79.69%),0.1111111111111111,0.03101952264561239,0.32799765130178804,2/18 (11.11%; 95% CI 3.10–32.80%),0.1111111111111111,0.03101952264561239,0.32799765130178804,2/18 (11.11%; 95% CI 3.10–32.80%),0.16666666666666666,0.05836576805861446,0.39222038103915724,3/18 (16.67%; 95% CI 5.84–39.22%),0.3888888888888889,0.2030524657216362,0.613809583977621,7/18 (38.89%; 95% CI 20.31–61.38%)
pal,llava,appod,H18,18,1,1,10,4,3,18,8,0.5555555555555556,0.33716415642042774,0.7544048187299437,10/18 (55.56%; 95% CI 33.72–75.44%),0.16666666666666666,0.05836576805861446,0.39222038103915724,3/18 (16.67%; 95% CI 5.84–39.22%),0.05555555555555555,0.009875190978303097,0.25757300781872594,1/18 (5.56%; 95% CI 0.99–25.76%),0.2222222222222222,0.09000928108601694,0.45214584316212625,4/18 (22.22%; 95% CI 9.00–45.21%),0.4444444444444444,0.24559518127005633,0.6628358435795723,8/18 (44.44%; 95% CI 24.56–66.28%)
pal,llava,appod,H18,18,2,1,10,4,3,18,8,0.5555555555555556,0.33716415642042774,0.7544048187299437,10/18 (55.56%; 95% CI 33.72–75.44%),0.16666666666666666,0.05836576805861446,0.39222038103915724,3/18 (16.67%; 95% CI 5.84–39.22%),0.05555555555555555,0.009875190978303097,0.25757300781872594,1/18 (5.56%; 95% CI 0.99–25.76%),0.2222222222222222,0.09000928108601694,0.45214584316212625,4/18 (22.22%; 95% CI 9.00–45.21%),0.4444444444444444,0.24559518127005633,0.6628358435795723,8/18 (44.44%; 95% CI 24.56–66.28%)
pal,llava,appod,H18,18,3,1,10,4,3,18,8,0.5555555555555556,0.33716415642042774,0.7544048187299437,10/18 (55.56%; 95% CI 33.72–75.44%),0.16666666666666666,0.05836576805861446,0.39222038103915724,3/18 (16.67%; 95% CI 5.84–39.22%),0.05555555555555555,0.009875190978303097,0.25757300781872594,1/18 (5.56%; 95% CI 0.99–25.76%),0.2222222222222222,0.09000928108601694,0.45214584316212625,4/18 (22.22%; 95% CI 9.00–45.21%),0.4444444444444444,0.24559518127005633,0.6628358435795723,8/18 (44.44%; 95% CI 24.56–66.28%)
pal,llava,appod,H18,18,4,1,10,4,3,18,8,0.5555555555555556,0.33716415642042774,0.7544048187299437,10/18 (55.56%; 95% CI 33.72–75.44%),0.16666666666666666,0.05836576805861446,0.39222038103915724,3/18 (16.67%; 95% CI 5.84–39.22%),0.05555555555555555,0.009875190978303097,0.25757300781872594,1/18 (5.56%; 95% CI 0.99–25.76%),0.2222222222222222,0.09000928108601694,0.45214584316212625,4/18 (22.22%; 95% CI 9.00–45.21%),0.4444444444444444,0.24559518127005633,0.6628358435795723,8/18 (44.44%; 95% CI 24.56–66.28%)
pal,llava,appod,H18,18,5,1,10,4,3,18,8,0.5555555555555556,0.33716415642042774,0.7544048187299437,10/18 (55.56%; 95% CI 33.72–75.44%),0.16666666666666666,0.05836576805861446,0.39222038103915724,3/18 (16.67%; 95% CI 5.84–39.22%),0.05555555555555555,0.009875190978303097,0.25757300781872594,1/18 (5.56%; 95% CI 0.99–25.76%),0.2222222222222222,0.09000928108601694,0.45214584316212625,4/18 (22.22%; 95% CI 9.00–45.21%),0.4444444444444444,0.24559518127005633,0.6628358435795723,8/18 (44.44%; 95% CI 24.56–66.28%)
pal,llava,appod,H20,20,1,1,9,4,4,18,9,0.5,0.29031021505169974,0.7096897849483003,9/18 (50.00%; 95% CI 29.03–70.97%),0.2222222222222222,0.09000928108601694,0.45214584316212625,4/18 (22.22%; 95% CI 9.00–45.21%),0.05555555555555555,0.009875190978303097,0.25757300781872594,1/18 (5.56%; 95% CI 0.99–25.76%),0.2222222222222222,0.09000928108601694,0.45214584316212625,4/18 (22.22%; 95% CI 9.00–45.21%),0.5,0.29031021505169974,0.7096897849483003,9/18 (50.00%; 95% CI 29.03–70.97%)
pal,llava,appod,H20,20,2,1,9,4,4,18,9,0.5,0.29031021505169974,0.7096897849483003,9/18 (50.00%; 95% CI 29.03–70.97%),0.2222222222222222,0.09000928108601694,0.45214584316212625,4/18 (22.22%; 95% CI 9.00–45.21%),0.05555555555555555,0.009875190978303097,0.25757300781872594,1/18 (5.56%; 95% CI 0.99–25.76%),0.2222222222222222,0.09000928108601694,0.45214584316212625,4/18 (22.22%; 95% CI 9.00–45.21%),0.5,0.29031021505169974,0.7096897849483003,9/18 (50.00%; 95% CI 29.03–70.97%)
pal,llava,appod,H20,20,3,1,9,4,4,18,9,0.5,0.29031021505169974,0.7096897849483003,9/18 (50.00%; 95% CI 29.03–70.97%),0.2222222222222222,0.09000928108601694,0.45214584316212625,4/18 (22.22%; 95% CI 9.00–45.21%),0.05555555555555555,0.009875190978303097,0.25757300781872594,1/18 (5.56%; 95% CI 0.99–25.76%),0.2222222222222222,0.09000928108601694,0.45214584316212625,4/18 (22.22%; 95% CI 9.00–45.21%),0.5,0.29031021505169974,0.7096897849483003,9/18 (50.00%; 95% CI 29.03–70.97%)
pal,llava,appod,H20,20,4,1,9,4,4,18,9,0.5,0.29031021505169974,0.7096897849483003,9/18 (50.00%; 95% CI 29.03–70.97%),0.2222222222222222,0.09000928108601694,0.45214584316212625,4/18 (22.22%; 95% CI 9.00–45.21%),0.05555555555555555,0.009875190978303097,0.25757300781872594,1/18 (5.56%; 95% CI 0.99–25.76%),0.2222222222222222,0.09000928108601694,0.45214584316212625,4/18 (22.22%; 95% CI 9.00–45.21%),0.5,0.29031021505169974,0.7096897849483003,9/18 (50.00%; 95% CI 29.03–70.97%)
pal,llava,appod,H20,20,5,1,9,4,4,18,9,0.5,0.29031021505169974,0.7096897849483003,9/18 (50.00%; 95% CI 29.03–70.97%),0.2222222222222222,0.09000928108601694,0.45214584316212625,4/18 (22.22%; 95% CI 9.00–45.21%),0.05555555555555555,0.009875190978303097,0.25757300781872594,1/18 (5.56%; 95% CI 0.99–25.76%),0.2222222222222222,0.09000928108601694,0.45214584316212625,4/18 (22.22%; 95% CI 9.00–45.21%),0.5,0.29031021505169974,0.7096897849483003,9/18 (50.00%; 95% CI 29.03–70.97%)
pal,llava,appod,H22,22,1,1,9,4,4,18,9,0.5,0.29031021505169974,0.7096897849483003,9/18 (50.00%; 95% CI 29.03–70.97%),0.2222222222222222,0.09000928108601694,0.45214584316212625,4/18 (22.22%; 95% CI 9.00–45.21%),0.05555555555555555,0.009875190978303097,0.25757300781872594,1/18 (5.56%; 95% CI 0.99–25.76%),0.2222222222222222,0.09000928108601694,0.45214584316212625,4/18 (22.22%; 95% CI 9.00–45.21%),0.5,0.29031021505169974,0.7096897849483003,9/18 (50.00%; 95% CI 29.03–70.97%)
pal,llava,appod,H22,22,2,1,9,4,4,18,9,0.5,0.29031021505169974,0.7096897849483003,9/18 (50.00%; 95% CI 29.03–70.97%),0.2222222222222222,0.09000928108601694,0.45214584316212625,4/18 (22.22%; 95% CI 9.00–45.21%),0.05555555555555555,0.009875190978303097,0.25757300781872594,1/18 (5.56%; 95% CI 0.99–25.76%),0.2222222222222222,0.09000928108601694,0.45214584316212625,4/18 (22.22%; 95% CI 9.00–45.21%),0.5,0.29031021505169974,0.7096897849483003,9/18 (50.00%; 95% CI 29.03–70.97%)
pal,llava,appod,H22,22,3,1,9,4,4,18,9,0.5,0.29031021505169974,0.7096897849483003,9/18 (50.00%; 95% CI 29.03–70.97%),0.2222222222222222,0.09000928108601694,0.45214584316212625,4/18 (22.22%; 95% CI 9.00–45.21%),0.05555555555555555,0.009875190978303097,0.25757300781872594,1/18 (5.56%; 95% CI 0.99–25.76%),0.2222222222222222,0.09000928108601694,0.45214584316212625,4/18 (22.22%; 95% CI 9.00–45.21%),0.5,0.29031021505169974,0.7096897849483003,9/18 (50.00%; 95% CI 29.03–70.97%)
pal,llava,appod,H22,22,4,1,9,4,4,18,9,0.5,0.29031021505169974,0.7096897849483003,9/18 (50.00%; 95% CI 29.03–70.97%),0.2222222222222222,0.09000928108601694,0.45214584316212625,4/18 (22.22%; 95% CI 9.00–45.21%),0.05555555555555555,0.009875190978303097,0.25757300781872594,1/18 (5.56%; 95% CI 0.99–25.76%),0.2222222222222222,0.09000928108601694,0.45214584316212625,4/18 (22.22%; 95% CI 9.00–45.21%),0.5,0.29031021505169974,0.7096897849483003,9/18 (50.00%; 95% CI 29.03–70.97%)
pal,llava,appod,H22,22,5,1,9,4,4,18,9,0.5,0.29031021505169974,0.7096897849483003,9/18 (50.00%; 95% CI 29.03–70.97%),0.2222222222222222,0.09000928108601694,0.45214584316212625,4/18 (22.22%; 95% CI 9.00–45.21%),0.05555555555555555,0.009875190978303097,0.25757300781872594,1/18 (5.56%; 95% CI 0.99–25.76%),0.2222222222222222,0.09000928108601694,0.45214584316212625,4/18 (22.22%; 95% CI 9.00–45.21%),0.5,0.29031021505169974,0.7096897849483003,9/18 (50.00%; 95% CI 29.03–70.97%)
pal,llava,appod,H24,24,1,1,8,4,5,18,10,0.4444444444444444,0.24559518127005633,0.6628358435795723,8/18 (44.44%; 95% CI 24.56–66.28%),0.2777777777777778,0.12499753379553993,0.5087265656029746,5/18 (27.78%; 95% CI 12.50–50.87%),0.05555555555555555,0.009875190978303097,0.25757300781872594,1/18 (5.56%; 95% CI 0.99–25.76%),0.2222222222222222,0.09000928108601694,0.45214584316212625,4/18 (22.22%; 95% CI 9.00–45.21%),0.5555555555555556,0.33716415642042774,0.7544048187299437,10/18 (55.56%; 95% CI 33.72–75.44%)
pal,llava,appod,H24,24,2,1,8,4,5,18,10,0.4444444444444444,0.24559518127005633,0.6628358435795723,8/18 (44.44%; 95% CI 24.56–66.28%),0.2777777777777778,0.12499753379553993,0.5087265656029746,5/18 (27.78%; 95% CI 12.50–50.87%),0.05555555555555555,0.009875190978303097,0.25757300781872594,1/18 (5.56%; 95% CI 0.99–25.76%),0.2222222222222222,0.09000928108601694,0.45214584316212625,4/18 (22.22%; 95% CI 9.00–45.21%),0.5555555555555556,0.33716415642042774,0.7544048187299437,10/18 (55.56%; 95% CI 33.72–75.44%)
pal,llava,appod,H24,24,3,1,8,4,5,18,10,0.4444444444444444,0.24559518127005633,0.6628358435795723,8/18 (44.44%; 95% CI 24.56–66.28%),0.2777777777777778,0.12499753379553993,0.5087265656029746,5/18 (27.78%; 95% CI 12.50–50.87%),0.05555555555555555,0.009875190978303097,0.25757300781872594,1/18 (5.56%; 95% CI 0.99–25.76%),0.2222222222222222,0.09000928108601694,0.45214584316212625,4/18 (22.22%; 95% CI 9.00–45.21%),0.5555555555555556,0.33716415642042774,0.7544048187299437,10/18 (55.56%; 95% CI 33.72–75.44%)
pal,llava,appod,H24,24,4,1,8,4,5,18,10,0.4444444444444444,0.24559518127005633,0.6628358435795723,8/18 (44.44%; 95% CI 24.56–66.28%),0.2777777777777778,0.12499753379553993,0.5087265656029746,5/18 (27.78%; 95% CI 12.50–50.87%),0.05555555555555555,0.009875190978303097,0.25757300781872594,1/18 (5.56%; 95% CI 0.99–25.76%),0.2222222222222222,0.09000928108601694,0.45214584316212625,4/18 (22.22%; 95% CI 9.00–45.21%),0.5555555555555556,0.33716415642042774,0.7544048187299437,10/18 (55.56%; 95% CI 33.72–75.44%)
pal,llava,appod,H24,24,5,1,8,4,5,18,10,0.4444444444444444,0.24559518127005633,0.6628358435795723,8/18 (44.44%; 95% CI 24.56–66.28%),0.2777777777777778,0.12499753379553993,0.5087265656029746,5/18 (27.78%; 95% CI 12.50–50.87%),0.05555555555555555,0.009875190978303097,0.25757300781872594,1/18 (5.56%; 95% CI 0.99–25.76%),0.2222222222222222,0.09000928108601694,0.45214584316212625,4/18 (22.22%; 95% CI 9.00–45.21%),0.5555555555555556,0.33716415642042774,0.7544048187299437,10/18 (55.56%; 95% CI 33.72–75.44%)
pal,llava,appod,H26,26,1,1,8,4,5,18,10,0.4444444444444444,0.24559518127005633,0.6628358435795723,8/18 (44.44%; 95% CI 24.56–66.28%),0.2777777777777778,0.12499753379553993,0.5087265656029746,5/18 (27.78%; 95% CI 12.50–50.87%),0.05555555555555555,0.009875190978303097,0.25757300781872594,1/18 (5.56%; 95% CI 0.99–25.76%),0.2222222222222222,0.09000928108601694,0.45214584316212625,4/18 (22.22%; 95% CI 9.00–45.21%),0.5555555555555556,0.33716415642042774,0.7544048187299437,10/18 (55.56%; 95% CI 33.72–75.44%)
pal,llava,appod,H26,26,2,1,8,4,5,18,10,0.4444444444444444,0.24559518127005633,0.6628358435795723,8/18 (44.44%; 95% CI 24.56–66.28%),0.2777777777777778,0.12499753379553993,0.5087265656029746,5/18 (27.78%; 95% CI 12.50–50.87%),0.05555555555555555,0.009875190978303097,0.25757300781872594,1/18 (5.56%; 95% CI 0.99–25.76%),0.2222222222222222,0.09000928108601694,0.45214584316212625,4/18 (22.22%; 95% CI 9.00–45.21%),0.5555555555555556,0.33716415642042774,0.7544048187299437,10/18 (55.56%; 95% CI 33.72–75.44%)
pal,llava,appod,H26,26,3,1,8,4,5,18,10,0.4444444444444444,0.24559518127005633,0.6628358435795723,8/18 (44.44%; 95% CI 24.56–66.28%),0.2777777777777778,0.12499753379553993,0.5087265656029746,5/18 (27.78%; 95% CI 12.50–50.87%),0.05555555555555555,0.009875190978303097,0.25757300781872594,1/18 (5.56%; 95% CI 0.99–25.76%),0.2222222222222222,0.09000928108601694,0.45214584316212625,4/18 (22.22%; 95% CI 9.00–45.21%),0.5555555555555556,0.33716415642042774,0.7544048187299437,10/18 (55.56%; 95% CI 33.72–75.44%)
pal,llava,appod,H26,26,4,1,8,4,5,18,10,0.4444444444444444,0.24559518127005633,0.6628358435795723,8/18 (44.44%; 95% CI 24.56–66.28%),0.2777777777777778,0.12499753379553993,0.5087265656029746,5/18 (27.78%; 95% CI 12.50–50.87%),0.05555555555555555,0.009875190978303097,0.25757300781872594,1/18 (5.56%; 95% CI 0.99–25.76%),0.2222222222222222,0.09000928108601694,0.45214584316212625,4/18 (22.22%; 95% CI 9.00–45.21%),0.5555555555555556,0.33716415642042774,0.7544048187299437,10/18 (55.56%; 95% CI 33.72–75.44%)
pal,llava,appod,H26,26,5,1,8,4,5,18,10,0.4444444444444444,0.24559518127005633,0.6628358435795723,8/18 (44.44%; 95% CI 24.56–66.28%),0.2777777777777778,0.12499753379553993,0.5087265656029746,5/18 (27.78%; 95% CI 12.50–50.87%),0.05555555555555555,0.009875190978303097,0.25757300781872594,1/18 (5.56%; 95% CI 0.99–25.76%),0.2222222222222222,0.09000928108601694,0.45214584316212625,4/18 (22.22%; 95% CI 9.00–45.21%),0.5555555555555556,0.33716415642042774,0.7544048187299437,10/18 (55.56%; 95% CI 33.72–75.44%)
pal,llava,appod,H28,28,1,1,10,4,3,18,8,0.5555555555555556,0.33716415642042774,0.7544048187299437,10/18 (55.56%; 95% CI 33.72–75.44%),0.16666666666666666,0.05836576805861446,0.39222038103915724,3/18 (16.67%; 95% CI 5.84–39.22%),0.05555555555555555,0.009875190978303097,0.25757300781872594,1/18 (5.56%; 95% CI 0.99–25.76%),0.2222222222222222,0.09000928108601694,0.45214584316212625,4/18 (22.22%; 95% CI 9.00–45.21%),0.4444444444444444,0.24559518127005633,0.6628358435795723,8/18 (44.44%; 95% CI 24.56–66.28%)
pal,llava,appod,H28,28,2,1,10,4,3,18,8,0.5555555555555556,0.33716415642042774,0.7544048187299437,10/18 (55.56%; 95% CI 33.72–75.44%),0.16666666666666666,0.05836576805861446,0.39222038103915724,3/18 (16.67%; 95% CI 5.84–39.22%),0.05555555555555555,0.009875190978303097,0.25757300781872594,1/18 (5.56%; 95% CI 0.99–25.76%),0.2222222222222222,0.09000928108601694,0.45214584316212625,4/18 (22.22%; 95% CI 9.00–45.21%),0.4444444444444444,0.24559518127005633,0.6628358435795723,8/18 (44.44%; 95% CI 24.56–66.28%)
pal,llava,appod,H28,28,3,1,10,4,3,18,8,0.5555555555555556,0.33716415642042774,0.7544048187299437,10/18 (55.56%; 95% CI 33.72–75.44%),0.16666666666666666,0.05836576805861446,0.39222038103915724,3/18 (16.67%; 95% CI 5.84–39.22%),0.05555555555555555,0.009875190978303097,0.25757300781872594,1/18 (5.56%; 95% CI 0.99–25.76%),0.2222222222222222,0.09000928108601694,0.45214584316212625,4/18 (22.22%; 95% CI 9.00–45.21%),0.4444444444444444,0.24559518127005633,0.6628358435795723,8/18 (44.44%; 95% CI 24.56–66.28%)
pal,llava,appod,H28,28,4,1,10,4,3,18,8,0.5555555555555556,0.33716415642042774,0.7544048187299437,10/18 (55.56%; 95% CI 33.72–75.44%),0.16666666666666666,0.05836576805861446,0.39222038103915724,3/18 (16.67%; 95% CI 5.84–39.22%),0.05555555555555555,0.009875190978303097,0.25757300781872594,1/18 (5.56%; 95% CI 0.99–25.76%),0.2222222222222222,0.09000928108601694,0.45214584316212625,4/18 (22.22%; 95% CI 9.00–45.21%),0.4444444444444444,0.24559518127005633,0.6628358435795723,8/18 (44.44%; 95% CI 24.56–66.28%)
pal,llava,appod,H28,28,5,1,10,4,3,18,8,0.5555555555555556,0.33716415642042774,0.7544048187299437,10/18 (55.56%; 95% CI 33.72–75.44%),0.16666666666666666,0.05836576805861446,0.39222038103915724,3/18 (16.67%; 95% CI 5.84–39.22%),0.05555555555555555,0.009875190978303097,0.25757300781872594,1/18 (5.56%; 95% CI 0.99–25.76%),0.2222222222222222,0.09000928108601694,0.45214584316212625,4/18 (22.22%; 95% CI 9.00–45.21%),0.4444444444444444,0.24559518127005633,0.6628358435795723,8/18 (44.44%; 95% CI 24.56–66.28%)
pal,llava,appod,H30,30,1,1,11,4,2,18,7,0.6111111111111112,0.3861904160223791,0.7969475342783638,11/18 (61.11%; 95% CI 38.62–79.69%),0.1111111111111111,0.03101952264561239,0.32799765130178804,2/18 (11.11%; 95% CI 3.10–32.80%),0.05555555555555555,0.009875190978303097,0.25757300781872594,1/18 (5.56%; 95% CI 0.99–25.76%),0.2222222222222222,0.09000928108601694,0.45214584316212625,4/18 (22.22%; 95% CI 9.00–45.21%),0.3888888888888889,0.2030524657216362,0.613809583977621,7/18 (38.89%; 95% CI 20.31–61.38%)
pal,llava,appod,H30,30,2,1,11,4,2,18,7,0.6111111111111112,0.3861904160223791,0.7969475342783638,11/18 (61.11%; 95% CI 38.62–79.69%),0.1111111111111111,0.03101952264561239,0.32799765130178804,2/18 (11.11%; 95% CI 3.10–32.80%),0.05555555555555555,0.009875190978303097,0.25757300781872594,1/18 (5.56%; 95% CI 0.99–25.76%),0.2222222222222222,0.09000928108601694,0.45214584316212625,4/18 (22.22%; 95% CI 9.00–45.21%),0.3888888888888889,0.2030524657216362,0.613809583977621,7/18 (38.89%; 95% CI 20.31–61.38%)
pal,llava,appod,H30,30,3,1,11,4,2,18,7,0.6111111111111112,0.3861904160223791,0.7969475342783638,11/18 (61.11%; 95% CI 38.62–79.69%),0.1111111111111111,0.03101952264561239,0.32799765130178804,2/18 (11.11%; 95% CI 3.10–32.80%),0.05555555555555555,0.009875190978303097,0.25757300781872594,1/18 (5.56%; 95% CI 0.99–25.76%),0.2222222222222222,0.09000928108601694,0.45214584316212625,4/18 (22.22%; 95% CI 9.00–45.21%),0.3888888888888889,0.2030524657216362,0.613809583977621,7/18 (38.89%; 95% CI 20.31–61.38%)
pal,llava,appod,H30,30,4,1,11,4,2,18,7,0.6111111111111112,0.3861904160223791,0.7969475342783638,11/18 (61.11%; 95% CI 38.62–79.69%),0.1111111111111111,0.03101952264561239,0.32799765130178804,2/18 (11.11%; 95% CI 3.10–32.80%),0.05555555555555555,0.009875190978303097,0.25757300781872594,1/18 (5.56%; 95% CI 0.99–25.76%),0.2222222222222222,0.09000928108601694,0.45214584316212625,4/18 (22.22%; 95% CI 9.00–45.21%),0.3888888888888889,0.2030524657216362,0.613809583977621,7/18 (38.89%; 95% CI 20.31–61.38%)
pal,llava,appod,H30,30,5,1,11,4,2,18,7,0.6111111111111112,0.3861904160223791,0.7969475342783638,11/18 (61.11%; 95% CI 38.62–79.69%),0.1111111111111111,0.03101952264561239,0.32799765130178804,2/18 (11.11%; 95% CI 3.10–32.80%),0.05555555555555555,0.009875190978303097,0.25757300781872594,1/18 (5.56%; 95% CI 0.99–25.76%),0.2222222222222222,0.09000928108601694,0.45214584316212625,4/18 (22.22%; 95% CI 9.00–45.21%),0.3888888888888889,0.2030524657216362,0.613809583977621,7/18 (38.89%; 95% CI 20.31–61.38%)
pal,llava,appod,H32,32,1,1,12,4,1,18,6,0.6666666666666666,0.43749467295945105,0.837212252491663,12/18 (66.67%; 95% CI 43.75–83.72%),0.05555555555555555,0.009875190978303097,0.25757300781872594,1/18 (5.56%; 95% CI 0.99–25.76%),0.05555555555555555,0.009875190978303097,0.25757300781872594,1/18 (5.56%; 95% CI 0.99–25.76%),0.2222222222222222,0.09000928108601694,0.45214584316212625,4/18 (22.22%; 95% CI 9.00–45.21%),0.3333333333333333,0.1627877475083369,0.5625053270405489,6/18 (33.33%; 95% CI 16.28–56.25%)
pal,llava,appod,H32,32,2,1,12,4,1,18,6,0.6666666666666666,0.43749467295945105,0.837212252491663,12/18 (66.67%; 95% CI 43.75–83.72%),0.05555555555555555,0.009875190978303097,0.25757300781872594,1/18 (5.56%; 95% CI 0.99–25.76%),0.05555555555555555,0.009875190978303097,0.25757300781872594,1/18 (5.56%; 95% CI 0.99–25.76%),0.2222222222222222,0.09000928108601694,0.45214584316212625,4/18 (22.22%; 95% CI 9.00–45.21%),0.3333333333333333,0.1627877475083369,0.5625053270405489,6/18 (33.33%; 95% CI 16.28–56.25%)
pal,llava,appod,H32,32,3,1,12,4,1,18,6,0.6666666666666666,0.43749467295945105,0.837212252491663,12/18 (66.67%; 95% CI 43.75–83.72%),0.05555555555555555,0.009875190978303097,0.25757300781872594,1/18 (5.56%; 95% CI 0.99–25.76%),0.05555555555555555,0.009875190978303097,0.25757300781872594,1/18 (5.56%; 95% CI 0.99–25.76%),0.2222222222222222,0.09000928108601694,0.45214584316212625,4/18 (22.22%; 95% CI 9.00–45.21%),0.3333333333333333,0.1627877475083369,0.5625053270405489,6/18 (33.33%; 95% CI 16.28–56.25%)
pal,llava,appod,H32,32,4,1,12,4,1,18,6,0.6666666666666666,0.43749467295945105,0.837212252491663,12/18 (66.67%; 95% CI 43.75–83.72%),0.05555555555555555,0.009875190978303097,0.25757300781872594,1/18 (5.56%; 95% CI 0.99–25.76%),0.05555555555555555,0.009875190978303097,0.25757300781872594,1/18 (5.56%; 95% CI 0.99–25.76%),0.2222222222222222,0.09000928108601694,0.45214584316212625,4/18 (22.22%; 95% CI 9.00–45.21%),0.3333333333333333,0.1627877475083369,0.5625053270405489,6/18 (33.33%; 95% CI 16.28–56.25%)
pal,llava,appod,H32,32,5,1,12,4,1,18,6,0.6666666666666666,0.43749467295945105,0.837212252491663,12/18 (66.67%; 95% CI 43.75–83.72%),0.05555555555555555,0.009875190978303097,0.25757300781872594,1/18 (5.56%; 95% CI 0.99–25.76%),0.05555555555555555,0.009875190978303097,0.25757300781872594,1/18 (5.56%; 95% CI 0.99–25.76%),0.2222222222222222,0.09000928108601694,0.45214584316212625,4/18 (22.22%; 95% CI 9.00–45.21%),0.3333333333333333,0.1627877475083369,0.5625053270405489,6/18 (33.33%; 95% CI 16.28–56.25%)
pal,qwen,appfr,H02,2,1,1,12,4,1,18,6,0.6666666666666666,0.43749467295945105,0.837212252491663,12/18 (66.67%; 95% CI 43.75–83.72%),0.05555555555555555,0.009875190978303097,0.25757300781872594,1/18 (5.56%; 95% CI 0.99–25.76%),0.05555555555555555,0.009875190978303097,0.25757300781872594,1/18 (5.56%; 95% CI 0.99–25.76%),0.2222222222222222,0.09000928108601694,0.45214584316212625,4/18 (22.22%; 95% CI 9.00–45.21%),0.3333333333333333,0.1627877475083369,0.5625053270405489,6/18 (33.33%; 95% CI 16.28–56.25%)
pal,qwen,appfr,H02,2,2,1,12,4,1,18,6,0.6666666666666666,0.43749467295945105,0.837212252491663,12/18 (66.67%; 95% CI 43.75–83.72%),0.05555555555555555,0.009875190978303097,0.25757300781872594,1/18 (5.56%; 95% CI 0.99–25.76%),0.05555555555555555,0.009875190978303097,0.25757300781872594,1/18 (5.56%; 95% CI 0.99–25.76%),0.2222222222222222,0.09000928108601694,0.45214584316212625,4/18 (22.22%; 95% CI 9.00–45.21%),0.3333333333333333,0.1627877475083369,0.5625053270405489,6/18 (33.33%; 95% CI 16.28–56.25%)
pal,qwen,appfr,H02,2,3,1,12,4,1,18,6,0.6666666666666666,0.43749467295945105,0.837212252491663,12/18 (66.67%; 95% CI 43.75–83.72%),0.05555555555555555,0.009875190978303097,0.25757300781872594,1/18 (5.56%; 95% CI 0.99–25.76%),0.05555555555555555,0.009875190978303097,0.25757300781872594,1/18 (5.56%; 95% CI 0.99–25.76%),0.2222222222222222,0.09000928108601694,0.45214584316212625,4/18 (22.22%; 95% CI 9.00–45.21%),0.3333333333333333,0.1627877475083369,0.5625053270405489,6/18 (33.33%; 95% CI 16.28–56.25%)
pal,qwen,appfr,H02,2,4,2,12,3,1,18,6,0.6666666666666666,0.43749467295945105,0.837212252491663,12/18 (66.67%; 95% CI 43.75–83.72%),0.05555555555555555,0.009875190978303097,0.25757300781872594,1/18 (5.56%; 95% CI 0.99–25.76%),0.1111111111111111,0.03101952264561239,0.32799765130178804,2/18 (11.11%; 95% CI 3.10–32.80%),0.16666666666666666,0.05836576805861446,0.39222038103915724,3/18 (16.67%; 95% CI 5.84–39.22%),0.3333333333333333,0.1627877475083369,0.5625053270405489,6/18 (33.33%; 95% CI 16.28–56.25%)
pal,qwen,appfr,H02,2,5,2,12,3,1,18,6,0.6666666666666666,0.43749467295945105,0.837212252491663,12/18 (66.67%; 95% CI 43.75–83.72%),0.05555555555555555,0.009875190978303097,0.25757300781872594,1/18 (5.56%; 95% CI 0.99–25.76%),0.1111111111111111,0.03101952264561239,0.32799765130178804,2/18 (11.11%; 95% CI 3.10–32.80%),0.16666666666666666,0.05836576805861446,0.39222038103915724,3/18 (16.67%; 95% CI 5.84–39.22%),0.3333333333333333,0.1627877475083369,0.5625053270405489,6/18 (33.33%; 95% CI 16.28–56.25%)
pal,qwen,appfr,H04,4,1,0,14,4,0,18,4,0.7777777777777778,0.5478541568378739,0.9099907189139831,14/18 (77.78%; 95% CI 54.79–91.00%),0.0,0.0,0.17587922364665765,0/18 (0.00%; 95% CI 0.00–17.59%),0.0,0.0,0.17587922364665765,0/18 (0.00%; 95% CI 0.00–17.59%),0.2222222222222222,0.09000928108601694,0.45214584316212625,4/18 (22.22%; 95% CI 9.00–45.21%),0.2222222222222222,0.09000928108601694,0.45214584316212625,4/18 (22.22%; 95% CI 9.00–45.21%)
pal,qwen,appfr,H04,4,2,0,14,4,0,18,4,0.7777777777777778,0.5478541568378739,0.9099907189139831,14/18 (77.78%; 95% CI 54.79–91.00%),0.0,0.0,0.17587922364665765,0/18 (0.00%; 95% CI 0.00–17.59%),0.0,0.0,0.17587922364665765,0/18 (0.00%; 95% CI 0.00–17.59%),0.2222222222222222,0.09000928108601694,0.45214584316212625,4/18 (22.22%; 95% CI 9.00–45.21%),0.2222222222222222,0.09000928108601694,0.45214584316212625,4/18 (22.22%; 95% CI 9.00–45.21%)
pal,qwen,appfr,H04,4,3,0,14,4,0,18,4,0.7777777777777778,0.5478541568378739,0.9099907189139831,14/18 (77.78%; 95% CI 54.79–91.00%),0.0,0.0,0.17587922364665765,0/18 (0.00%; 95% CI 0.00–17.59%),0.0,0.0,0.17587922364665765,0/18 (0.00%; 95% CI 0.00–17.59%),0.2222222222222222,0.09000928108601694,0.45214584316212625,4/18 (22.22%; 95% CI 9.00–45.21%),0.2222222222222222,0.09000928108601694,0.45214584316212625,4/18 (22.22%; 95% CI 9.00–45.21%)
pal,qwen,appfr,H04,4,4,1,14,3,0,18,4,0.7777777777777778,0.5478541568378739,0.9099907189139831,14/18 (77.78%; 95% CI 54.79–91.00%),0.0,0.0,0.17587922364665765,0/18 (0.00%; 95% CI 0.00–17.59%),0.05555555555555555,0.009875190978303097,0.25757300781872594,1/18 (5.56%; 95% CI 0.99–25.76%),0.16666666666666666,0.05836576805861446,0.39222038103915724,3/18 (16.67%; 95% CI 5.84–39.22%),0.2222222222222222,0.09000928108601694,0.45214584316212625,4/18 (22.22%; 95% CI 9.00–45.21%)
pal,qwen,appfr,H04,4,5,1,14,3,0,18,4,0.7777777777777778,0.5478541568378739,0.9099907189139831,14/18 (77.78%; 95% CI 54.79–91.00%),0.0,0.0,0.17587922364665765,0/18 (0.00%; 95% CI 0.00–17.59%),0.05555555555555555,0.009875190978303097,0.25757300781872594,1/18 (5.56%; 95% CI 0.99–25.76%),0.16666666666666666,0.05836576805861446,0.39222038103915724,3/18 (16.67%; 95% CI 5.84–39.22%),0.2222222222222222,0.09000928108601694,0.45214584316212625,4/18 (22.22%; 95% CI 9.00–45.21%)
pal,qwen,appfr,H06,6,1,1,12,4,1,18,6,0.6666666666666666,0.43749467295945105,0.837212252491663,12/18 (66.67%; 95% CI 43.75–83.72%),0.05555555555555555,0.009875190978303097,0.25757300781872594,1/18 (5.56%; 95% CI 0.99–25.76%),0.05555555555555555,0.009875190978303097,0.25757300781872594,1/18 (5.56%; 95% CI 0.99–25.76%),0.2222222222222222,0.09000928108601694,0.45214584316212625,4/18 (22.22%; 95% CI 9.00–45.21%),0.3333333333333333,0.1627877475083369,0.5625053270405489,6/18 (33.33%; 95% CI 16.28–56.25%)
pal,qwen,appfr,H06,6,2,1,12,4,1,18,6,0.6666666666666666,0.43749467295945105,0.837212252491663,12/18 (66.67%; 95% CI 43.75–83.72%),0.05555555555555555,0.009875190978303097,0.25757300781872594,1/18 (5.56%; 95% CI 0.99–25.76%),0.05555555555555555,0.009875190978303097,0.25757300781872594,1/18 (5.56%; 95% CI 0.99–25.76%),0.2222222222222222,0.09000928108601694,0.45214584316212625,4/18 (22.22%; 95% CI 9.00–45.21%),0.3333333333333333,0.1627877475083369,0.5625053270405489,6/18 (33.33%; 95% CI 16.28–56.25%)
pal,qwen,appfr,H06,6,3,1,12,4,1,18,6,0.6666666666666666,0.43749467295945105,0.837212252491663,12/18 (66.67%; 95% CI 43.75–83.72%),0.05555555555555555,0.009875190978303097,0.25757300781872594,1/18 (5.56%; 95% CI 0.99–25.76%),0.05555555555555555,0.009875190978303097,0.25757300781872594,1/18 (5.56%; 95% CI 0.99–25.76%),0.2222222222222222,0.09000928108601694,0.45214584316212625,4/18 (22.22%; 95% CI 9.00–45.21%),0.3333333333333333,0.1627877475083369,0.5625053270405489,6/18 (33.33%; 95% CI 16.28–56.25%)
pal,qwen,appfr,H06,6,4,1,12,4,1,18,6,0.6666666666666666,0.43749467295945105,0.837212252491663,12/18 (66.67%; 95% CI 43.75–83.72%),0.05555555555555555,0.009875190978303097,0.25757300781872594,1/18 (5.56%; 95% CI 0.99–25.76%),0.05555555555555555,0.009875190978303097,0.25757300781872594,1/18 (5.56%; 95% CI 0.99–25.76%),0.2222222222222222,0.09000928108601694,0.45214584316212625,4/18 (22.22%; 95% CI 9.00–45.21%),0.3333333333333333,0.1627877475083369,0.5625053270405489,6/18 (33.33%; 95% CI 16.28–56.25%)
pal,qwen,appfr,H06,6,5,2,12,3,1,18,6,0.6666666666666666,0.43749467295945105,0.837212252491663,12/18 (66.67%; 95% CI 43.75–83.72%),0.05555555555555555,0.009875190978303097,0.25757300781872594,1/18 (5.56%; 95% CI 0.99–25.76%),0.1111111111111111,0.03101952264561239,0.32799765130178804,2/18 (11.11%; 95% CI 3.10–32.80%),0.16666666666666666,0.05836576805861446,0.39222038103915724,3/18 (16.67%; 95% CI 5.84–39.22%),0.3333333333333333,0.1627877475083369,0.5625053270405489,6/18 (33.33%; 95% CI 16.28–56.25%)
pal,qwen,appfr,H08,8,1,1,12,4,1,18,6,0.6666666666666666,0.43749467295945105,0.837212252491663,12/18 (66.67%; 95% CI 43.75–83.72%),0.05555555555555555,0.009875190978303097,0.25757300781872594,1/18 (5.56%; 95% CI 0.99–25.76%),0.05555555555555555,0.009875190978303097,0.25757300781872594,1/18 (5.56%; 95% CI 0.99–25.76%),0.2222222222222222,0.09000928108601694,0.45214584316212625,4/18 (22.22%; 95% CI 9.00–45.21%),0.3333333333333333,0.1627877475083369,0.5625053270405489,6/18 (33.33%; 95% CI 16.28–56.25%)
pal,qwen,appfr,H08,8,2,1,12,4,1,18,6,0.6666666666666666,0.43749467295945105,0.837212252491663,12/18 (66.67%; 95% CI 43.75–83.72%),0.05555555555555555,0.009875190978303097,0.25757300781872594,1/18 (5.56%; 95% CI 0.99–25.76%),0.05555555555555555,0.009875190978303097,0.25757300781872594,1/18 (5.56%; 95% CI 0.99–25.76%),0.2222222222222222,0.09000928108601694,0.45214584316212625,4/18 (22.22%; 95% CI 9.00–45.21%),0.3333333333333333,0.1627877475083369,0.5625053270405489,6/18 (33.33%; 95% CI 16.28–56.25%)
pal,qwen,appfr,H08,8,3,1,12,4,1,18,6,0.6666666666666666,0.43749467295945105,0.837212252491663,12/18 (66.67%; 95% CI 43.75–83.72%),0.05555555555555555,0.009875190978303097,0.25757300781872594,1/18 (5.56%; 95% CI 0.99–25.76%),0.05555555555555555,0.009875190978303097,0.25757300781872594,1/18 (5.56%; 95% CI 0.99–25.76%),0.2222222222222222,0.09000928108601694,0.45214584316212625,4/18 (22.22%; 95% CI 9.00–45.21%),0.3333333333333333,0.1627877475083369,0.5625053270405489,6/18 (33.33%; 95% CI 16.28–56.25%)
pal,qwen,appfr,H08,8,4,1,12,4,1,18,6,0.6666666666666666,0.43749467295945105,0.837212252491663,12/18 (66.67%; 95% CI 43.75–83.72%),0.05555555555555555,0.009875190978303097,0.25757300781872594,1/18 (5.56%; 95% CI 0.99–25.76%),0.05555555555555555,0.009875190978303097,0.25757300781872594,1/18 (5.56%; 95% CI 0.99–25.76%),0.2222222222222222,0.09000928108601694,0.45214584316212625,4/18 (22.22%; 95% CI 9.00–45.21%),0.3333333333333333,0.1627877475083369,0.5625053270405489,6/18 (33.33%; 95% CI 16.28–56.25%)
pal,qwen,appfr,H08,8,5,2,12,3,1,18,6,0.6666666666666666,0.43749467295945105,0.837212252491663,12/18 (66.67%; 95% CI 43.75–83.72%),0.05555555555555555,0.009875190978303097,0.25757300781872594,1/18 (5.56%; 95% CI 0.99–25.76%),0.1111111111111111,0.03101952264561239,0.32799765130178804,2/18 (11.11%; 95% CI 3.10–32.80%),0.16666666666666666,0.05836576805861446,0.39222038103915724,3/18 (16.67%; 95% CI 5.84–39.22%),0.3333333333333333,0.1627877475083369,0.5625053270405489,6/18 (33.33%; 95% CI 16.28–56.25%)
pal,qwen,appfr,H10,10,1,1,12,4,1,18,6,0.6666666666666666,0.43749467295945105,0.837212252491663,12/18 (66.67%; 95% CI 43.75–83.72%),0.05555555555555555,0.009875190978303097,0.25757300781872594,1/18 (5.56%; 95% CI 0.99–25.76%),0.05555555555555555,0.009875190978303097,0.25757300781872594,1/18 (5.56%; 95% CI 0.99–25.76%),0.2222222222222222,0.09000928108601694,0.45214584316212625,4/18 (22.22%; 95% CI 9.00–45.21%),0.3333333333333333,0.1627877475083369,0.5625053270405489,6/18 (33.33%; 95% CI 16.28–56.25%)
pal,qwen,appfr,H10,10,2,1,12,4,1,18,6,0.6666666666666666,0.43749467295945105,0.837212252491663,12/18 (66.67%; 95% CI 43.75–83.72%),0.05555555555555555,0.009875190978303097,0.25757300781872594,1/18 (5.56%; 95% CI 0.99–25.76%),0.05555555555555555,0.009875190978303097,0.25757300781872594,1/18 (5.56%; 95% CI 0.99–25.76%),0.2222222222222222,0.09000928108601694,0.45214584316212625,4/18 (22.22%; 95% CI 9.00–45.21%),0.3333333333333333,0.1627877475083369,0.5625053270405489,6/18 (33.33%; 95% CI 16.28–56.25%)
pal,qwen,appfr,H10,10,3,1,12,4,1,18,6,0.6666666666666666,0.43749467295945105,0.837212252491663,12/18 (66.67%; 95% CI 43.75–83.72%),0.05555555555555555,0.009875190978303097,0.25757300781872594,1/18 (5.56%; 95% CI 0.99–25.76%),0.05555555555555555,0.009875190978303097,0.25757300781872594,1/18 (5.56%; 95% CI 0.99–25.76%),0.2222222222222222,0.09000928108601694,0.45214584316212625,4/18 (22.22%; 95% CI 9.00–45.21%),0.3333333333333333,0.1627877475083369,0.5625053270405489,6/18 (33.33%; 95% CI 16.28–56.25%)
pal,qwen,appfr,H10,10,4,1,12,4,1,18,6,0.6666666666666666,0.43749467295945105,0.837212252491663,12/18 (66.67%; 95% CI 43.75–83.72%),0.05555555555555555,0.009875190978303097,0.25757300781872594,1/18 (5.56%; 95% CI 0.99–25.76%),0.05555555555555555,0.009875190978303097,0.25757300781872594,1/18 (5.56%; 95% CI 0.99–25.76%),0.2222222222222222,0.09000928108601694,0.45214584316212625,4/18 (22.22%; 95% CI 9.00–45.21%),0.3333333333333333,0.1627877475083369,0.5625053270405489,6/18 (33.33%; 95% CI 16.28–56.25%)
pal,qwen,appfr,H10,10,5,2,12,3,1,18,6,0.6666666666666666,0.43749467295945105,0.837212252491663,12/18 (66.67%; 95% CI 43.75–83.72%),0.05555555555555555,0.009875190978303097,0.25757300781872594,1/18 (5.56%; 95% CI 0.99–25.76%),0.1111111111111111,0.03101952264561239,0.32799765130178804,2/18 (11.11%; 95% CI 3.10–32.80%),0.16666666666666666,0.05836576805861446,0.39222038103915724,3/18 (16.67%; 95% CI 5.84–39.22%),0.3333333333333333,0.1627877475083369,0.5625053270405489,6/18 (33.33%; 95% CI 16.28–56.25%)
pal,qwen,appfr,H12,12,1,1,12,4,1,18,6,0.6666666666666666,0.43749467295945105,0.837212252491663,12/18 (66.67%; 95% CI 43.75–83.72%),0.05555555555555555,0.009875190978303097,0.25757300781872594,1/18 (5.56%; 95% CI 0.99–25.76%),0.05555555555555555,0.009875190978303097,0.25757300781872594,1/18 (5.56%; 95% CI 0.99–25.76%),0.2222222222222222,0.09000928108601694,0.45214584316212625,4/18 (22.22%; 95% CI 9.00–45.21%),0.3333333333333333,0.1627877475083369,0.5625053270405489,6/18 (33.33%; 95% CI 16.28–56.25%)
pal,qwen,appfr,H12,12,2,1,12,4,1,18,6,0.6666666666666666,0.43749467295945105,0.837212252491663,12/18 (66.67%; 95% CI 43.75–83.72%),0.05555555555555555,0.009875190978303097,0.25757300781872594,1/18 (5.56%; 95% CI 0.99–25.76%),0.05555555555555555,0.009875190978303097,0.25757300781872594,1/18 (5.56%; 95% CI 0.99–25.76%),0.2222222222222222,0.09000928108601694,0.45214584316212625,4/18 (22.22%; 95% CI 9.00–45.21%),0.3333333333333333,0.1627877475083369,0.5625053270405489,6/18 (33.33%; 95% CI 16.28–56.25%)
pal,qwen,appfr,H12,12,3,1,12,4,1,18,6,0.6666666666666666,0.43749467295945105,0.837212252491663,12/18 (66.67%; 95% CI 43.75–83.72%),0.05555555555555555,0.009875190978303097,0.25757300781872594,1/18 (5.56%; 95% CI 0.99–25.76%),0.05555555555555555,0.009875190978303097,0.25757300781872594,1/18 (5.56%; 95% CI 0.99–25.76%),0.2222222222222222,0.09000928108601694,0.45214584316212625,4/18 (22.22%; 95% CI 9.00–45.21%),0.3333333333333333,0.1627877475083369,0.5625053270405489,6/18 (33.33%; 95% CI 16.28–56.25%)
pal,qwen,appfr,H12,12,4,2,12,3,1,18,6,0.6666666666666666,0.43749467295945105,0.837212252491663,12/18 (66.67%; 95% CI 43.75–83.72%),0.05555555555555555,0.009875190978303097,0.25757300781872594,1/18 (5.56%; 95% CI 0.99–25.76%),0.1111111111111111,0.03101952264561239,0.32799765130178804,2/18 (11.11%; 95% CI 3.10–32.80%),0.16666666666666666,0.05836576805861446,0.39222038103915724,3/18 (16.67%; 95% CI 5.84–39.22%),0.3333333333333333,0.1627877475083369,0.5625053270405489,6/18 (33.33%; 95% CI 16.28–56.25%)
pal,qwen,appfr,H12,12,5,2,12,3,1,18,6,0.6666666666666666,0.43749467295945105,0.837212252491663,12/18 (66.67%; 95% CI 43.75–83.72%),0.05555555555555555,0.009875190978303097,0.25757300781872594,1/18 (5.56%; 95% CI 0.99–25.76%),0.1111111111111111,0.03101952264561239,0.32799765130178804,2/18 (11.11%; 95% CI 3.10–32.80%),0.16666666666666666,0.05836576805861446,0.39222038103915724,3/18 (16.67%; 95% CI 5.84–39.22%),0.3333333333333333,0.1627877475083369,0.5625053270405489,6/18 (33.33%; 95% CI 16.28–56.25%)
pal,qwen,appfr,H14,14,1,1,12,4,1,18,6,0.6666666666666666,0.43749467295945105,0.837212252491663,12/18 (66.67%; 95% CI 43.75–83.72%),0.05555555555555555,0.009875190978303097,0.25757300781872594,1/18 (5.56%; 95% CI 0.99–25.76%),0.05555555555555555,0.009875190978303097,0.25757300781872594,1/18 (5.56%; 95% CI 0.99–25.76%),0.2222222222222222,0.09000928108601694,0.45214584316212625,4/18 (22.22%; 95% CI 9.00–45.21%),0.3333333333333333,0.1627877475083369,0.5625053270405489,6/18 (33.33%; 95% CI 16.28–56.25%)
pal,qwen,appfr,H14,14,2,1,12,4,1,18,6,0.6666666666666666,0.43749467295945105,0.837212252491663,12/18 (66.67%; 95% CI 43.75–83.72%),0.05555555555555555,0.009875190978303097,0.25757300781872594,1/18 (5.56%; 95% CI 0.99–25.76%),0.05555555555555555,0.009875190978303097,0.25757300781872594,1/18 (5.56%; 95% CI 0.99–25.76%),0.2222222222222222,0.09000928108601694,0.45214584316212625,4/18 (22.22%; 95% CI 9.00–45.21%),0.3333333333333333,0.1627877475083369,0.5625053270405489,6/18 (33.33%; 95% CI 16.28–56.25%)
pal,qwen,appfr,H14,14,3,1,12,4,1,18,6,0.6666666666666666,0.43749467295945105,0.837212252491663,12/18 (66.67%; 95% CI 43.75–83.72%),0.05555555555555555,0.009875190978303097,0.25757300781872594,1/18 (5.56%; 95% CI 0.99–25.76%),0.05555555555555555,0.009875190978303097,0.25757300781872594,1/18 (5.56%; 95% CI 0.99–25.76%),0.2222222222222222,0.09000928108601694,0.45214584316212625,4/18 (22.22%; 95% CI 9.00–45.21%),0.3333333333333333,0.1627877475083369,0.5625053270405489,6/18 (33.33%; 95% CI 16.28–56.25%)
pal,qwen,appfr,H14,14,4,2,12,3,1,18,6,0.6666666666666666,0.43749467295945105,0.837212252491663,12/18 (66.67%; 95% CI 43.75–83.72%),0.05555555555555555,0.009875190978303097,0.25757300781872594,1/18 (5.56%; 95% CI 0.99–25.76%),0.1111111111111111,0.03101952264561239,0.32799765130178804,2/18 (11.11%; 95% CI 3.10–32.80%),0.16666666666666666,0.05836576805861446,0.39222038103915724,3/18 (16.67%; 95% CI 5.84–39.22%),0.3333333333333333,0.1627877475083369,0.5625053270405489,6/18 (33.33%; 95% CI 16.28–56.25%)
pal,qwen,appfr,H14,14,5,2,12,3,1,18,6,0.6666666666666666,0.43749467295945105,0.837212252491663,12/18 (66.67%; 95% CI 43.75–83.72%),0.05555555555555555,0.009875190978303097,0.25757300781872594,1/18 (5.56%; 95% CI 0.99–25.76%),0.1111111111111111,0.03101952264561239,0.32799765130178804,2/18 (11.11%; 95% CI 3.10–32.80%),0.16666666666666666,0.05836576805861446,0.39222038103915724,3/18 (16.67%; 95% CI 5.84–39.22%),0.3333333333333333,0.1627877475083369,0.5625053270405489,6/18 (33.33%; 95% CI 16.28–56.25%)
pal,qwen,appfr,H16,16,1,1,11,4,2,18,7,0.6111111111111112,0.3861904160223791,0.7969475342783638,11/18 (61.11%; 95% CI 38.62–79.69%),0.1111111111111111,0.03101952264561239,0.32799765130178804,2/18 (11.11%; 95% CI 3.10–32.80%),0.05555555555555555,0.009875190978303097,0.25757300781872594,1/18 (5.56%; 95% CI 0.99–25.76%),0.2222222222222222,0.09000928108601694,0.45214584316212625,4/18 (22.22%; 95% CI 9.00–45.21%),0.3888888888888889,0.2030524657216362,0.613809583977621,7/18 (38.89%; 95% CI 20.31–61.38%)
pal,qwen,appfr,H16,16,2,1,11,4,2,18,7,0.6111111111111112,0.3861904160223791,0.7969475342783638,11/18 (61.11%; 95% CI 38.62–79.69%),0.1111111111111111,0.03101952264561239,0.32799765130178804,2/18 (11.11%; 95% CI 3.10–32.80%),0.05555555555555555,0.009875190978303097,0.25757300781872594,1/18 (5.56%; 95% CI 0.99–25.76%),0.2222222222222222,0.09000928108601694,0.45214584316212625,4/18 (22.22%; 95% CI 9.00–45.21%),0.3888888888888889,0.2030524657216362,0.613809583977621,7/18 (38.89%; 95% CI 20.31–61.38%)
pal,qwen,appfr,H16,16,3,1,11,4,2,18,7,0.6111111111111112,0.3861904160223791,0.7969475342783638,11/18 (61.11%; 95% CI 38.62–79.69%),0.1111111111111111,0.03101952264561239,0.32799765130178804,2/18 (11.11%; 95% CI 3.10–32.80%),0.05555555555555555,0.009875190978303097,0.25757300781872594,1/18 (5.56%; 95% CI 0.99–25.76%),0.2222222222222222,0.09000928108601694,0.45214584316212625,4/18 (22.22%; 95% CI 9.00–45.21%),0.3888888888888889,0.2030524657216362,0.613809583977621,7/18 (38.89%; 95% CI 20.31–61.38%)
pal,qwen,appfr,H16,16,4,2,11,3,2,18,7,0.6111111111111112,0.3861904160223791,0.7969475342783638,11/18 (61.11%; 95% CI 38.62–79.69%),0.1111111111111111,0.03101952264561239,0.32799765130178804,2/18 (11.11%; 95% CI 3.10–32.80%),0.1111111111111111,0.03101952264561239,0.32799765130178804,2/18 (11.11%; 95% CI 3.10–32.80%),0.16666666666666666,0.05836576805861446,0.39222038103915724,3/18 (16.67%; 95% CI 5.84–39.22%),0.3888888888888889,0.2030524657216362,0.613809583977621,7/18 (38.89%; 95% CI 20.31–61.38%)
pal,qwen,appfr,H16,16,5,2,11,3,2,18,7,0.6111111111111112,0.3861904160223791,0.7969475342783638,11/18 (61.11%; 95% CI 38.62–79.69%),0.1111111111111111,0.03101952264561239,0.32799765130178804,2/18 (11.11%; 95% CI 3.10–32.80%),0.1111111111111111,0.03101952264561239,0.32799765130178804,2/18 (11.11%; 95% CI 3.10–32.80%),0.16666666666666666,0.05836576805861446,0.39222038103915724,3/18 (16.67%; 95% CI 5.84–39.22%),0.3888888888888889,0.2030524657216362,0.613809583977621,7/18 (38.89%; 95% CI 20.31–61.38%)
pal,qwen,appfr,H18,18,1,1,13,3,1,18,5,0.7222222222222222,0.4912734343970254,0.8750024662044601,13/18 (72.22%; 95% CI 49.13–87.50%),0.05555555555555555,0.009875190978303097,0.25757300781872594,1/18 (5.56%; 95% CI 0.99–25.76%),0.05555555555555555,0.009875190978303097,0.25757300781872594,1/18 (5.56%; 95% CI 0.99–25.76%),0.16666666666666666,0.05836576805861446,0.39222038103915724,3/18 (16.67%; 95% CI 5.84–39.22%),0.2777777777777778,0.12499753379553993,0.5087265656029746,5/18 (27.78%; 95% CI 12.50–50.87%)
pal,qwen,appfr,H18,18,2,1,13,3,1,18,5,0.7222222222222222,0.4912734343970254,0.8750024662044601,13/18 (72.22%; 95% CI 49.13–87.50%),0.05555555555555555,0.009875190978303097,0.25757300781872594,1/18 (5.56%; 95% CI 0.99–25.76%),0.05555555555555555,0.009875190978303097,0.25757300781872594,1/18 (5.56%; 95% CI 0.99–25.76%),0.16666666666666666,0.05836576805861446,0.39222038103915724,3/18 (16.67%; 95% CI 5.84–39.22%),0.2777777777777778,0.12499753379553993,0.5087265656029746,5/18 (27.78%; 95% CI 12.50–50.87%)
pal,qwen,appfr,H18,18,3,1,13,3,1,18,5,0.7222222222222222,0.4912734343970254,0.8750024662044601,13/18 (72.22%; 95% CI 49.13–87.50%),0.05555555555555555,0.009875190978303097,0.25757300781872594,1/18 (5.56%; 95% CI 0.99–25.76%),0.05555555555555555,0.009875190978303097,0.25757300781872594,1/18 (5.56%; 95% CI 0.99–25.76%),0.16666666666666666,0.05836576805861446,0.39222038103915724,3/18 (16.67%; 95% CI 5.84–39.22%),0.2777777777777778,0.12499753379553993,0.5087265656029746,5/18 (27.78%; 95% CI 12.50–50.87%)
pal,qwen,appfr,H18,18,4,1,13,3,1,18,5,0.7222222222222222,0.4912734343970254,0.8750024662044601,13/18 (72.22%; 95% CI 49.13–87.50%),0.05555555555555555,0.009875190978303097,0.25757300781872594,1/18 (5.56%; 95% CI 0.99–25.76%),0.05555555555555555,0.009875190978303097,0.25757300781872594,1/18 (5.56%; 95% CI 0.99–25.76%),0.16666666666666666,0.05836576805861446,0.39222038103915724,3/18 (16.67%; 95% CI 5.84–39.22%),0.2777777777777778,0.12499753379553993,0.5087265656029746,5/18 (27.78%; 95% CI 12.50–50.87%)
pal,qwen,appfr,H18,18,5,1,13,3,1,18,5,0.7222222222222222,0.4912734343970254,0.8750024662044601,13/18 (72.22%; 95% CI 49.13–87.50%),0.05555555555555555,0.009875190978303097,0.25757300781872594,1/18 (5.56%; 95% CI 0.99–25.76%),0.05555555555555555,0.009875190978303097,0.25757300781872594,1/18 (5.56%; 95% CI 0.99–25.76%),0.16666666666666666,0.05836576805861446,0.39222038103915724,3/18 (16.67%; 95% CI 5.84–39.22%),0.2777777777777778,0.12499753379553993,0.5087265656029746,5/18 (27.78%; 95% CI 12.50–50.87%)
pal,qwen,appfr,H20,20,1,1,13,3,1,18,5,0.7222222222222222,0.4912734343970254,0.8750024662044601,13/18 (72.22%; 95% CI 49.13–87.50%),0.05555555555555555,0.009875190978303097,0.25757300781872594,1/18 (5.56%; 95% CI 0.99–25.76%),0.05555555555555555,0.009875190978303097,0.25757300781872594,1/18 (5.56%; 95% CI 0.99–25.76%),0.16666666666666666,0.05836576805861446,0.39222038103915724,3/18 (16.67%; 95% CI 5.84–39.22%),0.2777777777777778,0.12499753379553993,0.5087265656029746,5/18 (27.78%; 95% CI 12.50–50.87%)
pal,qwen,appfr,H20,20,2,1,13,3,1,18,5,0.7222222222222222,0.4912734343970254,0.8750024662044601,13/18 (72.22%; 95% CI 49.13–87.50%),0.05555555555555555,0.009875190978303097,0.25757300781872594,1/18 (5.56%; 95% CI 0.99–25.76%),0.05555555555555555,0.009875190978303097,0.25757300781872594,1/18 (5.56%; 95% CI 0.99–25.76%),0.16666666666666666,0.05836576805861446,0.39222038103915724,3/18 (16.67%; 95% CI 5.84–39.22%),0.2777777777777778,0.12499753379553993,0.5087265656029746,5/18 (27.78%; 95% CI 12.50–50.87%)
pal,qwen,appfr,H20,20,3,1,13,3,1,18,5,0.7222222222222222,0.4912734343970254,0.8750024662044601,13/18 (72.22%; 95% CI 49.13–87.50%),0.05555555555555555,0.009875190978303097,0.25757300781872594,1/18 (5.56%; 95% CI 0.99–25.76%),0.05555555555555555,0.009875190978303097,0.25757300781872594,1/18 (5.56%; 95% CI 0.99–25.76%),0.16666666666666666,0.05836576805861446,0.39222038103915724,3/18 (16.67%; 95% CI 5.84–39.22%),0.2777777777777778,0.12499753379553993,0.5087265656029746,5/18 (27.78%; 95% CI 12.50–50.87%)
pal,qwen,appfr,H20,20,4,1,13,3,1,18,5,0.7222222222222222,0.4912734343970254,0.8750024662044601,13/18 (72.22%; 95% CI 49.13–87.50%),0.05555555555555555,0.009875190978303097,0.25757300781872594,1/18 (5.56%; 95% CI 0.99–25.76%),0.05555555555555555,0.009875190978303097,0.25757300781872594,1/18 (5.56%; 95% CI 0.99–25.76%),0.16666666666666666,0.05836576805861446,0.39222038103915724,3/18 (16.67%; 95% CI 5.84–39.22%),0.2777777777777778,0.12499753379553993,0.5087265656029746,5/18 (27.78%; 95% CI 12.50–50.87%)
pal,qwen,appfr,H20,20,5,1,13,3,1,18,5,0.7222222222222222,0.4912734343970254,0.8750024662044601,13/18 (72.22%; 95% CI 49.13–87.50%),0.05555555555555555,0.009875190978303097,0.25757300781872594,1/18 (5.56%; 95% CI 0.99–25.76%),0.05555555555555555,0.009875190978303097,0.25757300781872594,1/18 (5.56%; 95% CI 0.99–25.76%),0.16666666666666666,0.05836576805861446,0.39222038103915724,3/18 (16.67%; 95% CI 5.84–39.22%),0.2777777777777778,0.12499753379553993,0.5087265656029746,5/18 (27.78%; 95% CI 12.50–50.87%)
pal,qwen,appfr,H22,22,1,0,13,4,1,18,5,0.7222222222222222,0.4912734343970254,0.8750024662044601,13/18 (72.22%; 95% CI 49.13–87.50%),0.05555555555555555,0.009875190978303097,0.25757300781872594,1/18 (5.56%; 95% CI 0.99–25.76%),0.0,0.0,0.17587922364665765,0/18 (0.00%; 95% CI 0.00–17.59%),0.2222222222222222,0.09000928108601694,0.45214584316212625,4/18 (22.22%; 95% CI 9.00–45.21%),0.2777777777777778,0.12499753379553993,0.5087265656029746,5/18 (27.78%; 95% CI 12.50–50.87%)
pal,qwen,appfr,H22,22,2,0,13,4,1,18,5,0.7222222222222222,0.4912734343970254,0.8750024662044601,13/18 (72.22%; 95% CI 49.13–87.50%),0.05555555555555555,0.009875190978303097,0.25757300781872594,1/18 (5.56%; 95% CI 0.99–25.76%),0.0,0.0,0.17587922364665765,0/18 (0.00%; 95% CI 0.00–17.59%),0.2222222222222222,0.09000928108601694,0.45214584316212625,4/18 (22.22%; 95% CI 9.00–45.21%),0.2777777777777778,0.12499753379553993,0.5087265656029746,5/18 (27.78%; 95% CI 12.50–50.87%)
pal,qwen,appfr,H22,22,3,1,13,3,1,18,5,0.7222222222222222,0.4912734343970254,0.8750024662044601,13/18 (72.22%; 95% CI 49.13–87.50%),0.05555555555555555,0.009875190978303097,0.25757300781872594,1/18 (5.56%; 95% CI 0.99–25.76%),0.05555555555555555,0.009875190978303097,0.25757300781872594,1/18 (5.56%; 95% CI 0.99–25.76%),0.16666666666666666,0.05836576805861446,0.39222038103915724,3/18 (16.67%; 95% CI 5.84–39.22%),0.2777777777777778,0.12499753379553993,0.5087265656029746,5/18 (27.78%; 95% CI 12.50–50.87%)
pal,qwen,appfr,H22,22,4,1,13,3,1,18,5,0.7222222222222222,0.4912734343970254,0.8750024662044601,13/18 (72.22%; 95% CI 49.13–87.50%),0.05555555555555555,0.009875190978303097,0.25757300781872594,1/18 (5.56%; 95% CI 0.99–25.76%),0.05555555555555555,0.009875190978303097,0.25757300781872594,1/18 (5.56%; 95% CI 0.99–25.76%),0.16666666666666666,0.05836576805861446,0.39222038103915724,3/18 (16.67%; 95% CI 5.84–39.22%),0.2777777777777778,0.12499753379553993,0.5087265656029746,5/18 (27.78%; 95% CI 12.50–50.87%)
pal,qwen,appfr,H22,22,5,1,13,3,1,18,5,0.7222222222222222,0.4912734343970254,0.8750024662044601,13/18 (72.22%; 95% CI 49.13–87.50%),0.05555555555555555,0.009875190978303097,0.25757300781872594,1/18 (5.56%; 95% CI 0.99–25.76%),0.05555555555555555,0.009875190978303097,0.25757300781872594,1/18 (5.56%; 95% CI 0.99–25.76%),0.16666666666666666,0.05836576805861446,0.39222038103915724,3/18 (16.67%; 95% CI 5.84–39.22%),0.2777777777777778,0.12499753379553993,0.5087265656029746,5/18 (27.78%; 95% CI 12.50–50.87%)
pal,qwen,appfr,H24,24,1,0,12,4,2,18,6,0.6666666666666666,0.43749467295945105,0.837212252491663,12/18 (66.67%; 95% CI 43.75–83.72%),0.1111111111111111,0.03101952264561239,0.32799765130178804,2/18 (11.11%; 95% CI 3.10–32.80%),0.0,0.0,0.17587922364665765,0/18 (0.00%; 95% CI 0.00–17.59%),0.2222222222222222,0.09000928108601694,0.45214584316212625,4/18 (22.22%; 95% CI 9.00–45.21%),0.3333333333333333,0.1627877475083369,0.5625053270405489,6/18 (33.33%; 95% CI 16.28–56.25%)
pal,qwen,appfr,H24,24,2,0,12,4,2,18,6,0.6666666666666666,0.43749467295945105,0.837212252491663,12/18 (66.67%; 95% CI 43.75–83.72%),0.1111111111111111,0.03101952264561239,0.32799765130178804,2/18 (11.11%; 95% CI 3.10–32.80%),0.0,0.0,0.17587922364665765,0/18 (0.00%; 95% CI 0.00–17.59%),0.2222222222222222,0.09000928108601694,0.45214584316212625,4/18 (22.22%; 95% CI 9.00–45.21%),0.3333333333333333,0.1627877475083369,0.5625053270405489,6/18 (33.33%; 95% CI 16.28–56.25%)
pal,qwen,appfr,H24,24,3,1,12,3,2,18,6,0.6666666666666666,0.43749467295945105,0.837212252491663,12/18 (66.67%; 95% CI 43.75–83.72%),0.1111111111111111,0.03101952264561239,0.32799765130178804,2/18 (11.11%; 95% CI 3.10–32.80%),0.05555555555555555,0.009875190978303097,0.25757300781872594,1/18 (5.56%; 95% CI 0.99–25.76%),0.16666666666666666,0.05836576805861446,0.39222038103915724,3/18 (16.67%; 95% CI 5.84–39.22%),0.3333333333333333,0.1627877475083369,0.5625053270405489,6/18 (33.33%; 95% CI 16.28–56.25%)
pal,qwen,appfr,H24,24,4,1,12,3,2,18,6,0.6666666666666666,0.43749467295945105,0.837212252491663,12/18 (66.67%; 95% CI 43.75–83.72%),0.1111111111111111,0.03101952264561239,0.32799765130178804,2/18 (11.11%; 95% CI 3.10–32.80%),0.05555555555555555,0.009875190978303097,0.25757300781872594,1/18 (5.56%; 95% CI 0.99–25.76%),0.16666666666666666,0.05836576805861446,0.39222038103915724,3/18 (16.67%; 95% CI 5.84–39.22%),0.3333333333333333,0.1627877475083369,0.5625053270405489,6/18 (33.33%; 95% CI 16.28–56.25%)
pal,qwen,appfr,H24,24,5,1,12,3,2,18,6,0.6666666666666666,0.43749467295945105,0.837212252491663,12/18 (66.67%; 95% CI 43.75–83.72%),0.1111111111111111,0.03101952264561239,0.32799765130178804,2/18 (11.11%; 95% CI 3.10–32.80%),0.05555555555555555,0.009875190978303097,0.25757300781872594,1/18 (5.56%; 95% CI 0.99–25.76%),0.16666666666666666,0.05836576805861446,0.39222038103915724,3/18 (16.67%; 95% CI 5.84–39.22%),0.3333333333333333,0.1627877475083369,0.5625053270405489,6/18 (33.33%; 95% CI 16.28–56.25%)
pal,qwen,appfr,H26,26,1,0,13,4,1,18,5,0.7222222222222222,0.4912734343970254,0.8750024662044601,13/18 (72.22%; 95% CI 49.13–87.50%),0.05555555555555555,0.009875190978303097,0.25757300781872594,1/18 (5.56%; 95% CI 0.99–25.76%),0.0,0.0,0.17587922364665765,0/18 (0.00%; 95% CI 0.00–17.59%),0.2222222222222222,0.09000928108601694,0.45214584316212625,4/18 (22.22%; 95% CI 9.00–45.21%),0.2777777777777778,0.12499753379553993,0.5087265656029746,5/18 (27.78%; 95% CI 12.50–50.87%)
pal,qwen,appfr,H26,26,2,0,13,4,1,18,5,0.7222222222222222,0.4912734343970254,0.8750024662044601,13/18 (72.22%; 95% CI 49.13–87.50%),0.05555555555555555,0.009875190978303097,0.25757300781872594,1/18 (5.56%; 95% CI 0.99–25.76%),0.0,0.0,0.17587922364665765,0/18 (0.00%; 95% CI 0.00–17.59%),0.2222222222222222,0.09000928108601694,0.45214584316212625,4/18 (22.22%; 95% CI 9.00–45.21%),0.2777777777777778,0.12499753379553993,0.5087265656029746,5/18 (27.78%; 95% CI 12.50–50.87%)
pal,qwen,appfr,H26,26,3,1,13,3,1,18,5,0.7222222222222222,0.4912734343970254,0.8750024662044601,13/18 (72.22%; 95% CI 49.13–87.50%),0.05555555555555555,0.009875190978303097,0.25757300781872594,1/18 (5.56%; 95% CI 0.99–25.76%),0.05555555555555555,0.009875190978303097,0.25757300781872594,1/18 (5.56%; 95% CI 0.99–25.76%),0.16666666666666666,0.05836576805861446,0.39222038103915724,3/18 (16.67%; 95% CI 5.84–39.22%),0.2777777777777778,0.12499753379553993,0.5087265656029746,5/18 (27.78%; 95% CI 12.50–50.87%)
pal,qwen,appfr,H26,26,4,1,13,3,1,18,5,0.7222222222222222,0.4912734343970254,0.8750024662044601,13/18 (72.22%; 95% CI 49.13–87.50%),0.05555555555555555,0.009875190978303097,0.25757300781872594,1/18 (5.56%; 95% CI 0.99–25.76%),0.05555555555555555,0.009875190978303097,0.25757300781872594,1/18 (5.56%; 95% CI 0.99–25.76%),0.16666666666666666,0.05836576805861446,0.39222038103915724,3/18 (16.67%; 95% CI 5.84–39.22%),0.2777777777777778,0.12499753379553993,0.5087265656029746,5/18 (27.78%; 95% CI 12.50–50.87%)
pal,qwen,appfr,H26,26,5,1,13,3,1,18,5,0.7222222222222222,0.4912734343970254,0.8750024662044601,13/18 (72.22%; 95% CI 49.13–87.50%),0.05555555555555555,0.009875190978303097,0.25757300781872594,1/18 (5.56%; 95% CI 0.99–25.76%),0.05555555555555555,0.009875190978303097,0.25757300781872594,1/18 (5.56%; 95% CI 0.99–25.76%),0.16666666666666666,0.05836576805861446,0.39222038103915724,3/18 (16.67%; 95% CI 5.84–39.22%),0.2777777777777778,0.12499753379553993,0.5087265656029746,5/18 (27.78%; 95% CI 12.50–50.87%)
pal,qwen,appfr,H28,28,1,0,15,3,0,18,3,0.8333333333333334,0.6077796189608428,0.9416342319413856,15/18 (83.33%; 95% CI 60.78–94.16%),0.0,0.0,0.17587922364665765,0/18 (0.00%; 95% CI 0.00–17.59%),0.0,0.0,0.17587922364665765,0/18 (0.00%; 95% CI 0.00–17.59%),0.16666666666666666,0.05836576805861446,0.39222038103915724,3/18 (16.67%; 95% CI 5.84–39.22%),0.16666666666666666,0.05836576805861446,0.39222038103915724,3/18 (16.67%; 95% CI 5.84–39.22%)
pal,qwen,appfr,H28,28,2,0,15,3,0,18,3,0.8333333333333334,0.6077796189608428,0.9416342319413856,15/18 (83.33%; 95% CI 60.78–94.16%),0.0,0.0,0.17587922364665765,0/18 (0.00%; 95% CI 0.00–17.59%),0.0,0.0,0.17587922364665765,0/18 (0.00%; 95% CI 0.00–17.59%),0.16666666666666666,0.05836576805861446,0.39222038103915724,3/18 (16.67%; 95% CI 5.84–39.22%),0.16666666666666666,0.05836576805861446,0.39222038103915724,3/18 (16.67%; 95% CI 5.84–39.22%)
pal,qwen,appfr,H28,28,3,0,15,3,0,18,3,0.8333333333333334,0.6077796189608428,0.9416342319413856,15/18 (83.33%; 95% CI 60.78–94.16%),0.0,0.0,0.17587922364665765,0/18 (0.00%; 95% CI 0.00–17.59%),0.0,0.0,0.17587922364665765,0/18 (0.00%; 95% CI 0.00–17.59%),0.16666666666666666,0.05836576805861446,0.39222038103915724,3/18 (16.67%; 95% CI 5.84–39.22%),0.16666666666666666,0.05836576805861446,0.39222038103915724,3/18 (16.67%; 95% CI 5.84–39.22%)
pal,qwen,appfr,H28,28,4,0,15,3,0,18,3,0.8333333333333334,0.6077796189608428,0.9416342319413856,15/18 (83.33%; 95% CI 60.78–94.16%),0.0,0.0,0.17587922364665765,0/18 (0.00%; 95% CI 0.00–17.59%),0.0,0.0,0.17587922364665765,0/18 (0.00%; 95% CI 0.00–17.59%),0.16666666666666666,0.05836576805861446,0.39222038103915724,3/18 (16.67%; 95% CI 5.84–39.22%),0.16666666666666666,0.05836576805861446,0.39222038103915724,3/18 (16.67%; 95% CI 5.84–39.22%)
pal,qwen,appfr,H28,28,5,0,15,3,0,18,3,0.8333333333333334,0.6077796189608428,0.9416342319413856,15/18 (83.33%; 95% CI 60.78–94.16%),0.0,0.0,0.17587922364665765,0/18 (0.00%; 95% CI 0.00–17.59%),0.0,0.0,0.17587922364665765,0/18 (0.00%; 95% CI 0.00–17.59%),0.16666666666666666,0.05836576805861446,0.39222038103915724,3/18 (16.67%; 95% CI 5.84–39.22%),0.16666666666666666,0.05836576805861446,0.39222038103915724,3/18 (16.67%; 95% CI 5.84–39.22%)
pal,qwen,appfr,H30,30,1,0,15,3,0,18,3,0.8333333333333334,0.6077796189608428,0.9416342319413856,15/18 (83.33%; 95% CI 60.78–94.16%),0.0,0.0,0.17587922364665765,0/18 (0.00%; 95% CI 0.00–17.59%),0.0,0.0,0.17587922364665765,0/18 (0.00%; 95% CI 0.00–17.59%),0.16666666666666666,0.05836576805861446,0.39222038103915724,3/18 (16.67%; 95% CI 5.84–39.22%),0.16666666666666666,0.05836576805861446,0.39222038103915724,3/18 (16.67%; 95% CI 5.84–39.22%)
pal,qwen,appfr,H30,30,2,0,15,3,0,18,3,0.8333333333333334,0.6077796189608428,0.9416342319413856,15/18 (83.33%; 95% CI 60.78–94.16%),0.0,0.0,0.17587922364665765,0/18 (0.00%; 95% CI 0.00–17.59%),0.0,0.0,0.17587922364665765,0/18 (0.00%; 95% CI 0.00–17.59%),0.16666666666666666,0.05836576805861446,0.39222038103915724,3/18 (16.67%; 95% CI 5.84–39.22%),0.16666666666666666,0.05836576805861446,0.39222038103915724,3/18 (16.67%; 95% CI 5.84–39.22%)
pal,qwen,appfr,H30,30,3,0,15,3,0,18,3,0.8333333333333334,0.6077796189608428,0.9416342319413856,15/18 (83.33%; 95% CI 60.78–94.16%),0.0,0.0,0.17587922364665765,0/18 (0.00%; 95% CI 0.00–17.59%),0.0,0.0,0.17587922364665765,0/18 (0.00%; 95% CI 0.00–17.59%),0.16666666666666666,0.05836576805861446,0.39222038103915724,3/18 (16.67%; 95% CI 5.84–39.22%),0.16666666666666666,0.05836576805861446,0.39222038103915724,3/18 (16.67%; 95% CI 5.84–39.22%)
pal,qwen,appfr,H30,30,4,0,15,3,0,18,3,0.8333333333333334,0.6077796189608428,0.9416342319413856,15/18 (83.33%; 95% CI 60.78–94.16%),0.0,0.0,0.17587922364665765,0/18 (0.00%; 95% CI 0.00–17.59%),0.0,0.0,0.17587922364665765,0/18 (0.00%; 95% CI 0.00–17.59%),0.16666666666666666,0.05836576805861446,0.39222038103915724,3/18 (16.67%; 95% CI 5.84–39.22%),0.16666666666666666,0.05836576805861446,0.39222038103915724,3/18 (16.67%; 95% CI 5.84–39.22%)
pal,qwen,appfr,H30,30,5,0,15,3,0,18,3,0.8333333333333334,0.6077796189608428,0.9416342319413856,15/18 (83.33%; 95% CI 60.78–94.16%),0.0,0.0,0.17587922364665765,0/18 (0.00%; 95% CI 0.00–17.59%),0.0,0.0,0.17587922364665765,0/18 (0.00%; 95% CI 0.00–17.59%),0.16666666666666666,0.05836576805861446,0.39222038103915724,3/18 (16.67%; 95% CI 5.84–39.22%),0.16666666666666666,0.05836576805861446,0.39222038103915724,3/18 (16.67%; 95% CI 5.84–39.22%)
pal,qwen,appfr,H32,32,1,0,15,3,0,18,3,0.8333333333333334,0.6077796189608428,0.9416342319413856,15/18 (83.33%; 95% CI 60.78–94.16%),0.0,0.0,0.17587922364665765,0/18 (0.00%; 95% CI 0.00–17.59%),0.0,0.0,0.17587922364665765,0/18 (0.00%; 95% CI 0.00–17.59%),0.16666666666666666,0.05836576805861446,0.39222038103915724,3/18 (16.67%; 95% CI 5.84–39.22%),0.16666666666666666,0.05836576805861446,0.39222038103915724,3/18 (16.67%; 95% CI 5.84–39.22%)
pal,qwen,appfr,H32,32,2,0,15,3,0,18,3,0.8333333333333334,0.6077796189608428,0.9416342319413856,15/18 (83.33%; 95% CI 60.78–94.16%),0.0,0.0,0.17587922364665765,0/18 (0.00%; 95% CI 0.00–17.59%),0.0,0.0,0.17587922364665765,0/18 (0.00%; 95% CI 0.00–17.59%),0.16666666666666666,0.05836576805861446,0.39222038103915724,3/18 (16.67%; 95% CI 5.84–39.22%),0.16666666666666666,0.05836576805861446,0.39222038103915724,3/18 (16.67%; 95% CI 5.84–39.22%)
pal,qwen,appfr,H32,32,3,0,15,3,0,18,3,0.8333333333333334,0.6077796189608428,0.9416342319413856,15/18 (83.33%; 95% CI 60.78–94.16%),0.0,0.0,0.17587922364665765,0/18 (0.00%; 95% CI 0.00–17.59%),0.0,0.0,0.17587922364665765,0/18 (0.00%; 95% CI 0.00–17.59%),0.16666666666666666,0.05836576805861446,0.39222038103915724,3/18 (16.67%; 95% CI 5.84–39.22%),0.16666666666666666,0.05836576805861446,0.39222038103915724,3/18 (16.67%; 95% CI 5.84–39.22%)
pal,qwen,appfr,H32,32,4,0,15,3,0,18,3,0.8333333333333334,0.6077796189608428,0.9416342319413856,15/18 (83.33%; 95% CI 60.78–94.16%),0.0,0.0,0.17587922364665765,0/18 (0.00%; 95% CI 0.00–17.59%),0.0,0.0,0.17587922364665765,0/18 (0.00%; 95% CI 0.00–17.59%),0.16666666666666666,0.05836576805861446,0.39222038103915724,3/18 (16.67%; 95% CI 5.84–39.22%),0.16666666666666666,0.05836576805861446,0.39222038103915724,3/18 (16.67%; 95% CI 5.84–39.22%)
pal,qwen,appfr,H32,32,5,0,15,3,0,18,3,0.8333333333333334,0.6077796189608428,0.9416342319413856,15/18 (83.33%; 95% CI 60.78–94.16%),0.0,0.0,0.17587922364665765,0/18 (0.00%; 95% CI 0.00–17.59%),0.0,0.0,0.17587922364665765,0/18 (0.00%; 95% CI 0.00–17.59%),0.16666666666666666,0.05836576805861446,0.39222038103915724,3/18 (16.67%; 95% CI 5.84–39.22%),0.16666666666666666,0.05836576805861446,0.39222038103915724,3/18 (16.67%; 95% CI 5.84–39.22%)
pal,qwen,appod,H02,2,1,4,3,6,5,18,15,0.16666666666666666,0.05836576805861446,0.39222038103915724,3/18 (16.67%; 95% CI 5.84–39.22%),0.2777777777777778,0.12499753379553993,0.5087265656029746,5/18 (27.78%; 95% CI 12.50–50.87%),0.2222222222222222,0.09000928108601694,0.45214584316212625,4/18 (22.22%; 95% CI 9.00–45.21%),0.3333333333333333,0.1627877475083369,0.5625053270405489,6/18 (33.33%; 95% CI 16.28–56.25%),0.8333333333333334,0.6077796189608428,0.9416342319413856,15/18 (83.33%; 95% CI 60.78–94.16%)
pal,qwen,appod,H02,2,2,4,3,6,5,18,15,0.16666666666666666,0.05836576805861446,0.39222038103915724,3/18 (16.67%; 95% CI 5.84–39.22%),0.2777777777777778,0.12499753379553993,0.5087265656029746,5/18 (27.78%; 95% CI 12.50–50.87%),0.2222222222222222,0.09000928108601694,0.45214584316212625,4/18 (22.22%; 95% CI 9.00–45.21%),0.3333333333333333,0.1627877475083369,0.5625053270405489,6/18 (33.33%; 95% CI 16.28–56.25%),0.8333333333333334,0.6077796189608428,0.9416342319413856,15/18 (83.33%; 95% CI 60.78–94.16%)
pal,qwen,appod,H02,2,3,4,3,6,5,18,15,0.16666666666666666,0.05836576805861446,0.39222038103915724,3/18 (16.67%; 95% CI 5.84–39.22%),0.2777777777777778,0.12499753379553993,0.5087265656029746,5/18 (27.78%; 95% CI 12.50–50.87%),0.2222222222222222,0.09000928108601694,0.45214584316212625,4/18 (22.22%; 95% CI 9.00–45.21%),0.3333333333333333,0.1627877475083369,0.5625053270405489,6/18 (33.33%; 95% CI 16.28–56.25%),0.8333333333333334,0.6077796189608428,0.9416342319413856,15/18 (83.33%; 95% CI 60.78–94.16%)
pal,qwen,appod,H02,2,4,5,3,5,5,18,15,0.16666666666666666,0.05836576805861446,0.39222038103915724,3/18 (16.67%; 95% CI 5.84–39.22%),0.2777777777777778,0.12499753379553993,0.5087265656029746,5/18 (27.78%; 95% CI 12.50–50.87%),0.2777777777777778,0.12499753379553993,0.5087265656029746,5/18 (27.78%; 95% CI 12.50–50.87%),0.2777777777777778,0.12499753379553993,0.5087265656029746,5/18 (27.78%; 95% CI 12.50–50.87%),0.8333333333333334,0.6077796189608428,0.9416342319413856,15/18 (83.33%; 95% CI 60.78–94.16%)
pal,qwen,appod,H02,2,5,5,3,5,5,18,15,0.16666666666666666,0.05836576805861446,0.39222038103915724,3/18 (16.67%; 95% CI 5.84–39.22%),0.2777777777777778,0.12499753379553993,0.5087265656029746,5/18 (27.78%; 95% CI 12.50–50.87%),0.2777777777777778,0.12499753379553993,0.5087265656029746,5/18 (27.78%; 95% CI 12.50–50.87%),0.2777777777777778,0.12499753379553993,0.5087265656029746,5/18 (27.78%; 95% CI 12.50–50.87%),0.8333333333333334,0.6077796189608428,0.9416342319413856,15/18 (83.33%; 95% CI 60.78–94.16%)
pal,qwen,appod,H04,4,1,4,1,6,7,18,17,0.05555555555555555,0.009875190978303097,0.25757300781872594,1/18 (5.56%; 95% CI 0.99–25.76%),0.3888888888888889,0.2030524657216362,0.613809583977621,7/18 (38.89%; 95% CI 20.31–61.38%),0.2222222222222222,0.09000928108601694,0.45214584316212625,4/18 (22.22%; 95% CI 9.00–45.21%),0.3333333333333333,0.1627877475083369,0.5625053270405489,6/18 (33.33%; 95% CI 16.28–56.25%),0.9444444444444444,0.7424269921812741,0.990124809021697,17/18 (94.44%; 95% CI 74.24–99.01%)
pal,qwen,appod,H04,4,2,4,1,6,7,18,17,0.05555555555555555,0.009875190978303097,0.25757300781872594,1/18 (5.56%; 95% CI 0.99–25.76%),0.3888888888888889,0.2030524657216362,0.613809583977621,7/18 (38.89%; 95% CI 20.31–61.38%),0.2222222222222222,0.09000928108601694,0.45214584316212625,4/18 (22.22%; 95% CI 9.00–45.21%),0.3333333333333333,0.1627877475083369,0.5625053270405489,6/18 (33.33%; 95% CI 16.28–56.25%),0.9444444444444444,0.7424269921812741,0.990124809021697,17/18 (94.44%; 95% CI 74.24–99.01%)
pal,qwen,appod,H04,4,3,4,1,6,7,18,17,0.05555555555555555,0.009875190978303097,0.25757300781872594,1/18 (5.56%; 95% CI 0.99–25.76%),0.3888888888888889,0.2030524657216362,0.613809583977621,7/18 (38.89%; 95% CI 20.31–61.38%),0.2222222222222222,0.09000928108601694,0.45214584316212625,4/18 (22.22%; 95% CI 9.00–45.21%),0.3333333333333333,0.1627877475083369,0.5625053270405489,6/18 (33.33%; 95% CI 16.28–56.25%),0.9444444444444444,0.7424269921812741,0.990124809021697,17/18 (94.44%; 95% CI 74.24–99.01%)
pal,qwen,appod,H04,4,4,5,1,5,7,18,17,0.05555555555555555,0.009875190978303097,0.25757300781872594,1/18 (5.56%; 95% CI 0.99–25.76%),0.3888888888888889,0.2030524657216362,0.613809583977621,7/18 (38.89%; 95% CI 20.31–61.38%),0.2777777777777778,0.12499753379553993,0.5087265656029746,5/18 (27.78%; 95% CI 12.50–50.87%),0.2777777777777778,0.12499753379553993,0.5087265656029746,5/18 (27.78%; 95% CI 12.50–50.87%),0.9444444444444444,0.7424269921812741,0.990124809021697,17/18 (94.44%; 95% CI 74.24–99.01%)
pal,qwen,appod,H04,4,5,5,1,5,7,18,17,0.05555555555555555,0.009875190978303097,0.25757300781872594,1/18 (5.56%; 95% CI 0.99–25.76%),0.3888888888888889,0.2030524657216362,0.613809583977621,7/18 (38.89%; 95% CI 20.31–61.38%),0.2777777777777778,0.12499753379553993,0.5087265656029746,5/18 (27.78%; 95% CI 12.50–50.87%),0.2777777777777778,0.12499753379553993,0.5087265656029746,5/18 (27.78%; 95% CI 12.50–50.87%),0.9444444444444444,0.7424269921812741,0.990124809021697,17/18 (94.44%; 95% CI 74.24–99.01%)
pal,qwen,appod,H06,6,1,4,4,6,4,18,14,0.2222222222222222,0.09000928108601694,0.45214584316212625,4/18 (22.22%; 95% CI 9.00–45.21%),0.2222222222222222,0.09000928108601694,0.45214584316212625,4/18 (22.22%; 95% CI 9.00–45.21%),0.2222222222222222,0.09000928108601694,0.45214584316212625,4/18 (22.22%; 95% CI 9.00–45.21%),0.3333333333333333,0.1627877475083369,0.5625053270405489,6/18 (33.33%; 95% CI 16.28–56.25%),0.7777777777777778,0.5478541568378739,0.9099907189139831,14/18 (77.78%; 95% CI 54.79–91.00%)
pal,qwen,appod,H06,6,2,4,4,6,4,18,14,0.2222222222222222,0.09000928108601694,0.45214584316212625,4/18 (22.22%; 95% CI 9.00–45.21%),0.2222222222222222,0.09000928108601694,0.45214584316212625,4/18 (22.22%; 95% CI 9.00–45.21%),0.2222222222222222,0.09000928108601694,0.45214584316212625,4/18 (22.22%; 95% CI 9.00–45.21%),0.3333333333333333,0.1627877475083369,0.5625053270405489,6/18 (33.33%; 95% CI 16.28–56.25%),0.7777777777777778,0.5478541568378739,0.9099907189139831,14/18 (77.78%; 95% CI 54.79–91.00%)
pal,qwen,appod,H06,6,3,4,4,6,4,18,14,0.2222222222222222,0.09000928108601694,0.45214584316212625,4/18 (22.22%; 95% CI 9.00–45.21%),0.2222222222222222,0.09000928108601694,0.45214584316212625,4/18 (22.22%; 95% CI 9.00–45.21%),0.2222222222222222,0.09000928108601694,0.45214584316212625,4/18 (22.22%; 95% CI 9.00–45.21%),0.3333333333333333,0.1627877475083369,0.5625053270405489,6/18 (33.33%; 95% CI 16.28–56.25%),0.7777777777777778,0.5478541568378739,0.9099907189139831,14/18 (77.78%; 95% CI 54.79–91.00%)
pal,qwen,appod,H06,6,4,5,4,5,4,18,14,0.2222222222222222,0.09000928108601694,0.45214584316212625,4/18 (22.22%; 95% CI 9.00–45.21%),0.2222222222222222,0.09000928108601694,0.45214584316212625,4/18 (22.22%; 95% CI 9.00–45.21%),0.2777777777777778,0.12499753379553993,0.5087265656029746,5/18 (27.78%; 95% CI 12.50–50.87%),0.2777777777777778,0.12499753379553993,0.5087265656029746,5/18 (27.78%; 95% CI 12.50–50.87%),0.7777777777777778,0.5478541568378739,0.9099907189139831,14/18 (77.78%; 95% CI 54.79–91.00%)
pal,qwen,appod,H06,6,5,5,4,5,4,18,14,0.2222222222222222,0.09000928108601694,0.45214584316212625,4/18 (22.22%; 95% CI 9.00–45.21%),0.2222222222222222,0.09000928108601694,0.45214584316212625,4/18 (22.22%; 95% CI 9.00–45.21%),0.2777777777777778,0.12499753379553993,0.5087265656029746,5/18 (27.78%; 95% CI 12.50–50.87%),0.2777777777777778,0.12499753379553993,0.5087265656029746,5/18 (27.78%; 95% CI 12.50–50.87%),0.7777777777777778,0.5478541568378739,0.9099907189139831,14/18 (77.78%; 95% CI 54.79–91.00%)
pal,qwen,appod,H08,8,1,4,3,6,5,18,15,0.16666666666666666,0.05836576805861446,0.39222038103915724,3/18 (16.67%; 95% CI 5.84–39.22%),0.2777777777777778,0.12499753379553993,0.5087265656029746,5/18 (27.78%; 95% CI 12.50–50.87%),0.2222222222222222,0.09000928108601694,0.45214584316212625,4/18 (22.22%; 95% CI 9.00–45.21%),0.3333333333333333,0.1627877475083369,0.5625053270405489,6/18 (33.33%; 95% CI 16.28–56.25%),0.8333333333333334,0.6077796189608428,0.9416342319413856,15/18 (83.33%; 95% CI 60.78–94.16%)
pal,qwen,appod,H08,8,2,4,3,6,5,18,15,0.16666666666666666,0.05836576805861446,0.39222038103915724,3/18 (16.67%; 95% CI 5.84–39.22%),0.2777777777777778,0.12499753379553993,0.5087265656029746,5/18 (27.78%; 95% CI 12.50–50.87%),0.2222222222222222,0.09000928108601694,0.45214584316212625,4/18 (22.22%; 95% CI 9.00–45.21%),0.3333333333333333,0.1627877475083369,0.5625053270405489,6/18 (33.33%; 95% CI 16.28–56.25%),0.8333333333333334,0.6077796189608428,0.9416342319413856,15/18 (83.33%; 95% CI 60.78–94.16%)
pal,qwen,appod,H08,8,3,4,3,6,5,18,15,0.16666666666666666,0.05836576805861446,0.39222038103915724,3/18 (16.67%; 95% CI 5.84–39.22%),0.2777777777777778,0.12499753379553993,0.5087265656029746,5/18 (27.78%; 95% CI 12.50–50.87%),0.2222222222222222,0.09000928108601694,0.45214584316212625,4/18 (22.22%; 95% CI 9.00–45.21%),0.3333333333333333,0.1627877475083369,0.5625053270405489,6/18 (33.33%; 95% CI 16.28–56.25%),0.8333333333333334,0.6077796189608428,0.9416342319413856,15/18 (83.33%; 95% CI 60.78–94.16%)
pal,qwen,appod,H08,8,4,5,3,5,5,18,15,0.16666666666666666,0.05836576805861446,0.39222038103915724,3/18 (16.67%; 95% CI 5.84–39.22%),0.2777777777777778,0.12499753379553993,0.5087265656029746,5/18 (27.78%; 95% CI 12.50–50.87%),0.2777777777777778,0.12499753379553993,0.5087265656029746,5/18 (27.78%; 95% CI 12.50–50.87%),0.2777777777777778,0.12499753379553993,0.5087265656029746,5/18 (27.78%; 95% CI 12.50–50.87%),0.8333333333333334,0.6077796189608428,0.9416342319413856,15/18 (83.33%; 95% CI 60.78–94.16%)
pal,qwen,appod,H08,8,5,5,3,5,5,18,15,0.16666666666666666,0.05836576805861446,0.39222038103915724,3/18 (16.67%; 95% CI 5.84–39.22%),0.2777777777777778,0.12499753379553993,0.5087265656029746,5/18 (27.78%; 95% CI 12.50–50.87%),0.2777777777777778,0.12499753379553993,0.5087265656029746,5/18 (27.78%; 95% CI 12.50–50.87%),0.2777777777777778,0.12499753379553993,0.5087265656029746,5/18 (27.78%; 95% CI 12.50–50.87%),0.8333333333333334,0.6077796189608428,0.9416342319413856,15/18 (83.33%; 95% CI 60.78–94.16%)
pal,qwen,appod,H10,10,1,3,5,6,4,18,13,0.2777777777777778,0.12499753379553993,0.5087265656029746,5/18 (27.78%; 95% CI 12.50–50.87%),0.2222222222222222,0.09000928108601694,0.45214584316212625,4/18 (22.22%; 95% CI 9.00–45.21%),0.16666666666666666,0.05836576805861446,0.39222038103915724,3/18 (16.67%; 95% CI 5.84–39.22%),0.3333333333333333,0.1627877475083369,0.5625053270405489,6/18 (33.33%; 95% CI 16.28–56.25%),0.7222222222222222,0.4912734343970254,0.8750024662044601,13/18 (72.22%; 95% CI 49.13–87.50%)
pal,qwen,appod,H10,10,2,3,5,6,4,18,13,0.2777777777777778,0.12499753379553993,0.5087265656029746,5/18 (27.78%; 95% CI 12.50–50.87%),0.2222222222222222,0.09000928108601694,0.45214584316212625,4/18 (22.22%; 95% CI 9.00–45.21%),0.16666666666666666,0.05836576805861446,0.39222038103915724,3/18 (16.67%; 95% CI 5.84–39.22%),0.3333333333333333,0.1627877475083369,0.5625053270405489,6/18 (33.33%; 95% CI 16.28–56.25%),0.7222222222222222,0.4912734343970254,0.8750024662044601,13/18 (72.22%; 95% CI 49.13–87.50%)
pal,qwen,appod,H10,10,3,3,5,6,4,18,13,0.2777777777777778,0.12499753379553993,0.5087265656029746,5/18 (27.78%; 95% CI 12.50–50.87%),0.2222222222222222,0.09000928108601694,0.45214584316212625,4/18 (22.22%; 95% CI 9.00–45.21%),0.16666666666666666,0.05836576805861446,0.39222038103915724,3/18 (16.67%; 95% CI 5.84–39.22%),0.3333333333333333,0.1627877475083369,0.5625053270405489,6/18 (33.33%; 95% CI 16.28–56.25%),0.7222222222222222,0.4912734343970254,0.8750024662044601,13/18 (72.22%; 95% CI 49.13–87.50%)
pal,qwen,appod,H10,10,4,4,5,5,4,18,13,0.2777777777777778,0.12499753379553993,0.5087265656029746,5/18 (27.78%; 95% CI 12.50–50.87%),0.2222222222222222,0.09000928108601694,0.45214584316212625,4/18 (22.22%; 95% CI 9.00–45.21%),0.2222222222222222,0.09000928108601694,0.45214584316212625,4/18 (22.22%; 95% CI 9.00–45.21%),0.2777777777777778,0.12499753379553993,0.5087265656029746,5/18 (27.78%; 95% CI 12.50–50.87%),0.7222222222222222,0.4912734343970254,0.8750024662044601,13/18 (72.22%; 95% CI 49.13–87.50%)
pal,qwen,appod,H10,10,5,6,5,3,4,18,13,0.2777777777777778,0.12499753379553993,0.5087265656029746,5/18 (27.78%; 95% CI 12.50–50.87%),0.2222222222222222,0.09000928108601694,0.45214584316212625,4/18 (22.22%; 95% CI 9.00–45.21%),0.3333333333333333,0.1627877475083369,0.5625053270405489,6/18 (33.33%; 95% CI 16.28–56.25%),0.16666666666666666,0.05836576805861446,0.39222038103915724,3/18 (16.67%; 95% CI 5.84–39.22%),0.7222222222222222,0.4912734343970254,0.8750024662044601,13/18 (72.22%; 95% CI 49.13–87.50%)
pal,qwen,appod,H12,12,1,4,6,6,2,18,12,0.3333333333333333,0.1627877475083369,0.5625053270405489,6/18 (33.33%; 95% CI 16.28–56.25%),0.1111111111111111,0.03101952264561239,0.32799765130178804,2/18 (11.11%; 95% CI 3.10–32.80%),0.2222222222222222,0.09000928108601694,0.45214584316212625,4/18 (22.22%; 95% CI 9.00–45.21%),0.3333333333333333,0.1627877475083369,0.5625053270405489,6/18 (33.33%; 95% CI 16.28–56.25%),0.6666666666666666,0.43749467295945105,0.837212252491663,12/18 (66.67%; 95% CI 43.75–83.72%)
pal,qwen,appod,H12,12,2,4,6,6,2,18,12,0.3333333333333333,0.1627877475083369,0.5625053270405489,6/18 (33.33%; 95% CI 16.28–56.25%),0.1111111111111111,0.03101952264561239,0.32799765130178804,2/18 (11.11%; 95% CI 3.10–32.80%),0.2222222222222222,0.09000928108601694,0.45214584316212625,4/18 (22.22%; 95% CI 9.00–45.21%),0.3333333333333333,0.1627877475083369,0.5625053270405489,6/18 (33.33%; 95% CI 16.28–56.25%),0.6666666666666666,0.43749467295945105,0.837212252491663,12/18 (66.67%; 95% CI 43.75–83.72%)
pal,qwen,appod,H12,12,3,4,6,6,2,18,12,0.3333333333333333,0.1627877475083369,0.5625053270405489,6/18 (33.33%; 95% CI 16.28–56.25%),0.1111111111111111,0.03101952264561239,0.32799765130178804,2/18 (11.11%; 95% CI 3.10–32.80%),0.2222222222222222,0.09000928108601694,0.45214584316212625,4/18 (22.22%; 95% CI 9.00–45.21%),0.3333333333333333,0.1627877475083369,0.5625053270405489,6/18 (33.33%; 95% CI 16.28–56.25%),0.6666666666666666,0.43749467295945105,0.837212252491663,12/18 (66.67%; 95% CI 43.75–83.72%)
pal,qwen,appod,H12,12,4,5,6,5,2,18,12,0.3333333333333333,0.1627877475083369,0.5625053270405489,6/18 (33.33%; 95% CI 16.28–56.25%),0.1111111111111111,0.03101952264561239,0.32799765130178804,2/18 (11.11%; 95% CI 3.10–32.80%),0.2777777777777778,0.12499753379553993,0.5087265656029746,5/18 (27.78%; 95% CI 12.50–50.87%),0.2777777777777778,0.12499753379553993,0.5087265656029746,5/18 (27.78%; 95% CI 12.50–50.87%),0.6666666666666666,0.43749467295945105,0.837212252491663,12/18 (66.67%; 95% CI 43.75–83.72%)
pal,qwen,appod,H12,12,5,6,6,4,2,18,12,0.3333333333333333,0.1627877475083369,0.5625053270405489,6/18 (33.33%; 95% CI 16.28–56.25%),0.1111111111111111,0.03101952264561239,0.32799765130178804,2/18 (11.11%; 95% CI 3.10–32.80%),0.3333333333333333,0.1627877475083369,0.5625053270405489,6/18 (33.33%; 95% CI 16.28–56.25%),0.2222222222222222,0.09000928108601694,0.45214584316212625,4/18 (22.22%; 95% CI 9.00–45.21%),0.6666666666666666,0.43749467295945105,0.837212252491663,12/18 (66.67%; 95% CI 43.75–83.72%)
pal,qwen,appod,H14,14,1,3,7,6,2,18,11,0.3888888888888889,0.2030524657216362,0.613809583977621,7/18 (38.89%; 95% CI 20.31–61.38%),0.1111111111111111,0.03101952264561239,0.32799765130178804,2/18 (11.11%; 95% CI 3.10–32.80%),0.16666666666666666,0.05836576805861446,0.39222038103915724,3/18 (16.67%; 95% CI 5.84–39.22%),0.3333333333333333,0.1627877475083369,0.5625053270405489,6/18 (33.33%; 95% CI 16.28–56.25%),0.6111111111111112,0.3861904160223791,0.7969475342783638,11/18 (61.11%; 95% CI 38.62–79.69%)
pal,qwen,appod,H14,14,2,3,7,6,2,18,11,0.3888888888888889,0.2030524657216362,0.613809583977621,7/18 (38.89%; 95% CI 20.31–61.38%),0.1111111111111111,0.03101952264561239,0.32799765130178804,2/18 (11.11%; 95% CI 3.10–32.80%),0.16666666666666666,0.05836576805861446,0.39222038103915724,3/18 (16.67%; 95% CI 5.84–39.22%),0.3333333333333333,0.1627877475083369,0.5625053270405489,6/18 (33.33%; 95% CI 16.28–56.25%),0.6111111111111112,0.3861904160223791,0.7969475342783638,11/18 (61.11%; 95% CI 38.62–79.69%)
pal,qwen,appod,H14,14,3,3,7,6,2,18,11,0.3888888888888889,0.2030524657216362,0.613809583977621,7/18 (38.89%; 95% CI 20.31–61.38%),0.1111111111111111,0.03101952264561239,0.32799765130178804,2/18 (11.11%; 95% CI 3.10–32.80%),0.16666666666666666,0.05836576805861446,0.39222038103915724,3/18 (16.67%; 95% CI 5.84–39.22%),0.3333333333333333,0.1627877475083369,0.5625053270405489,6/18 (33.33%; 95% CI 16.28–56.25%),0.6111111111111112,0.3861904160223791,0.7969475342783638,11/18 (61.11%; 95% CI 38.62–79.69%)
pal,qwen,appod,H14,14,4,5,7,4,2,18,11,0.3888888888888889,0.2030524657216362,0.613809583977621,7/18 (38.89%; 95% CI 20.31–61.38%),0.1111111111111111,0.03101952264561239,0.32799765130178804,2/18 (11.11%; 95% CI 3.10–32.80%),0.2777777777777778,0.12499753379553993,0.5087265656029746,5/18 (27.78%; 95% CI 12.50–50.87%),0.2222222222222222,0.09000928108601694,0.45214584316212625,4/18 (22.22%; 95% CI 9.00–45.21%),0.6111111111111112,0.3861904160223791,0.7969475342783638,11/18 (61.11%; 95% CI 38.62–79.69%)
pal,qwen,appod,H14,14,5,5,7,4,2,18,11,0.3888888888888889,0.2030524657216362,0.613809583977621,7/18 (38.89%; 95% CI 20.31–61.38%),0.1111111111111111,0.03101952264561239,0.32799765130178804,2/18 (11.11%; 95% CI 3.10–32.80%),0.2777777777777778,0.12499753379553993,0.5087265656029746,5/18 (27.78%; 95% CI 12.50–50.87%),0.2222222222222222,0.09000928108601694,0.45214584316212625,4/18 (22.22%; 95% CI 9.00–45.21%),0.6111111111111112,0.3861904160223791,0.7969475342783638,11/18 (61.11%; 95% CI 38.62–79.69%)
pal,qwen,appod,H16,16,1,3,6,6,3,18,12,0.3333333333333333,0.1627877475083369,0.5625053270405489,6/18 (33.33%; 95% CI 16.28–56.25%),0.16666666666666666,0.05836576805861446,0.39222038103915724,3/18 (16.67%; 95% CI 5.84–39.22%),0.16666666666666666,0.05836576805861446,0.39222038103915724,3/18 (16.67%; 95% CI 5.84–39.22%),0.3333333333333333,0.1627877475083369,0.5625053270405489,6/18 (33.33%; 95% CI 16.28–56.25%),0.6666666666666666,0.43749467295945105,0.837212252491663,12/18 (66.67%; 95% CI 43.75–83.72%)
pal,qwen,appod,H16,16,2,3,6,6,3,18,12,0.3333333333333333,0.1627877475083369,0.5625053270405489,6/18 (33.33%; 95% CI 16.28–56.25%),0.16666666666666666,0.05836576805861446,0.39222038103915724,3/18 (16.67%; 95% CI 5.84–39.22%),0.16666666666666666,0.05836576805861446,0.39222038103915724,3/18 (16.67%; 95% CI 5.84–39.22%),0.3333333333333333,0.1627877475083369,0.5625053270405489,6/18 (33.33%; 95% CI 16.28–56.25%),0.6666666666666666,0.43749467295945105,0.837212252491663,12/18 (66.67%; 95% CI 43.75–83.72%)
pal,qwen,appod,H16,16,3,3,6,6,3,18,12,0.3333333333333333,0.1627877475083369,0.5625053270405489,6/18 (33.33%; 95% CI 16.28–56.25%),0.16666666666666666,0.05836576805861446,0.39222038103915724,3/18 (16.67%; 95% CI 5.84–39.22%),0.16666666666666666,0.05836576805861446,0.39222038103915724,3/18 (16.67%; 95% CI 5.84–39.22%),0.3333333333333333,0.1627877475083369,0.5625053270405489,6/18 (33.33%; 95% CI 16.28–56.25%),0.6666666666666666,0.43749467295945105,0.837212252491663,12/18 (66.67%; 95% CI 43.75–83.72%)
pal,qwen,appod,H16,16,4,5,6,4,3,18,12,0.3333333333333333,0.1627877475083369,0.5625053270405489,6/18 (33.33%; 95% CI 16.28–56.25%),0.16666666666666666,0.05836576805861446,0.39222038103915724,3/18 (16.67%; 95% CI 5.84–39.22%),0.2777777777777778,0.12499753379553993,0.5087265656029746,5/18 (27.78%; 95% CI 12.50–50.87%),0.2222222222222222,0.09000928108601694,0.45214584316212625,4/18 (22.22%; 95% CI 9.00–45.21%),0.6666666666666666,0.43749467295945105,0.837212252491663,12/18 (66.67%; 95% CI 43.75–83.72%)
pal,qwen,appod,H16,16,5,5,6,4,3,18,12,0.3333333333333333,0.1627877475083369,0.5625053270405489,6/18 (33.33%; 95% CI 16.28–56.25%),0.16666666666666666,0.05836576805861446,0.39222038103915724,3/18 (16.67%; 95% CI 5.84–39.22%),0.2777777777777778,0.12499753379553993,0.5087265656029746,5/18 (27.78%; 95% CI 12.50–50.87%),0.2222222222222222,0.09000928108601694,0.45214584316212625,4/18 (22.22%; 95% CI 9.00–45.21%),0.6666666666666666,0.43749467295945105,0.837212252491663,12/18 (66.67%; 95% CI 43.75–83.72%)
pal,qwen,appod,H18,18,1,1,8,6,3,18,10,0.4444444444444444,0.24559518127005633,0.6628358435795723,8/18 (44.44%; 95% CI 24.56–66.28%),0.16666666666666666,0.05836576805861446,0.39222038103915724,3/18 (16.67%; 95% CI 5.84–39.22%),0.05555555555555555,0.009875190978303097,0.25757300781872594,1/18 (5.56%; 95% CI 0.99–25.76%),0.3333333333333333,0.1627877475083369,0.5625053270405489,6/18 (33.33%; 95% CI 16.28–56.25%),0.5555555555555556,0.33716415642042774,0.7544048187299437,10/18 (55.56%; 95% CI 33.72–75.44%)
pal,qwen,appod,H18,18,2,1,8,6,3,18,10,0.4444444444444444,0.24559518127005633,0.6628358435795723,8/18 (44.44%; 95% CI 24.56–66.28%),0.16666666666666666,0.05836576805861446,0.39222038103915724,3/18 (16.67%; 95% CI 5.84–39.22%),0.05555555555555555,0.009875190978303097,0.25757300781872594,1/18 (5.56%; 95% CI 0.99–25.76%),0.3333333333333333,0.1627877475083369,0.5625053270405489,6/18 (33.33%; 95% CI 16.28–56.25%),0.5555555555555556,0.33716415642042774,0.7544048187299437,10/18 (55.56%; 95% CI 33.72–75.44%)
pal,qwen,appod,H18,18,3,1,8,6,3,18,10,0.4444444444444444,0.24559518127005633,0.6628358435795723,8/18 (44.44%; 95% CI 24.56–66.28%),0.16666666666666666,0.05836576805861446,0.39222038103915724,3/18 (16.67%; 95% CI 5.84–39.22%),0.05555555555555555,0.009875190978303097,0.25757300781872594,1/18 (5.56%; 95% CI 0.99–25.76%),0.3333333333333333,0.1627877475083369,0.5625053270405489,6/18 (33.33%; 95% CI 16.28–56.25%),0.5555555555555556,0.33716415642042774,0.7544048187299437,10/18 (55.56%; 95% CI 33.72–75.44%)
pal,qwen,appod,H18,18,4,3,8,4,3,18,10,0.4444444444444444,0.24559518127005633,0.6628358435795723,8/18 (44.44%; 95% CI 24.56–66.28%),0.16666666666666666,0.05836576805861446,0.39222038103915724,3/18 (16.67%; 95% CI 5.84–39.22%),0.16666666666666666,0.05836576805861446,0.39222038103915724,3/18 (16.67%; 95% CI 5.84–39.22%),0.2222222222222222,0.09000928108601694,0.45214584316212625,4/18 (22.22%; 95% CI 9.00–45.21%),0.5555555555555556,0.33716415642042774,0.7544048187299437,10/18 (55.56%; 95% CI 33.72–75.44%)
pal,qwen,appod,H18,18,5,3,8,4,3,18,10,0.4444444444444444,0.24559518127005633,0.6628358435795723,8/18 (44.44%; 95% CI 24.56–66.28%),0.16666666666666666,0.05836576805861446,0.39222038103915724,3/18 (16.67%; 95% CI 5.84–39.22%),0.16666666666666666,0.05836576805861446,0.39222038103915724,3/18 (16.67%; 95% CI 5.84–39.22%),0.2222222222222222,0.09000928108601694,0.45214584316212625,4/18 (22.22%; 95% CI 9.00–45.21%),0.5555555555555556,0.33716415642042774,0.7544048187299437,10/18 (55.56%; 95% CI 33.72–75.44%)
pal,qwen,appod,H20,20,1,2,8,6,2,18,10,0.4444444444444444,0.24559518127005633,0.6628358435795723,8/18 (44.44%; 95% CI 24.56–66.28%),0.1111111111111111,0.03101952264561239,0.32799765130178804,2/18 (11.11%; 95% CI 3.10–32.80%),0.1111111111111111,0.03101952264561239,0.32799765130178804,2/18 (11.11%; 95% CI 3.10–32.80%),0.3333333333333333,0.1627877475083369,0.5625053270405489,6/18 (33.33%; 95% CI 16.28–56.25%),0.5555555555555556,0.33716415642042774,0.7544048187299437,10/18 (55.56%; 95% CI 33.72–75.44%)
pal,qwen,appod,H20,20,2,2,8,6,2,18,10,0.4444444444444444,0.24559518127005633,0.6628358435795723,8/18 (44.44%; 95% CI 24.56–66.28%),0.1111111111111111,0.03101952264561239,0.32799765130178804,2/18 (11.11%; 95% CI 3.10–32.80%),0.1111111111111111,0.03101952264561239,0.32799765130178804,2/18 (11.11%; 95% CI 3.10–32.80%),0.3333333333333333,0.1627877475083369,0.5625053270405489,6/18 (33.33%; 95% CI 16.28–56.25%),0.5555555555555556,0.33716415642042774,0.7544048187299437,10/18 (55.56%; 95% CI 33.72–75.44%)
pal,qwen,appod,H20,20,3,2,8,6,2,18,10,0.4444444444444444,0.24559518127005633,0.6628358435795723,8/18 (44.44%; 95% CI 24.56–66.28%),0.1111111111111111,0.03101952264561239,0.32799765130178804,2/18 (11.11%; 95% CI 3.10–32.80%),0.1111111111111111,0.03101952264561239,0.32799765130178804,2/18 (11.11%; 95% CI 3.10–32.80%),0.3333333333333333,0.1627877475083369,0.5625053270405489,6/18 (33.33%; 95% CI 16.28–56.25%),0.5555555555555556,0.33716415642042774,0.7544048187299437,10/18 (55.56%; 95% CI 33.72–75.44%)
pal,qwen,appod,H20,20,4,4,8,4,2,18,10,0.4444444444444444,0.24559518127005633,0.6628358435795723,8/18 (44.44%; 95% CI 24.56–66.28%),0.1111111111111111,0.03101952264561239,0.32799765130178804,2/18 (11.11%; 95% CI 3.10–32.80%),0.2222222222222222,0.09000928108601694,0.45214584316212625,4/18 (22.22%; 95% CI 9.00–45.21%),0.2222222222222222,0.09000928108601694,0.45214584316212625,4/18 (22.22%; 95% CI 9.00–45.21%),0.5555555555555556,0.33716415642042774,0.7544048187299437,10/18 (55.56%; 95% CI 33.72–75.44%)
pal,qwen,appod,H20,20,5,5,8,3,2,18,10,0.4444444444444444,0.24559518127005633,0.6628358435795723,8/18 (44.44%; 95% CI 24.56–66.28%),0.1111111111111111,0.03101952264561239,0.32799765130178804,2/18 (11.11%; 95% CI 3.10–32.80%),0.2777777777777778,0.12499753379553993,0.5087265656029746,5/18 (27.78%; 95% CI 12.50–50.87%),0.16666666666666666,0.05836576805861446,0.39222038103915724,3/18 (16.67%; 95% CI 5.84–39.22%),0.5555555555555556,0.33716415642042774,0.7544048187299437,10/18 (55.56%; 95% CI 33.72–75.44%)
pal,qwen,appod,H22,22,1,1,8,6,3,18,10,0.4444444444444444,0.24559518127005633,0.6628358435795723,8/18 (44.44%; 95% CI 24.56–66.28%),0.16666666666666666,0.05836576805861446,0.39222038103915724,3/18 (16.67%; 95% CI 5.84–39.22%),0.05555555555555555,0.009875190978303097,0.25757300781872594,1/18 (5.56%; 95% CI 0.99–25.76%),0.3333333333333333,0.1627877475083369,0.5625053270405489,6/18 (33.33%; 95% CI 16.28–56.25%),0.5555555555555556,0.33716415642042774,0.7544048187299437,10/18 (55.56%; 95% CI 33.72–75.44%)
pal,qwen,appod,H22,22,2,1,8,6,3,18,10,0.4444444444444444,0.24559518127005633,0.6628358435795723,8/18 (44.44%; 95% CI 24.56–66.28%),0.16666666666666666,0.05836576805861446,0.39222038103915724,3/18 (16.67%; 95% CI 5.84–39.22%),0.05555555555555555,0.009875190978303097,0.25757300781872594,1/18 (5.56%; 95% CI 0.99–25.76%),0.3333333333333333,0.1627877475083369,0.5625053270405489,6/18 (33.33%; 95% CI 16.28–56.25%),0.5555555555555556,0.33716415642042774,0.7544048187299437,10/18 (55.56%; 95% CI 33.72–75.44%)
pal,qwen,appod,H22,22,3,2,8,5,3,18,10,0.4444444444444444,0.24559518127005633,0.6628358435795723,8/18 (44.44%; 95% CI 24.56–66.28%),0.16666666666666666,0.05836576805861446,0.39222038103915724,3/18 (16.67%; 95% CI 5.84–39.22%),0.1111111111111111,0.03101952264561239,0.32799765130178804,2/18 (11.11%; 95% CI 3.10–32.80%),0.2777777777777778,0.12499753379553993,0.5087265656029746,5/18 (27.78%; 95% CI 12.50–50.87%),0.5555555555555556,0.33716415642042774,0.7544048187299437,10/18 (55.56%; 95% CI 33.72–75.44%)
pal,qwen,appod,H22,22,4,4,8,3,3,18,10,0.4444444444444444,0.24559518127005633,0.6628358435795723,8/18 (44.44%; 95% CI 24.56–66.28%),0.16666666666666666,0.05836576805861446,0.39222038103915724,3/18 (16.67%; 95% CI 5.84–39.22%),0.2222222222222222,0.09000928108601694,0.45214584316212625,4/18 (22.22%; 95% CI 9.00–45.21%),0.16666666666666666,0.05836576805861446,0.39222038103915724,3/18 (16.67%; 95% CI 5.84–39.22%),0.5555555555555556,0.33716415642042774,0.7544048187299437,10/18 (55.56%; 95% CI 33.72–75.44%)
pal,qwen,appod,H22,22,5,4,8,3,3,18,10,0.4444444444444444,0.24559518127005633,0.6628358435795723,8/18 (44.44%; 95% CI 24.56–66.28%),0.16666666666666666,0.05836576805861446,0.39222038103915724,3/18 (16.67%; 95% CI 5.84–39.22%),0.2222222222222222,0.09000928108601694,0.45214584316212625,4/18 (22.22%; 95% CI 9.00–45.21%),0.16666666666666666,0.05836576805861446,0.39222038103915724,3/18 (16.67%; 95% CI 5.84–39.22%),0.5555555555555556,0.33716415642042774,0.7544048187299437,10/18 (55.56%; 95% CI 33.72–75.44%)
pal,qwen,appod,H24,24,1,3,6,6,3,18,12,0.3333333333333333,0.1627877475083369,0.5625053270405489,6/18 (33.33%; 95% CI 16.28–56.25%),0.16666666666666666,0.05836576805861446,0.39222038103915724,3/18 (16.67%; 95% CI 5.84–39.22%),0.16666666666666666,0.05836576805861446,0.39222038103915724,3/18 (16.67%; 95% CI 5.84–39.22%),0.3333333333333333,0.1627877475083369,0.5625053270405489,6/18 (33.33%; 95% CI 16.28–56.25%),0.6666666666666666,0.43749467295945105,0.837212252491663,12/18 (66.67%; 95% CI 43.75–83.72%)
pal,qwen,appod,H24,24,2,3,6,6,3,18,12,0.3333333333333333,0.1627877475083369,0.5625053270405489,6/18 (33.33%; 95% CI 16.28–56.25%),0.16666666666666666,0.05836576805861446,0.39222038103915724,3/18 (16.67%; 95% CI 5.84–39.22%),0.16666666666666666,0.05836576805861446,0.39222038103915724,3/18 (16.67%; 95% CI 5.84–39.22%),0.3333333333333333,0.1627877475083369,0.5625053270405489,6/18 (33.33%; 95% CI 16.28–56.25%),0.6666666666666666,0.43749467295945105,0.837212252491663,12/18 (66.67%; 95% CI 43.75–83.72%)
pal,qwen,appod,H24,24,3,4,6,5,3,18,12,0.3333333333333333,0.1627877475083369,0.5625053270405489,6/18 (33.33%; 95% CI 16.28–56.25%),0.16666666666666666,0.05836576805861446,0.39222038103915724,3/18 (16.67%; 95% CI 5.84–39.22%),0.2222222222222222,0.09000928108601694,0.45214584316212625,4/18 (22.22%; 95% CI 9.00–45.21%),0.2777777777777778,0.12499753379553993,0.5087265656029746,5/18 (27.78%; 95% CI 12.50–50.87%),0.6666666666666666,0.43749467295945105,0.837212252491663,12/18 (66.67%; 95% CI 43.75–83.72%)
pal,qwen,appod,H24,24,4,6,6,3,3,18,12,0.3333333333333333,0.1627877475083369,0.5625053270405489,6/18 (33.33%; 95% CI 16.28–56.25%),0.16666666666666666,0.05836576805861446,0.39222038103915724,3/18 (16.67%; 95% CI 5.84–39.22%),0.3333333333333333,0.1627877475083369,0.5625053270405489,6/18 (33.33%; 95% CI 16.28–56.25%),0.16666666666666666,0.05836576805861446,0.39222038103915724,3/18 (16.67%; 95% CI 5.84–39.22%),0.6666666666666666,0.43749467295945105,0.837212252491663,12/18 (66.67%; 95% CI 43.75–83.72%)
pal,qwen,appod,H24,24,5,6,6,3,3,18,12,0.3333333333333333,0.1627877475083369,0.5625053270405489,6/18 (33.33%; 95% CI 16.28–56.25%),0.16666666666666666,0.05836576805861446,0.39222038103915724,3/18 (16.67%; 95% CI 5.84–39.22%),0.3333333333333333,0.1627877475083369,0.5625053270405489,6/18 (33.33%; 95% CI 16.28–56.25%),0.16666666666666666,0.05836576805861446,0.39222038103915724,3/18 (16.67%; 95% CI 5.84–39.22%),0.6666666666666666,0.43749467295945105,0.837212252491663,12/18 (66.67%; 95% CI 43.75–83.72%)
pal,qwen,appod,H26,26,1,4,4,6,4,18,14,0.2222222222222222,0.09000928108601694,0.45214584316212625,4/18 (22.22%; 95% CI 9.00–45.21%),0.2222222222222222,0.09000928108601694,0.45214584316212625,4/18 (22.22%; 95% CI 9.00–45.21%),0.2222222222222222,0.09000928108601694,0.45214584316212625,4/18 (22.22%; 95% CI 9.00–45.21%),0.3333333333333333,0.1627877475083369,0.5625053270405489,6/18 (33.33%; 95% CI 16.28–56.25%),0.7777777777777778,0.5478541568378739,0.9099907189139831,14/18 (77.78%; 95% CI 54.79–91.00%)
pal,qwen,appod,H26,26,2,4,4,6,4,18,14,0.2222222222222222,0.09000928108601694,0.45214584316212625,4/18 (22.22%; 95% CI 9.00–45.21%),0.2222222222222222,0.09000928108601694,0.45214584316212625,4/18 (22.22%; 95% CI 9.00–45.21%),0.2222222222222222,0.09000928108601694,0.45214584316212625,4/18 (22.22%; 95% CI 9.00–45.21%),0.3333333333333333,0.1627877475083369,0.5625053270405489,6/18 (33.33%; 95% CI 16.28–56.25%),0.7777777777777778,0.5478541568378739,0.9099907189139831,14/18 (77.78%; 95% CI 54.79–91.00%)
pal,qwen,appod,H26,26,3,5,4,5,4,18,14,0.2222222222222222,0.09000928108601694,0.45214584316212625,4/18 (22.22%; 95% CI 9.00–45.21%),0.2222222222222222,0.09000928108601694,0.45214584316212625,4/18 (22.22%; 95% CI 9.00–45.21%),0.2777777777777778,0.12499753379553993,0.5087265656029746,5/18 (27.78%; 95% CI 12.50–50.87%),0.2777777777777778,0.12499753379553993,0.5087265656029746,5/18 (27.78%; 95% CI 12.50–50.87%),0.7777777777777778,0.5478541568378739,0.9099907189139831,14/18 (77.78%; 95% CI 54.79–91.00%)
pal,qwen,appod,H26,26,4,6,4,4,4,18,14,0.2222222222222222,0.09000928108601694,0.45214584316212625,4/18 (22.22%; 95% CI 9.00–45.21%),0.2222222222222222,0.09000928108601694,0.45214584316212625,4/18 (22.22%; 95% CI 9.00–45.21%),0.3333333333333333,0.1627877475083369,0.5625053270405489,6/18 (33.33%; 95% CI 16.28–56.25%),0.2222222222222222,0.09000928108601694,0.45214584316212625,4/18 (22.22%; 95% CI 9.00–45.21%),0.7777777777777778,0.5478541568378739,0.9099907189139831,14/18 (77.78%; 95% CI 54.79–91.00%)
pal,qwen,appod,H26,26,5,6,4,4,4,18,14,0.2222222222222222,0.09000928108601694,0.45214584316212625,4/18 (22.22%; 95% CI 9.00–45.21%),0.2222222222222222,0.09000928108601694,0.45214584316212625,4/18 (22.22%; 95% CI 9.00–45.21%),0.3333333333333333,0.1627877475083369,0.5625053270405489,6/18 (33.33%; 95% CI 16.28–56.25%),0.2222222222222222,0.09000928108601694,0.45214584316212625,4/18 (22.22%; 95% CI 9.00–45.21%),0.7777777777777778,0.5478541568378739,0.9099907189139831,14/18 (77.78%; 95% CI 54.79–91.00%)
pal,qwen,appod,H28,28,1,4,5,6,3,18,13,0.2777777777777778,0.12499753379553993,0.5087265656029746,5/18 (27.78%; 95% CI 12.50–50.87%),0.16666666666666666,0.05836576805861446,0.39222038103915724,3/18 (16.67%; 95% CI 5.84–39.22%),0.2222222222222222,0.09000928108601694,0.45214584316212625,4/18 (22.22%; 95% CI 9.00–45.21%),0.3333333333333333,0.1627877475083369,0.5625053270405489,6/18 (33.33%; 95% CI 16.28–56.25%),0.7222222222222222,0.4912734343970254,0.8750024662044601,13/18 (72.22%; 95% CI 49.13–87.50%)
pal,qwen,appod,H28,28,2,4,5,6,3,18,13,0.2777777777777778,0.12499753379553993,0.5087265656029746,5/18 (27.78%; 95% CI 12.50–50.87%),0.16666666666666666,0.05836576805861446,0.39222038103915724,3/18 (16.67%; 95% CI 5.84–39.22%),0.2222222222222222,0.09000928108601694,0.45214584316212625,4/18 (22.22%; 95% CI 9.00–45.21%),0.3333333333333333,0.1627877475083369,0.5625053270405489,6/18 (33.33%; 95% CI 16.28–56.25%),0.7222222222222222,0.4912734343970254,0.8750024662044601,13/18 (72.22%; 95% CI 49.13–87.50%)
pal,qwen,appod,H28,28,3,4,5,6,3,18,13,0.2777777777777778,0.12499753379553993,0.5087265656029746,5/18 (27.78%; 95% CI 12.50–50.87%),0.16666666666666666,0.05836576805861446,0.39222038103915724,3/18 (16.67%; 95% CI 5.84–39.22%),0.2222222222222222,0.09000928108601694,0.45214584316212625,4/18 (22.22%; 95% CI 9.00–45.21%),0.3333333333333333,0.1627877475083369,0.5625053270405489,6/18 (33.33%; 95% CI 16.28–56.25%),0.7222222222222222,0.4912734343970254,0.8750024662044601,13/18 (72.22%; 95% CI 49.13–87.50%)
pal,qwen,appod,H28,28,4,7,5,3,3,18,13,0.2777777777777778,0.12499753379553993,0.5087265656029746,5/18 (27.78%; 95% CI 12.50–50.87%),0.16666666666666666,0.05836576805861446,0.39222038103915724,3/18 (16.67%; 95% CI 5.84–39.22%),0.3888888888888889,0.2030524657216362,0.613809583977621,7/18 (38.89%; 95% CI 20.31–61.38%),0.16666666666666666,0.05836576805861446,0.39222038103915724,3/18 (16.67%; 95% CI 5.84–39.22%),0.7222222222222222,0.4912734343970254,0.8750024662044601,13/18 (72.22%; 95% CI 49.13–87.50%)
pal,qwen,appod,H28,28,5,7,5,3,3,18,13,0.2777777777777778,0.12499753379553993,0.5087265656029746,5/18 (27.78%; 95% CI 12.50–50.87%),0.16666666666666666,0.05836576805861446,0.39222038103915724,3/18 (16.67%; 95% CI 5.84–39.22%),0.3888888888888889,0.2030524657216362,0.613809583977621,7/18 (38.89%; 95% CI 20.31–61.38%),0.16666666666666666,0.05836576805861446,0.39222038103915724,3/18 (16.67%; 95% CI 5.84–39.22%),0.7222222222222222,0.4912734343970254,0.8750024662044601,13/18 (72.22%; 95% CI 49.13–87.50%)
pal,qwen,appod,H30,30,1,3,5,6,4,18,13,0.2777777777777778,0.12499753379553993,0.5087265656029746,5/18 (27.78%; 95% CI 12.50–50.87%),0.2222222222222222,0.09000928108601694,0.45214584316212625,4/18 (22.22%; 95% CI 9.00–45.21%),0.16666666666666666,0.05836576805861446,0.39222038103915724,3/18 (16.67%; 95% CI 5.84–39.22%),0.3333333333333333,0.1627877475083369,0.5625053270405489,6/18 (33.33%; 95% CI 16.28–56.25%),0.7222222222222222,0.4912734343970254,0.8750024662044601,13/18 (72.22%; 95% CI 49.13–87.50%)
pal,qwen,appod,H30,30,2,3,5,6,4,18,13,0.2777777777777778,0.12499753379553993,0.5087265656029746,5/18 (27.78%; 95% CI 12.50–50.87%),0.2222222222222222,0.09000928108601694,0.45214584316212625,4/18 (22.22%; 95% CI 9.00–45.21%),0.16666666666666666,0.05836576805861446,0.39222038103915724,3/18 (16.67%; 95% CI 5.84–39.22%),0.3333333333333333,0.1627877475083369,0.5625053270405489,6/18 (33.33%; 95% CI 16.28–56.25%),0.7222222222222222,0.4912734343970254,0.8750024662044601,13/18 (72.22%; 95% CI 49.13–87.50%)
pal,qwen,appod,H30,30,3,5,5,4,4,18,13,0.2777777777777778,0.12499753379553993,0.5087265656029746,5/18 (27.78%; 95% CI 12.50–50.87%),0.2222222222222222,0.09000928108601694,0.45214584316212625,4/18 (22.22%; 95% CI 9.00–45.21%),0.2777777777777778,0.12499753379553993,0.5087265656029746,5/18 (27.78%; 95% CI 12.50–50.87%),0.2222222222222222,0.09000928108601694,0.45214584316212625,4/18 (22.22%; 95% CI 9.00–45.21%),0.7222222222222222,0.4912734343970254,0.8750024662044601,13/18 (72.22%; 95% CI 49.13–87.50%)
pal,qwen,appod,H30,30,4,6,5,3,4,18,13,0.2777777777777778,0.12499753379553993,0.5087265656029746,5/18 (27.78%; 95% CI 12.50–50.87%),0.2222222222222222,0.09000928108601694,0.45214584316212625,4/18 (22.22%; 95% CI 9.00–45.21%),0.3333333333333333,0.1627877475083369,0.5625053270405489,6/18 (33.33%; 95% CI 16.28–56.25%),0.16666666666666666,0.05836576805861446,0.39222038103915724,3/18 (16.67%; 95% CI 5.84–39.22%),0.7222222222222222,0.4912734343970254,0.8750024662044601,13/18 (72.22%; 95% CI 49.13–87.50%)
pal,qwen,appod,H30,30,5,6,5,3,4,18,13,0.2777777777777778,0.12499753379553993,0.5087265656029746,5/18 (27.78%; 95% CI 12.50–50.87%),0.2222222222222222,0.09000928108601694,0.45214584316212625,4/18 (22.22%; 95% CI 9.00–45.21%),0.3333333333333333,0.1627877475083369,0.5625053270405489,6/18 (33.33%; 95% CI 16.28–56.25%),0.16666666666666666,0.05836576805861446,0.39222038103915724,3/18 (16.67%; 95% CI 5.84–39.22%),0.7222222222222222,0.4912734343970254,0.8750024662044601,13/18 (72.22%; 95% CI 49.13–87.50%)
pal,qwen,appod,H32,32,1,4,4,6,4,18,14,0.2222222222222222,0.09000928108601694,0.45214584316212625,4/18 (22.22%; 95% CI 9.00–45.21%),0.2222222222222222,0.09000928108601694,0.45214584316212625,4/18 (22.22%; 95% CI 9.00–45.21%),0.2222222222222222,0.09000928108601694,0.45214584316212625,4/18 (22.22%; 95% CI 9.00–45.21%),0.3333333333333333,0.1627877475083369,0.5625053270405489,6/18 (33.33%; 95% CI 16.28–56.25%),0.7777777777777778,0.5478541568378739,0.9099907189139831,14/18 (77.78%; 95% CI 54.79–91.00%)
pal,qwen,appod,H32,32,2,4,4,6,4,18,14,0.2222222222222222,0.09000928108601694,0.45214584316212625,4/18 (22.22%; 95% CI 9.00–45.21%),0.2222222222222222,0.09000928108601694,0.45214584316212625,4/18 (22.22%; 95% CI 9.00–45.21%),0.2222222222222222,0.09000928108601694,0.45214584316212625,4/18 (22.22%; 95% CI 9.00–45.21%),0.3333333333333333,0.1627877475083369,0.5625053270405489,6/18 (33.33%; 95% CI 16.28–56.25%),0.7777777777777778,0.5478541568378739,0.9099907189139831,14/18 (77.78%; 95% CI 54.79–91.00%)
pal,qwen,appod,H32,32,3,5,4,5,4,18,14,0.2222222222222222,0.09000928108601694,0.45214584316212625,4/18 (22.22%; 95% CI 9.00–45.21%),0.2222222222222222,0.09000928108601694,0.45214584316212625,4/18 (22.22%; 95% CI 9.00–45.21%),0.2777777777777778,0.12499753379553993,0.5087265656029746,5/18 (27.78%; 95% CI 12.50–50.87%),0.2777777777777778,0.12499753379553993,0.5087265656029746,5/18 (27.78%; 95% CI 12.50–50.87%),0.7777777777777778,0.5478541568378739,0.9099907189139831,14/18 (77.78%; 95% CI 54.79–91.00%)
pal,qwen,appod,H32,32,4,7,4,3,4,18,14,0.2222222222222222,0.09000928108601694,0.45214584316212625,4/18 (22.22%; 95% CI 9.00–45.21%),0.2222222222222222,0.09000928108601694,0.45214584316212625,4/18 (22.22%; 95% CI 9.00–45.21%),0.3888888888888889,0.2030524657216362,0.613809583977621,7/18 (38.89%; 95% CI 20.31–61.38%),0.16666666666666666,0.05836576805861446,0.39222038103915724,3/18 (16.67%; 95% CI 5.84–39.22%),0.7777777777777778,0.5478541568378739,0.9099907189139831,14/18 (77.78%; 95% CI 54.79–91.00%)
pal,qwen,appod,H32,32,5,7,4,3,4,18,14,0.2222222222222222,0.09000928108601694,0.45214584316212625,4/18 (22.22%; 95% CI 9.00–45.21%),0.2222222222222222,0.09000928108601694,0.45214584316212625,4/18 (22.22%; 95% CI 9.00–45.21%),0.3888888888888889,0.2030524657216362,0.613809583977621,7/18 (38.89%; 95% CI 20.31–61.38%),0.16666666666666666,0.05836576805861446,0.39222038103915724,3/18 (16.67%; 95% CI 5.84–39.22%),0.7777777777777778,0.5478541568378739,0.9099907189139831,14/18 (77.78%; 95% CI 54.79–91.00%)
