model,approach,history,history_frames,allowed_interval_s,actionable,missed,too_early,too_late,total_events,warning,missed_rate,missed_lower,missed_upper,missed_result,too_late_rate,too_late_lower,too_late_upper,too_late_result,actionable_rate,actionable_lower,actionable_upper,actionable_result,too_early_rate,too_early_lower,too_early_upper,too_early_result,warning_rate,warning_lower,warning_upper,warning_result
internvl,appfr,H02,2,1,9,7,59,11,86,79,0.08139534883720931,0.03998643153878242,0.15860182665393202,7/86 (8.14%; 95% CI 4.00–15.86%),0.12790697674418605,0.07294621791742709,0.21468778936498575,11/86 (12.79%; 95% CI 7.29–21.47%),0.10465116279069768,0.056040897145363075,0.18707023559220054,9/86 (10.47%; 95% CI 5.60–18.71%),0.686046511627907,0.5817959683851581,0.7743870279736356,59/86 (68.60%; 95% CI 58.18–77.44%),0.9186046511627907,0.8413981733460679,0.9600135684612175,79/86 (91.86%; 95% CI 84.14–96.00%)
internvl,appfr,H02,2,2,11,7,57,11,86,79,0.08139534883720931,0.03998643153878242,0.15860182665393202,7/86 (8.14%; 95% CI 4.00–15.86%),0.12790697674418605,0.07294621791742709,0.21468778936498575,11/86 (12.79%; 95% CI 7.29–21.47%),0.12790697674418605,0.07294621791742709,0.21468778936498575,11/86 (12.79%; 95% CI 7.29–21.47%),0.6627906976744186,0.557825607589722,0.7538345142242223,57/86 (66.28%; 95% CI 55.78–75.38%),0.9186046511627907,0.8413981733460679,0.9600135684612175,79/86 (91.86%; 95% CI 84.14–96.00%)
internvl,appfr,H02,2,3,14,7,54,11,86,79,0.08139534883720931,0.03998643153878242,0.15860182665393202,7/86 (8.14%; 95% CI 4.00–15.86%),0.12790697674418605,0.07294621791742709,0.21468778936498575,11/86 (12.79%; 95% CI 7.29–21.47%),0.16279069767441862,0.09952131046989598,0.25489700862979064,14/86 (16.28%; 95% CI 9.95–25.49%),0.627906976744186,0.5223383164148251,0.7225374935818455,54/86 (62.79%; 95% CI 52.23–72.25%),0.9186046511627907,0.8413981733460679,0.9600135684612175,79/86 (91.86%; 95% CI 84.14–96.00%)
internvl,appfr,H02,2,4,16,7,52,11,86,79,0.08139534883720931,0.03998643153878242,0.15860182665393202,7/86 (8.14%; 95% CI 4.00–15.86%),0.12790697674418605,0.07294621791742709,0.21468778936498575,11/86 (12.79%; 95% CI 7.29–21.47%),0.18604651162790697,0.11789108340273816,0.2810501102417977,16/86 (18.60%; 95% CI 11.79–28.11%),0.6046511627906976,0.4989772079672809,0.7013757274845405,52/86 (60.47%; 95% CI 49.90–70.14%),0.9186046511627907,0.8413981733460679,0.9600135684612175,79/86 (91.86%; 95% CI 84.14–96.00%)
internvl,appfr,H02,2,5,19,7,49,11,86,79,0.08139534883720931,0.03998643153878242,0.15860182665393202,7/86 (8.14%; 95% CI 4.00–15.86%),0.12790697674418605,0.07294621791742709,0.21468778936498575,11/86 (12.79%; 95% CI 7.29–21.47%),0.22093023255813954,0.14624907754332203,0.3194764279184876,19/86 (22.09%; 95% CI 14.62–31.95%),0.5697674418604651,0.46436203379906343,0.6692065898354842,49/86 (56.98%; 95% CI 46.44–66.92%),0.9186046511627907,0.8413981733460679,0.9600135684612175,79/86 (91.86%; 95% CI 84.14–96.00%)
internvl,appfr,H04,4,1,4,12,58,12,86,74,0.13953488372093023,0.08165847155571476,0.22823697299912266,12/86 (13.95%; 95% CI 8.17–22.82%),0.13953488372093023,0.08165847155571476,0.22823697299912266,12/86 (13.95%; 95% CI 8.17–22.82%),0.046511627906976744,0.01823396823832083,0.1135699781371198,4/86 (4.65%; 95% CI 1.82–11.36%),0.6744186046511628,0.569778553659483,0.7641430054268858,58/86 (67.44%; 95% CI 56.98–76.41%),0.8604651162790697,0.7717630270008773,0.9183415284442853,74/86 (86.05%; 95% CI 77.18–91.83%)
internvl,appfr,H04,4,2,8,12,54,12,86,74,0.13953488372093023,0.08165847155571476,0.22823697299912266,12/86 (13.95%; 95% CI 8.17–22.82%),0.13953488372093023,0.08165847155571476,0.22823697299912266,12/86 (13.95%; 95% CI 8.17–22.82%),0.09302325581395349,0.04789228421527053,0.1729574112498685,8/86 (9.30%; 95% CI 4.79–17.30%),0.627906976744186,0.5223383164148251,0.7225374935818455,54/86 (62.79%; 95% CI 52.23–72.25%),0.8604651162790697,0.7717630270008773,0.9183415284442853,74/86 (86.05%; 95% CI 77.18–91.83%)
internvl,appfr,H04,4,3,10,12,52,12,86,74,0.13953488372093023,0.08165847155571476,0.22823697299912266,12/86 (13.95%; 95% CI 8.17–22.82%),0.13953488372093023,0.08165847155571476,0.22823697299912266,12/86 (13.95%; 95% CI 8.17–22.82%),0.11627906976744186,0.06440045821928717,0.20097211179070104,10/86 (11.63%; 95% CI 6.44–20.10%),0.6046511627906976,0.4989772079672809,0.7013757274845405,52/86 (60.47%; 95% CI 49.90–70.14%),0.8604651162790697,0.7717630270008773,0.9183415284442853,74/86 (86.05%; 95% CI 77.18–91.83%)
internvl,appfr,H04,4,4,11,12,51,12,86,74,0.13953488372093023,0.08165847155571476,0.22823697299912266,12/86 (13.95%; 95% CI 8.17–22.82%),0.13953488372093023,0.08165847155571476,0.22823697299912266,12/86 (13.95%; 95% CI 8.17–22.82%),0.12790697674418605,0.07294621791742709,0.21468778936498575,11/86 (12.79%; 95% CI 7.29–21.47%),0.5930232558139535,0.487382730957907,0.6907087672214898,51/86 (59.30%; 95% CI 48.74–69.07%),0.8604651162790697,0.7717630270008773,0.9183415284442853,74/86 (86.05%; 95% CI 77.18–91.83%)
internvl,appfr,H04,4,5,15,12,47,12,86,74,0.13953488372093023,0.08165847155571476,0.22823697299912266,12/86 (13.95%; 95% CI 8.17–22.82%),0.13953488372093023,0.08165847155571476,0.22823697299912266,12/86 (13.95%; 95% CI 8.17–22.82%),0.1744186046511628,0.10864769842075103,0.2680320579513602,15/86 (17.44%; 95% CI 10.86–26.80%),0.5465116279069767,0.4415616959142949,0.6474840531754034,47/86 (54.65%; 95% CI 44.16–64.75%),0.8604651162790697,0.7717630270008773,0.9183415284442853,74/86 (86.05%; 95% CI 77.18–91.83%)
internvl,appfr,H06,6,1,6,2,63,15,86,84,0.023255813953488372,0.0064009262042708515,0.08088014562632057,2/86 (2.33%; 95% CI 0.64–8.09%),0.1744186046511628,0.10864769842075103,0.2680320579513602,15/86 (17.44%; 95% CI 10.86–26.80%),0.06976744186046512,0.032365414509921336,0.14396140641036848,6/86 (6.98%; 95% CI 3.24–14.40%),0.7325581395348837,0.6305495916710698,0.8146791537774222,63/86 (73.26%; 95% CI 63.05–81.47%),0.9767441860465116,0.9191198543736794,0.9935990737957292,84/86 (97.67%; 95% CI 91.91–99.36%)
internvl,appfr,H06,6,2,10,2,59,15,86,84,0.023255813953488372,0.0064009262042708515,0.08088014562632057,2/86 (2.33%; 95% CI 0.64–8.09%),0.1744186046511628,0.10864769842075103,0.2680320579513602,15/86 (17.44%; 95% CI 10.86–26.80%),0.11627906976744186,0.06440045821928717,0.20097211179070104,10/86 (11.63%; 95% CI 6.44–20.10%),0.686046511627907,0.5817959683851581,0.7743870279736356,59/86 (68.60%; 95% CI 58.18–77.44%),0.9767441860465116,0.9191198543736794,0.9935990737957292,84/86 (97.67%; 95% CI 91.91–99.36%)
internvl,appfr,H06,6,3,14,2,55,15,86,84,0.023255813953488372,0.0064009262042708515,0.08088014562632057,2/86 (2.33%; 95% CI 0.64–8.09%),0.1744186046511628,0.10864769842075103,0.2680320579513602,15/86 (17.44%; 95% CI 10.86–26.80%),0.16279069767441862,0.09952131046989598,0.25489700862979064,14/86 (16.28%; 95% CI 9.95–25.49%),0.6395348837209303,0.5341068512119144,0.7330303960571808,55/86 (63.95%; 95% CI 53.41–73.30%),0.9767441860465116,0.9191198543736794,0.9935990737957292,84/86 (97.67%; 95% CI 91.91–99.36%)
internvl,appfr,H06,6,4,16,2,53,15,86,84,0.023255813953488372,0.0064009262042708515,0.08088014562632057,2/86 (2.33%; 95% CI 0.64–8.09%),0.1744186046511628,0.10864769842075103,0.2680320579513602,15/86 (17.44%; 95% CI 10.86–26.80%),0.18604651162790697,0.11789108340273816,0.2810501102417977,16/86 (18.60%; 95% CI 11.79–28.11%),0.6162790697674418,0.5106287727439646,0.7119855999802814,53/86 (61.63%; 95% CI 51.06–71.20%),0.9767441860465116,0.9191198543736794,0.9935990737957292,84/86 (97.67%; 95% CI 91.91–99.36%)
internvl,appfr,H06,6,5,18,2,51,15,86,84,0.023255813953488372,0.0064009262042708515,0.08088014562632057,2/86 (2.33%; 95% CI 0.64–8.09%),0.1744186046511628,0.10864769842075103,0.2680320579513602,15/86 (17.44%; 95% CI 10.86–26.80%),0.20930232558139536,0.1366981607462176,0.30676590744316745,18/86 (20.93%; 95% CI 13.67–30.68%),0.5930232558139535,0.487382730957907,0.6907087672214898,51/86 (59.30%; 95% CI 48.74–69.07%),0.9767441860465116,0.9191198543736794,0.9935990737957292,84/86 (97.67%; 95% CI 91.91–99.36%)
internvl,appfr,H08,8,1,6,3,63,14,86,83,0.03488372093023256,0.01193379807740838,0.09760871102560764,3/86 (3.49%; 95% CI 1.19–9.76%),0.16279069767441862,0.09952131046989598,0.25489700862979064,14/86 (16.28%; 95% CI 9.95–25.49%),0.06976744186046512,0.032365414509921336,0.14396140641036848,6/86 (6.98%; 95% CI 3.24–14.40%),0.7325581395348837,0.6305495916710698,0.8146791537774222,63/86 (73.26%; 95% CI 63.05–81.47%),0.9651162790697675,0.9023912889743924,0.9880662019225916,83/86 (96.51%; 95% CI 90.24–98.81%)
internvl,appfr,H08,8,2,10,3,59,14,86,83,0.03488372093023256,0.01193379807740838,0.09760871102560764,3/86 (3.49%; 95% CI 1.19–9.76%),0.16279069767441862,0.09952131046989598,0.25489700862979064,14/86 (16.28%; 95% CI 9.95–25.49%),0.11627906976744186,0.06440045821928717,0.20097211179070104,10/86 (11.63%; 95% CI 6.44–20.10%),0.686046511627907,0.5817959683851581,0.7743870279736356,59/86 (68.60%; 95% CI 58.18–77.44%),0.9651162790697675,0.9023912889743924,0.9880662019225916,83/86 (96.51%; 95% CI 90.24–98.81%)
internvl,appfr,H08,8,3,14,3,55,14,86,83,0.03488372093023256,0.01193379807740838,0.09760871102560764,3/86 (3.49%; 95% CI 1.19–9.76%),0.16279069767441862,0.09952131046989598,0.25489700862979064,14/86 (16.28%; 95% CI 9.95–25.49%),0.16279069767441862,0.09952131046989598,0.25489700862979064,14/86 (16.28%; 95% CI 9.95–25.49%),0.6395348837209303,0.5341068512119144,0.7330303960571808,55/86 (63.95%; 95% CI 53.41–73.30%),0.9651162790697675,0.9023912889743924,0.9880662019225916,83/86 (96.51%; 95% CI 90.24–98.81%)
internvl,appfr,H08,8,4,16,3,53,14,86,83,0.03488372093023256,0.01193379807740838,0.09760871102560764,3/86 (3.49%; 95% CI 1.19–9.76%),0.16279069767441862,0.09952131046989598,0.25489700862979064,14/86 (16.28%; 95% CI 9.95–25.49%),0.18604651162790697,0.11789108340273816,0.2810501102417977,16/86 (18.60%; 95% CI 11.79–28.11%),0.6162790697674418,0.5106287727439646,0.7119855999802814,53/86 (61.63%; 95% CI 51.06–71.20%),0.9651162790697675,0.9023912889743924,0.9880662019225916,83/86 (96.51%; 95% CI 90.24–98.81%)
internvl,appfr,H08,8,5,18,3,51,14,86,83,0.03488372093023256,0.01193379807740838,0.09760871102560764,3/86 (3.49%; 95% CI 1.19–9.76%),0.16279069767441862,0.09952131046989598,0.25489700862979064,14/86 (16.28%; 95% CI 9.95–25.49%),0.20930232558139536,0.1366981607462176,0.30676590744316745,18/86 (20.93%; 95% CI 13.67–30.68%),0.5930232558139535,0.487382730957907,0.6907087672214898,51/86 (59.30%; 95% CI 48.74–69.07%),0.9651162790697675,0.9023912889743924,0.9880662019225916,83/86 (96.51%; 95% CI 90.24–98.81%)
internvl,appfr,H10,10,1,6,1,63,16,86,85,0.011627906976744186,0.0020555686652495644,0.06296406589291725,1/86 (1.16%; 95% CI 0.21–6.30%),0.18604651162790697,0.11789108340273816,0.2810501102417977,16/86 (18.60%; 95% CI 11.79–28.11%),0.06976744186046512,0.032365414509921336,0.14396140641036848,6/86 (6.98%; 95% CI 3.24–14.40%),0.7325581395348837,0.6305495916710698,0.8146791537774222,63/86 (73.26%; 95% CI 63.05–81.47%),0.9883720930232558,0.9370359341070826,0.9979444313347503,85/86 (98.84%; 95% CI 93.70–99.79%)
internvl,appfr,H10,10,2,10,1,59,16,86,85,0.011627906976744186,0.0020555686652495644,0.06296406589291725,1/86 (1.16%; 95% CI 0.21–6.30%),0.18604651162790697,0.11789108340273816,0.2810501102417977,16/86 (18.60%; 95% CI 11.79–28.11%),0.11627906976744186,0.06440045821928717,0.20097211179070104,10/86 (11.63%; 95% CI 6.44–20.10%),0.686046511627907,0.5817959683851581,0.7743870279736356,59/86 (68.60%; 95% CI 58.18–77.44%),0.9883720930232558,0.9370359341070826,0.9979444313347503,85/86 (98.84%; 95% CI 93.70–99.79%)
internvl,appfr,H10,10,3,14,1,55,16,86,85,0.011627906976744186,0.0020555686652495644,0.06296406589291725,1/86 (1.16%; 95% CI 0.21–6.30%),0.18604651162790697,0.11789108340273816,0.2810501102417977,16/86 (18.60%; 95% CI 11.79–28.11%),0.16279069767441862,0.09952131046989598,0.25489700862979064,14/86 (16.28%; 95% CI 9.95–25.49%),0.6395348837209303,0.5341068512119144,0.7330303960571808,55/86 (63.95%; 95% CI 53.41–73.30%),0.9883720930232558,0.9370359341070826,0.9979444313347503,85/86 (98.84%; 95% CI 93.70–99.79%)
internvl,appfr,H10,10,4,16,1,53,16,86,85,0.011627906976744186,0.0020555686652495644,0.06296406589291725,1/86 (1.16%; 95% CI 0.21–6.30%),0.18604651162790697,0.11789108340273816,0.2810501102417977,16/86 (18.60%; 95% CI 11.79–28.11%),0.18604651162790697,0.11789108340273816,0.2810501102417977,16/86 (18.60%; 95% CI 11.79–28.11%),0.6162790697674418,0.5106287727439646,0.7119855999802814,53/86 (61.63%; 95% CI 51.06–71.20%),0.9883720930232558,0.9370359341070826,0.9979444313347503,85/86 (98.84%; 95% CI 93.70–99.79%)
internvl,appfr,H10,10,5,18,1,51,16,86,85,0.011627906976744186,0.0020555686652495644,0.06296406589291725,1/86 (1.16%; 95% CI 0.21–6.30%),0.18604651162790697,0.11789108340273816,0.2810501102417977,16/86 (18.60%; 95% CI 11.79–28.11%),0.20930232558139536,0.1366981607462176,0.30676590744316745,18/86 (20.93%; 95% CI 13.67–30.68%),0.5930232558139535,0.487382730957907,0.6907087672214898,51/86 (59.30%; 95% CI 48.74–69.07%),0.9883720930232558,0.9370359341070826,0.9979444313347503,85/86 (98.84%; 95% CI 93.70–99.79%)
internvl,appfr,H12,12,1,6,1,63,16,86,85,0.011627906976744186,0.0020555686652495644,0.06296406589291725,1/86 (1.16%; 95% CI 0.21–6.30%),0.18604651162790697,0.11789108340273816,0.2810501102417977,16/86 (18.60%; 95% CI 11.79–28.11%),0.06976744186046512,0.032365414509921336,0.14396140641036848,6/86 (6.98%; 95% CI 3.24–14.40%),0.7325581395348837,0.6305495916710698,0.8146791537774222,63/86 (73.26%; 95% CI 63.05–81.47%),0.9883720930232558,0.9370359341070826,0.9979444313347503,85/86 (98.84%; 95% CI 93.70–99.79%)
internvl,appfr,H12,12,2,10,1,59,16,86,85,0.011627906976744186,0.0020555686652495644,0.06296406589291725,1/86 (1.16%; 95% CI 0.21–6.30%),0.18604651162790697,0.11789108340273816,0.2810501102417977,16/86 (18.60%; 95% CI 11.79–28.11%),0.11627906976744186,0.06440045821928717,0.20097211179070104,10/86 (11.63%; 95% CI 6.44–20.10%),0.686046511627907,0.5817959683851581,0.7743870279736356,59/86 (68.60%; 95% CI 58.18–77.44%),0.9883720930232558,0.9370359341070826,0.9979444313347503,85/86 (98.84%; 95% CI 93.70–99.79%)
internvl,appfr,H12,12,3,14,1,55,16,86,85,0.011627906976744186,0.0020555686652495644,0.06296406589291725,1/86 (1.16%; 95% CI 0.21–6.30%),0.18604651162790697,0.11789108340273816,0.2810501102417977,16/86 (18.60%; 95% CI 11.79–28.11%),0.16279069767441862,0.09952131046989598,0.25489700862979064,14/86 (16.28%; 95% CI 9.95–25.49%),0.6395348837209303,0.5341068512119144,0.7330303960571808,55/86 (63.95%; 95% CI 53.41–73.30%),0.9883720930232558,0.9370359341070826,0.9979444313347503,85/86 (98.84%; 95% CI 93.70–99.79%)
internvl,appfr,H12,12,4,16,1,53,16,86,85,0.011627906976744186,0.0020555686652495644,0.06296406589291725,1/86 (1.16%; 95% CI 0.21–6.30%),0.18604651162790697,0.11789108340273816,0.2810501102417977,16/86 (18.60%; 95% CI 11.79–28.11%),0.18604651162790697,0.11789108340273816,0.2810501102417977,16/86 (18.60%; 95% CI 11.79–28.11%),0.6162790697674418,0.5106287727439646,0.7119855999802814,53/86 (61.63%; 95% CI 51.06–71.20%),0.9883720930232558,0.9370359341070826,0.9979444313347503,85/86 (98.84%; 95% CI 93.70–99.79%)
internvl,appfr,H12,12,5,18,1,51,16,86,85,0.011627906976744186,0.0020555686652495644,0.06296406589291725,1/86 (1.16%; 95% CI 0.21–6.30%),0.18604651162790697,0.11789108340273816,0.2810501102417977,16/86 (18.60%; 95% CI 11.79–28.11%),0.20930232558139536,0.1366981607462176,0.30676590744316745,18/86 (20.93%; 95% CI 13.67–30.68%),0.5930232558139535,0.487382730957907,0.6907087672214898,51/86 (59.30%; 95% CI 48.74–69.07%),0.9883720930232558,0.9370359341070826,0.9979444313347503,85/86 (98.84%; 95% CI 93.70–99.79%)
internvl,appfr,H14,14,1,5,9,58,14,86,77,0.10465116279069768,0.056040897145363075,0.18707023559220054,9/86 (10.47%; 95% CI 5.60–18.71%),0.16279069767441862,0.09952131046989598,0.25489700862979064,14/86 (16.28%; 95% CI 9.95–25.49%),0.05813953488372093,0.025086935621079658,0.12897844802678554,5/86 (5.81%; 95% CI 2.51–12.90%),0.6744186046511628,0.569778553659483,0.7641430054268858,58/86 (67.44%; 95% CI 56.98–76.41%),0.8953488372093024,0.8129297644077995,0.943959102854637,77/86 (89.53%; 95% CI 81.29–94.40%)
internvl,appfr,H14,14,2,8,9,55,14,86,77,0.10465116279069768,0.056040897145363075,0.18707023559220054,9/86 (10.47%; 95% CI 5.60–18.71%),0.16279069767441862,0.09952131046989598,0.25489700862979064,14/86 (16.28%; 95% CI 9.95–25.49%),0.09302325581395349,0.04789228421527053,0.1729574112498685,8/86 (9.30%; 95% CI 4.79–17.30%),0.6395348837209303,0.5341068512119144,0.7330303960571808,55/86 (63.95%; 95% CI 53.41–73.30%),0.8953488372093024,0.8129297644077995,0.943959102854637,77/86 (89.53%; 95% CI 81.29–94.40%)
internvl,appfr,H14,14,3,10,9,53,14,86,77,0.10465116279069768,0.056040897145363075,0.18707023559220054,9/86 (10.47%; 95% CI 5.60–18.71%),0.16279069767441862,0.09952131046989598,0.25489700862979064,14/86 (16.28%; 95% CI 9.95–25.49%),0.11627906976744186,0.06440045821928717,0.20097211179070104,10/86 (11.63%; 95% CI 6.44–20.10%),0.6162790697674418,0.5106287727439646,0.7119855999802814,53/86 (61.63%; 95% CI 51.06–71.20%),0.8953488372093024,0.8129297644077995,0.943959102854637,77/86 (89.53%; 95% CI 81.29–94.40%)
internvl,appfr,H14,14,4,12,9,51,14,86,77,0.10465116279069768,0.056040897145363075,0.18707023559220054,9/86 (10.47%; 95% CI 5.60–18.71%),0.16279069767441862,0.09952131046989598,0.25489700862979064,14/86 (16.28%; 95% CI 9.95–25.49%),0.13953488372093023,0.08165847155571476,0.22823697299912266,12/86 (13.95%; 95% CI 8.17–22.82%),0.5930232558139535,0.487382730957907,0.6907087672214898,51/86 (59.30%; 95% CI 48.74–69.07%),0.8953488372093024,0.8129297644077995,0.943959102854637,77/86 (89.53%; 95% CI 81.29–94.40%)
internvl,appfr,H14,14,5,14,9,49,14,86,77,0.10465116279069768,0.056040897145363075,0.18707023559220054,9/86 (10.47%; 95% CI 5.60–18.71%),0.16279069767441862,0.09952131046989598,0.25489700862979064,14/86 (16.28%; 95% CI 9.95–25.49%),0.16279069767441862,0.09952131046989598,0.25489700862979064,14/86 (16.28%; 95% CI 9.95–25.49%),0.5697674418604651,0.46436203379906343,0.6692065898354842,49/86 (56.98%; 95% CI 46.44–66.92%),0.8953488372093024,0.8129297644077995,0.943959102854637,77/86 (89.53%; 95% CI 81.29–94.40%)
internvl,appfr,H16,16,1,5,10,58,13,86,76,0.11627906976744186,0.06440045821928717,0.20097211179070104,10/86 (11.63%; 95% CI 6.44–20.10%),0.1511627906976744,0.09052122983132334,0.24163565199593867,13/86 (15.12%; 95% CI 9.05–24.16%),0.05813953488372093,0.025086935621079658,0.12897844802678554,5/86 (5.81%; 95% CI 2.51–12.90%),0.6744186046511628,0.569778553659483,0.7641430054268858,58/86 (67.44%; 95% CI 56.98–76.41%),0.8837209302325582,0.7990278882092989,0.9355995417807128,76/86 (88.37%; 95% CI 79.90–93.56%)
internvl,appfr,H16,16,2,8,10,55,13,86,76,0.11627906976744186,0.06440045821928717,0.20097211179070104,10/86 (11.63%; 95% CI 6.44–20.10%),0.1511627906976744,0.09052122983132334,0.24163565199593867,13/86 (15.12%; 95% CI 9.05–24.16%),0.09302325581395349,0.04789228421527053,0.1729574112498685,8/86 (9.30%; 95% CI 4.79–17.30%),0.6395348837209303,0.5341068512119144,0.7330303960571808,55/86 (63.95%; 95% CI 53.41–73.30%),0.8837209302325582,0.7990278882092989,0.9355995417807128,76/86 (88.37%; 95% CI 79.90–93.56%)
internvl,appfr,H16,16,3,10,10,53,13,86,76,0.11627906976744186,0.06440045821928717,0.20097211179070104,10/86 (11.63%; 95% CI 6.44–20.10%),0.1511627906976744,0.09052122983132334,0.24163565199593867,13/86 (15.12%; 95% CI 9.05–24.16%),0.11627906976744186,0.06440045821928717,0.20097211179070104,10/86 (11.63%; 95% CI 6.44–20.10%),0.6162790697674418,0.5106287727439646,0.7119855999802814,53/86 (61.63%; 95% CI 51.06–71.20%),0.8837209302325582,0.7990278882092989,0.9355995417807128,76/86 (88.37%; 95% CI 79.90–93.56%)
internvl,appfr,H16,16,4,12,10,51,13,86,76,0.11627906976744186,0.06440045821928717,0.20097211179070104,10/86 (11.63%; 95% CI 6.44–20.10%),0.1511627906976744,0.09052122983132334,0.24163565199593867,13/86 (15.12%; 95% CI 9.05–24.16%),0.13953488372093023,0.08165847155571476,0.22823697299912266,12/86 (13.95%; 95% CI 8.17–22.82%),0.5930232558139535,0.487382730957907,0.6907087672214898,51/86 (59.30%; 95% CI 48.74–69.07%),0.8837209302325582,0.7990278882092989,0.9355995417807128,76/86 (88.37%; 95% CI 79.90–93.56%)
internvl,appfr,H16,16,5,14,10,49,13,86,76,0.11627906976744186,0.06440045821928717,0.20097211179070104,10/86 (11.63%; 95% CI 6.44–20.10%),0.1511627906976744,0.09052122983132334,0.24163565199593867,13/86 (15.12%; 95% CI 9.05–24.16%),0.16279069767441862,0.09952131046989598,0.25489700862979064,14/86 (16.28%; 95% CI 9.95–25.49%),0.5697674418604651,0.46436203379906343,0.6692065898354842,49/86 (56.98%; 95% CI 46.44–66.92%),0.8837209302325582,0.7990278882092989,0.9355995417807128,76/86 (88.37%; 95% CI 79.90–93.56%)
internvl,appfr,H18,18,1,6,2,63,15,86,84,0.023255813953488372,0.0064009262042708515,0.08088014562632057,2/86 (2.33%; 95% CI 0.64–8.09%),0.1744186046511628,0.10864769842075103,0.2680320579513602,15/86 (17.44%; 95% CI 10.86–26.80%),0.06976744186046512,0.032365414509921336,0.14396140641036848,6/86 (6.98%; 95% CI 3.24–14.40%),0.7325581395348837,0.6305495916710698,0.8146791537774222,63/86 (73.26%; 95% CI 63.05–81.47%),0.9767441860465116,0.9191198543736794,0.9935990737957292,84/86 (97.67%; 95% CI 91.91–99.36%)
internvl,appfr,H18,18,2,10,2,59,15,86,84,0.023255813953488372,0.0064009262042708515,0.08088014562632057,2/86 (2.33%; 95% CI 0.64–8.09%),0.1744186046511628,0.10864769842075103,0.2680320579513602,15/86 (17.44%; 95% CI 10.86–26.80%),0.11627906976744186,0.06440045821928717,0.20097211179070104,10/86 (11.63%; 95% CI 6.44–20.10%),0.686046511627907,0.5817959683851581,0.7743870279736356,59/86 (68.60%; 95% CI 58.18–77.44%),0.9767441860465116,0.9191198543736794,0.9935990737957292,84/86 (97.67%; 95% CI 91.91–99.36%)
internvl,appfr,H18,18,3,14,2,55,15,86,84,0.023255813953488372,0.0064009262042708515,0.08088014562632057,2/86 (2.33%; 95% CI 0.64–8.09%),0.1744186046511628,0.10864769842075103,0.2680320579513602,15/86 (17.44%; 95% CI 10.86–26.80%),0.16279069767441862,0.09952131046989598,0.25489700862979064,14/86 (16.28%; 95% CI 9.95–25.49%),0.6395348837209303,0.5341068512119144,0.7330303960571808,55/86 (63.95%; 95% CI 53.41–73.30%),0.9767441860465116,0.9191198543736794,0.9935990737957292,84/86 (97.67%; 95% CI 91.91–99.36%)
internvl,appfr,H18,18,4,16,2,53,15,86,84,0.023255813953488372,0.0064009262042708515,0.08088014562632057,2/86 (2.33%; 95% CI 0.64–8.09%),0.1744186046511628,0.10864769842075103,0.2680320579513602,15/86 (17.44%; 95% CI 10.86–26.80%),0.18604651162790697,0.11789108340273816,0.2810501102417977,16/86 (18.60%; 95% CI 11.79–28.11%),0.6162790697674418,0.5106287727439646,0.7119855999802814,53/86 (61.63%; 95% CI 51.06–71.20%),0.9767441860465116,0.9191198543736794,0.9935990737957292,84/86 (97.67%; 95% CI 91.91–99.36%)
internvl,appfr,H18,18,5,18,2,51,15,86,84,0.023255813953488372,0.0064009262042708515,0.08088014562632057,2/86 (2.33%; 95% CI 0.64–8.09%),0.1744186046511628,0.10864769842075103,0.2680320579513602,15/86 (17.44%; 95% CI 10.86–26.80%),0.20930232558139536,0.1366981607462176,0.30676590744316745,18/86 (20.93%; 95% CI 13.67–30.68%),0.5930232558139535,0.487382730957907,0.6907087672214898,51/86 (59.30%; 95% CI 48.74–69.07%),0.9767441860465116,0.9191198543736794,0.9935990737957292,84/86 (97.67%; 95% CI 91.91–99.36%)
internvl,appfr,H20,20,1,6,2,63,15,86,84,0.023255813953488372,0.0064009262042708515,0.08088014562632057,2/86 (2.33%; 95% CI 0.64–8.09%),0.1744186046511628,0.10864769842075103,0.2680320579513602,15/86 (17.44%; 95% CI 10.86–26.80%),0.06976744186046512,0.032365414509921336,0.14396140641036848,6/86 (6.98%; 95% CI 3.24–14.40%),0.7325581395348837,0.6305495916710698,0.8146791537774222,63/86 (73.26%; 95% CI 63.05–81.47%),0.9767441860465116,0.9191198543736794,0.9935990737957292,84/86 (97.67%; 95% CI 91.91–99.36%)
internvl,appfr,H20,20,2,10,2,59,15,86,84,0.023255813953488372,0.0064009262042708515,0.08088014562632057,2/86 (2.33%; 95% CI 0.64–8.09%),0.1744186046511628,0.10864769842075103,0.2680320579513602,15/86 (17.44%; 95% CI 10.86–26.80%),0.11627906976744186,0.06440045821928717,0.20097211179070104,10/86 (11.63%; 95% CI 6.44–20.10%),0.686046511627907,0.5817959683851581,0.7743870279736356,59/86 (68.60%; 95% CI 58.18–77.44%),0.9767441860465116,0.9191198543736794,0.9935990737957292,84/86 (97.67%; 95% CI 91.91–99.36%)
internvl,appfr,H20,20,3,14,2,55,15,86,84,0.023255813953488372,0.0064009262042708515,0.08088014562632057,2/86 (2.33%; 95% CI 0.64–8.09%),0.1744186046511628,0.10864769842075103,0.2680320579513602,15/86 (17.44%; 95% CI 10.86–26.80%),0.16279069767441862,0.09952131046989598,0.25489700862979064,14/86 (16.28%; 95% CI 9.95–25.49%),0.6395348837209303,0.5341068512119144,0.7330303960571808,55/86 (63.95%; 95% CI 53.41–73.30%),0.9767441860465116,0.9191198543736794,0.9935990737957292,84/86 (97.67%; 95% CI 91.91–99.36%)
internvl,appfr,H20,20,4,16,2,53,15,86,84,0.023255813953488372,0.0064009262042708515,0.08088014562632057,2/86 (2.33%; 95% CI 0.64–8.09%),0.1744186046511628,0.10864769842075103,0.2680320579513602,15/86 (17.44%; 95% CI 10.86–26.80%),0.18604651162790697,0.11789108340273816,0.2810501102417977,16/86 (18.60%; 95% CI 11.79–28.11%),0.6162790697674418,0.5106287727439646,0.7119855999802814,53/86 (61.63%; 95% CI 51.06–71.20%),0.9767441860465116,0.9191198543736794,0.9935990737957292,84/86 (97.67%; 95% CI 91.91–99.36%)
internvl,appfr,H20,20,5,18,2,51,15,86,84,0.023255813953488372,0.0064009262042708515,0.08088014562632057,2/86 (2.33%; 95% CI 0.64–8.09%),0.1744186046511628,0.10864769842075103,0.2680320579513602,15/86 (17.44%; 95% CI 10.86–26.80%),0.20930232558139536,0.1366981607462176,0.30676590744316745,18/86 (20.93%; 95% CI 13.67–30.68%),0.5930232558139535,0.487382730957907,0.6907087672214898,51/86 (59.30%; 95% CI 48.74–69.07%),0.9767441860465116,0.9191198543736794,0.9935990737957292,84/86 (97.67%; 95% CI 91.91–99.36%)
internvl,appfr,H22,22,1,7,2,62,15,86,84,0.023255813953488372,0.0064009262042708515,0.08088014562632057,2/86 (2.33%; 95% CI 0.64–8.09%),0.1744186046511628,0.10864769842075103,0.2680320579513602,15/86 (17.44%; 95% CI 10.86–26.80%),0.08139534883720931,0.03998643153878242,0.15860182665393202,7/86 (8.14%; 95% CI 4.00–15.86%),0.7209302325581395,0.6182540858816528,0.8047132222944144,62/86 (72.09%; 95% CI 61.83–80.47%),0.9767441860465116,0.9191198543736794,0.9935990737957292,84/86 (97.67%; 95% CI 91.91–99.36%)
internvl,appfr,H22,22,2,10,2,59,15,86,84,0.023255813953488372,0.0064009262042708515,0.08088014562632057,2/86 (2.33%; 95% CI 0.64–8.09%),0.1744186046511628,0.10864769842075103,0.2680320579513602,15/86 (17.44%; 95% CI 10.86–26.80%),0.11627906976744186,0.06440045821928717,0.20097211179070104,10/86 (11.63%; 95% CI 6.44–20.10%),0.686046511627907,0.5817959683851581,0.7743870279736356,59/86 (68.60%; 95% CI 58.18–77.44%),0.9767441860465116,0.9191198543736794,0.9935990737957292,84/86 (97.67%; 95% CI 91.91–99.36%)
internvl,appfr,H22,22,3,14,2,55,15,86,84,0.023255813953488372,0.0064009262042708515,0.08088014562632057,2/86 (2.33%; 95% CI 0.64–8.09%),0.1744186046511628,0.10864769842075103,0.2680320579513602,15/86 (17.44%; 95% CI 10.86–26.80%),0.16279069767441862,0.09952131046989598,0.25489700862979064,14/86 (16.28%; 95% CI 9.95–25.49%),0.6395348837209303,0.5341068512119144,0.7330303960571808,55/86 (63.95%; 95% CI 53.41–73.30%),0.9767441860465116,0.9191198543736794,0.9935990737957292,84/86 (97.67%; 95% CI 91.91–99.36%)
internvl,appfr,H22,22,4,16,2,53,15,86,84,0.023255813953488372,0.0064009262042708515,0.08088014562632057,2/86 (2.33%; 95% CI 0.64–8.09%),0.1744186046511628,0.10864769842075103,0.2680320579513602,15/86 (17.44%; 95% CI 10.86–26.80%),0.18604651162790697,0.11789108340273816,0.2810501102417977,16/86 (18.60%; 95% CI 11.79–28.11%),0.6162790697674418,0.5106287727439646,0.7119855999802814,53/86 (61.63%; 95% CI 51.06–71.20%),0.9767441860465116,0.9191198543736794,0.9935990737957292,84/86 (97.67%; 95% CI 91.91–99.36%)
internvl,appfr,H22,22,5,18,2,51,15,86,84,0.023255813953488372,0.0064009262042708515,0.08088014562632057,2/86 (2.33%; 95% CI 0.64–8.09%),0.1744186046511628,0.10864769842075103,0.2680320579513602,15/86 (17.44%; 95% CI 10.86–26.80%),0.20930232558139536,0.1366981607462176,0.30676590744316745,18/86 (20.93%; 95% CI 13.67–30.68%),0.5930232558139535,0.487382730957907,0.6907087672214898,51/86 (59.30%; 95% CI 48.74–69.07%),0.9767441860465116,0.9191198543736794,0.9935990737957292,84/86 (97.67%; 95% CI 91.91–99.36%)
internvl,appfr,H24,24,1,5,2,63,16,86,84,0.023255813953488372,0.0064009262042708515,0.08088014562632057,2/86 (2.33%; 95% CI 0.64–8.09%),0.18604651162790697,0.11789108340273816,0.2810501102417977,16/86 (18.60%; 95% CI 11.79–28.11%),0.05813953488372093,0.025086935621079658,0.12897844802678554,5/86 (5.81%; 95% CI 2.51–12.90%),0.7325581395348837,0.6305495916710698,0.8146791537774222,63/86 (73.26%; 95% CI 63.05–81.47%),0.9767441860465116,0.9191198543736794,0.9935990737957292,84/86 (97.67%; 95% CI 91.91–99.36%)
internvl,appfr,H24,24,2,9,2,59,16,86,84,0.023255813953488372,0.0064009262042708515,0.08088014562632057,2/86 (2.33%; 95% CI 0.64–8.09%),0.18604651162790697,0.11789108340273816,0.2810501102417977,16/86 (18.60%; 95% CI 11.79–28.11%),0.10465116279069768,0.056040897145363075,0.18707023559220054,9/86 (10.47%; 95% CI 5.60–18.71%),0.686046511627907,0.5817959683851581,0.7743870279736356,59/86 (68.60%; 95% CI 58.18–77.44%),0.9767441860465116,0.9191198543736794,0.9935990737957292,84/86 (97.67%; 95% CI 91.91–99.36%)
internvl,appfr,H24,24,3,13,2,55,16,86,84,0.023255813953488372,0.0064009262042708515,0.08088014562632057,2/86 (2.33%; 95% CI 0.64–8.09%),0.18604651162790697,0.11789108340273816,0.2810501102417977,16/86 (18.60%; 95% CI 11.79–28.11%),0.1511627906976744,0.09052122983132334,0.24163565199593867,13/86 (15.12%; 95% CI 9.05–24.16%),0.6395348837209303,0.5341068512119144,0.7330303960571808,55/86 (63.95%; 95% CI 53.41–73.30%),0.9767441860465116,0.9191198543736794,0.9935990737957292,84/86 (97.67%; 95% CI 91.91–99.36%)
internvl,appfr,H24,24,4,15,2,53,16,86,84,0.023255813953488372,0.0064009262042708515,0.08088014562632057,2/86 (2.33%; 95% CI 0.64–8.09%),0.18604651162790697,0.11789108340273816,0.2810501102417977,16/86 (18.60%; 95% CI 11.79–28.11%),0.1744186046511628,0.10864769842075103,0.2680320579513602,15/86 (17.44%; 95% CI 10.86–26.80%),0.6162790697674418,0.5106287727439646,0.7119855999802814,53/86 (61.63%; 95% CI 51.06–71.20%),0.9767441860465116,0.9191198543736794,0.9935990737957292,84/86 (97.67%; 95% CI 91.91–99.36%)
internvl,appfr,H24,24,5,17,2,51,16,86,84,0.023255813953488372,0.0064009262042708515,0.08088014562632057,2/86 (2.33%; 95% CI 0.64–8.09%),0.18604651162790697,0.11789108340273816,0.2810501102417977,16/86 (18.60%; 95% CI 11.79–28.11%),0.19767441860465115,0.12724351812233703,0.2939591127946234,17/86 (19.77%; 95% CI 12.72–29.40%),0.5930232558139535,0.487382730957907,0.6907087672214898,51/86 (59.30%; 95% CI 48.74–69.07%),0.9767441860465116,0.9191198543736794,0.9935990737957292,84/86 (97.67%; 95% CI 91.91–99.36%)
internvl,appfr,H26,26,1,5,1,63,17,86,85,0.011627906976744186,0.0020555686652495644,0.06296406589291725,1/86 (1.16%; 95% CI 0.21–6.30%),0.19767441860465115,0.12724351812233703,0.2939591127946234,17/86 (19.77%; 95% CI 12.72–29.40%),0.05813953488372093,0.025086935621079658,0.12897844802678554,5/86 (5.81%; 95% CI 2.51–12.90%),0.7325581395348837,0.6305495916710698,0.8146791537774222,63/86 (73.26%; 95% CI 63.05–81.47%),0.9883720930232558,0.9370359341070826,0.9979444313347503,85/86 (98.84%; 95% CI 93.70–99.79%)
internvl,appfr,H26,26,2,8,1,60,17,86,85,0.011627906976744186,0.0020555686652495644,0.06296406589291725,1/86 (1.16%; 95% CI 0.21–6.30%),0.19767441860465115,0.12724351812233703,0.2939591127946234,17/86 (19.77%; 95% CI 12.72–29.40%),0.09302325581395349,0.04789228421527053,0.1729574112498685,8/86 (9.30%; 95% CI 4.79–17.30%),0.6976744186046512,0.5938796504460166,0.7845647831852016,60/86 (69.77%; 95% CI 59.39–78.46%),0.9883720930232558,0.9370359341070826,0.9979444313347503,85/86 (98.84%; 95% CI 93.70–99.79%)
internvl,appfr,H26,26,3,13,1,55,17,86,85,0.011627906976744186,0.0020555686652495644,0.06296406589291725,1/86 (1.16%; 95% CI 0.21–6.30%),0.19767441860465115,0.12724351812233703,0.2939591127946234,17/86 (19.77%; 95% CI 12.72–29.40%),0.1511627906976744,0.09052122983132334,0.24163565199593867,13/86 (15.12%; 95% CI 9.05–24.16%),0.6395348837209303,0.5341068512119144,0.7330303960571808,55/86 (63.95%; 95% CI 53.41–73.30%),0.9883720930232558,0.9370359341070826,0.9979444313347503,85/86 (98.84%; 95% CI 93.70–99.79%)
internvl,appfr,H26,26,4,15,1,53,17,86,85,0.011627906976744186,0.0020555686652495644,0.06296406589291725,1/86 (1.16%; 95% CI 0.21–6.30%),0.19767441860465115,0.12724351812233703,0.2939591127946234,17/86 (19.77%; 95% CI 12.72–29.40%),0.1744186046511628,0.10864769842075103,0.2680320579513602,15/86 (17.44%; 95% CI 10.86–26.80%),0.6162790697674418,0.5106287727439646,0.7119855999802814,53/86 (61.63%; 95% CI 51.06–71.20%),0.9883720930232558,0.9370359341070826,0.9979444313347503,85/86 (98.84%; 95% CI 93.70–99.79%)
internvl,appfr,H26,26,5,17,1,51,17,86,85,0.011627906976744186,0.0020555686652495644,0.06296406589291725,1/86 (1.16%; 95% CI 0.21–6.30%),0.19767441860465115,0.12724351812233703,0.2939591127946234,17/86 (19.77%; 95% CI 12.72–29.40%),0.19767441860465115,0.12724351812233703,0.2939591127946234,17/86 (19.77%; 95% CI 12.72–29.40%),0.5930232558139535,0.487382730957907,0.6907087672214898,51/86 (59.30%; 95% CI 48.74–69.07%),0.9883720930232558,0.9370359341070826,0.9979444313347503,85/86 (98.84%; 95% CI 93.70–99.79%)
internvl,appfr,H28,28,1,5,1,63,17,86,85,0.011627906976744186,0.0020555686652495644,0.06296406589291725,1/86 (1.16%; 95% CI 0.21–6.30%),0.19767441860465115,0.12724351812233703,0.2939591127946234,17/86 (19.77%; 95% CI 12.72–29.40%),0.05813953488372093,0.025086935621079658,0.12897844802678554,5/86 (5.81%; 95% CI 2.51–12.90%),0.7325581395348837,0.6305495916710698,0.8146791537774222,63/86 (73.26%; 95% CI 63.05–81.47%),0.9883720930232558,0.9370359341070826,0.9979444313347503,85/86 (98.84%; 95% CI 93.70–99.79%)
internvl,appfr,H28,28,2,8,1,60,17,86,85,0.011627906976744186,0.0020555686652495644,0.06296406589291725,1/86 (1.16%; 95% CI 0.21–6.30%),0.19767441860465115,0.12724351812233703,0.2939591127946234,17/86 (19.77%; 95% CI 12.72–29.40%),0.09302325581395349,0.04789228421527053,0.1729574112498685,8/86 (9.30%; 95% CI 4.79–17.30%),0.6976744186046512,0.5938796504460166,0.7845647831852016,60/86 (69.77%; 95% CI 59.39–78.46%),0.9883720930232558,0.9370359341070826,0.9979444313347503,85/86 (98.84%; 95% CI 93.70–99.79%)
internvl,appfr,H28,28,3,13,1,55,17,86,85,0.011627906976744186,0.0020555686652495644,0.06296406589291725,1/86 (1.16%; 95% CI 0.21–6.30%),0.19767441860465115,0.12724351812233703,0.2939591127946234,17/86 (19.77%; 95% CI 12.72–29.40%),0.1511627906976744,0.09052122983132334,0.24163565199593867,13/86 (15.12%; 95% CI 9.05–24.16%),0.6395348837209303,0.5341068512119144,0.7330303960571808,55/86 (63.95%; 95% CI 53.41–73.30%),0.9883720930232558,0.9370359341070826,0.9979444313347503,85/86 (98.84%; 95% CI 93.70–99.79%)
internvl,appfr,H28,28,4,15,1,53,17,86,85,0.011627906976744186,0.0020555686652495644,0.06296406589291725,1/86 (1.16%; 95% CI 0.21–6.30%),0.19767441860465115,0.12724351812233703,0.2939591127946234,17/86 (19.77%; 95% CI 12.72–29.40%),0.1744186046511628,0.10864769842075103,0.2680320579513602,15/86 (17.44%; 95% CI 10.86–26.80%),0.6162790697674418,0.5106287727439646,0.7119855999802814,53/86 (61.63%; 95% CI 51.06–71.20%),0.9883720930232558,0.9370359341070826,0.9979444313347503,85/86 (98.84%; 95% CI 93.70–99.79%)
internvl,appfr,H28,28,5,17,1,51,17,86,85,0.011627906976744186,0.0020555686652495644,0.06296406589291725,1/86 (1.16%; 95% CI 0.21–6.30%),0.19767441860465115,0.12724351812233703,0.2939591127946234,17/86 (19.77%; 95% CI 12.72–29.40%),0.19767441860465115,0.12724351812233703,0.2939591127946234,17/86 (19.77%; 95% CI 12.72–29.40%),0.5930232558139535,0.487382730957907,0.6907087672214898,51/86 (59.30%; 95% CI 48.74–69.07%),0.9883720930232558,0.9370359341070826,0.9979444313347503,85/86 (98.84%; 95% CI 93.70–99.79%)
internvl,appfr,H30,30,1,5,3,63,15,86,83,0.03488372093023256,0.01193379807740838,0.09760871102560764,3/86 (3.49%; 95% CI 1.19–9.76%),0.1744186046511628,0.10864769842075103,0.2680320579513602,15/86 (17.44%; 95% CI 10.86–26.80%),0.05813953488372093,0.025086935621079658,0.12897844802678554,5/86 (5.81%; 95% CI 2.51–12.90%),0.7325581395348837,0.6305495916710698,0.8146791537774222,63/86 (73.26%; 95% CI 63.05–81.47%),0.9651162790697675,0.9023912889743924,0.9880662019225916,83/86 (96.51%; 95% CI 90.24–98.81%)
internvl,appfr,H30,30,2,8,3,60,15,86,83,0.03488372093023256,0.01193379807740838,0.09760871102560764,3/86 (3.49%; 95% CI 1.19–9.76%),0.1744186046511628,0.10864769842075103,0.2680320579513602,15/86 (17.44%; 95% CI 10.86–26.80%),0.09302325581395349,0.04789228421527053,0.1729574112498685,8/86 (9.30%; 95% CI 4.79–17.30%),0.6976744186046512,0.5938796504460166,0.7845647831852016,60/86 (69.77%; 95% CI 59.39–78.46%),0.9651162790697675,0.9023912889743924,0.9880662019225916,83/86 (96.51%; 95% CI 90.24–98.81%)
internvl,appfr,H30,30,3,13,3,55,15,86,83,0.03488372093023256,0.01193379807740838,0.09760871102560764,3/86 (3.49%; 95% CI 1.19–9.76%),0.1744186046511628,0.10864769842075103,0.2680320579513602,15/86 (17.44%; 95% CI 10.86–26.80%),0.1511627906976744,0.09052122983132334,0.24163565199593867,13/86 (15.12%; 95% CI 9.05–24.16%),0.6395348837209303,0.5341068512119144,0.7330303960571808,55/86 (63.95%; 95% CI 53.41–73.30%),0.9651162790697675,0.9023912889743924,0.9880662019225916,83/86 (96.51%; 95% CI 90.24–98.81%)
internvl,appfr,H30,30,4,15,3,53,15,86,83,0.03488372093023256,0.01193379807740838,0.09760871102560764,3/86 (3.49%; 95% CI 1.19–9.76%),0.1744186046511628,0.10864769842075103,0.2680320579513602,15/86 (17.44%; 95% CI 10.86–26.80%),0.1744186046511628,0.10864769842075103,0.2680320579513602,15/86 (17.44%; 95% CI 10.86–26.80%),0.6162790697674418,0.5106287727439646,0.7119855999802814,53/86 (61.63%; 95% CI 51.06–71.20%),0.9651162790697675,0.9023912889743924,0.9880662019225916,83/86 (96.51%; 95% CI 90.24–98.81%)
internvl,appfr,H30,30,5,17,3,51,15,86,83,0.03488372093023256,0.01193379807740838,0.09760871102560764,3/86 (3.49%; 95% CI 1.19–9.76%),0.1744186046511628,0.10864769842075103,0.2680320579513602,15/86 (17.44%; 95% CI 10.86–26.80%),0.19767441860465115,0.12724351812233703,0.2939591127946234,17/86 (19.77%; 95% CI 12.72–29.40%),0.5930232558139535,0.487382730957907,0.6907087672214898,51/86 (59.30%; 95% CI 48.74–69.07%),0.9651162790697675,0.9023912889743924,0.9880662019225916,83/86 (96.51%; 95% CI 90.24–98.81%)
internvl,appfr,H32,32,1,6,2,62,16,86,84,0.023255813953488372,0.0064009262042708515,0.08088014562632057,2/86 (2.33%; 95% CI 0.64–8.09%),0.18604651162790697,0.11789108340273816,0.2810501102417977,16/86 (18.60%; 95% CI 11.79–28.11%),0.06976744186046512,0.032365414509921336,0.14396140641036848,6/86 (6.98%; 95% CI 3.24–14.40%),0.7209302325581395,0.6182540858816528,0.8047132222944144,62/86 (72.09%; 95% CI 61.83–80.47%),0.9767441860465116,0.9191198543736794,0.9935990737957292,84/86 (97.67%; 95% CI 91.91–99.36%)
internvl,appfr,H32,32,2,11,2,57,16,86,84,0.023255813953488372,0.0064009262042708515,0.08088014562632057,2/86 (2.33%; 95% CI 0.64–8.09%),0.18604651162790697,0.11789108340273816,0.2810501102417977,16/86 (18.60%; 95% CI 11.79–28.11%),0.12790697674418605,0.07294621791742709,0.21468778936498575,11/86 (12.79%; 95% CI 7.29–21.47%),0.6627906976744186,0.557825607589722,0.7538345142242223,57/86 (66.28%; 95% CI 55.78–75.38%),0.9767441860465116,0.9191198543736794,0.9935990737957292,84/86 (97.67%; 95% CI 91.91–99.36%)
internvl,appfr,H32,32,3,13,2,55,16,86,84,0.023255813953488372,0.0064009262042708515,0.08088014562632057,2/86 (2.33%; 95% CI 0.64–8.09%),0.18604651162790697,0.11789108340273816,0.2810501102417977,16/86 (18.60%; 95% CI 11.79–28.11%),0.1511627906976744,0.09052122983132334,0.24163565199593867,13/86 (15.12%; 95% CI 9.05–24.16%),0.6395348837209303,0.5341068512119144,0.7330303960571808,55/86 (63.95%; 95% CI 53.41–73.30%),0.9767441860465116,0.9191198543736794,0.9935990737957292,84/86 (97.67%; 95% CI 91.91–99.36%)
internvl,appfr,H32,32,4,15,2,53,16,86,84,0.023255813953488372,0.0064009262042708515,0.08088014562632057,2/86 (2.33%; 95% CI 0.64–8.09%),0.18604651162790697,0.11789108340273816,0.2810501102417977,16/86 (18.60%; 95% CI 11.79–28.11%),0.1744186046511628,0.10864769842075103,0.2680320579513602,15/86 (17.44%; 95% CI 10.86–26.80%),0.6162790697674418,0.5106287727439646,0.7119855999802814,53/86 (61.63%; 95% CI 51.06–71.20%),0.9767441860465116,0.9191198543736794,0.9935990737957292,84/86 (97.67%; 95% CI 91.91–99.36%)
internvl,appfr,H32,32,5,17,2,51,16,86,84,0.023255813953488372,0.0064009262042708515,0.08088014562632057,2/86 (2.33%; 95% CI 0.64–8.09%),0.18604651162790697,0.11789108340273816,0.2810501102417977,16/86 (18.60%; 95% CI 11.79–28.11%),0.19767441860465115,0.12724351812233703,0.2939591127946234,17/86 (19.77%; 95% CI 12.72–29.40%),0.5930232558139535,0.487382730957907,0.6907087672214898,51/86 (59.30%; 95% CI 48.74–69.07%),0.9767441860465116,0.9191198543736794,0.9935990737957292,84/86 (97.67%; 95% CI 91.91–99.36%)
internvl,appod,H02,2,1,6,7,62,11,86,79,0.08139534883720931,0.03998643153878242,0.15860182665393202,7/86 (8.14%; 95% CI 4.00–15.86%),0.12790697674418605,0.07294621791742709,0.21468778936498575,11/86 (12.79%; 95% CI 7.29–21.47%),0.06976744186046512,0.032365414509921336,0.14396140641036848,6/86 (6.98%; 95% CI 3.24–14.40%),0.7209302325581395,0.6182540858816528,0.8047132222944144,62/86 (72.09%; 95% CI 61.83–80.47%),0.9186046511627907,0.8413981733460679,0.9600135684612175,79/86 (91.86%; 95% CI 84.14–96.00%)
internvl,appod,H02,2,2,9,7,59,11,86,79,0.08139534883720931,0.03998643153878242,0.15860182665393202,7/86 (8.14%; 95% CI 4.00–15.86%),0.12790697674418605,0.07294621791742709,0.21468778936498575,11/86 (12.79%; 95% CI 7.29–21.47%),0.10465116279069768,0.056040897145363075,0.18707023559220054,9/86 (10.47%; 95% CI 5.60–18.71%),0.686046511627907,0.5817959683851581,0.7743870279736356,59/86 (68.60%; 95% CI 58.18–77.44%),0.9186046511627907,0.8413981733460679,0.9600135684612175,79/86 (91.86%; 95% CI 84.14–96.00%)
internvl,appod,H02,2,3,14,7,54,11,86,79,0.08139534883720931,0.03998643153878242,0.15860182665393202,7/86 (8.14%; 95% CI 4.00–15.86%),0.12790697674418605,0.07294621791742709,0.21468778936498575,11/86 (12.79%; 95% CI 7.29–21.47%),0.16279069767441862,0.09952131046989598,0.25489700862979064,14/86 (16.28%; 95% CI 9.95–25.49%),0.627906976744186,0.5223383164148251,0.7225374935818455,54/86 (62.79%; 95% CI 52.23–72.25%),0.9186046511627907,0.8413981733460679,0.9600135684612175,79/86 (91.86%; 95% CI 84.14–96.00%)
internvl,appod,H02,2,4,15,7,53,11,86,79,0.08139534883720931,0.03998643153878242,0.15860182665393202,7/86 (8.14%; 95% CI 4.00–15.86%),0.12790697674418605,0.07294621791742709,0.21468778936498575,11/86 (12.79%; 95% CI 7.29–21.47%),0.1744186046511628,0.10864769842075103,0.2680320579513602,15/86 (17.44%; 95% CI 10.86–26.80%),0.6162790697674418,0.5106287727439646,0.7119855999802814,53/86 (61.63%; 95% CI 51.06–71.20%),0.9186046511627907,0.8413981733460679,0.9600135684612175,79/86 (91.86%; 95% CI 84.14–96.00%)
internvl,appod,H02,2,5,17,7,51,11,86,79,0.08139534883720931,0.03998643153878242,0.15860182665393202,7/86 (8.14%; 95% CI 4.00–15.86%),0.12790697674418605,0.07294621791742709,0.21468778936498575,11/86 (12.79%; 95% CI 7.29–21.47%),0.19767441860465115,0.12724351812233703,0.2939591127946234,17/86 (19.77%; 95% CI 12.72–29.40%),0.5930232558139535,0.487382730957907,0.6907087672214898,51/86 (59.30%; 95% CI 48.74–69.07%),0.9186046511627907,0.8413981733460679,0.9600135684612175,79/86 (91.86%; 95% CI 84.14–96.00%)
internvl,appod,H04,4,1,6,6,62,12,86,80,0.06976744186046512,0.032365414509921336,0.14396140641036848,6/86 (6.98%; 95% CI 3.24–14.40%),0.13953488372093023,0.08165847155571476,0.22823697299912266,12/86 (13.95%; 95% CI 8.17–22.82%),0.06976744186046512,0.032365414509921336,0.14396140641036848,6/86 (6.98%; 95% CI 3.24–14.40%),0.7209302325581395,0.6182540858816528,0.8047132222944144,62/86 (72.09%; 95% CI 61.83–80.47%),0.9302325581395349,0.8560385935896314,0.9676345854900786,80/86 (93.02%; 95% CI 85.60–96.76%)
internvl,appod,H04,4,2,8,6,60,12,86,80,0.06976744186046512,0.032365414509921336,0.14396140641036848,6/86 (6.98%; 95% CI 3.24–14.40%),0.13953488372093023,0.08165847155571476,0.22823697299912266,12/86 (13.95%; 95% CI 8.17–22.82%),0.09302325581395349,0.04789228421527053,0.1729574112498685,8/86 (9.30%; 95% CI 4.79–17.30%),0.6976744186046512,0.5938796504460166,0.7845647831852016,60/86 (69.77%; 95% CI 59.39–78.46%),0.9302325581395349,0.8560385935896314,0.9676345854900786,80/86 (93.02%; 95% CI 85.60–96.76%)
internvl,appod,H04,4,3,13,6,55,12,86,80,0.06976744186046512,0.032365414509921336,0.14396140641036848,6/86 (6.98%; 95% CI 3.24–14.40%),0.13953488372093023,0.08165847155571476,0.22823697299912266,12/86 (13.95%; 95% CI 8.17–22.82%),0.1511627906976744,0.09052122983132334,0.24163565199593867,13/86 (15.12%; 95% CI 9.05–24.16%),0.6395348837209303,0.5341068512119144,0.7330303960571808,55/86 (63.95%; 95% CI 53.41–73.30%),0.9302325581395349,0.8560385935896314,0.9676345854900786,80/86 (93.02%; 95% CI 85.60–96.76%)
internvl,appod,H04,4,4,15,6,53,12,86,80,0.06976744186046512,0.032365414509921336,0.14396140641036848,6/86 (6.98%; 95% CI 3.24–14.40%),0.13953488372093023,0.08165847155571476,0.22823697299912266,12/86 (13.95%; 95% CI 8.17–22.82%),0.1744186046511628,0.10864769842075103,0.2680320579513602,15/86 (17.44%; 95% CI 10.86–26.80%),0.6162790697674418,0.5106287727439646,0.7119855999802814,53/86 (61.63%; 95% CI 51.06–71.20%),0.9302325581395349,0.8560385935896314,0.9676345854900786,80/86 (93.02%; 95% CI 85.60–96.76%)
internvl,appod,H04,4,5,18,6,50,12,86,80,0.06976744186046512,0.032365414509921336,0.14396140641036848,6/86 (6.98%; 95% CI 3.24–14.40%),0.13953488372093023,0.08165847155571476,0.22823697299912266,12/86 (13.95%; 95% CI 8.17–22.82%),0.20930232558139536,0.1366981607462176,0.30676590744316745,18/86 (20.93%; 95% CI 13.67–30.68%),0.5813953488372093,0.4758445635760395,0.6799854973309328,50/86 (58.14%; 95% CI 47.58–68.00%),0.9302325581395349,0.8560385935896314,0.9676345854900786,80/86 (93.02%; 95% CI 85.60–96.76%)
internvl,appod,H06,6,1,6,3,63,14,86,83,0.03488372093023256,0.01193379807740838,0.09760871102560764,3/86 (3.49%; 95% CI 1.19–9.76%),0.16279069767441862,0.09952131046989598,0.25489700862979064,14/86 (16.28%; 95% CI 9.95–25.49%),0.06976744186046512,0.032365414509921336,0.14396140641036848,6/86 (6.98%; 95% CI 3.24–14.40%),0.7325581395348837,0.6305495916710698,0.8146791537774222,63/86 (73.26%; 95% CI 63.05–81.47%),0.9651162790697675,0.9023912889743924,0.9880662019225916,83/86 (96.51%; 95% CI 90.24–98.81%)
internvl,appod,H06,6,2,10,3,59,14,86,83,0.03488372093023256,0.01193379807740838,0.09760871102560764,3/86 (3.49%; 95% CI 1.19–9.76%),0.16279069767441862,0.09952131046989598,0.25489700862979064,14/86 (16.28%; 95% CI 9.95–25.49%),0.11627906976744186,0.06440045821928717,0.20097211179070104,10/86 (11.63%; 95% CI 6.44–20.10%),0.686046511627907,0.5817959683851581,0.7743870279736356,59/86 (68.60%; 95% CI 58.18–77.44%),0.9651162790697675,0.9023912889743924,0.9880662019225916,83/86 (96.51%; 95% CI 90.24–98.81%)
internvl,appod,H06,6,3,14,3,55,14,86,83,0.03488372093023256,0.01193379807740838,0.09760871102560764,3/86 (3.49%; 95% CI 1.19–9.76%),0.16279069767441862,0.09952131046989598,0.25489700862979064,14/86 (16.28%; 95% CI 9.95–25.49%),0.16279069767441862,0.09952131046989598,0.25489700862979064,14/86 (16.28%; 95% CI 9.95–25.49%),0.6395348837209303,0.5341068512119144,0.7330303960571808,55/86 (63.95%; 95% CI 53.41–73.30%),0.9651162790697675,0.9023912889743924,0.9880662019225916,83/86 (96.51%; 95% CI 90.24–98.81%)
internvl,appod,H06,6,4,16,3,53,14,86,83,0.03488372093023256,0.01193379807740838,0.09760871102560764,3/86 (3.49%; 95% CI 1.19–9.76%),0.16279069767441862,0.09952131046989598,0.25489700862979064,14/86 (16.28%; 95% CI 9.95–25.49%),0.18604651162790697,0.11789108340273816,0.2810501102417977,16/86 (18.60%; 95% CI 11.79–28.11%),0.6162790697674418,0.5106287727439646,0.7119855999802814,53/86 (61.63%; 95% CI 51.06–71.20%),0.9651162790697675,0.9023912889743924,0.9880662019225916,83/86 (96.51%; 95% CI 90.24–98.81%)
internvl,appod,H06,6,5,18,3,51,14,86,83,0.03488372093023256,0.01193379807740838,0.09760871102560764,3/86 (3.49%; 95% CI 1.19–9.76%),0.16279069767441862,0.09952131046989598,0.25489700862979064,14/86 (16.28%; 95% CI 9.95–25.49%),0.20930232558139536,0.1366981607462176,0.30676590744316745,18/86 (20.93%; 95% CI 13.67–30.68%),0.5930232558139535,0.487382730957907,0.6907087672214898,51/86 (59.30%; 95% CI 48.74–69.07%),0.9651162790697675,0.9023912889743924,0.9880662019225916,83/86 (96.51%; 95% CI 90.24–98.81%)
internvl,appod,H08,8,1,5,3,63,15,86,83,0.03488372093023256,0.01193379807740838,0.09760871102560764,3/86 (3.49%; 95% CI 1.19–9.76%),0.1744186046511628,0.10864769842075103,0.2680320579513602,15/86 (17.44%; 95% CI 10.86–26.80%),0.05813953488372093,0.025086935621079658,0.12897844802678554,5/86 (5.81%; 95% CI 2.51–12.90%),0.7325581395348837,0.6305495916710698,0.8146791537774222,63/86 (73.26%; 95% CI 63.05–81.47%),0.9651162790697675,0.9023912889743924,0.9880662019225916,83/86 (96.51%; 95% CI 90.24–98.81%)
internvl,appod,H08,8,2,9,3,59,15,86,83,0.03488372093023256,0.01193379807740838,0.09760871102560764,3/86 (3.49%; 95% CI 1.19–9.76%),0.1744186046511628,0.10864769842075103,0.2680320579513602,15/86 (17.44%; 95% CI 10.86–26.80%),0.10465116279069768,0.056040897145363075,0.18707023559220054,9/86 (10.47%; 95% CI 5.60–18.71%),0.686046511627907,0.5817959683851581,0.7743870279736356,59/86 (68.60%; 95% CI 58.18–77.44%),0.9651162790697675,0.9023912889743924,0.9880662019225916,83/86 (96.51%; 95% CI 90.24–98.81%)
internvl,appod,H08,8,3,13,3,55,15,86,83,0.03488372093023256,0.01193379807740838,0.09760871102560764,3/86 (3.49%; 95% CI 1.19–9.76%),0.1744186046511628,0.10864769842075103,0.2680320579513602,15/86 (17.44%; 95% CI 10.86–26.80%),0.1511627906976744,0.09052122983132334,0.24163565199593867,13/86 (15.12%; 95% CI 9.05–24.16%),0.6395348837209303,0.5341068512119144,0.7330303960571808,55/86 (63.95%; 95% CI 53.41–73.30%),0.9651162790697675,0.9023912889743924,0.9880662019225916,83/86 (96.51%; 95% CI 90.24–98.81%)
internvl,appod,H08,8,4,15,3,53,15,86,83,0.03488372093023256,0.01193379807740838,0.09760871102560764,3/86 (3.49%; 95% CI 1.19–9.76%),0.1744186046511628,0.10864769842075103,0.2680320579513602,15/86 (17.44%; 95% CI 10.86–26.80%),0.1744186046511628,0.10864769842075103,0.2680320579513602,15/86 (17.44%; 95% CI 10.86–26.80%),0.6162790697674418,0.5106287727439646,0.7119855999802814,53/86 (61.63%; 95% CI 51.06–71.20%),0.9651162790697675,0.9023912889743924,0.9880662019225916,83/86 (96.51%; 95% CI 90.24–98.81%)
internvl,appod,H08,8,5,17,3,51,15,86,83,0.03488372093023256,0.01193379807740838,0.09760871102560764,3/86 (3.49%; 95% CI 1.19–9.76%),0.1744186046511628,0.10864769842075103,0.2680320579513602,15/86 (17.44%; 95% CI 10.86–26.80%),0.19767441860465115,0.12724351812233703,0.2939591127946234,17/86 (19.77%; 95% CI 12.72–29.40%),0.5930232558139535,0.487382730957907,0.6907087672214898,51/86 (59.30%; 95% CI 48.74–69.07%),0.9651162790697675,0.9023912889743924,0.9880662019225916,83/86 (96.51%; 95% CI 90.24–98.81%)
internvl,appod,H10,10,1,6,5,63,12,86,81,0.05813953488372093,0.025086935621079658,0.12897844802678554,5/86 (5.81%; 95% CI 2.51–12.90%),0.13953488372093023,0.08165847155571476,0.22823697299912266,12/86 (13.95%; 95% CI 8.17–22.82%),0.06976744186046512,0.032365414509921336,0.14396140641036848,6/86 (6.98%; 95% CI 3.24–14.40%),0.7325581395348837,0.6305495916710698,0.8146791537774222,63/86 (73.26%; 95% CI 63.05–81.47%),0.9418604651162791,0.8710215519732145,0.9749130643789203,81/86 (94.19%; 95% CI 87.10–97.49%)
internvl,appod,H10,10,2,10,5,59,12,86,81,0.05813953488372093,0.025086935621079658,0.12897844802678554,5/86 (5.81%; 95% CI 2.51–12.90%),0.13953488372093023,0.08165847155571476,0.22823697299912266,12/86 (13.95%; 95% CI 8.17–22.82%),0.11627906976744186,0.06440045821928717,0.20097211179070104,10/86 (11.63%; 95% CI 6.44–20.10%),0.686046511627907,0.5817959683851581,0.7743870279736356,59/86 (68.60%; 95% CI 58.18–77.44%),0.9418604651162791,0.8710215519732145,0.9749130643789203,81/86 (94.19%; 95% CI 87.10–97.49%)
internvl,appod,H10,10,3,14,5,55,12,86,81,0.05813953488372093,0.025086935621079658,0.12897844802678554,5/86 (5.81%; 95% CI 2.51–12.90%),0.13953488372093023,0.08165847155571476,0.22823697299912266,12/86 (13.95%; 95% CI 8.17–22.82%),0.16279069767441862,0.09952131046989598,0.25489700862979064,14/86 (16.28%; 95% CI 9.95–25.49%),0.6395348837209303,0.5341068512119144,0.7330303960571808,55/86 (63.95%; 95% CI 53.41–73.30%),0.9418604651162791,0.8710215519732145,0.9749130643789203,81/86 (94.19%; 95% CI 87.10–97.49%)
internvl,appod,H10,10,4,16,5,53,12,86,81,0.05813953488372093,0.025086935621079658,0.12897844802678554,5/86 (5.81%; 95% CI 2.51–12.90%),0.13953488372093023,0.08165847155571476,0.22823697299912266,12/86 (13.95%; 95% CI 8.17–22.82%),0.18604651162790697,0.11789108340273816,0.2810501102417977,16/86 (18.60%; 95% CI 11.79–28.11%),0.6162790697674418,0.5106287727439646,0.7119855999802814,53/86 (61.63%; 95% CI 51.06–71.20%),0.9418604651162791,0.8710215519732145,0.9749130643789203,81/86 (94.19%; 95% CI 87.10–97.49%)
internvl,appod,H10,10,5,18,5,51,12,86,81,0.05813953488372093,0.025086935621079658,0.12897844802678554,5/86 (5.81%; 95% CI 2.51–12.90%),0.13953488372093023,0.08165847155571476,0.22823697299912266,12/86 (13.95%; 95% CI 8.17–22.82%),0.20930232558139536,0.1366981607462176,0.30676590744316745,18/86 (20.93%; 95% CI 13.67–30.68%),0.5930232558139535,0.487382730957907,0.6907087672214898,51/86 (59.30%; 95% CI 48.74–69.07%),0.9418604651162791,0.8710215519732145,0.9749130643789203,81/86 (94.19%; 95% CI 87.10–97.49%)
internvl,appod,H12,12,1,5,3,63,15,86,83,0.03488372093023256,0.01193379807740838,0.09760871102560764,3/86 (3.49%; 95% CI 1.19–9.76%),0.1744186046511628,0.10864769842075103,0.2680320579513602,15/86 (17.44%; 95% CI 10.86–26.80%),0.05813953488372093,0.025086935621079658,0.12897844802678554,5/86 (5.81%; 95% CI 2.51–12.90%),0.7325581395348837,0.6305495916710698,0.8146791537774222,63/86 (73.26%; 95% CI 63.05–81.47%),0.9651162790697675,0.9023912889743924,0.9880662019225916,83/86 (96.51%; 95% CI 90.24–98.81%)
internvl,appod,H12,12,2,10,3,58,15,86,83,0.03488372093023256,0.01193379807740838,0.09760871102560764,3/86 (3.49%; 95% CI 1.19–9.76%),0.1744186046511628,0.10864769842075103,0.2680320579513602,15/86 (17.44%; 95% CI 10.86–26.80%),0.11627906976744186,0.06440045821928717,0.20097211179070104,10/86 (11.63%; 95% CI 6.44–20.10%),0.6744186046511628,0.569778553659483,0.7641430054268858,58/86 (67.44%; 95% CI 56.98–76.41%),0.9651162790697675,0.9023912889743924,0.9880662019225916,83/86 (96.51%; 95% CI 90.24–98.81%)
internvl,appod,H12,12,3,13,3,55,15,86,83,0.03488372093023256,0.01193379807740838,0.09760871102560764,3/86 (3.49%; 95% CI 1.19–9.76%),0.1744186046511628,0.10864769842075103,0.2680320579513602,15/86 (17.44%; 95% CI 10.86–26.80%),0.1511627906976744,0.09052122983132334,0.24163565199593867,13/86 (15.12%; 95% CI 9.05–24.16%),0.6395348837209303,0.5341068512119144,0.7330303960571808,55/86 (63.95%; 95% CI 53.41–73.30%),0.9651162790697675,0.9023912889743924,0.9880662019225916,83/86 (96.51%; 95% CI 90.24–98.81%)
internvl,appod,H12,12,4,15,3,53,15,86,83,0.03488372093023256,0.01193379807740838,0.09760871102560764,3/86 (3.49%; 95% CI 1.19–9.76%),0.1744186046511628,0.10864769842075103,0.2680320579513602,15/86 (17.44%; 95% CI 10.86–26.80%),0.1744186046511628,0.10864769842075103,0.2680320579513602,15/86 (17.44%; 95% CI 10.86–26.80%),0.6162790697674418,0.5106287727439646,0.7119855999802814,53/86 (61.63%; 95% CI 51.06–71.20%),0.9651162790697675,0.9023912889743924,0.9880662019225916,83/86 (96.51%; 95% CI 90.24–98.81%)
internvl,appod,H12,12,5,17,3,51,15,86,83,0.03488372093023256,0.01193379807740838,0.09760871102560764,3/86 (3.49%; 95% CI 1.19–9.76%),0.1744186046511628,0.10864769842075103,0.2680320579513602,15/86 (17.44%; 95% CI 10.86–26.80%),0.19767441860465115,0.12724351812233703,0.2939591127946234,17/86 (19.77%; 95% CI 12.72–29.40%),0.5930232558139535,0.487382730957907,0.6907087672214898,51/86 (59.30%; 95% CI 48.74–69.07%),0.9651162790697675,0.9023912889743924,0.9880662019225916,83/86 (96.51%; 95% CI 90.24–98.81%)
internvl,appod,H14,14,1,7,8,59,12,86,78,0.09302325581395349,0.04789228421527053,0.1729574112498685,8/86 (9.30%; 95% CI 4.79–17.30%),0.13953488372093023,0.08165847155571476,0.22823697299912266,12/86 (13.95%; 95% CI 8.17–22.82%),0.08139534883720931,0.03998643153878242,0.15860182665393202,7/86 (8.14%; 95% CI 4.00–15.86%),0.686046511627907,0.5817959683851581,0.7743870279736356,59/86 (68.60%; 95% CI 58.18–77.44%),0.9069767441860465,0.8270425887501315,0.9521077157847294,78/86 (90.70%; 95% CI 82.70–95.21%)
internvl,appod,H14,14,2,9,8,57,12,86,78,0.09302325581395349,0.04789228421527053,0.1729574112498685,8/86 (9.30%; 95% CI 4.79–17.30%),0.13953488372093023,0.08165847155571476,0.22823697299912266,12/86 (13.95%; 95% CI 8.17–22.82%),0.10465116279069768,0.056040897145363075,0.18707023559220054,9/86 (10.47%; 95% CI 5.60–18.71%),0.6627906976744186,0.557825607589722,0.7538345142242223,57/86 (66.28%; 95% CI 55.78–75.38%),0.9069767441860465,0.8270425887501315,0.9521077157847294,78/86 (90.70%; 95% CI 82.70–95.21%)
internvl,appod,H14,14,3,13,8,53,12,86,78,0.09302325581395349,0.04789228421527053,0.1729574112498685,8/86 (9.30%; 95% CI 4.79–17.30%),0.13953488372093023,0.08165847155571476,0.22823697299912266,12/86 (13.95%; 95% CI 8.17–22.82%),0.1511627906976744,0.09052122983132334,0.24163565199593867,13/86 (15.12%; 95% CI 9.05–24.16%),0.6162790697674418,0.5106287727439646,0.7119855999802814,53/86 (61.63%; 95% CI 51.06–71.20%),0.9069767441860465,0.8270425887501315,0.9521077157847294,78/86 (90.70%; 95% CI 82.70–95.21%)
internvl,appod,H14,14,4,14,8,52,12,86,78,0.09302325581395349,0.04789228421527053,0.1729574112498685,8/86 (9.30%; 95% CI 4.79–17.30%),0.13953488372093023,0.08165847155571476,0.22823697299912266,12/86 (13.95%; 95% CI 8.17–22.82%),0.16279069767441862,0.09952131046989598,0.25489700862979064,14/86 (16.28%; 95% CI 9.95–25.49%),0.6046511627906976,0.4989772079672809,0.7013757274845405,52/86 (60.47%; 95% CI 49.90–70.14%),0.9069767441860465,0.8270425887501315,0.9521077157847294,78/86 (90.70%; 95% CI 82.70–95.21%)
internvl,appod,H14,14,5,16,8,50,12,86,78,0.09302325581395349,0.04789228421527053,0.1729574112498685,8/86 (9.30%; 95% CI 4.79–17.30%),0.13953488372093023,0.08165847155571476,0.22823697299912266,12/86 (13.95%; 95% CI 8.17–22.82%),0.18604651162790697,0.11789108340273816,0.2810501102417977,16/86 (18.60%; 95% CI 11.79–28.11%),0.5813953488372093,0.4758445635760395,0.6799854973309328,50/86 (58.14%; 95% CI 47.58–68.00%),0.9069767441860465,0.8270425887501315,0.9521077157847294,78/86 (90.70%; 95% CI 82.70–95.21%)
internvl,appod,H16,16,1,5,9,61,11,86,77,0.10465116279069768,0.056040897145363075,0.18707023559220054,9/86 (10.47%; 95% CI 5.60–18.71%),0.12790697674418605,0.07294621791742709,0.21468778936498575,11/86 (12.79%; 95% CI 7.29–21.47%),0.05813953488372093,0.025086935621079658,0.12897844802678554,5/86 (5.81%; 95% CI 2.51–12.90%),0.7093023255813954,0.6060316083912257,0.7946742625124171,61/86 (70.93%; 95% CI 60.60–79.47%),0.8953488372093024,0.8129297644077995,0.943959102854637,77/86 (89.53%; 95% CI 81.29–94.40%)
internvl,appod,H16,16,2,8,9,58,11,86,77,0.10465116279069768,0.056040897145363075,0.18707023559220054,9/86 (10.47%; 95% CI 5.60–18.71%),0.12790697674418605,0.07294621791742709,0.21468778936498575,11/86 (12.79%; 95% CI 7.29–21.47%),0.09302325581395349,0.04789228421527053,0.1729574112498685,8/86 (9.30%; 95% CI 4.79–17.30%),0.6744186046511628,0.569778553659483,0.7641430054268858,58/86 (67.44%; 95% CI 56.98–76.41%),0.8953488372093024,0.8129297644077995,0.943959102854637,77/86 (89.53%; 95% CI 81.29–94.40%)
internvl,appod,H16,16,3,12,9,54,11,86,77,0.10465116279069768,0.056040897145363075,0.18707023559220054,9/86 (10.47%; 95% CI 5.60–18.71%),0.12790697674418605,0.07294621791742709,0.21468778936498575,11/86 (12.79%; 95% CI 7.29–21.47%),0.13953488372093023,0.08165847155571476,0.22823697299912266,12/86 (13.95%; 95% CI 8.17–22.82%),0.627906976744186,0.5223383164148251,0.7225374935818455,54/86 (62.79%; 95% CI 52.23–72.25%),0.8953488372093024,0.8129297644077995,0.943959102854637,77/86 (89.53%; 95% CI 81.29–94.40%)
internvl,appod,H16,16,4,13,9,53,11,86,77,0.10465116279069768,0.056040897145363075,0.18707023559220054,9/86 (10.47%; 95% CI 5.60–18.71%),0.12790697674418605,0.07294621791742709,0.21468778936498575,11/86 (12.79%; 95% CI 7.29–21.47%),0.1511627906976744,0.09052122983132334,0.24163565199593867,13/86 (15.12%; 95% CI 9.05–24.16%),0.6162790697674418,0.5106287727439646,0.7119855999802814,53/86 (61.63%; 95% CI 51.06–71.20%),0.8953488372093024,0.8129297644077995,0.943959102854637,77/86 (89.53%; 95% CI 81.29–94.40%)
internvl,appod,H16,16,5,16,9,50,11,86,77,0.10465116279069768,0.056040897145363075,0.18707023559220054,9/86 (10.47%; 95% CI 5.60–18.71%),0.12790697674418605,0.07294621791742709,0.21468778936498575,11/86 (12.79%; 95% CI 7.29–21.47%),0.18604651162790697,0.11789108340273816,0.2810501102417977,16/86 (18.60%; 95% CI 11.79–28.11%),0.5813953488372093,0.4758445635760395,0.6799854973309328,50/86 (58.14%; 95% CI 47.58–68.00%),0.8953488372093024,0.8129297644077995,0.943959102854637,77/86 (89.53%; 95% CI 81.29–94.40%)
internvl,appod,H18,18,1,6,3,62,15,86,83,0.03488372093023256,0.01193379807740838,0.09760871102560764,3/86 (3.49%; 95% CI 1.19–9.76%),0.1744186046511628,0.10864769842075103,0.2680320579513602,15/86 (17.44%; 95% CI 10.86–26.80%),0.06976744186046512,0.032365414509921336,0.14396140641036848,6/86 (6.98%; 95% CI 3.24–14.40%),0.7209302325581395,0.6182540858816528,0.8047132222944144,62/86 (72.09%; 95% CI 61.83–80.47%),0.9651162790697675,0.9023912889743924,0.9880662019225916,83/86 (96.51%; 95% CI 90.24–98.81%)
internvl,appod,H18,18,2,9,3,59,15,86,83,0.03488372093023256,0.01193379807740838,0.09760871102560764,3/86 (3.49%; 95% CI 1.19–9.76%),0.1744186046511628,0.10864769842075103,0.2680320579513602,15/86 (17.44%; 95% CI 10.86–26.80%),0.10465116279069768,0.056040897145363075,0.18707023559220054,9/86 (10.47%; 95% CI 5.60–18.71%),0.686046511627907,0.5817959683851581,0.7743870279736356,59/86 (68.60%; 95% CI 58.18–77.44%),0.9651162790697675,0.9023912889743924,0.9880662019225916,83/86 (96.51%; 95% CI 90.24–98.81%)
internvl,appod,H18,18,3,14,3,54,15,86,83,0.03488372093023256,0.01193379807740838,0.09760871102560764,3/86 (3.49%; 95% CI 1.19–9.76%),0.1744186046511628,0.10864769842075103,0.2680320579513602,15/86 (17.44%; 95% CI 10.86–26.80%),0.16279069767441862,0.09952131046989598,0.25489700862979064,14/86 (16.28%; 95% CI 9.95–25.49%),0.627906976744186,0.5223383164148251,0.7225374935818455,54/86 (62.79%; 95% CI 52.23–72.25%),0.9651162790697675,0.9023912889743924,0.9880662019225916,83/86 (96.51%; 95% CI 90.24–98.81%)
internvl,appod,H18,18,4,15,3,53,15,86,83,0.03488372093023256,0.01193379807740838,0.09760871102560764,3/86 (3.49%; 95% CI 1.19–9.76%),0.1744186046511628,0.10864769842075103,0.2680320579513602,15/86 (17.44%; 95% CI 10.86–26.80%),0.1744186046511628,0.10864769842075103,0.2680320579513602,15/86 (17.44%; 95% CI 10.86–26.80%),0.6162790697674418,0.5106287727439646,0.7119855999802814,53/86 (61.63%; 95% CI 51.06–71.20%),0.9651162790697675,0.9023912889743924,0.9880662019225916,83/86 (96.51%; 95% CI 90.24–98.81%)
internvl,appod,H18,18,5,17,3,51,15,86,83,0.03488372093023256,0.01193379807740838,0.09760871102560764,3/86 (3.49%; 95% CI 1.19–9.76%),0.1744186046511628,0.10864769842075103,0.2680320579513602,15/86 (17.44%; 95% CI 10.86–26.80%),0.19767441860465115,0.12724351812233703,0.2939591127946234,17/86 (19.77%; 95% CI 12.72–29.40%),0.5930232558139535,0.487382730957907,0.6907087672214898,51/86 (59.30%; 95% CI 48.74–69.07%),0.9651162790697675,0.9023912889743924,0.9880662019225916,83/86 (96.51%; 95% CI 90.24–98.81%)
internvl,appod,H20,20,1,6,3,62,15,86,83,0.03488372093023256,0.01193379807740838,0.09760871102560764,3/86 (3.49%; 95% CI 1.19–9.76%),0.1744186046511628,0.10864769842075103,0.2680320579513602,15/86 (17.44%; 95% CI 10.86–26.80%),0.06976744186046512,0.032365414509921336,0.14396140641036848,6/86 (6.98%; 95% CI 3.24–14.40%),0.7209302325581395,0.6182540858816528,0.8047132222944144,62/86 (72.09%; 95% CI 61.83–80.47%),0.9651162790697675,0.9023912889743924,0.9880662019225916,83/86 (96.51%; 95% CI 90.24–98.81%)
internvl,appod,H20,20,2,10,3,58,15,86,83,0.03488372093023256,0.01193379807740838,0.09760871102560764,3/86 (3.49%; 95% CI 1.19–9.76%),0.1744186046511628,0.10864769842075103,0.2680320579513602,15/86 (17.44%; 95% CI 10.86–26.80%),0.11627906976744186,0.06440045821928717,0.20097211179070104,10/86 (11.63%; 95% CI 6.44–20.10%),0.6744186046511628,0.569778553659483,0.7641430054268858,58/86 (67.44%; 95% CI 56.98–76.41%),0.9651162790697675,0.9023912889743924,0.9880662019225916,83/86 (96.51%; 95% CI 90.24–98.81%)
internvl,appod,H20,20,3,13,3,55,15,86,83,0.03488372093023256,0.01193379807740838,0.09760871102560764,3/86 (3.49%; 95% CI 1.19–9.76%),0.1744186046511628,0.10864769842075103,0.2680320579513602,15/86 (17.44%; 95% CI 10.86–26.80%),0.1511627906976744,0.09052122983132334,0.24163565199593867,13/86 (15.12%; 95% CI 9.05–24.16%),0.6395348837209303,0.5341068512119144,0.7330303960571808,55/86 (63.95%; 95% CI 53.41–73.30%),0.9651162790697675,0.9023912889743924,0.9880662019225916,83/86 (96.51%; 95% CI 90.24–98.81%)
internvl,appod,H20,20,4,15,3,53,15,86,83,0.03488372093023256,0.01193379807740838,0.09760871102560764,3/86 (3.49%; 95% CI 1.19–9.76%),0.1744186046511628,0.10864769842075103,0.2680320579513602,15/86 (17.44%; 95% CI 10.86–26.80%),0.1744186046511628,0.10864769842075103,0.2680320579513602,15/86 (17.44%; 95% CI 10.86–26.80%),0.6162790697674418,0.5106287727439646,0.7119855999802814,53/86 (61.63%; 95% CI 51.06–71.20%),0.9651162790697675,0.9023912889743924,0.9880662019225916,83/86 (96.51%; 95% CI 90.24–98.81%)
internvl,appod,H20,20,5,17,3,51,15,86,83,0.03488372093023256,0.01193379807740838,0.09760871102560764,3/86 (3.49%; 95% CI 1.19–9.76%),0.1744186046511628,0.10864769842075103,0.2680320579513602,15/86 (17.44%; 95% CI 10.86–26.80%),0.19767441860465115,0.12724351812233703,0.2939591127946234,17/86 (19.77%; 95% CI 12.72–29.40%),0.5930232558139535,0.487382730957907,0.6907087672214898,51/86 (59.30%; 95% CI 48.74–69.07%),0.9651162790697675,0.9023912889743924,0.9880662019225916,83/86 (96.51%; 95% CI 90.24–98.81%)
internvl,appod,H22,22,1,7,3,61,15,86,83,0.03488372093023256,0.01193379807740838,0.09760871102560764,3/86 (3.49%; 95% CI 1.19–9.76%),0.1744186046511628,0.10864769842075103,0.2680320579513602,15/86 (17.44%; 95% CI 10.86–26.80%),0.08139534883720931,0.03998643153878242,0.15860182665393202,7/86 (8.14%; 95% CI 4.00–15.86%),0.7093023255813954,0.6060316083912257,0.7946742625124171,61/86 (70.93%; 95% CI 60.60–79.47%),0.9651162790697675,0.9023912889743924,0.9880662019225916,83/86 (96.51%; 95% CI 90.24–98.81%)
internvl,appod,H22,22,2,10,3,58,15,86,83,0.03488372093023256,0.01193379807740838,0.09760871102560764,3/86 (3.49%; 95% CI 1.19–9.76%),0.1744186046511628,0.10864769842075103,0.2680320579513602,15/86 (17.44%; 95% CI 10.86–26.80%),0.11627906976744186,0.06440045821928717,0.20097211179070104,10/86 (11.63%; 95% CI 6.44–20.10%),0.6744186046511628,0.569778553659483,0.7641430054268858,58/86 (67.44%; 95% CI 56.98–76.41%),0.9651162790697675,0.9023912889743924,0.9880662019225916,83/86 (96.51%; 95% CI 90.24–98.81%)
internvl,appod,H22,22,3,14,3,54,15,86,83,0.03488372093023256,0.01193379807740838,0.09760871102560764,3/86 (3.49%; 95% CI 1.19–9.76%),0.1744186046511628,0.10864769842075103,0.2680320579513602,15/86 (17.44%; 95% CI 10.86–26.80%),0.16279069767441862,0.09952131046989598,0.25489700862979064,14/86 (16.28%; 95% CI 9.95–25.49%),0.627906976744186,0.5223383164148251,0.7225374935818455,54/86 (62.79%; 95% CI 52.23–72.25%),0.9651162790697675,0.9023912889743924,0.9880662019225916,83/86 (96.51%; 95% CI 90.24–98.81%)
internvl,appod,H22,22,4,15,3,53,15,86,83,0.03488372093023256,0.01193379807740838,0.09760871102560764,3/86 (3.49%; 95% CI 1.19–9.76%),0.1744186046511628,0.10864769842075103,0.2680320579513602,15/86 (17.44%; 95% CI 10.86–26.80%),0.1744186046511628,0.10864769842075103,0.2680320579513602,15/86 (17.44%; 95% CI 10.86–26.80%),0.6162790697674418,0.5106287727439646,0.7119855999802814,53/86 (61.63%; 95% CI 51.06–71.20%),0.9651162790697675,0.9023912889743924,0.9880662019225916,83/86 (96.51%; 95% CI 90.24–98.81%)
internvl,appod,H22,22,5,17,3,51,15,86,83,0.03488372093023256,0.01193379807740838,0.09760871102560764,3/86 (3.49%; 95% CI 1.19–9.76%),0.1744186046511628,0.10864769842075103,0.2680320579513602,15/86 (17.44%; 95% CI 10.86–26.80%),0.19767441860465115,0.12724351812233703,0.2939591127946234,17/86 (19.77%; 95% CI 12.72–29.40%),0.5930232558139535,0.487382730957907,0.6907087672214898,51/86 (59.30%; 95% CI 48.74–69.07%),0.9651162790697675,0.9023912889743924,0.9880662019225916,83/86 (96.51%; 95% CI 90.24–98.81%)
internvl,appod,H24,24,1,7,3,61,15,86,83,0.03488372093023256,0.01193379807740838,0.09760871102560764,3/86 (3.49%; 95% CI 1.19–9.76%),0.1744186046511628,0.10864769842075103,0.2680320579513602,15/86 (17.44%; 95% CI 10.86–26.80%),0.08139534883720931,0.03998643153878242,0.15860182665393202,7/86 (8.14%; 95% CI 4.00–15.86%),0.7093023255813954,0.6060316083912257,0.7946742625124171,61/86 (70.93%; 95% CI 60.60–79.47%),0.9651162790697675,0.9023912889743924,0.9880662019225916,83/86 (96.51%; 95% CI 90.24–98.81%)
internvl,appod,H24,24,2,10,3,58,15,86,83,0.03488372093023256,0.01193379807740838,0.09760871102560764,3/86 (3.49%; 95% CI 1.19–9.76%),0.1744186046511628,0.10864769842075103,0.2680320579513602,15/86 (17.44%; 95% CI 10.86–26.80%),0.11627906976744186,0.06440045821928717,0.20097211179070104,10/86 (11.63%; 95% CI 6.44–20.10%),0.6744186046511628,0.569778553659483,0.7641430054268858,58/86 (67.44%; 95% CI 56.98–76.41%),0.9651162790697675,0.9023912889743924,0.9880662019225916,83/86 (96.51%; 95% CI 90.24–98.81%)
internvl,appod,H24,24,3,13,3,55,15,86,83,0.03488372093023256,0.01193379807740838,0.09760871102560764,3/86 (3.49%; 95% CI 1.19–9.76%),0.1744186046511628,0.10864769842075103,0.2680320579513602,15/86 (17.44%; 95% CI 10.86–26.80%),0.1511627906976744,0.09052122983132334,0.24163565199593867,13/86 (15.12%; 95% CI 9.05–24.16%),0.6395348837209303,0.5341068512119144,0.7330303960571808,55/86 (63.95%; 95% CI 53.41–73.30%),0.9651162790697675,0.9023912889743924,0.9880662019225916,83/86 (96.51%; 95% CI 90.24–98.81%)
internvl,appod,H24,24,4,15,3,53,15,86,83,0.03488372093023256,0.01193379807740838,0.09760871102560764,3/86 (3.49%; 95% CI 1.19–9.76%),0.1744186046511628,0.10864769842075103,0.2680320579513602,15/86 (17.44%; 95% CI 10.86–26.80%),0.1744186046511628,0.10864769842075103,0.2680320579513602,15/86 (17.44%; 95% CI 10.86–26.80%),0.6162790697674418,0.5106287727439646,0.7119855999802814,53/86 (61.63%; 95% CI 51.06–71.20%),0.9651162790697675,0.9023912889743924,0.9880662019225916,83/86 (96.51%; 95% CI 90.24–98.81%)
internvl,appod,H24,24,5,17,3,51,15,86,83,0.03488372093023256,0.01193379807740838,0.09760871102560764,3/86 (3.49%; 95% CI 1.19–9.76%),0.1744186046511628,0.10864769842075103,0.2680320579513602,15/86 (17.44%; 95% CI 10.86–26.80%),0.19767441860465115,0.12724351812233703,0.2939591127946234,17/86 (19.77%; 95% CI 12.72–29.40%),0.5930232558139535,0.487382730957907,0.6907087672214898,51/86 (59.30%; 95% CI 48.74–69.07%),0.9651162790697675,0.9023912889743924,0.9880662019225916,83/86 (96.51%; 95% CI 90.24–98.81%)
internvl,appod,H26,26,1,5,3,63,15,86,83,0.03488372093023256,0.01193379807740838,0.09760871102560764,3/86 (3.49%; 95% CI 1.19–9.76%),0.1744186046511628,0.10864769842075103,0.2680320579513602,15/86 (17.44%; 95% CI 10.86–26.80%),0.05813953488372093,0.025086935621079658,0.12897844802678554,5/86 (5.81%; 95% CI 2.51–12.90%),0.7325581395348837,0.6305495916710698,0.8146791537774222,63/86 (73.26%; 95% CI 63.05–81.47%),0.9651162790697675,0.9023912889743924,0.9880662019225916,83/86 (96.51%; 95% CI 90.24–98.81%)
internvl,appod,H26,26,2,8,3,60,15,86,83,0.03488372093023256,0.01193379807740838,0.09760871102560764,3/86 (3.49%; 95% CI 1.19–9.76%),0.1744186046511628,0.10864769842075103,0.2680320579513602,15/86 (17.44%; 95% CI 10.86–26.80%),0.09302325581395349,0.04789228421527053,0.1729574112498685,8/86 (9.30%; 95% CI 4.79–17.30%),0.6976744186046512,0.5938796504460166,0.7845647831852016,60/86 (69.77%; 95% CI 59.39–78.46%),0.9651162790697675,0.9023912889743924,0.9880662019225916,83/86 (96.51%; 95% CI 90.24–98.81%)
internvl,appod,H26,26,3,13,3,55,15,86,83,0.03488372093023256,0.01193379807740838,0.09760871102560764,3/86 (3.49%; 95% CI 1.19–9.76%),0.1744186046511628,0.10864769842075103,0.2680320579513602,15/86 (17.44%; 95% CI 10.86–26.80%),0.1511627906976744,0.09052122983132334,0.24163565199593867,13/86 (15.12%; 95% CI 9.05–24.16%),0.6395348837209303,0.5341068512119144,0.7330303960571808,55/86 (63.95%; 95% CI 53.41–73.30%),0.9651162790697675,0.9023912889743924,0.9880662019225916,83/86 (96.51%; 95% CI 90.24–98.81%)
internvl,appod,H26,26,4,15,3,53,15,86,83,0.03488372093023256,0.01193379807740838,0.09760871102560764,3/86 (3.49%; 95% CI 1.19–9.76%),0.1744186046511628,0.10864769842075103,0.2680320579513602,15/86 (17.44%; 95% CI 10.86–26.80%),0.1744186046511628,0.10864769842075103,0.2680320579513602,15/86 (17.44%; 95% CI 10.86–26.80%),0.6162790697674418,0.5106287727439646,0.7119855999802814,53/86 (61.63%; 95% CI 51.06–71.20%),0.9651162790697675,0.9023912889743924,0.9880662019225916,83/86 (96.51%; 95% CI 90.24–98.81%)
internvl,appod,H26,26,5,17,3,51,15,86,83,0.03488372093023256,0.01193379807740838,0.09760871102560764,3/86 (3.49%; 95% CI 1.19–9.76%),0.1744186046511628,0.10864769842075103,0.2680320579513602,15/86 (17.44%; 95% CI 10.86–26.80%),0.19767441860465115,0.12724351812233703,0.2939591127946234,17/86 (19.77%; 95% CI 12.72–29.40%),0.5930232558139535,0.487382730957907,0.6907087672214898,51/86 (59.30%; 95% CI 48.74–69.07%),0.9651162790697675,0.9023912889743924,0.9880662019225916,83/86 (96.51%; 95% CI 90.24–98.81%)
internvl,appod,H28,28,1,5,3,63,15,86,83,0.03488372093023256,0.01193379807740838,0.09760871102560764,3/86 (3.49%; 95% CI 1.19–9.76%),0.1744186046511628,0.10864769842075103,0.2680320579513602,15/86 (17.44%; 95% CI 10.86–26.80%),0.05813953488372093,0.025086935621079658,0.12897844802678554,5/86 (5.81%; 95% CI 2.51–12.90%),0.7325581395348837,0.6305495916710698,0.8146791537774222,63/86 (73.26%; 95% CI 63.05–81.47%),0.9651162790697675,0.9023912889743924,0.9880662019225916,83/86 (96.51%; 95% CI 90.24–98.81%)
internvl,appod,H28,28,2,8,3,60,15,86,83,0.03488372093023256,0.01193379807740838,0.09760871102560764,3/86 (3.49%; 95% CI 1.19–9.76%),0.1744186046511628,0.10864769842075103,0.2680320579513602,15/86 (17.44%; 95% CI 10.86–26.80%),0.09302325581395349,0.04789228421527053,0.1729574112498685,8/86 (9.30%; 95% CI 4.79–17.30%),0.6976744186046512,0.5938796504460166,0.7845647831852016,60/86 (69.77%; 95% CI 59.39–78.46%),0.9651162790697675,0.9023912889743924,0.9880662019225916,83/86 (96.51%; 95% CI 90.24–98.81%)
internvl,appod,H28,28,3,13,3,55,15,86,83,0.03488372093023256,0.01193379807740838,0.09760871102560764,3/86 (3.49%; 95% CI 1.19–9.76%),0.1744186046511628,0.10864769842075103,0.2680320579513602,15/86 (17.44%; 95% CI 10.86–26.80%),0.1511627906976744,0.09052122983132334,0.24163565199593867,13/86 (15.12%; 95% CI 9.05–24.16%),0.6395348837209303,0.5341068512119144,0.7330303960571808,55/86 (63.95%; 95% CI 53.41–73.30%),0.9651162790697675,0.9023912889743924,0.9880662019225916,83/86 (96.51%; 95% CI 90.24–98.81%)
internvl,appod,H28,28,4,15,3,53,15,86,83,0.03488372093023256,0.01193379807740838,0.09760871102560764,3/86 (3.49%; 95% CI 1.19–9.76%),0.1744186046511628,0.10864769842075103,0.2680320579513602,15/86 (17.44%; 95% CI 10.86–26.80%),0.1744186046511628,0.10864769842075103,0.2680320579513602,15/86 (17.44%; 95% CI 10.86–26.80%),0.6162790697674418,0.5106287727439646,0.7119855999802814,53/86 (61.63%; 95% CI 51.06–71.20%),0.9651162790697675,0.9023912889743924,0.9880662019225916,83/86 (96.51%; 95% CI 90.24–98.81%)
internvl,appod,H28,28,5,17,3,51,15,86,83,0.03488372093023256,0.01193379807740838,0.09760871102560764,3/86 (3.49%; 95% CI 1.19–9.76%),0.1744186046511628,0.10864769842075103,0.2680320579513602,15/86 (17.44%; 95% CI 10.86–26.80%),0.19767441860465115,0.12724351812233703,0.2939591127946234,17/86 (19.77%; 95% CI 12.72–29.40%),0.5930232558139535,0.487382730957907,0.6907087672214898,51/86 (59.30%; 95% CI 48.74–69.07%),0.9651162790697675,0.9023912889743924,0.9880662019225916,83/86 (96.51%; 95% CI 90.24–98.81%)
internvl,appod,H30,30,1,5,2,63,16,86,84,0.023255813953488372,0.0064009262042708515,0.08088014562632057,2/86 (2.33%; 95% CI 0.64–8.09%),0.18604651162790697,0.11789108340273816,0.2810501102417977,16/86 (18.60%; 95% CI 11.79–28.11%),0.05813953488372093,0.025086935621079658,0.12897844802678554,5/86 (5.81%; 95% CI 2.51–12.90%),0.7325581395348837,0.6305495916710698,0.8146791537774222,63/86 (73.26%; 95% CI 63.05–81.47%),0.9767441860465116,0.9191198543736794,0.9935990737957292,84/86 (97.67%; 95% CI 91.91–99.36%)
internvl,appod,H30,30,2,8,2,60,16,86,84,0.023255813953488372,0.0064009262042708515,0.08088014562632057,2/86 (2.33%; 95% CI 0.64–8.09%),0.18604651162790697,0.11789108340273816,0.2810501102417977,16/86 (18.60%; 95% CI 11.79–28.11%),0.09302325581395349,0.04789228421527053,0.1729574112498685,8/86 (9.30%; 95% CI 4.79–17.30%),0.6976744186046512,0.5938796504460166,0.7845647831852016,60/86 (69.77%; 95% CI 59.39–78.46%),0.9767441860465116,0.9191198543736794,0.9935990737957292,84/86 (97.67%; 95% CI 91.91–99.36%)
internvl,appod,H30,30,3,13,2,55,16,86,84,0.023255813953488372,0.0064009262042708515,0.08088014562632057,2/86 (2.33%; 95% CI 0.64–8.09%),0.18604651162790697,0.11789108340273816,0.2810501102417977,16/86 (18.60%; 95% CI 11.79–28.11%),0.1511627906976744,0.09052122983132334,0.24163565199593867,13/86 (15.12%; 95% CI 9.05–24.16%),0.6395348837209303,0.5341068512119144,0.7330303960571808,55/86 (63.95%; 95% CI 53.41–73.30%),0.9767441860465116,0.9191198543736794,0.9935990737957292,84/86 (97.67%; 95% CI 91.91–99.36%)
internvl,appod,H30,30,4,15,2,53,16,86,84,0.023255813953488372,0.0064009262042708515,0.08088014562632057,2/86 (2.33%; 95% CI 0.64–8.09%),0.18604651162790697,0.11789108340273816,0.2810501102417977,16/86 (18.60%; 95% CI 11.79–28.11%),0.1744186046511628,0.10864769842075103,0.2680320579513602,15/86 (17.44%; 95% CI 10.86–26.80%),0.6162790697674418,0.5106287727439646,0.7119855999802814,53/86 (61.63%; 95% CI 51.06–71.20%),0.9767441860465116,0.9191198543736794,0.9935990737957292,84/86 (97.67%; 95% CI 91.91–99.36%)
internvl,appod,H30,30,5,17,2,51,16,86,84,0.023255813953488372,0.0064009262042708515,0.08088014562632057,2/86 (2.33%; 95% CI 0.64–8.09%),0.18604651162790697,0.11789108340273816,0.2810501102417977,16/86 (18.60%; 95% CI 11.79–28.11%),0.19767441860465115,0.12724351812233703,0.2939591127946234,17/86 (19.77%; 95% CI 12.72–29.40%),0.5930232558139535,0.487382730957907,0.6907087672214898,51/86 (59.30%; 95% CI 48.74–69.07%),0.9767441860465116,0.9191198543736794,0.9935990737957292,84/86 (97.67%; 95% CI 91.91–99.36%)
internvl,appod,H32,32,1,5,2,63,16,86,84,0.023255813953488372,0.0064009262042708515,0.08088014562632057,2/86 (2.33%; 95% CI 0.64–8.09%),0.18604651162790697,0.11789108340273816,0.2810501102417977,16/86 (18.60%; 95% CI 11.79–28.11%),0.05813953488372093,0.025086935621079658,0.12897844802678554,5/86 (5.81%; 95% CI 2.51–12.90%),0.7325581395348837,0.6305495916710698,0.8146791537774222,63/86 (73.26%; 95% CI 63.05–81.47%),0.9767441860465116,0.9191198543736794,0.9935990737957292,84/86 (97.67%; 95% CI 91.91–99.36%)
internvl,appod,H32,32,2,8,2,60,16,86,84,0.023255813953488372,0.0064009262042708515,0.08088014562632057,2/86 (2.33%; 95% CI 0.64–8.09%),0.18604651162790697,0.11789108340273816,0.2810501102417977,16/86 (18.60%; 95% CI 11.79–28.11%),0.09302325581395349,0.04789228421527053,0.1729574112498685,8/86 (9.30%; 95% CI 4.79–17.30%),0.6976744186046512,0.5938796504460166,0.7845647831852016,60/86 (69.77%; 95% CI 59.39–78.46%),0.9767441860465116,0.9191198543736794,0.9935990737957292,84/86 (97.67%; 95% CI 91.91–99.36%)
internvl,appod,H32,32,3,13,2,55,16,86,84,0.023255813953488372,0.0064009262042708515,0.08088014562632057,2/86 (2.33%; 95% CI 0.64–8.09%),0.18604651162790697,0.11789108340273816,0.2810501102417977,16/86 (18.60%; 95% CI 11.79–28.11%),0.1511627906976744,0.09052122983132334,0.24163565199593867,13/86 (15.12%; 95% CI 9.05–24.16%),0.6395348837209303,0.5341068512119144,0.7330303960571808,55/86 (63.95%; 95% CI 53.41–73.30%),0.9767441860465116,0.9191198543736794,0.9935990737957292,84/86 (97.67%; 95% CI 91.91–99.36%)
internvl,appod,H32,32,4,15,2,53,16,86,84,0.023255813953488372,0.0064009262042708515,0.08088014562632057,2/86 (2.33%; 95% CI 0.64–8.09%),0.18604651162790697,0.11789108340273816,0.2810501102417977,16/86 (18.60%; 95% CI 11.79–28.11%),0.1744186046511628,0.10864769842075103,0.2680320579513602,15/86 (17.44%; 95% CI 10.86–26.80%),0.6162790697674418,0.5106287727439646,0.7119855999802814,53/86 (61.63%; 95% CI 51.06–71.20%),0.9767441860465116,0.9191198543736794,0.9935990737957292,84/86 (97.67%; 95% CI 91.91–99.36%)
internvl,appod,H32,32,5,17,2,51,16,86,84,0.023255813953488372,0.0064009262042708515,0.08088014562632057,2/86 (2.33%; 95% CI 0.64–8.09%),0.18604651162790697,0.11789108340273816,0.2810501102417977,16/86 (18.60%; 95% CI 11.79–28.11%),0.19767441860465115,0.12724351812233703,0.2939591127946234,17/86 (19.77%; 95% CI 12.72–29.40%),0.5930232558139535,0.487382730957907,0.6907087672214898,51/86 (59.30%; 95% CI 48.74–69.07%),0.9767441860465116,0.9191198543736794,0.9935990737957292,84/86 (97.67%; 95% CI 91.91–99.36%)
llava,appfr,H02,2,1,5,2,63,16,86,84,0.023255813953488372,0.0064009262042708515,0.08088014562632057,2/86 (2.33%; 95% CI 0.64–8.09%),0.18604651162790697,0.11789108340273816,0.2810501102417977,16/86 (18.60%; 95% CI 11.79–28.11%),0.05813953488372093,0.025086935621079658,0.12897844802678554,5/86 (5.81%; 95% CI 2.51–12.90%),0.7325581395348837,0.6305495916710698,0.8146791537774222,63/86 (73.26%; 95% CI 63.05–81.47%),0.9767441860465116,0.9191198543736794,0.9935990737957292,84/86 (97.67%; 95% CI 91.91–99.36%)
llava,appfr,H02,2,2,8,2,60,16,86,84,0.023255813953488372,0.0064009262042708515,0.08088014562632057,2/86 (2.33%; 95% CI 0.64–8.09%),0.18604651162790697,0.11789108340273816,0.2810501102417977,16/86 (18.60%; 95% CI 11.79–28.11%),0.09302325581395349,0.04789228421527053,0.1729574112498685,8/86 (9.30%; 95% CI 4.79–17.30%),0.6976744186046512,0.5938796504460166,0.7845647831852016,60/86 (69.77%; 95% CI 59.39–78.46%),0.9767441860465116,0.9191198543736794,0.9935990737957292,84/86 (97.67%; 95% CI 91.91–99.36%)
llava,appfr,H02,2,3,12,2,56,16,86,84,0.023255813953488372,0.0064009262042708515,0.08088014562632057,2/86 (2.33%; 95% CI 0.64–8.09%),0.18604651162790697,0.11789108340273816,0.2810501102417977,16/86 (18.60%; 95% CI 11.79–28.11%),0.13953488372093023,0.08165847155571476,0.22823697299912266,12/86 (13.95%; 95% CI 8.17–22.82%),0.6511627906976745,0.5459355200216183,0.7434631645199017,56/86 (65.12%; 95% CI 54.59–74.35%),0.9767441860465116,0.9191198543736794,0.9935990737957292,84/86 (97.67%; 95% CI 91.91–99.36%)
llava,appfr,H02,2,4,15,2,53,16,86,84,0.023255813953488372,0.0064009262042708515,0.08088014562632057,2/86 (2.33%; 95% CI 0.64–8.09%),0.18604651162790697,0.11789108340273816,0.2810501102417977,16/86 (18.60%; 95% CI 11.79–28.11%),0.1744186046511628,0.10864769842075103,0.2680320579513602,15/86 (17.44%; 95% CI 10.86–26.80%),0.6162790697674418,0.5106287727439646,0.7119855999802814,53/86 (61.63%; 95% CI 51.06–71.20%),0.9767441860465116,0.9191198543736794,0.9935990737957292,84/86 (97.67%; 95% CI 91.91–99.36%)
llava,appfr,H02,2,5,16,2,52,16,86,84,0.023255813953488372,0.0064009262042708515,0.08088014562632057,2/86 (2.33%; 95% CI 0.64–8.09%),0.18604651162790697,0.11789108340273816,0.2810501102417977,16/86 (18.60%; 95% CI 11.79–28.11%),0.18604651162790697,0.11789108340273816,0.2810501102417977,16/86 (18.60%; 95% CI 11.79–28.11%),0.6046511627906976,0.4989772079672809,0.7013757274845405,52/86 (60.47%; 95% CI 49.90–70.14%),0.9767441860465116,0.9191198543736794,0.9935990737957292,84/86 (97.67%; 95% CI 91.91–99.36%)
llava,appfr,H04,4,1,4,10,61,11,86,76,0.11627906976744186,0.06440045821928717,0.20097211179070104,10/86 (11.63%; 95% CI 6.44–20.10%),0.12790697674418605,0.07294621791742709,0.21468778936498575,11/86 (12.79%; 95% CI 7.29–21.47%),0.046511627906976744,0.01823396823832083,0.1135699781371198,4/86 (4.65%; 95% CI 1.82–11.36%),0.7093023255813954,0.6060316083912257,0.7946742625124171,61/86 (70.93%; 95% CI 60.60–79.47%),0.8837209302325582,0.7990278882092989,0.9355995417807128,76/86 (88.37%; 95% CI 79.90–93.56%)
llava,appfr,H04,4,2,7,10,58,11,86,76,0.11627906976744186,0.06440045821928717,0.20097211179070104,10/86 (11.63%; 95% CI 6.44–20.10%),0.12790697674418605,0.07294621791742709,0.21468778936498575,11/86 (12.79%; 95% CI 7.29–21.47%),0.08139534883720931,0.03998643153878242,0.15860182665393202,7/86 (8.14%; 95% CI 4.00–15.86%),0.6744186046511628,0.569778553659483,0.7641430054268858,58/86 (67.44%; 95% CI 56.98–76.41%),0.8837209302325582,0.7990278882092989,0.9355995417807128,76/86 (88.37%; 95% CI 79.90–93.56%)
llava,appfr,H04,4,3,10,10,55,11,86,76,0.11627906976744186,0.06440045821928717,0.20097211179070104,10/86 (11.63%; 95% CI 6.44–20.10%),0.12790697674418605,0.07294621791742709,0.21468778936498575,11/86 (12.79%; 95% CI 7.29–21.47%),0.11627906976744186,0.06440045821928717,0.20097211179070104,10/86 (11.63%; 95% CI 6.44–20.10%),0.6395348837209303,0.5341068512119144,0.7330303960571808,55/86 (63.95%; 95% CI 53.41–73.30%),0.8837209302325582,0.7990278882092989,0.9355995417807128,76/86 (88.37%; 95% CI 79.90–93.56%)
llava,appfr,H04,4,4,13,10,52,11,86,76,0.11627906976744186,0.06440045821928717,0.20097211179070104,10/86 (11.63%; 95% CI 6.44–20.10%),0.12790697674418605,0.07294621791742709,0.21468778936498575,11/86 (12.79%; 95% CI 7.29–21.47%),0.1511627906976744,0.09052122983132334,0.24163565199593867,13/86 (15.12%; 95% CI 9.05–24.16%),0.6046511627906976,0.4989772079672809,0.7013757274845405,52/86 (60.47%; 95% CI 49.90–70.14%),0.8837209302325582,0.7990278882092989,0.9355995417807128,76/86 (88.37%; 95% CI 79.90–93.56%)
llava,appfr,H04,4,5,14,10,51,11,86,76,0.11627906976744186,0.06440045821928717,0.20097211179070104,10/86 (11.63%; 95% CI 6.44–20.10%),0.12790697674418605,0.07294621791742709,0.21468778936498575,11/86 (12.79%; 95% CI 7.29–21.47%),0.16279069767441862,0.09952131046989598,0.25489700862979064,14/86 (16.28%; 95% CI 9.95–25.49%),0.5930232558139535,0.487382730957907,0.6907087672214898,51/86 (59.30%; 95% CI 48.74–69.07%),0.8837209302325582,0.7990278882092989,0.9355995417807128,76/86 (88.37%; 95% CI 79.90–93.56%)
llava,appfr,H06,6,1,4,10,60,12,86,76,0.11627906976744186,0.06440045821928717,0.20097211179070104,10/86 (11.63%; 95% CI 6.44–20.10%),0.13953488372093023,0.08165847155571476,0.22823697299912266,12/86 (13.95%; 95% CI 8.17–22.82%),0.046511627906976744,0.01823396823832083,0.1135699781371198,4/86 (4.65%; 95% CI 1.82–11.36%),0.6976744186046512,0.5938796504460166,0.7845647831852016,60/86 (69.77%; 95% CI 59.39–78.46%),0.8837209302325582,0.7990278882092989,0.9355995417807128,76/86 (88.37%; 95% CI 79.90–93.56%)
llava,appfr,H06,6,2,7,10,57,12,86,76,0.11627906976744186,0.06440045821928717,0.20097211179070104,10/86 (11.63%; 95% CI 6.44–20.10%),0.13953488372093023,0.08165847155571476,0.22823697299912266,12/86 (13.95%; 95% CI 8.17–22.82%),0.08139534883720931,0.03998643153878242,0.15860182665393202,7/86 (8.14%; 95% CI 4.00–15.86%),0.6627906976744186,0.557825607589722,0.7538345142242223,57/86 (66.28%; 95% CI 55.78–75.38%),0.8837209302325582,0.7990278882092989,0.9355995417807128,76/86 (88.37%; 95% CI 79.90–93.56%)
llava,appfr,H06,6,3,10,10,54,12,86,76,0.11627906976744186,0.06440045821928717,0.20097211179070104,10/86 (11.63%; 95% CI 6.44–20.10%),0.13953488372093023,0.08165847155571476,0.22823697299912266,12/86 (13.95%; 95% CI 8.17–22.82%),0.11627906976744186,0.06440045821928717,0.20097211179070104,10/86 (11.63%; 95% CI 6.44–20.10%),0.627906976744186,0.5223383164148251,0.7225374935818455,54/86 (62.79%; 95% CI 52.23–72.25%),0.8837209302325582,0.7990278882092989,0.9355995417807128,76/86 (88.37%; 95% CI 79.90–93.56%)
llava,appfr,H06,6,4,12,10,52,12,86,76,0.11627906976744186,0.06440045821928717,0.20097211179070104,10/86 (11.63%; 95% CI 6.44–20.10%),0.13953488372093023,0.08165847155571476,0.22823697299912266,12/86 (13.95%; 95% CI 8.17–22.82%),0.13953488372093023,0.08165847155571476,0.22823697299912266,12/86 (13.95%; 95% CI 8.17–22.82%),0.6046511627906976,0.4989772079672809,0.7013757274845405,52/86 (60.47%; 95% CI 49.90–70.14%),0.8837209302325582,0.7990278882092989,0.9355995417807128,76/86 (88.37%; 95% CI 79.90–93.56%)
llava,appfr,H06,6,5,14,10,50,12,86,76,0.11627906976744186,0.06440045821928717,0.20097211179070104,10/86 (11.63%; 95% CI 6.44–20.10%),0.13953488372093023,0.08165847155571476,0.22823697299912266,12/86 (13.95%; 95% CI 8.17–22.82%),0.16279069767441862,0.09952131046989598,0.25489700862979064,14/86 (16.28%; 95% CI 9.95–25.49%),0.5813953488372093,0.4758445635760395,0.6799854973309328,50/86 (58.14%; 95% CI 47.58–68.00%),0.8837209302325582,0.7990278882092989,0.9355995417807128,76/86 (88.37%; 95% CI 79.90–93.56%)
llava,appfr,H08,8,1,3,11,59,13,86,75,0.12790697674418605,0.07294621791742709,0.21468778936498575,11/86 (12.79%; 95% CI 7.29–21.47%),0.1511627906976744,0.09052122983132334,0.24163565199593867,13/86 (15.12%; 95% CI 9.05–24.16%),0.03488372093023256,0.01193379807740838,0.09760871102560764,3/86 (3.49%; 95% CI 1.19–9.76%),0.686046511627907,0.5817959683851581,0.7743870279736356,59/86 (68.60%; 95% CI 58.18–77.44%),0.872093023255814,0.7853122106350142,0.9270537820825729,75/86 (87.21%; 95% CI 78.53–92.71%)
llava,appfr,H08,8,2,6,11,56,13,86,75,0.12790697674418605,0.07294621791742709,0.21468778936498575,11/86 (12.79%; 95% CI 7.29–21.47%),0.1511627906976744,0.09052122983132334,0.24163565199593867,13/86 (15.12%; 95% CI 9.05–24.16%),0.06976744186046512,0.032365414509921336,0.14396140641036848,6/86 (6.98%; 95% CI 3.24–14.40%),0.6511627906976745,0.5459355200216183,0.7434631645199017,56/86 (65.12%; 95% CI 54.59–74.35%),0.872093023255814,0.7853122106350142,0.9270537820825729,75/86 (87.21%; 95% CI 78.53–92.71%)
llava,appfr,H08,8,3,9,11,53,13,86,75,0.12790697674418605,0.07294621791742709,0.21468778936498575,11/86 (12.79%; 95% CI 7.29–21.47%),0.1511627906976744,0.09052122983132334,0.24163565199593867,13/86 (15.12%; 95% CI 9.05–24.16%),0.10465116279069768,0.056040897145363075,0.18707023559220054,9/86 (10.47%; 95% CI 5.60–18.71%),0.6162790697674418,0.5106287727439646,0.7119855999802814,53/86 (61.63%; 95% CI 51.06–71.20%),0.872093023255814,0.7853122106350142,0.9270537820825729,75/86 (87.21%; 95% CI 78.53–92.71%)
llava,appfr,H08,8,4,11,11,51,13,86,75,0.12790697674418605,0.07294621791742709,0.21468778936498575,11/86 (12.79%; 95% CI 7.29–21.47%),0.1511627906976744,0.09052122983132334,0.24163565199593867,13/86 (15.12%; 95% CI 9.05–24.16%),0.12790697674418605,0.07294621791742709,0.21468778936498575,11/86 (12.79%; 95% CI 7.29–21.47%),0.5930232558139535,0.487382730957907,0.6907087672214898,51/86 (59.30%; 95% CI 48.74–69.07%),0.872093023255814,0.7853122106350142,0.9270537820825729,75/86 (87.21%; 95% CI 78.53–92.71%)
llava,appfr,H08,8,5,13,11,49,13,86,75,0.12790697674418605,0.07294621791742709,0.21468778936498575,11/86 (12.79%; 95% CI 7.29–21.47%),0.1511627906976744,0.09052122983132334,0.24163565199593867,13/86 (15.12%; 95% CI 9.05–24.16%),0.1511627906976744,0.09052122983132334,0.24163565199593867,13/86 (15.12%; 95% CI 9.05–24.16%),0.5697674418604651,0.46436203379906343,0.6692065898354842,49/86 (56.98%; 95% CI 46.44–66.92%),0.872093023255814,0.7853122106350142,0.9270537820825729,75/86 (87.21%; 95% CI 78.53–92.71%)
llava,appfr,H10,10,1,2,13,59,12,86,73,0.1511627906976744,0.09052122983132334,0.24163565199593867,13/86 (15.12%; 95% CI 9.05–24.16%),0.13953488372093023,0.08165847155571476,0.22823697299912266,12/86 (13.95%; 95% CI 8.17–22.82%),0.023255813953488372,0.0064009262042708515,0.08088014562632057,2/86 (2.33%; 95% CI 0.64–8.09%),0.686046511627907,0.5817959683851581,0.7743870279736356,59/86 (68.60%; 95% CI 58.18–77.44%),0.8488372093023255,0.7583643480040613,0.9094787701686765,73/86 (84.88%; 95% CI 75.84–90.95%)
llava,appfr,H10,10,2,6,13,55,12,86,73,0.1511627906976744,0.09052122983132334,0.24163565199593867,13/86 (15.12%; 95% CI 9.05–24.16%),0.13953488372093023,0.08165847155571476,0.22823697299912266,12/86 (13.95%; 95% CI 8.17–22.82%),0.06976744186046512,0.032365414509921336,0.14396140641036848,6/86 (6.98%; 95% CI 3.24–14.40%),0.6395348837209303,0.5341068512119144,0.7330303960571808,55/86 (63.95%; 95% CI 53.41–73.30%),0.8488372093023255,0.7583643480040613,0.9094787701686765,73/86 (84.88%; 95% CI 75.84–90.95%)
llava,appfr,H10,10,3,8,13,53,12,86,73,0.1511627906976744,0.09052122983132334,0.24163565199593867,13/86 (15.12%; 95% CI 9.05–24.16%),0.13953488372093023,0.08165847155571476,0.22823697299912266,12/86 (13.95%; 95% CI 8.17–22.82%),0.09302325581395349,0.04789228421527053,0.1729574112498685,8/86 (9.30%; 95% CI 4.79–17.30%),0.6162790697674418,0.5106287727439646,0.7119855999802814,53/86 (61.63%; 95% CI 51.06–71.20%),0.8488372093023255,0.7583643480040613,0.9094787701686765,73/86 (84.88%; 95% CI 75.84–90.95%)
llava,appfr,H10,10,4,10,13,51,12,86,73,0.1511627906976744,0.09052122983132334,0.24163565199593867,13/86 (15.12%; 95% CI 9.05–24.16%),0.13953488372093023,0.08165847155571476,0.22823697299912266,12/86 (13.95%; 95% CI 8.17–22.82%),0.11627906976744186,0.06440045821928717,0.20097211179070104,10/86 (11.63%; 95% CI 6.44–20.10%),0.5930232558139535,0.487382730957907,0.6907087672214898,51/86 (59.30%; 95% CI 48.74–69.07%),0.8488372093023255,0.7583643480040613,0.9094787701686765,73/86 (84.88%; 95% CI 75.84–90.95%)
llava,appfr,H10,10,5,12,13,49,12,86,73,0.1511627906976744,0.09052122983132334,0.24163565199593867,13/86 (15.12%; 95% CI 9.05–24.16%),0.13953488372093023,0.08165847155571476,0.22823697299912266,12/86 (13.95%; 95% CI 8.17–22.82%),0.13953488372093023,0.08165847155571476,0.22823697299912266,12/86 (13.95%; 95% CI 8.17–22.82%),0.5697674418604651,0.46436203379906343,0.6692065898354842,49/86 (56.98%; 95% CI 46.44–66.92%),0.8488372093023255,0.7583643480040613,0.9094787701686765,73/86 (84.88%; 95% CI 75.84–90.95%)
llava,appfr,H12,12,1,3,12,59,12,86,74,0.13953488372093023,0.08165847155571476,0.22823697299912266,12/86 (13.95%; 95% CI 8.17–22.82%),0.13953488372093023,0.08165847155571476,0.22823697299912266,12/86 (13.95%; 95% CI 8.17–22.82%),0.03488372093023256,0.01193379807740838,0.09760871102560764,3/86 (3.49%; 95% CI 1.19–9.76%),0.686046511627907,0.5817959683851581,0.7743870279736356,59/86 (68.60%; 95% CI 58.18–77.44%),0.8604651162790697,0.7717630270008773,0.9183415284442853,74/86 (86.05%; 95% CI 77.18–91.83%)
llava,appfr,H12,12,2,6,12,56,12,86,74,0.13953488372093023,0.08165847155571476,0.22823697299912266,12/86 (13.95%; 95% CI 8.17–22.82%),0.13953488372093023,0.08165847155571476,0.22823697299912266,12/86 (13.95%; 95% CI 8.17–22.82%),0.06976744186046512,0.032365414509921336,0.14396140641036848,6/86 (6.98%; 95% CI 3.24–14.40%),0.6511627906976745,0.5459355200216183,0.7434631645199017,56/86 (65.12%; 95% CI 54.59–74.35%),0.8604651162790697,0.7717630270008773,0.9183415284442853,74/86 (86.05%; 95% CI 77.18–91.83%)
llava,appfr,H12,12,3,8,12,54,12,86,74,0.13953488372093023,0.08165847155571476,0.22823697299912266,12/86 (13.95%; 95% CI 8.17–22.82%),0.13953488372093023,0.08165847155571476,0.22823697299912266,12/86 (13.95%; 95% CI 8.17–22.82%),0.09302325581395349,0.04789228421527053,0.1729574112498685,8/86 (9.30%; 95% CI 4.79–17.30%),0.627906976744186,0.5223383164148251,0.7225374935818455,54/86 (62.79%; 95% CI 52.23–72.25%),0.8604651162790697,0.7717630270008773,0.9183415284442853,74/86 (86.05%; 95% CI 77.18–91.83%)
llava,appfr,H12,12,4,11,12,51,12,86,74,0.13953488372093023,0.08165847155571476,0.22823697299912266,12/86 (13.95%; 95% CI 8.17–22.82%),0.13953488372093023,0.08165847155571476,0.22823697299912266,12/86 (13.95%; 95% CI 8.17–22.82%),0.12790697674418605,0.07294621791742709,0.21468778936498575,11/86 (12.79%; 95% CI 7.29–21.47%),0.5930232558139535,0.487382730957907,0.6907087672214898,51/86 (59.30%; 95% CI 48.74–69.07%),0.8604651162790697,0.7717630270008773,0.9183415284442853,74/86 (86.05%; 95% CI 77.18–91.83%)
llava,appfr,H12,12,5,13,12,49,12,86,74,0.13953488372093023,0.08165847155571476,0.22823697299912266,12/86 (13.95%; 95% CI 8.17–22.82%),0.13953488372093023,0.08165847155571476,0.22823697299912266,12/86 (13.95%; 95% CI 8.17–22.82%),0.1511627906976744,0.09052122983132334,0.24163565199593867,13/86 (15.12%; 95% CI 9.05–24.16%),0.5697674418604651,0.46436203379906343,0.6692065898354842,49/86 (56.98%; 95% CI 46.44–66.92%),0.8604651162790697,0.7717630270008773,0.9183415284442853,74/86 (86.05%; 95% CI 77.18–91.83%)
llava,appfr,H14,14,1,2,14,59,11,86,72,0.16279069767441862,0.09952131046989598,0.25489700862979064,14/86 (16.28%; 95% CI 9.95–25.49%),0.12790697674418605,0.07294621791742709,0.21468778936498575,11/86 (12.79%; 95% CI 7.29–21.47%),0.023255813953488372,0.0064009262042708515,0.08088014562632057,2/86 (2.33%; 95% CI 0.64–8.09%),0.686046511627907,0.5817959683851581,0.7743870279736356,59/86 (68.60%; 95% CI 58.18–77.44%),0.8372093023255814,0.7451029913702094,0.900478689530104,72/86 (83.72%; 95% CI 74.51–90.05%)
llava,appfr,H14,14,2,5,14,56,11,86,72,0.16279069767441862,0.09952131046989598,0.25489700862979064,14/86 (16.28%; 95% CI 9.95–25.49%),0.12790697674418605,0.07294621791742709,0.21468778936498575,11/86 (12.79%; 95% CI 7.29–21.47%),0.05813953488372093,0.025086935621079658,0.12897844802678554,5/86 (5.81%; 95% CI 2.51–12.90%),0.6511627906976745,0.5459355200216183,0.7434631645199017,56/86 (65.12%; 95% CI 54.59–74.35%),0.8372093023255814,0.7451029913702094,0.900478689530104,72/86 (83.72%; 95% CI 74.51–90.05%)
llava,appfr,H14,14,3,8,14,53,11,86,72,0.16279069767441862,0.09952131046989598,0.25489700862979064,14/86 (16.28%; 95% CI 9.95–25.49%),0.12790697674418605,0.07294621791742709,0.21468778936498575,11/86 (12.79%; 95% CI 7.29–21.47%),0.09302325581395349,0.04789228421527053,0.1729574112498685,8/86 (9.30%; 95% CI 4.79–17.30%),0.6162790697674418,0.5106287727439646,0.7119855999802814,53/86 (61.63%; 95% CI 51.06–71.20%),0.8372093023255814,0.7451029913702094,0.900478689530104,72/86 (83.72%; 95% CI 74.51–90.05%)
llava,appfr,H14,14,4,10,14,51,11,86,72,0.16279069767441862,0.09952131046989598,0.25489700862979064,14/86 (16.28%; 95% CI 9.95–25.49%),0.12790697674418605,0.07294621791742709,0.21468778936498575,11/86 (12.79%; 95% CI 7.29–21.47%),0.11627906976744186,0.06440045821928717,0.20097211179070104,10/86 (11.63%; 95% CI 6.44–20.10%),0.5930232558139535,0.487382730957907,0.6907087672214898,51/86 (59.30%; 95% CI 48.74–69.07%),0.8372093023255814,0.7451029913702094,0.900478689530104,72/86 (83.72%; 95% CI 74.51–90.05%)
llava,appfr,H14,14,5,12,14,49,11,86,72,0.16279069767441862,0.09952131046989598,0.25489700862979064,14/86 (16.28%; 95% CI 9.95–25.49%),0.12790697674418605,0.07294621791742709,0.21468778936498575,11/86 (12.79%; 95% CI 7.29–21.47%),0.13953488372093023,0.08165847155571476,0.22823697299912266,12/86 (13.95%; 95% CI 8.17–22.82%),0.5697674418604651,0.46436203379906343,0.6692065898354842,49/86 (56.98%; 95% CI 46.44–66.92%),0.8372093023255814,0.7451029913702094,0.900478689530104,72/86 (83.72%; 95% CI 74.51–90.05%)
llava,appfr,H16,16,1,2,16,59,9,86,70,0.18604651162790697,0.11789108340273816,0.2810501102417977,16/86 (18.60%; 95% CI 11.79–28.11%),0.10465116279069768,0.056040897145363075,0.18707023559220054,9/86 (10.47%; 95% CI 5.60–18.71%),0.023255813953488372,0.0064009262042708515,0.08088014562632057,2/86 (2.33%; 95% CI 0.64–8.09%),0.686046511627907,0.5817959683851581,0.7743870279736356,59/86 (68.60%; 95% CI 58.18–77.44%),0.813953488372093,0.7189498897582024,0.8821089165972619,70/86 (81.40%; 95% CI 71.89–88.21%)
llava,appfr,H16,16,2,6,16,55,9,86,70,0.18604651162790697,0.11789108340273816,0.2810501102417977,16/86 (18.60%; 95% CI 11.79–28.11%),0.10465116279069768,0.056040897145363075,0.18707023559220054,9/86 (10.47%; 95% CI 5.60–18.71%),0.06976744186046512,0.032365414509921336,0.14396140641036848,6/86 (6.98%; 95% CI 3.24–14.40%),0.6395348837209303,0.5341068512119144,0.7330303960571808,55/86 (63.95%; 95% CI 53.41–73.30%),0.813953488372093,0.7189498897582024,0.8821089165972619,70/86 (81.40%; 95% CI 71.89–88.21%)
llava,appfr,H16,16,3,9,16,52,9,86,70,0.18604651162790697,0.11789108340273816,0.2810501102417977,16/86 (18.60%; 95% CI 11.79–28.11%),0.10465116279069768,0.056040897145363075,0.18707023559220054,9/86 (10.47%; 95% CI 5.60–18.71%),0.10465116279069768,0.056040897145363075,0.18707023559220054,9/86 (10.47%; 95% CI 5.60–18.71%),0.6046511627906976,0.4989772079672809,0.7013757274845405,52/86 (60.47%; 95% CI 49.90–70.14%),0.813953488372093,0.7189498897582024,0.8821089165972619,70/86 (81.40%; 95% CI 71.89–88.21%)
llava,appfr,H16,16,4,11,16,50,9,86,70,0.18604651162790697,0.11789108340273816,0.2810501102417977,16/86 (18.60%; 95% CI 11.79–28.11%),0.10465116279069768,0.056040897145363075,0.18707023559220054,9/86 (10.47%; 95% CI 5.60–18.71%),0.12790697674418605,0.07294621791742709,0.21468778936498575,11/86 (12.79%; 95% CI 7.29–21.47%),0.5813953488372093,0.4758445635760395,0.6799854973309328,50/86 (58.14%; 95% CI 47.58–68.00%),0.813953488372093,0.7189498897582024,0.8821089165972619,70/86 (81.40%; 95% CI 71.89–88.21%)
llava,appfr,H16,16,5,13,16,48,9,86,70,0.18604651162790697,0.11789108340273816,0.2810501102417977,16/86 (18.60%; 95% CI 11.79–28.11%),0.10465116279069768,0.056040897145363075,0.18707023559220054,9/86 (10.47%; 95% CI 5.60–18.71%),0.1511627906976744,0.09052122983132334,0.24163565199593867,13/86 (15.12%; 95% CI 9.05–24.16%),0.5581395348837209,0.45293456995145753,0.6583726164106654,48/86 (55.81%; 95% CI 45.29–65.84%),0.813953488372093,0.7189498897582024,0.8821089165972619,70/86 (81.40%; 95% CI 71.89–88.21%)
llava,appfr,H18,18,1,3,16,58,9,86,70,0.18604651162790697,0.11789108340273816,0.2810501102417977,16/86 (18.60%; 95% CI 11.79–28.11%),0.10465116279069768,0.056040897145363075,0.18707023559220054,9/86 (10.47%; 95% CI 5.60–18.71%),0.03488372093023256,0.01193379807740838,0.09760871102560764,3/86 (3.49%; 95% CI 1.19–9.76%),0.6744186046511628,0.569778553659483,0.7641430054268858,58/86 (67.44%; 95% CI 56.98–76.41%),0.813953488372093,0.7189498897582024,0.8821089165972619,70/86 (81.40%; 95% CI 71.89–88.21%)
llava,appfr,H18,18,2,6,16,55,9,86,70,0.18604651162790697,0.11789108340273816,0.2810501102417977,16/86 (18.60%; 95% CI 11.79–28.11%),0.10465116279069768,0.056040897145363075,0.18707023559220054,9/86 (10.47%; 95% CI 5.60–18.71%),0.06976744186046512,0.032365414509921336,0.14396140641036848,6/86 (6.98%; 95% CI 3.24–14.40%),0.6395348837209303,0.5341068512119144,0.7330303960571808,55/86 (63.95%; 95% CI 53.41–73.30%),0.813953488372093,0.7189498897582024,0.8821089165972619,70/86 (81.40%; 95% CI 71.89–88.21%)
llava,appfr,H18,18,3,9,16,52,9,86,70,0.18604651162790697,0.11789108340273816,0.2810501102417977,16/86 (18.60%; 95% CI 11.79–28.11%),0.10465116279069768,0.056040897145363075,0.18707023559220054,9/86 (10.47%; 95% CI 5.60–18.71%),0.10465116279069768,0.056040897145363075,0.18707023559220054,9/86 (10.47%; 95% CI 5.60–18.71%),0.6046511627906976,0.4989772079672809,0.7013757274845405,52/86 (60.47%; 95% CI 49.90–70.14%),0.813953488372093,0.7189498897582024,0.8821089165972619,70/86 (81.40%; 95% CI 71.89–88.21%)
llava,appfr,H18,18,4,11,16,50,9,86,70,0.18604651162790697,0.11789108340273816,0.2810501102417977,16/86 (18.60%; 95% CI 11.79–28.11%),0.10465116279069768,0.056040897145363075,0.18707023559220054,9/86 (10.47%; 95% CI 5.60–18.71%),0.12790697674418605,0.07294621791742709,0.21468778936498575,11/86 (12.79%; 95% CI 7.29–21.47%),0.5813953488372093,0.4758445635760395,0.6799854973309328,50/86 (58.14%; 95% CI 47.58–68.00%),0.813953488372093,0.7189498897582024,0.8821089165972619,70/86 (81.40%; 95% CI 71.89–88.21%)
llava,appfr,H18,18,5,13,16,48,9,86,70,0.18604651162790697,0.11789108340273816,0.2810501102417977,16/86 (18.60%; 95% CI 11.79–28.11%),0.10465116279069768,0.056040897145363075,0.18707023559220054,9/86 (10.47%; 95% CI 5.60–18.71%),0.1511627906976744,0.09052122983132334,0.24163565199593867,13/86 (15.12%; 95% CI 9.05–24.16%),0.5581395348837209,0.45293456995145753,0.6583726164106654,48/86 (55.81%; 95% CI 45.29–65.84%),0.813953488372093,0.7189498897582024,0.8821089165972619,70/86 (81.40%; 95% CI 71.89–88.21%)
llava,appfr,H20,20,1,2,14,61,9,86,72,0.16279069767441862,0.09952131046989598,0.25489700862979064,14/86 (16.28%; 95% CI 9.95–25.49%),0.10465116279069768,0.056040897145363075,0.18707023559220054,9/86 (10.47%; 95% CI 5.60–18.71%),0.023255813953488372,0.0064009262042708515,0.08088014562632057,2/86 (2.33%; 95% CI 0.64–8.09%),0.7093023255813954,0.6060316083912257,0.7946742625124171,61/86 (70.93%; 95% CI 60.60–79.47%),0.8372093023255814,0.7451029913702094,0.900478689530104,72/86 (83.72%; 95% CI 74.51–90.05%)
llava,appfr,H20,20,2,6,14,57,9,86,72,0.16279069767441862,0.09952131046989598,0.25489700862979064,14/86 (16.28%; 95% CI 9.95–25.49%),0.10465116279069768,0.056040897145363075,0.18707023559220054,9/86 (10.47%; 95% CI 5.60–18.71%),0.06976744186046512,0.032365414509921336,0.14396140641036848,6/86 (6.98%; 95% CI 3.24–14.40%),0.6627906976744186,0.557825607589722,0.7538345142242223,57/86 (66.28%; 95% CI 55.78–75.38%),0.8372093023255814,0.7451029913702094,0.900478689530104,72/86 (83.72%; 95% CI 74.51–90.05%)
llava,appfr,H20,20,3,10,14,53,9,86,72,0.16279069767441862,0.09952131046989598,0.25489700862979064,14/86 (16.28%; 95% CI 9.95–25.49%),0.10465116279069768,0.056040897145363075,0.18707023559220054,9/86 (10.47%; 95% CI 5.60–18.71%),0.11627906976744186,0.06440045821928717,0.20097211179070104,10/86 (11.63%; 95% CI 6.44–20.10%),0.6162790697674418,0.5106287727439646,0.7119855999802814,53/86 (61.63%; 95% CI 51.06–71.20%),0.8372093023255814,0.7451029913702094,0.900478689530104,72/86 (83.72%; 95% CI 74.51–90.05%)
llava,appfr,H20,20,4,12,14,51,9,86,72,0.16279069767441862,0.09952131046989598,0.25489700862979064,14/86 (16.28%; 95% CI 9.95–25.49%),0.10465116279069768,0.056040897145363075,0.18707023559220054,9/86 (10.47%; 95% CI 5.60–18.71%),0.13953488372093023,0.08165847155571476,0.22823697299912266,12/86 (13.95%; 95% CI 8.17–22.82%),0.5930232558139535,0.487382730957907,0.6907087672214898,51/86 (59.30%; 95% CI 48.74–69.07%),0.8372093023255814,0.7451029913702094,0.900478689530104,72/86 (83.72%; 95% CI 74.51–90.05%)
llava,appfr,H20,20,5,13,14,50,9,86,72,0.16279069767441862,0.09952131046989598,0.25489700862979064,14/86 (16.28%; 95% CI 9.95–25.49%),0.10465116279069768,0.056040897145363075,0.18707023559220054,9/86 (10.47%; 95% CI 5.60–18.71%),0.1511627906976744,0.09052122983132334,0.24163565199593867,13/86 (15.12%; 95% CI 9.05–24.16%),0.5813953488372093,0.4758445635760395,0.6799854973309328,50/86 (58.14%; 95% CI 47.58–68.00%),0.8372093023255814,0.7451029913702094,0.900478689530104,72/86 (83.72%; 95% CI 74.51–90.05%)
llava,appfr,H22,22,1,4,14,59,9,86,72,0.16279069767441862,0.09952131046989598,0.25489700862979064,14/86 (16.28%; 95% CI 9.95–25.49%),0.10465116279069768,0.056040897145363075,0.18707023559220054,9/86 (10.47%; 95% CI 5.60–18.71%),0.046511627906976744,0.01823396823832083,0.1135699781371198,4/86 (4.65%; 95% CI 1.82–11.36%),0.686046511627907,0.5817959683851581,0.7743870279736356,59/86 (68.60%; 95% CI 58.18–77.44%),0.8372093023255814,0.7451029913702094,0.900478689530104,72/86 (83.72%; 95% CI 74.51–90.05%)
llava,appfr,H22,22,2,6,14,57,9,86,72,0.16279069767441862,0.09952131046989598,0.25489700862979064,14/86 (16.28%; 95% CI 9.95–25.49%),0.10465116279069768,0.056040897145363075,0.18707023559220054,9/86 (10.47%; 95% CI 5.60–18.71%),0.06976744186046512,0.032365414509921336,0.14396140641036848,6/86 (6.98%; 95% CI 3.24–14.40%),0.6627906976744186,0.557825607589722,0.7538345142242223,57/86 (66.28%; 95% CI 55.78–75.38%),0.8372093023255814,0.7451029913702094,0.900478689530104,72/86 (83.72%; 95% CI 74.51–90.05%)
llava,appfr,H22,22,3,11,14,52,9,86,72,0.16279069767441862,0.09952131046989598,0.25489700862979064,14/86 (16.28%; 95% CI 9.95–25.49%),0.10465116279069768,0.056040897145363075,0.18707023559220054,9/86 (10.47%; 95% CI 5.60–18.71%),0.12790697674418605,0.07294621791742709,0.21468778936498575,11/86 (12.79%; 95% CI 7.29–21.47%),0.6046511627906976,0.4989772079672809,0.7013757274845405,52/86 (60.47%; 95% CI 49.90–70.14%),0.8372093023255814,0.7451029913702094,0.900478689530104,72/86 (83.72%; 95% CI 74.51–90.05%)
llava,appfr,H22,22,4,12,14,51,9,86,72,0.16279069767441862,0.09952131046989598,0.25489700862979064,14/86 (16.28%; 95% CI 9.95–25.49%),0.10465116279069768,0.056040897145363075,0.18707023559220054,9/86 (10.47%; 95% CI 5.60–18.71%),0.13953488372093023,0.08165847155571476,0.22823697299912266,12/86 (13.95%; 95% CI 8.17–22.82%),0.5930232558139535,0.487382730957907,0.6907087672214898,51/86 (59.30%; 95% CI 48.74–69.07%),0.8372093023255814,0.7451029913702094,0.900478689530104,72/86 (83.72%; 95% CI 74.51–90.05%)
llava,appfr,H22,22,5,13,14,50,9,86,72,0.16279069767441862,0.09952131046989598,0.25489700862979064,14/86 (16.28%; 95% CI 9.95–25.49%),0.10465116279069768,0.056040897145363075,0.18707023559220054,9/86 (10.47%; 95% CI 5.60–18.71%),0.1511627906976744,0.09052122983132334,0.24163565199593867,13/86 (15.12%; 95% CI 9.05–24.16%),0.5813953488372093,0.4758445635760395,0.6799854973309328,50/86 (58.14%; 95% CI 47.58–68.00%),0.8372093023255814,0.7451029913702094,0.900478689530104,72/86 (83.72%; 95% CI 74.51–90.05%)
llava,appfr,H24,24,1,2,15,60,9,86,71,0.1744186046511628,0.10864769842075103,0.2680320579513602,15/86 (17.44%; 95% CI 10.86–26.80%),0.10465116279069768,0.056040897145363075,0.18707023559220054,9/86 (10.47%; 95% CI 5.60–18.71%),0.023255813953488372,0.0064009262042708515,0.08088014562632057,2/86 (2.33%; 95% CI 0.64–8.09%),0.6976744186046512,0.5938796504460166,0.7845647831852016,60/86 (69.77%; 95% CI 59.39–78.46%),0.8255813953488372,0.7319679420486398,0.891352301579249,71/86 (82.56%; 95% CI 73.20–89.14%)
llava,appfr,H24,24,2,6,15,56,9,86,71,0.1744186046511628,0.10864769842075103,0.2680320579513602,15/86 (17.44%; 95% CI 10.86–26.80%),0.10465116279069768,0.056040897145363075,0.18707023559220054,9/86 (10.47%; 95% CI 5.60–18.71%),0.06976744186046512,0.032365414509921336,0.14396140641036848,6/86 (6.98%; 95% CI 3.24–14.40%),0.6511627906976745,0.5459355200216183,0.7434631645199017,56/86 (65.12%; 95% CI 54.59–74.35%),0.8255813953488372,0.7319679420486398,0.891352301579249,71/86 (82.56%; 95% CI 73.20–89.14%)
llava,appfr,H24,24,3,10,15,52,9,86,71,0.1744186046511628,0.10864769842075103,0.2680320579513602,15/86 (17.44%; 95% CI 10.86–26.80%),0.10465116279069768,0.056040897145363075,0.18707023559220054,9/86 (10.47%; 95% CI 5.60–18.71%),0.11627906976744186,0.06440045821928717,0.20097211179070104,10/86 (11.63%; 95% CI 6.44–20.10%),0.6046511627906976,0.4989772079672809,0.7013757274845405,52/86 (60.47%; 95% CI 49.90–70.14%),0.8255813953488372,0.7319679420486398,0.891352301579249,71/86 (82.56%; 95% CI 73.20–89.14%)
llava,appfr,H24,24,4,11,15,51,9,86,71,0.1744186046511628,0.10864769842075103,0.2680320579513602,15/86 (17.44%; 95% CI 10.86–26.80%),0.10465116279069768,0.056040897145363075,0.18707023559220054,9/86 (10.47%; 95% CI 5.60–18.71%),0.12790697674418605,0.07294621791742709,0.21468778936498575,11/86 (12.79%; 95% CI 7.29–21.47%),0.5930232558139535,0.487382730957907,0.6907087672214898,51/86 (59.30%; 95% CI 48.74–69.07%),0.8255813953488372,0.7319679420486398,0.891352301579249,71/86 (82.56%; 95% CI 73.20–89.14%)
llava,appfr,H24,24,5,12,15,50,9,86,71,0.1744186046511628,0.10864769842075103,0.2680320579513602,15/86 (17.44%; 95% CI 10.86–26.80%),0.10465116279069768,0.056040897145363075,0.18707023559220054,9/86 (10.47%; 95% CI 5.60–18.71%),0.13953488372093023,0.08165847155571476,0.22823697299912266,12/86 (13.95%; 95% CI 8.17–22.82%),0.5813953488372093,0.4758445635760395,0.6799854973309328,50/86 (58.14%; 95% CI 47.58–68.00%),0.8255813953488372,0.7319679420486398,0.891352301579249,71/86 (82.56%; 95% CI 73.20–89.14%)
llava,appfr,H26,26,1,3,16,58,9,86,70,0.18604651162790697,0.11789108340273816,0.2810501102417977,16/86 (18.60%; 95% CI 11.79–28.11%),0.10465116279069768,0.056040897145363075,0.18707023559220054,9/86 (10.47%; 95% CI 5.60–18.71%),0.03488372093023256,0.01193379807740838,0.09760871102560764,3/86 (3.49%; 95% CI 1.19–9.76%),0.6744186046511628,0.569778553659483,0.7641430054268858,58/86 (67.44%; 95% CI 56.98–76.41%),0.813953488372093,0.7189498897582024,0.8821089165972619,70/86 (81.40%; 95% CI 71.89–88.21%)
llava,appfr,H26,26,2,7,16,54,9,86,70,0.18604651162790697,0.11789108340273816,0.2810501102417977,16/86 (18.60%; 95% CI 11.79–28.11%),0.10465116279069768,0.056040897145363075,0.18707023559220054,9/86 (10.47%; 95% CI 5.60–18.71%),0.08139534883720931,0.03998643153878242,0.15860182665393202,7/86 (8.14%; 95% CI 4.00–15.86%),0.627906976744186,0.5223383164148251,0.7225374935818455,54/86 (62.79%; 95% CI 52.23–72.25%),0.813953488372093,0.7189498897582024,0.8821089165972619,70/86 (81.40%; 95% CI 71.89–88.21%)
llava,appfr,H26,26,3,10,16,51,9,86,70,0.18604651162790697,0.11789108340273816,0.2810501102417977,16/86 (18.60%; 95% CI 11.79–28.11%),0.10465116279069768,0.056040897145363075,0.18707023559220054,9/86 (10.47%; 95% CI 5.60–18.71%),0.11627906976744186,0.06440045821928717,0.20097211179070104,10/86 (11.63%; 95% CI 6.44–20.10%),0.5930232558139535,0.487382730957907,0.6907087672214898,51/86 (59.30%; 95% CI 48.74–69.07%),0.813953488372093,0.7189498897582024,0.8821089165972619,70/86 (81.40%; 95% CI 71.89–88.21%)
llava,appfr,H26,26,4,11,16,50,9,86,70,0.18604651162790697,0.11789108340273816,0.2810501102417977,16/86 (18.60%; 95% CI 11.79–28.11%),0.10465116279069768,0.056040897145363075,0.18707023559220054,9/86 (10.47%; 95% CI 5.60–18.71%),0.12790697674418605,0.07294621791742709,0.21468778936498575,11/86 (12.79%; 95% CI 7.29–21.47%),0.5813953488372093,0.4758445635760395,0.6799854973309328,50/86 (58.14%; 95% CI 47.58–68.00%),0.813953488372093,0.7189498897582024,0.8821089165972619,70/86 (81.40%; 95% CI 71.89–88.21%)
llava,appfr,H26,26,5,12,16,49,9,86,70,0.18604651162790697,0.11789108340273816,0.2810501102417977,16/86 (18.60%; 95% CI 11.79–28.11%),0.10465116279069768,0.056040897145363075,0.18707023559220054,9/86 (10.47%; 95% CI 5.60–18.71%),0.13953488372093023,0.08165847155571476,0.22823697299912266,12/86 (13.95%; 95% CI 8.17–22.82%),0.5697674418604651,0.46436203379906343,0.6692065898354842,49/86 (56.98%; 95% CI 46.44–66.92%),0.813953488372093,0.7189498897582024,0.8821089165972619,70/86 (81.40%; 95% CI 71.89–88.21%)
llava,appfr,H28,28,1,2,18,58,8,86,68,0.20930232558139536,0.1366981607462176,0.30676590744316745,18/86 (20.93%; 95% CI 13.67–30.68%),0.09302325581395349,0.04789228421527053,0.1729574112498685,8/86 (9.30%; 95% CI 4.79–17.30%),0.023255813953488372,0.0064009262042708515,0.08088014562632057,2/86 (2.33%; 95% CI 0.64–8.09%),0.6744186046511628,0.569778553659483,0.7641430054268858,58/86 (67.44%; 95% CI 56.98–76.41%),0.7906976744186046,0.6932340925568325,0.8633018392537823,68/86 (79.07%; 95% CI 69.32–86.33%)
llava,appfr,H28,28,2,6,18,54,8,86,68,0.20930232558139536,0.1366981607462176,0.30676590744316745,18/86 (20.93%; 95% CI 13.67–30.68%),0.09302325581395349,0.04789228421527053,0.1729574112498685,8/86 (9.30%; 95% CI 4.79–17.30%),0.06976744186046512,0.032365414509921336,0.14396140641036848,6/86 (6.98%; 95% CI 3.24–14.40%),0.627906976744186,0.5223383164148251,0.7225374935818455,54/86 (62.79%; 95% CI 52.23–72.25%),0.7906976744186046,0.6932340925568325,0.8633018392537823,68/86 (79.07%; 95% CI 69.32–86.33%)
llava,appfr,H28,28,3,9,18,51,8,86,68,0.20930232558139536,0.1366981607462176,0.30676590744316745,18/86 (20.93%; 95% CI 13.67–30.68%),0.09302325581395349,0.04789228421527053,0.1729574112498685,8/86 (9.30%; 95% CI 4.79–17.30%),0.10465116279069768,0.056040897145363075,0.18707023559220054,9/86 (10.47%; 95% CI 5.60–18.71%),0.5930232558139535,0.487382730957907,0.6907087672214898,51/86 (59.30%; 95% CI 48.74–69.07%),0.7906976744186046,0.6932340925568325,0.8633018392537823,68/86 (79.07%; 95% CI 69.32–86.33%)
llava,appfr,H28,28,4,10,18,50,8,86,68,0.20930232558139536,0.1366981607462176,0.30676590744316745,18/86 (20.93%; 95% CI 13.67–30.68%),0.09302325581395349,0.04789228421527053,0.1729574112498685,8/86 (9.30%; 95% CI 4.79–17.30%),0.11627906976744186,0.06440045821928717,0.20097211179070104,10/86 (11.63%; 95% CI 6.44–20.10%),0.5813953488372093,0.4758445635760395,0.6799854973309328,50/86 (58.14%; 95% CI 47.58–68.00%),0.7906976744186046,0.6932340925568325,0.8633018392537823,68/86 (79.07%; 95% CI 69.32–86.33%)
llava,appfr,H28,28,5,11,18,49,8,86,68,0.20930232558139536,0.1366981607462176,0.30676590744316745,18/86 (20.93%; 95% CI 13.67–30.68%),0.09302325581395349,0.04789228421527053,0.1729574112498685,8/86 (9.30%; 95% CI 4.79–17.30%),0.12790697674418605,0.07294621791742709,0.21468778936498575,11/86 (12.79%; 95% CI 7.29–21.47%),0.5697674418604651,0.46436203379906343,0.6692065898354842,49/86 (56.98%; 95% CI 46.44–66.92%),0.7906976744186046,0.6932340925568325,0.8633018392537823,68/86 (79.07%; 95% CI 69.32–86.33%)
llava,appfr,H30,30,1,3,21,54,8,86,65,0.2441860465116279,0.16561965059864148,0.34462872940801736,21/86 (24.42%; 95% CI 16.56–34.46%),0.09302325581395349,0.04789228421527053,0.1729574112498685,8/86 (9.30%; 95% CI 4.79–17.30%),0.03488372093023256,0.01193379807740838,0.09760871102560764,3/86 (3.49%; 95% CI 1.19–9.76%),0.627906976744186,0.5223383164148251,0.7225374935818455,54/86 (62.79%; 95% CI 52.23–72.25%),0.7558139534883721,0.6553712705919826,0.8343803494013585,65/86 (75.58%; 95% CI 65.54–83.44%)
llava,appfr,H30,30,2,6,21,51,8,86,65,0.2441860465116279,0.16561965059864148,0.34462872940801736,21/86 (24.42%; 95% CI 16.56–34.46%),0.09302325581395349,0.04789228421527053,0.1729574112498685,8/86 (9.30%; 95% CI 4.79–17.30%),0.06976744186046512,0.032365414509921336,0.14396140641036848,6/86 (6.98%; 95% CI 3.24–14.40%),0.5930232558139535,0.487382730957907,0.6907087672214898,51/86 (59.30%; 95% CI 48.74–69.07%),0.7558139534883721,0.6553712705919826,0.8343803494013585,65/86 (75.58%; 95% CI 65.54–83.44%)
llava,appfr,H30,30,3,8,21,49,8,86,65,0.2441860465116279,0.16561965059864148,0.34462872940801736,21/86 (24.42%; 95% CI 16.56–34.46%),0.09302325581395349,0.04789228421527053,0.1729574112498685,8/86 (9.30%; 95% CI 4.79–17.30%),0.09302325581395349,0.04789228421527053,0.1729574112498685,8/86 (9.30%; 95% CI 4.79–17.30%),0.5697674418604651,0.46436203379906343,0.6692065898354842,49/86 (56.98%; 95% CI 46.44–66.92%),0.7558139534883721,0.6553712705919826,0.8343803494013585,65/86 (75.58%; 95% CI 65.54–83.44%)
llava,appfr,H30,30,4,8,21,49,8,86,65,0.2441860465116279,0.16561965059864148,0.34462872940801736,21/86 (24.42%; 95% CI 16.56–34.46%),0.09302325581395349,0.04789228421527053,0.1729574112498685,8/86 (9.30%; 95% CI 4.79–17.30%),0.09302325581395349,0.04789228421527053,0.1729574112498685,8/86 (9.30%; 95% CI 4.79–17.30%),0.5697674418604651,0.46436203379906343,0.6692065898354842,49/86 (56.98%; 95% CI 46.44–66.92%),0.7558139534883721,0.6553712705919826,0.8343803494013585,65/86 (75.58%; 95% CI 65.54–83.44%)
llava,appfr,H30,30,5,10,21,47,8,86,65,0.2441860465116279,0.16561965059864148,0.34462872940801736,21/86 (24.42%; 95% CI 16.56–34.46%),0.09302325581395349,0.04789228421527053,0.1729574112498685,8/86 (9.30%; 95% CI 4.79–17.30%),0.11627906976744186,0.06440045821928717,0.20097211179070104,10/86 (11.63%; 95% CI 6.44–20.10%),0.5465116279069767,0.4415616959142949,0.6474840531754034,47/86 (54.65%; 95% CI 44.16–64.75%),0.7558139534883721,0.6553712705919826,0.8343803494013585,65/86 (75.58%; 95% CI 65.54–83.44%)
llava,appfr,H32,32,1,2,24,52,8,86,62,0.27906976744186046,0.1952867777055854,0.3817459141183472,24/86 (27.91%; 95% CI 19.53–38.17%),0.09302325581395349,0.04789228421527053,0.1729574112498685,8/86 (9.30%; 95% CI 4.79–17.30%),0.023255813953488372,0.0064009262042708515,0.08088014562632057,2/86 (2.33%; 95% CI 0.64–8.09%),0.6046511627906976,0.4989772079672809,0.7013757274845405,52/86 (60.47%; 95% CI 49.90–70.14%),0.7209302325581395,0.6182540858816528,0.8047132222944144,62/86 (72.09%; 95% CI 61.83–80.47%)
llava,appfr,H32,32,2,5,24,49,8,86,62,0.27906976744186046,0.1952867777055854,0.3817459141183472,24/86 (27.91%; 95% CI 19.53–38.17%),0.09302325581395349,0.04789228421527053,0.1729574112498685,8/86 (9.30%; 95% CI 4.79–17.30%),0.05813953488372093,0.025086935621079658,0.12897844802678554,5/86 (5.81%; 95% CI 2.51–12.90%),0.5697674418604651,0.46436203379906343,0.6692065898354842,49/86 (56.98%; 95% CI 46.44–66.92%),0.7209302325581395,0.6182540858816528,0.8047132222944144,62/86 (72.09%; 95% CI 61.83–80.47%)
llava,appfr,H32,32,3,7,24,47,8,86,62,0.27906976744186046,0.1952867777055854,0.3817459141183472,24/86 (27.91%; 95% CI 19.53–38.17%),0.09302325581395349,0.04789228421527053,0.1729574112498685,8/86 (9.30%; 95% CI 4.79–17.30%),0.08139534883720931,0.03998643153878242,0.15860182665393202,7/86 (8.14%; 95% CI 4.00–15.86%),0.5465116279069767,0.4415616959142949,0.6474840531754034,47/86 (54.65%; 95% CI 44.16–64.75%),0.7209302325581395,0.6182540858816528,0.8047132222944144,62/86 (72.09%; 95% CI 61.83–80.47%)
llava,appfr,H32,32,4,7,24,47,8,86,62,0.27906976744186046,0.1952867777055854,0.3817459141183472,24/86 (27.91%; 95% CI 19.53–38.17%),0.09302325581395349,0.04789228421527053,0.1729574112498685,8/86 (9.30%; 95% CI 4.79–17.30%),0.08139534883720931,0.03998643153878242,0.15860182665393202,7/86 (8.14%; 95% CI 4.00–15.86%),0.5465116279069767,0.4415616959142949,0.6474840531754034,47/86 (54.65%; 95% CI 44.16–64.75%),0.7209302325581395,0.6182540858816528,0.8047132222944144,62/86 (72.09%; 95% CI 61.83–80.47%)
llava,appfr,H32,32,5,9,24,45,8,86,62,0.27906976744186046,0.1952867777055854,0.3817459141183472,24/86 (27.91%; 95% CI 19.53–38.17%),0.09302325581395349,0.04789228421527053,0.1729574112498685,8/86 (9.30%; 95% CI 4.79–17.30%),0.10465116279069768,0.056040897145363075,0.18707023559220054,9/86 (10.47%; 95% CI 5.60–18.71%),0.5232558139534884,0.41897826794012305,0.6255446066047263,45/86 (52.33%; 95% CI 41.90–62.55%),0.7209302325581395,0.6182540858816528,0.8047132222944144,62/86 (72.09%; 95% CI 61.83–80.47%)
llava,appod,H02,2,1,5,4,63,14,86,82,0.046511627906976744,0.01823396823832083,0.1135699781371198,4/86 (4.65%; 95% CI 1.82–11.36%),0.16279069767441862,0.09952131046989598,0.25489700862979064,14/86 (16.28%; 95% CI 9.95–25.49%),0.05813953488372093,0.025086935621079658,0.12897844802678554,5/86 (5.81%; 95% CI 2.51–12.90%),0.7325581395348837,0.6305495916710698,0.8146791537774222,63/86 (73.26%; 95% CI 63.05–81.47%),0.9534883720930233,0.8864300218628802,0.9817660317616792,82/86 (95.35%; 95% CI 88.64–98.18%)
llava,appod,H02,2,2,8,4,60,14,86,82,0.046511627906976744,0.01823396823832083,0.1135699781371198,4/86 (4.65%; 95% CI 1.82–11.36%),0.16279069767441862,0.09952131046989598,0.25489700862979064,14/86 (16.28%; 95% CI 9.95–25.49%),0.09302325581395349,0.04789228421527053,0.1729574112498685,8/86 (9.30%; 95% CI 4.79–17.30%),0.6976744186046512,0.5938796504460166,0.7845647831852016,60/86 (69.77%; 95% CI 59.39–78.46%),0.9534883720930233,0.8864300218628802,0.9817660317616792,82/86 (95.35%; 95% CI 88.64–98.18%)
llava,appod,H02,2,3,14,4,54,14,86,82,0.046511627906976744,0.01823396823832083,0.1135699781371198,4/86 (4.65%; 95% CI 1.82–11.36%),0.16279069767441862,0.09952131046989598,0.25489700862979064,14/86 (16.28%; 95% CI 9.95–25.49%),0.16279069767441862,0.09952131046989598,0.25489700862979064,14/86 (16.28%; 95% CI 9.95–25.49%),0.627906976744186,0.5223383164148251,0.7225374935818455,54/86 (62.79%; 95% CI 52.23–72.25%),0.9534883720930233,0.8864300218628802,0.9817660317616792,82/86 (95.35%; 95% CI 88.64–98.18%)
llava,appod,H02,2,4,16,4,52,14,86,82,0.046511627906976744,0.01823396823832083,0.1135699781371198,4/86 (4.65%; 95% CI 1.82–11.36%),0.16279069767441862,0.09952131046989598,0.25489700862979064,14/86 (16.28%; 95% CI 9.95–25.49%),0.18604651162790697,0.11789108340273816,0.2810501102417977,16/86 (18.60%; 95% CI 11.79–28.11%),0.6046511627906976,0.4989772079672809,0.7013757274845405,52/86 (60.47%; 95% CI 49.90–70.14%),0.9534883720930233,0.8864300218628802,0.9817660317616792,82/86 (95.35%; 95% CI 88.64–98.18%)
llava,appod,H02,2,5,17,4,51,14,86,82,0.046511627906976744,0.01823396823832083,0.1135699781371198,4/86 (4.65%; 95% CI 1.82–11.36%),0.16279069767441862,0.09952131046989598,0.25489700862979064,14/86 (16.28%; 95% CI 9.95–25.49%),0.19767441860465115,0.12724351812233703,0.2939591127946234,17/86 (19.77%; 95% CI 12.72–29.40%),0.5930232558139535,0.487382730957907,0.6907087672214898,51/86 (59.30%; 95% CI 48.74–69.07%),0.9534883720930233,0.8864300218628802,0.9817660317616792,82/86 (95.35%; 95% CI 88.64–98.18%)
llava,appod,H04,4,1,3,12,62,9,86,74,0.13953488372093023,0.08165847155571476,0.22823697299912266,12/86 (13.95%; 95% CI 8.17–22.82%),0.10465116279069768,0.056040897145363075,0.18707023559220054,9/86 (10.47%; 95% CI 5.60–18.71%),0.03488372093023256,0.01193379807740838,0.09760871102560764,3/86 (3.49%; 95% CI 1.19–9.76%),0.7209302325581395,0.6182540858816528,0.8047132222944144,62/86 (72.09%; 95% CI 61.83–80.47%),0.8604651162790697,0.7717630270008773,0.9183415284442853,74/86 (86.05%; 95% CI 77.18–91.83%)
llava,appod,H04,4,2,6,12,59,9,86,74,0.13953488372093023,0.08165847155571476,0.22823697299912266,12/86 (13.95%; 95% CI 8.17–22.82%),0.10465116279069768,0.056040897145363075,0.18707023559220054,9/86 (10.47%; 95% CI 5.60–18.71%),0.06976744186046512,0.032365414509921336,0.14396140641036848,6/86 (6.98%; 95% CI 3.24–14.40%),0.686046511627907,0.5817959683851581,0.7743870279736356,59/86 (68.60%; 95% CI 58.18–77.44%),0.8604651162790697,0.7717630270008773,0.9183415284442853,74/86 (86.05%; 95% CI 77.18–91.83%)
llava,appod,H04,4,3,12,12,53,9,86,74,0.13953488372093023,0.08165847155571476,0.22823697299912266,12/86 (13.95%; 95% CI 8.17–22.82%),0.10465116279069768,0.056040897145363075,0.18707023559220054,9/86 (10.47%; 95% CI 5.60–18.71%),0.13953488372093023,0.08165847155571476,0.22823697299912266,12/86 (13.95%; 95% CI 8.17–22.82%),0.6162790697674418,0.5106287727439646,0.7119855999802814,53/86 (61.63%; 95% CI 51.06–71.20%),0.8604651162790697,0.7717630270008773,0.9183415284442853,74/86 (86.05%; 95% CI 77.18–91.83%)
llava,appod,H04,4,4,13,12,52,9,86,74,0.13953488372093023,0.08165847155571476,0.22823697299912266,12/86 (13.95%; 95% CI 8.17–22.82%),0.10465116279069768,0.056040897145363075,0.18707023559220054,9/86 (10.47%; 95% CI 5.60–18.71%),0.1511627906976744,0.09052122983132334,0.24163565199593867,13/86 (15.12%; 95% CI 9.05–24.16%),0.6046511627906976,0.4989772079672809,0.7013757274845405,52/86 (60.47%; 95% CI 49.90–70.14%),0.8604651162790697,0.7717630270008773,0.9183415284442853,74/86 (86.05%; 95% CI 77.18–91.83%)
llava,appod,H04,4,5,14,12,51,9,86,74,0.13953488372093023,0.08165847155571476,0.22823697299912266,12/86 (13.95%; 95% CI 8.17–22.82%),0.10465116279069768,0.056040897145363075,0.18707023559220054,9/86 (10.47%; 95% CI 5.60–18.71%),0.16279069767441862,0.09952131046989598,0.25489700862979064,14/86 (16.28%; 95% CI 9.95–25.49%),0.5930232558139535,0.487382730957907,0.6907087672214898,51/86 (59.30%; 95% CI 48.74–69.07%),0.8604651162790697,0.7717630270008773,0.9183415284442853,74/86 (86.05%; 95% CI 77.18–91.83%)
llava,appod,H06,6,1,4,13,61,8,86,73,0.1511627906976744,0.09052122983132334,0.24163565199593867,13/86 (15.12%; 95% CI 9.05–24.16%),0.09302325581395349,0.04789228421527053,0.1729574112498685,8/86 (9.30%; 95% CI 4.79–17.30%),0.046511627906976744,0.01823396823832083,0.1135699781371198,4/86 (4.65%; 95% CI 1.82–11.36%),0.7093023255813954,0.6060316083912257,0.7946742625124171,61/86 (70.93%; 95% CI 60.60–79.47%),0.8488372093023255,0.7583643480040613,0.9094787701686765,73/86 (84.88%; 95% CI 75.84–90.95%)
llava,appod,H06,6,2,9,13,56,8,86,73,0.1511627906976744,0.09052122983132334,0.24163565199593867,13/86 (15.12%; 95% CI 9.05–24.16%),0.09302325581395349,0.04789228421527053,0.1729574112498685,8/86 (9.30%; 95% CI 4.79–17.30%),0.10465116279069768,0.056040897145363075,0.18707023559220054,9/86 (10.47%; 95% CI 5.60–18.71%),0.6511627906976745,0.5459355200216183,0.7434631645199017,56/86 (65.12%; 95% CI 54.59–74.35%),0.8488372093023255,0.7583643480040613,0.9094787701686765,73/86 (84.88%; 95% CI 75.84–90.95%)
llava,appod,H06,6,3,13,13,52,8,86,73,0.1511627906976744,0.09052122983132334,0.24163565199593867,13/86 (15.12%; 95% CI 9.05–24.16%),0.09302325581395349,0.04789228421527053,0.1729574112498685,8/86 (9.30%; 95% CI 4.79–17.30%),0.1511627906976744,0.09052122983132334,0.24163565199593867,13/86 (15.12%; 95% CI 9.05–24.16%),0.6046511627906976,0.4989772079672809,0.7013757274845405,52/86 (60.47%; 95% CI 49.90–70.14%),0.8488372093023255,0.7583643480040613,0.9094787701686765,73/86 (84.88%; 95% CI 75.84–90.95%)
llava,appod,H06,6,4,14,13,51,8,86,73,0.1511627906976744,0.09052122983132334,0.24163565199593867,13/86 (15.12%; 95% CI 9.05–24.16%),0.09302325581395349,0.04789228421527053,0.1729574112498685,8/86 (9.30%; 95% CI 4.79–17.30%),0.16279069767441862,0.09952131046989598,0.25489700862979064,14/86 (16.28%; 95% CI 9.95–25.49%),0.5930232558139535,0.487382730957907,0.6907087672214898,51/86 (59.30%; 95% CI 48.74–69.07%),0.8488372093023255,0.7583643480040613,0.9094787701686765,73/86 (84.88%; 95% CI 75.84–90.95%)
llava,appod,H06,6,5,15,13,50,8,86,73,0.1511627906976744,0.09052122983132334,0.24163565199593867,13/86 (15.12%; 95% CI 9.05–24.16%),0.09302325581395349,0.04789228421527053,0.1729574112498685,8/86 (9.30%; 95% CI 4.79–17.30%),0.1744186046511628,0.10864769842075103,0.2680320579513602,15/86 (17.44%; 95% CI 10.86–26.80%),0.5813953488372093,0.4758445635760395,0.6799854973309328,50/86 (58.14%; 95% CI 47.58–68.00%),0.8488372093023255,0.7583643480040613,0.9094787701686765,73/86 (84.88%; 95% CI 75.84–90.95%)
llava,appod,H08,8,1,3,16,59,8,86,70,0.18604651162790697,0.11789108340273816,0.2810501102417977,16/86 (18.60%; 95% CI 11.79–28.11%),0.09302325581395349,0.04789228421527053,0.1729574112498685,8/86 (9.30%; 95% CI 4.79–17.30%),0.03488372093023256,0.01193379807740838,0.09760871102560764,3/86 (3.49%; 95% CI 1.19–9.76%),0.686046511627907,0.5817959683851581,0.7743870279736356,59/86 (68.60%; 95% CI 58.18–77.44%),0.813953488372093,0.7189498897582024,0.8821089165972619,70/86 (81.40%; 95% CI 71.89–88.21%)
llava,appod,H08,8,2,7,16,55,8,86,70,0.18604651162790697,0.11789108340273816,0.2810501102417977,16/86 (18.60%; 95% CI 11.79–28.11%),0.09302325581395349,0.04789228421527053,0.1729574112498685,8/86 (9.30%; 95% CI 4.79–17.30%),0.08139534883720931,0.03998643153878242,0.15860182665393202,7/86 (8.14%; 95% CI 4.00–15.86%),0.6395348837209303,0.5341068512119144,0.7330303960571808,55/86 (63.95%; 95% CI 53.41–73.30%),0.813953488372093,0.7189498897582024,0.8821089165972619,70/86 (81.40%; 95% CI 71.89–88.21%)
llava,appod,H08,8,3,9,16,53,8,86,70,0.18604651162790697,0.11789108340273816,0.2810501102417977,16/86 (18.60%; 95% CI 11.79–28.11%),0.09302325581395349,0.04789228421527053,0.1729574112498685,8/86 (9.30%; 95% CI 4.79–17.30%),0.10465116279069768,0.056040897145363075,0.18707023559220054,9/86 (10.47%; 95% CI 5.60–18.71%),0.6162790697674418,0.5106287727439646,0.7119855999802814,53/86 (61.63%; 95% CI 51.06–71.20%),0.813953488372093,0.7189498897582024,0.8821089165972619,70/86 (81.40%; 95% CI 71.89–88.21%)
llava,appod,H08,8,4,11,16,51,8,86,70,0.18604651162790697,0.11789108340273816,0.2810501102417977,16/86 (18.60%; 95% CI 11.79–28.11%),0.09302325581395349,0.04789228421527053,0.1729574112498685,8/86 (9.30%; 95% CI 4.79–17.30%),0.12790697674418605,0.07294621791742709,0.21468778936498575,11/86 (12.79%; 95% CI 7.29–21.47%),0.5930232558139535,0.487382730957907,0.6907087672214898,51/86 (59.30%; 95% CI 48.74–69.07%),0.813953488372093,0.7189498897582024,0.8821089165972619,70/86 (81.40%; 95% CI 71.89–88.21%)
llava,appod,H08,8,5,13,16,49,8,86,70,0.18604651162790697,0.11789108340273816,0.2810501102417977,16/86 (18.60%; 95% CI 11.79–28.11%),0.09302325581395349,0.04789228421527053,0.1729574112498685,8/86 (9.30%; 95% CI 4.79–17.30%),0.1511627906976744,0.09052122983132334,0.24163565199593867,13/86 (15.12%; 95% CI 9.05–24.16%),0.5697674418604651,0.46436203379906343,0.6692065898354842,49/86 (56.98%; 95% CI 46.44–66.92%),0.813953488372093,0.7189498897582024,0.8821089165972619,70/86 (81.40%; 95% CI 71.89–88.21%)
llava,appod,H10,10,1,3,14,60,9,86,72,0.16279069767441862,0.09952131046989598,0.25489700862979064,14/86 (16.28%; 95% CI 9.95–25.49%),0.10465116279069768,0.056040897145363075,0.18707023559220054,9/86 (10.47%; 95% CI 5.60–18.71%),0.03488372093023256,0.01193379807740838,0.09760871102560764,3/86 (3.49%; 95% CI 1.19–9.76%),0.6976744186046512,0.5938796504460166,0.7845647831852016,60/86 (69.77%; 95% CI 59.39–78.46%),0.8372093023255814,0.7451029913702094,0.900478689530104,72/86 (83.72%; 95% CI 74.51–90.05%)
llava,appod,H10,10,2,7,14,56,9,86,72,0.16279069767441862,0.09952131046989598,0.25489700862979064,14/86 (16.28%; 95% CI 9.95–25.49%),0.10465116279069768,0.056040897145363075,0.18707023559220054,9/86 (10.47%; 95% CI 5.60–18.71%),0.08139534883720931,0.03998643153878242,0.15860182665393202,7/86 (8.14%; 95% CI 4.00–15.86%),0.6511627906976745,0.5459355200216183,0.7434631645199017,56/86 (65.12%; 95% CI 54.59–74.35%),0.8372093023255814,0.7451029913702094,0.900478689530104,72/86 (83.72%; 95% CI 74.51–90.05%)
llava,appod,H10,10,3,11,14,52,9,86,72,0.16279069767441862,0.09952131046989598,0.25489700862979064,14/86 (16.28%; 95% CI 9.95–25.49%),0.10465116279069768,0.056040897145363075,0.18707023559220054,9/86 (10.47%; 95% CI 5.60–18.71%),0.12790697674418605,0.07294621791742709,0.21468778936498575,11/86 (12.79%; 95% CI 7.29–21.47%),0.6046511627906976,0.4989772079672809,0.7013757274845405,52/86 (60.47%; 95% CI 49.90–70.14%),0.8372093023255814,0.7451029913702094,0.900478689530104,72/86 (83.72%; 95% CI 74.51–90.05%)
llava,appod,H10,10,4,12,14,51,9,86,72,0.16279069767441862,0.09952131046989598,0.25489700862979064,14/86 (16.28%; 95% CI 9.95–25.49%),0.10465116279069768,0.056040897145363075,0.18707023559220054,9/86 (10.47%; 95% CI 5.60–18.71%),0.13953488372093023,0.08165847155571476,0.22823697299912266,12/86 (13.95%; 95% CI 8.17–22.82%),0.5930232558139535,0.487382730957907,0.6907087672214898,51/86 (59.30%; 95% CI 48.74–69.07%),0.8372093023255814,0.7451029913702094,0.900478689530104,72/86 (83.72%; 95% CI 74.51–90.05%)
llava,appod,H10,10,5,14,14,49,9,86,72,0.16279069767441862,0.09952131046989598,0.25489700862979064,14/86 (16.28%; 95% CI 9.95–25.49%),0.10465116279069768,0.056040897145363075,0.18707023559220054,9/86 (10.47%; 95% CI 5.60–18.71%),0.16279069767441862,0.09952131046989598,0.25489700862979064,14/86 (16.28%; 95% CI 9.95–25.49%),0.5697674418604651,0.46436203379906343,0.6692065898354842,49/86 (56.98%; 95% CI 46.44–66.92%),0.8372093023255814,0.7451029913702094,0.900478689530104,72/86 (83.72%; 95% CI 74.51–90.05%)
llava,appod,H12,12,1,2,16,61,7,86,70,0.18604651162790697,0.11789108340273816,0.2810501102417977,16/86 (18.60%; 95% CI 11.79–28.11%),0.08139534883720931,0.03998643153878242,0.15860182665393202,7/86 (8.14%; 95% CI 4.00–15.86%),0.023255813953488372,0.0064009262042708515,0.08088014562632057,2/86 (2.33%; 95% CI 0.64–8.09%),0.7093023255813954,0.6060316083912257,0.7946742625124171,61/86 (70.93%; 95% CI 60.60–79.47%),0.813953488372093,0.7189498897582024,0.8821089165972619,70/86 (81.40%; 95% CI 71.89–88.21%)
llava,appod,H12,12,2,6,16,57,7,86,70,0.18604651162790697,0.11789108340273816,0.2810501102417977,16/86 (18.60%; 95% CI 11.79–28.11%),0.08139534883720931,0.03998643153878242,0.15860182665393202,7/86 (8.14%; 95% CI 4.00–15.86%),0.06976744186046512,0.032365414509921336,0.14396140641036848,6/86 (6.98%; 95% CI 3.24–14.40%),0.6627906976744186,0.557825607589722,0.7538345142242223,57/86 (66.28%; 95% CI 55.78–75.38%),0.813953488372093,0.7189498897582024,0.8821089165972619,70/86 (81.40%; 95% CI 71.89–88.21%)
llava,appod,H12,12,3,11,16,52,7,86,70,0.18604651162790697,0.11789108340273816,0.2810501102417977,16/86 (18.60%; 95% CI 11.79–28.11%),0.08139534883720931,0.03998643153878242,0.15860182665393202,7/86 (8.14%; 95% CI 4.00–15.86%),0.12790697674418605,0.07294621791742709,0.21468778936498575,11/86 (12.79%; 95% CI 7.29–21.47%),0.6046511627906976,0.4989772079672809,0.7013757274845405,52/86 (60.47%; 95% CI 49.90–70.14%),0.813953488372093,0.7189498897582024,0.8821089165972619,70/86 (81.40%; 95% CI 71.89–88.21%)
llava,appod,H12,12,4,12,16,51,7,86,70,0.18604651162790697,0.11789108340273816,0.2810501102417977,16/86 (18.60%; 95% CI 11.79–28.11%),0.08139534883720931,0.03998643153878242,0.15860182665393202,7/86 (8.14%; 95% CI 4.00–15.86%),0.13953488372093023,0.08165847155571476,0.22823697299912266,12/86 (13.95%; 95% CI 8.17–22.82%),0.5930232558139535,0.487382730957907,0.6907087672214898,51/86 (59.30%; 95% CI 48.74–69.07%),0.813953488372093,0.7189498897582024,0.8821089165972619,70/86 (81.40%; 95% CI 71.89–88.21%)
llava,appod,H12,12,5,14,16,49,7,86,70,0.18604651162790697,0.11789108340273816,0.2810501102417977,16/86 (18.60%; 95% CI 11.79–28.11%),0.08139534883720931,0.03998643153878242,0.15860182665393202,7/86 (8.14%; 95% CI 4.00–15.86%),0.16279069767441862,0.09952131046989598,0.25489700862979064,14/86 (16.28%; 95% CI 9.95–25.49%),0.5697674418604651,0.46436203379906343,0.6692065898354842,49/86 (56.98%; 95% CI 46.44–66.92%),0.813953488372093,0.7189498897582024,0.8821089165972619,70/86 (81.40%; 95% CI 71.89–88.21%)
llava,appod,H14,14,1,2,14,60,10,86,72,0.16279069767441862,0.09952131046989598,0.25489700862979064,14/86 (16.28%; 95% CI 9.95–25.49%),0.11627906976744186,0.06440045821928717,0.20097211179070104,10/86 (11.63%; 95% CI 6.44–20.10%),0.023255813953488372,0.0064009262042708515,0.08088014562632057,2/86 (2.33%; 95% CI 0.64–8.09%),0.6976744186046512,0.5938796504460166,0.7845647831852016,60/86 (69.77%; 95% CI 59.39–78.46%),0.8372093023255814,0.7451029913702094,0.900478689530104,72/86 (83.72%; 95% CI 74.51–90.05%)
llava,appod,H14,14,2,5,14,57,10,86,72,0.16279069767441862,0.09952131046989598,0.25489700862979064,14/86 (16.28%; 95% CI 9.95–25.49%),0.11627906976744186,0.06440045821928717,0.20097211179070104,10/86 (11.63%; 95% CI 6.44–20.10%),0.05813953488372093,0.025086935621079658,0.12897844802678554,5/86 (5.81%; 95% CI 2.51–12.90%),0.6627906976744186,0.557825607589722,0.7538345142242223,57/86 (66.28%; 95% CI 55.78–75.38%),0.8372093023255814,0.7451029913702094,0.900478689530104,72/86 (83.72%; 95% CI 74.51–90.05%)
llava,appod,H14,14,3,10,14,52,10,86,72,0.16279069767441862,0.09952131046989598,0.25489700862979064,14/86 (16.28%; 95% CI 9.95–25.49%),0.11627906976744186,0.06440045821928717,0.20097211179070104,10/86 (11.63%; 95% CI 6.44–20.10%),0.11627906976744186,0.06440045821928717,0.20097211179070104,10/86 (11.63%; 95% CI 6.44–20.10%),0.6046511627906976,0.4989772079672809,0.7013757274845405,52/86 (60.47%; 95% CI 49.90–70.14%),0.8372093023255814,0.7451029913702094,0.900478689530104,72/86 (83.72%; 95% CI 74.51–90.05%)
llava,appod,H14,14,4,11,14,51,10,86,72,0.16279069767441862,0.09952131046989598,0.25489700862979064,14/86 (16.28%; 95% CI 9.95–25.49%),0.11627906976744186,0.06440045821928717,0.20097211179070104,10/86 (11.63%; 95% CI 6.44–20.10%),0.12790697674418605,0.07294621791742709,0.21468778936498575,11/86 (12.79%; 95% CI 7.29–21.47%),0.5930232558139535,0.487382730957907,0.6907087672214898,51/86 (59.30%; 95% CI 48.74–69.07%),0.8372093023255814,0.7451029913702094,0.900478689530104,72/86 (83.72%; 95% CI 74.51–90.05%)
llava,appod,H14,14,5,13,14,49,10,86,72,0.16279069767441862,0.09952131046989598,0.25489700862979064,14/86 (16.28%; 95% CI 9.95–25.49%),0.11627906976744186,0.06440045821928717,0.20097211179070104,10/86 (11.63%; 95% CI 6.44–20.10%),0.1511627906976744,0.09052122983132334,0.24163565199593867,13/86 (15.12%; 95% CI 9.05–24.16%),0.5697674418604651,0.46436203379906343,0.6692065898354842,49/86 (56.98%; 95% CI 46.44–66.92%),0.8372093023255814,0.7451029913702094,0.900478689530104,72/86 (83.72%; 95% CI 74.51–90.05%)
llava,appod,H16,16,1,2,16,58,10,86,70,0.18604651162790697,0.11789108340273816,0.2810501102417977,16/86 (18.60%; 95% CI 11.79–28.11%),0.11627906976744186,0.06440045821928717,0.20097211179070104,10/86 (11.63%; 95% CI 6.44–20.10%),0.023255813953488372,0.0064009262042708515,0.08088014562632057,2/86 (2.33%; 95% CI 0.64–8.09%),0.6744186046511628,0.569778553659483,0.7641430054268858,58/86 (67.44%; 95% CI 56.98–76.41%),0.813953488372093,0.7189498897582024,0.8821089165972619,70/86 (81.40%; 95% CI 71.89–88.21%)
llava,appod,H16,16,2,6,16,54,10,86,70,0.18604651162790697,0.11789108340273816,0.2810501102417977,16/86 (18.60%; 95% CI 11.79–28.11%),0.11627906976744186,0.06440045821928717,0.20097211179070104,10/86 (11.63%; 95% CI 6.44–20.10%),0.06976744186046512,0.032365414509921336,0.14396140641036848,6/86 (6.98%; 95% CI 3.24–14.40%),0.627906976744186,0.5223383164148251,0.7225374935818455,54/86 (62.79%; 95% CI 52.23–72.25%),0.813953488372093,0.7189498897582024,0.8821089165972619,70/86 (81.40%; 95% CI 71.89–88.21%)
llava,appod,H16,16,3,9,16,51,10,86,70,0.18604651162790697,0.11789108340273816,0.2810501102417977,16/86 (18.60%; 95% CI 11.79–28.11%),0.11627906976744186,0.06440045821928717,0.20097211179070104,10/86 (11.63%; 95% CI 6.44–20.10%),0.10465116279069768,0.056040897145363075,0.18707023559220054,9/86 (10.47%; 95% CI 5.60–18.71%),0.5930232558139535,0.487382730957907,0.6907087672214898,51/86 (59.30%; 95% CI 48.74–69.07%),0.813953488372093,0.7189498897582024,0.8821089165972619,70/86 (81.40%; 95% CI 71.89–88.21%)
llava,appod,H16,16,4,9,16,51,10,86,70,0.18604651162790697,0.11789108340273816,0.2810501102417977,16/86 (18.60%; 95% CI 11.79–28.11%),0.11627906976744186,0.06440045821928717,0.20097211179070104,10/86 (11.63%; 95% CI 6.44–20.10%),0.10465116279069768,0.056040897145363075,0.18707023559220054,9/86 (10.47%; 95% CI 5.60–18.71%),0.5930232558139535,0.487382730957907,0.6907087672214898,51/86 (59.30%; 95% CI 48.74–69.07%),0.813953488372093,0.7189498897582024,0.8821089165972619,70/86 (81.40%; 95% CI 71.89–88.21%)
llava,appod,H16,16,5,11,16,49,10,86,70,0.18604651162790697,0.11789108340273816,0.2810501102417977,16/86 (18.60%; 95% CI 11.79–28.11%),0.11627906976744186,0.06440045821928717,0.20097211179070104,10/86 (11.63%; 95% CI 6.44–20.10%),0.12790697674418605,0.07294621791742709,0.21468778936498575,11/86 (12.79%; 95% CI 7.29–21.47%),0.5697674418604651,0.46436203379906343,0.6692065898354842,49/86 (56.98%; 95% CI 46.44–66.92%),0.813953488372093,0.7189498897582024,0.8821089165972619,70/86 (81.40%; 95% CI 71.89–88.21%)
llava,appod,H18,18,1,2,14,61,9,86,72,0.16279069767441862,0.09952131046989598,0.25489700862979064,14/86 (16.28%; 95% CI 9.95–25.49%),0.10465116279069768,0.056040897145363075,0.18707023559220054,9/86 (10.47%; 95% CI 5.60–18.71%),0.023255813953488372,0.0064009262042708515,0.08088014562632057,2/86 (2.33%; 95% CI 0.64–8.09%),0.7093023255813954,0.6060316083912257,0.7946742625124171,61/86 (70.93%; 95% CI 60.60–79.47%),0.8372093023255814,0.7451029913702094,0.900478689530104,72/86 (83.72%; 95% CI 74.51–90.05%)
llava,appod,H18,18,2,5,14,58,9,86,72,0.16279069767441862,0.09952131046989598,0.25489700862979064,14/86 (16.28%; 95% CI 9.95–25.49%),0.10465116279069768,0.056040897145363075,0.18707023559220054,9/86 (10.47%; 95% CI 5.60–18.71%),0.05813953488372093,0.025086935621079658,0.12897844802678554,5/86 (5.81%; 95% CI 2.51–12.90%),0.6744186046511628,0.569778553659483,0.7641430054268858,58/86 (67.44%; 95% CI 56.98–76.41%),0.8372093023255814,0.7451029913702094,0.900478689530104,72/86 (83.72%; 95% CI 74.51–90.05%)
llava,appod,H18,18,3,10,14,53,9,86,72,0.16279069767441862,0.09952131046989598,0.25489700862979064,14/86 (16.28%; 95% CI 9.95–25.49%),0.10465116279069768,0.056040897145363075,0.18707023559220054,9/86 (10.47%; 95% CI 5.60–18.71%),0.11627906976744186,0.06440045821928717,0.20097211179070104,10/86 (11.63%; 95% CI 6.44–20.10%),0.6162790697674418,0.5106287727439646,0.7119855999802814,53/86 (61.63%; 95% CI 51.06–71.20%),0.8372093023255814,0.7451029913702094,0.900478689530104,72/86 (83.72%; 95% CI 74.51–90.05%)
llava,appod,H18,18,4,11,14,52,9,86,72,0.16279069767441862,0.09952131046989598,0.25489700862979064,14/86 (16.28%; 95% CI 9.95–25.49%),0.10465116279069768,0.056040897145363075,0.18707023559220054,9/86 (10.47%; 95% CI 5.60–18.71%),0.12790697674418605,0.07294621791742709,0.21468778936498575,11/86 (12.79%; 95% CI 7.29–21.47%),0.6046511627906976,0.4989772079672809,0.7013757274845405,52/86 (60.47%; 95% CI 49.90–70.14%),0.8372093023255814,0.7451029913702094,0.900478689530104,72/86 (83.72%; 95% CI 74.51–90.05%)
llava,appod,H18,18,5,12,14,51,9,86,72,0.16279069767441862,0.09952131046989598,0.25489700862979064,14/86 (16.28%; 95% CI 9.95–25.49%),0.10465116279069768,0.056040897145363075,0.18707023559220054,9/86 (10.47%; 95% CI 5.60–18.71%),0.13953488372093023,0.08165847155571476,0.22823697299912266,12/86 (13.95%; 95% CI 8.17–22.82%),0.5930232558139535,0.487382730957907,0.6907087672214898,51/86 (59.30%; 95% CI 48.74–69.07%),0.8372093023255814,0.7451029913702094,0.900478689530104,72/86 (83.72%; 95% CI 74.51–90.05%)
llava,appod,H20,20,1,2,14,61,9,86,72,0.16279069767441862,0.09952131046989598,0.25489700862979064,14/86 (16.28%; 95% CI 9.95–25.49%),0.10465116279069768,0.056040897145363075,0.18707023559220054,9/86 (10.47%; 95% CI 5.60–18.71%),0.023255813953488372,0.0064009262042708515,0.08088014562632057,2/86 (2.33%; 95% CI 0.64–8.09%),0.7093023255813954,0.6060316083912257,0.7946742625124171,61/86 (70.93%; 95% CI 60.60–79.47%),0.8372093023255814,0.7451029913702094,0.900478689530104,72/86 (83.72%; 95% CI 74.51–90.05%)
llava,appod,H20,20,2,6,14,57,9,86,72,0.16279069767441862,0.09952131046989598,0.25489700862979064,14/86 (16.28%; 95% CI 9.95–25.49%),0.10465116279069768,0.056040897145363075,0.18707023559220054,9/86 (10.47%; 95% CI 5.60–18.71%),0.06976744186046512,0.032365414509921336,0.14396140641036848,6/86 (6.98%; 95% CI 3.24–14.40%),0.6627906976744186,0.557825607589722,0.7538345142242223,57/86 (66.28%; 95% CI 55.78–75.38%),0.8372093023255814,0.7451029913702094,0.900478689530104,72/86 (83.72%; 95% CI 74.51–90.05%)
llava,appod,H20,20,3,11,14,52,9,86,72,0.16279069767441862,0.09952131046989598,0.25489700862979064,14/86 (16.28%; 95% CI 9.95–25.49%),0.10465116279069768,0.056040897145363075,0.18707023559220054,9/86 (10.47%; 95% CI 5.60–18.71%),0.12790697674418605,0.07294621791742709,0.21468778936498575,11/86 (12.79%; 95% CI 7.29–21.47%),0.6046511627906976,0.4989772079672809,0.7013757274845405,52/86 (60.47%; 95% CI 49.90–70.14%),0.8372093023255814,0.7451029913702094,0.900478689530104,72/86 (83.72%; 95% CI 74.51–90.05%)
llava,appod,H20,20,4,11,14,52,9,86,72,0.16279069767441862,0.09952131046989598,0.25489700862979064,14/86 (16.28%; 95% CI 9.95–25.49%),0.10465116279069768,0.056040897145363075,0.18707023559220054,9/86 (10.47%; 95% CI 5.60–18.71%),0.12790697674418605,0.07294621791742709,0.21468778936498575,11/86 (12.79%; 95% CI 7.29–21.47%),0.6046511627906976,0.4989772079672809,0.7013757274845405,52/86 (60.47%; 95% CI 49.90–70.14%),0.8372093023255814,0.7451029913702094,0.900478689530104,72/86 (83.72%; 95% CI 74.51–90.05%)
llava,appod,H20,20,5,12,14,51,9,86,72,0.16279069767441862,0.09952131046989598,0.25489700862979064,14/86 (16.28%; 95% CI 9.95–25.49%),0.10465116279069768,0.056040897145363075,0.18707023559220054,9/86 (10.47%; 95% CI 5.60–18.71%),0.13953488372093023,0.08165847155571476,0.22823697299912266,12/86 (13.95%; 95% CI 8.17–22.82%),0.5930232558139535,0.487382730957907,0.6907087672214898,51/86 (59.30%; 95% CI 48.74–69.07%),0.8372093023255814,0.7451029913702094,0.900478689530104,72/86 (83.72%; 95% CI 74.51–90.05%)
llava,appod,H22,22,1,3,12,61,10,86,74,0.13953488372093023,0.08165847155571476,0.22823697299912266,12/86 (13.95%; 95% CI 8.17–22.82%),0.11627906976744186,0.06440045821928717,0.20097211179070104,10/86 (11.63%; 95% CI 6.44–20.10%),0.03488372093023256,0.01193379807740838,0.09760871102560764,3/86 (3.49%; 95% CI 1.19–9.76%),0.7093023255813954,0.6060316083912257,0.7946742625124171,61/86 (70.93%; 95% CI 60.60–79.47%),0.8604651162790697,0.7717630270008773,0.9183415284442853,74/86 (86.05%; 95% CI 77.18–91.83%)
llava,appod,H22,22,2,7,12,57,10,86,74,0.13953488372093023,0.08165847155571476,0.22823697299912266,12/86 (13.95%; 95% CI 8.17–22.82%),0.11627906976744186,0.06440045821928717,0.20097211179070104,10/86 (11.63%; 95% CI 6.44–20.10%),0.08139534883720931,0.03998643153878242,0.15860182665393202,7/86 (8.14%; 95% CI 4.00–15.86%),0.6627906976744186,0.557825607589722,0.7538345142242223,57/86 (66.28%; 95% CI 55.78–75.38%),0.8604651162790697,0.7717630270008773,0.9183415284442853,74/86 (86.05%; 95% CI 77.18–91.83%)
llava,appod,H22,22,3,12,12,52,10,86,74,0.13953488372093023,0.08165847155571476,0.22823697299912266,12/86 (13.95%; 95% CI 8.17–22.82%),0.11627906976744186,0.06440045821928717,0.20097211179070104,10/86 (11.63%; 95% CI 6.44–20.10%),0.13953488372093023,0.08165847155571476,0.22823697299912266,12/86 (13.95%; 95% CI 8.17–22.82%),0.6046511627906976,0.4989772079672809,0.7013757274845405,52/86 (60.47%; 95% CI 49.90–70.14%),0.8604651162790697,0.7717630270008773,0.9183415284442853,74/86 (86.05%; 95% CI 77.18–91.83%)
llava,appod,H22,22,4,12,12,52,10,86,74,0.13953488372093023,0.08165847155571476,0.22823697299912266,12/86 (13.95%; 95% CI 8.17–22.82%),0.11627906976744186,0.06440045821928717,0.20097211179070104,10/86 (11.63%; 95% CI 6.44–20.10%),0.13953488372093023,0.08165847155571476,0.22823697299912266,12/86 (13.95%; 95% CI 8.17–22.82%),0.6046511627906976,0.4989772079672809,0.7013757274845405,52/86 (60.47%; 95% CI 49.90–70.14%),0.8604651162790697,0.7717630270008773,0.9183415284442853,74/86 (86.05%; 95% CI 77.18–91.83%)
llava,appod,H22,22,5,13,12,51,10,86,74,0.13953488372093023,0.08165847155571476,0.22823697299912266,12/86 (13.95%; 95% CI 8.17–22.82%),0.11627906976744186,0.06440045821928717,0.20097211179070104,10/86 (11.63%; 95% CI 6.44–20.10%),0.1511627906976744,0.09052122983132334,0.24163565199593867,13/86 (15.12%; 95% CI 9.05–24.16%),0.5930232558139535,0.487382730957907,0.6907087672214898,51/86 (59.30%; 95% CI 48.74–69.07%),0.8604651162790697,0.7717630270008773,0.9183415284442853,74/86 (86.05%; 95% CI 77.18–91.83%)
llava,appod,H24,24,1,3,12,60,11,86,74,0.13953488372093023,0.08165847155571476,0.22823697299912266,12/86 (13.95%; 95% CI 8.17–22.82%),0.12790697674418605,0.07294621791742709,0.21468778936498575,11/86 (12.79%; 95% CI 7.29–21.47%),0.03488372093023256,0.01193379807740838,0.09760871102560764,3/86 (3.49%; 95% CI 1.19–9.76%),0.6976744186046512,0.5938796504460166,0.7845647831852016,60/86 (69.77%; 95% CI 59.39–78.46%),0.8604651162790697,0.7717630270008773,0.9183415284442853,74/86 (86.05%; 95% CI 77.18–91.83%)
llava,appod,H24,24,2,6,12,57,11,86,74,0.13953488372093023,0.08165847155571476,0.22823697299912266,12/86 (13.95%; 95% CI 8.17–22.82%),0.12790697674418605,0.07294621791742709,0.21468778936498575,11/86 (12.79%; 95% CI 7.29–21.47%),0.06976744186046512,0.032365414509921336,0.14396140641036848,6/86 (6.98%; 95% CI 3.24–14.40%),0.6627906976744186,0.557825607589722,0.7538345142242223,57/86 (66.28%; 95% CI 55.78–75.38%),0.8604651162790697,0.7717630270008773,0.9183415284442853,74/86 (86.05%; 95% CI 77.18–91.83%)
llava,appod,H24,24,3,11,12,52,11,86,74,0.13953488372093023,0.08165847155571476,0.22823697299912266,12/86 (13.95%; 95% CI 8.17–22.82%),0.12790697674418605,0.07294621791742709,0.21468778936498575,11/86 (12.79%; 95% CI 7.29–21.47%),0.12790697674418605,0.07294621791742709,0.21468778936498575,11/86 (12.79%; 95% CI 7.29–21.47%),0.6046511627906976,0.4989772079672809,0.7013757274845405,52/86 (60.47%; 95% CI 49.90–70.14%),0.8604651162790697,0.7717630270008773,0.9183415284442853,74/86 (86.05%; 95% CI 77.18–91.83%)
llava,appod,H24,24,4,11,12,52,11,86,74,0.13953488372093023,0.08165847155571476,0.22823697299912266,12/86 (13.95%; 95% CI 8.17–22.82%),0.12790697674418605,0.07294621791742709,0.21468778936498575,11/86 (12.79%; 95% CI 7.29–21.47%),0.12790697674418605,0.07294621791742709,0.21468778936498575,11/86 (12.79%; 95% CI 7.29–21.47%),0.6046511627906976,0.4989772079672809,0.7013757274845405,52/86 (60.47%; 95% CI 49.90–70.14%),0.8604651162790697,0.7717630270008773,0.9183415284442853,74/86 (86.05%; 95% CI 77.18–91.83%)
llava,appod,H24,24,5,12,12,51,11,86,74,0.13953488372093023,0.08165847155571476,0.22823697299912266,12/86 (13.95%; 95% CI 8.17–22.82%),0.12790697674418605,0.07294621791742709,0.21468778936498575,11/86 (12.79%; 95% CI 7.29–21.47%),0.13953488372093023,0.08165847155571476,0.22823697299912266,12/86 (13.95%; 95% CI 8.17–22.82%),0.5930232558139535,0.487382730957907,0.6907087672214898,51/86 (59.30%; 95% CI 48.74–69.07%),0.8604651162790697,0.7717630270008773,0.9183415284442853,74/86 (86.05%; 95% CI 77.18–91.83%)
llava,appod,H26,26,1,2,13,60,11,86,73,0.1511627906976744,0.09052122983132334,0.24163565199593867,13/86 (15.12%; 95% CI 9.05–24.16%),0.12790697674418605,0.07294621791742709,0.21468778936498575,11/86 (12.79%; 95% CI 7.29–21.47%),0.023255813953488372,0.0064009262042708515,0.08088014562632057,2/86 (2.33%; 95% CI 0.64–8.09%),0.6976744186046512,0.5938796504460166,0.7845647831852016,60/86 (69.77%; 95% CI 59.39–78.46%),0.8488372093023255,0.7583643480040613,0.9094787701686765,73/86 (84.88%; 95% CI 75.84–90.95%)
llava,appod,H26,26,2,5,13,57,11,86,73,0.1511627906976744,0.09052122983132334,0.24163565199593867,13/86 (15.12%; 95% CI 9.05–24.16%),0.12790697674418605,0.07294621791742709,0.21468778936498575,11/86 (12.79%; 95% CI 7.29–21.47%),0.05813953488372093,0.025086935621079658,0.12897844802678554,5/86 (5.81%; 95% CI 2.51–12.90%),0.6627906976744186,0.557825607589722,0.7538345142242223,57/86 (66.28%; 95% CI 55.78–75.38%),0.8488372093023255,0.7583643480040613,0.9094787701686765,73/86 (84.88%; 95% CI 75.84–90.95%)
llava,appod,H26,26,3,10,13,52,11,86,73,0.1511627906976744,0.09052122983132334,0.24163565199593867,13/86 (15.12%; 95% CI 9.05–24.16%),0.12790697674418605,0.07294621791742709,0.21468778936498575,11/86 (12.79%; 95% CI 7.29–21.47%),0.11627906976744186,0.06440045821928717,0.20097211179070104,10/86 (11.63%; 95% CI 6.44–20.10%),0.6046511627906976,0.4989772079672809,0.7013757274845405,52/86 (60.47%; 95% CI 49.90–70.14%),0.8488372093023255,0.7583643480040613,0.9094787701686765,73/86 (84.88%; 95% CI 75.84–90.95%)
llava,appod,H26,26,4,10,13,52,11,86,73,0.1511627906976744,0.09052122983132334,0.24163565199593867,13/86 (15.12%; 95% CI 9.05–24.16%),0.12790697674418605,0.07294621791742709,0.21468778936498575,11/86 (12.79%; 95% CI 7.29–21.47%),0.11627906976744186,0.06440045821928717,0.20097211179070104,10/86 (11.63%; 95% CI 6.44–20.10%),0.6046511627906976,0.4989772079672809,0.7013757274845405,52/86 (60.47%; 95% CI 49.90–70.14%),0.8488372093023255,0.7583643480040613,0.9094787701686765,73/86 (84.88%; 95% CI 75.84–90.95%)
llava,appod,H26,26,5,11,13,51,11,86,73,0.1511627906976744,0.09052122983132334,0.24163565199593867,13/86 (15.12%; 95% CI 9.05–24.16%),0.12790697674418605,0.07294621791742709,0.21468778936498575,11/86 (12.79%; 95% CI 7.29–21.47%),0.12790697674418605,0.07294621791742709,0.21468778936498575,11/86 (12.79%; 95% CI 7.29–21.47%),0.5930232558139535,0.487382730957907,0.6907087672214898,51/86 (59.30%; 95% CI 48.74–69.07%),0.8488372093023255,0.7583643480040613,0.9094787701686765,73/86 (84.88%; 95% CI 75.84–90.95%)
llava,appod,H28,28,1,3,15,59,9,86,71,0.1744186046511628,0.10864769842075103,0.2680320579513602,15/86 (17.44%; 95% CI 10.86–26.80%),0.10465116279069768,0.056040897145363075,0.18707023559220054,9/86 (10.47%; 95% CI 5.60–18.71%),0.03488372093023256,0.01193379807740838,0.09760871102560764,3/86 (3.49%; 95% CI 1.19–9.76%),0.686046511627907,0.5817959683851581,0.7743870279736356,59/86 (68.60%; 95% CI 58.18–77.44%),0.8255813953488372,0.7319679420486398,0.891352301579249,71/86 (82.56%; 95% CI 73.20–89.14%)
llava,appod,H28,28,2,7,15,55,9,86,71,0.1744186046511628,0.10864769842075103,0.2680320579513602,15/86 (17.44%; 95% CI 10.86–26.80%),0.10465116279069768,0.056040897145363075,0.18707023559220054,9/86 (10.47%; 95% CI 5.60–18.71%),0.08139534883720931,0.03998643153878242,0.15860182665393202,7/86 (8.14%; 95% CI 4.00–15.86%),0.6395348837209303,0.5341068512119144,0.7330303960571808,55/86 (63.95%; 95% CI 53.41–73.30%),0.8255813953488372,0.7319679420486398,0.891352301579249,71/86 (82.56%; 95% CI 73.20–89.14%)
llava,appod,H28,28,3,11,15,51,9,86,71,0.1744186046511628,0.10864769842075103,0.2680320579513602,15/86 (17.44%; 95% CI 10.86–26.80%),0.10465116279069768,0.056040897145363075,0.18707023559220054,9/86 (10.47%; 95% CI 5.60–18.71%),0.12790697674418605,0.07294621791742709,0.21468778936498575,11/86 (12.79%; 95% CI 7.29–21.47%),0.5930232558139535,0.487382730957907,0.6907087672214898,51/86 (59.30%; 95% CI 48.74–69.07%),0.8255813953488372,0.7319679420486398,0.891352301579249,71/86 (82.56%; 95% CI 73.20–89.14%)
llava,appod,H28,28,4,11,15,51,9,86,71,0.1744186046511628,0.10864769842075103,0.2680320579513602,15/86 (17.44%; 95% CI 10.86–26.80%),0.10465116279069768,0.056040897145363075,0.18707023559220054,9/86 (10.47%; 95% CI 5.60–18.71%),0.12790697674418605,0.07294621791742709,0.21468778936498575,11/86 (12.79%; 95% CI 7.29–21.47%),0.5930232558139535,0.487382730957907,0.6907087672214898,51/86 (59.30%; 95% CI 48.74–69.07%),0.8255813953488372,0.7319679420486398,0.891352301579249,71/86 (82.56%; 95% CI 73.20–89.14%)
llava,appod,H28,28,5,12,15,50,9,86,71,0.1744186046511628,0.10864769842075103,0.2680320579513602,15/86 (17.44%; 95% CI 10.86–26.80%),0.10465116279069768,0.056040897145363075,0.18707023559220054,9/86 (10.47%; 95% CI 5.60–18.71%),0.13953488372093023,0.08165847155571476,0.22823697299912266,12/86 (13.95%; 95% CI 8.17–22.82%),0.5813953488372093,0.4758445635760395,0.6799854973309328,50/86 (58.14%; 95% CI 47.58–68.00%),0.8255813953488372,0.7319679420486398,0.891352301579249,71/86 (82.56%; 95% CI 73.20–89.14%)
llava,appod,H30,30,1,3,16,58,9,86,70,0.18604651162790697,0.11789108340273816,0.2810501102417977,16/86 (18.60%; 95% CI 11.79–28.11%),0.10465116279069768,0.056040897145363075,0.18707023559220054,9/86 (10.47%; 95% CI 5.60–18.71%),0.03488372093023256,0.01193379807740838,0.09760871102560764,3/86 (3.49%; 95% CI 1.19–9.76%),0.6744186046511628,0.569778553659483,0.7641430054268858,58/86 (67.44%; 95% CI 56.98–76.41%),0.813953488372093,0.7189498897582024,0.8821089165972619,70/86 (81.40%; 95% CI 71.89–88.21%)
llava,appod,H30,30,2,7,16,54,9,86,70,0.18604651162790697,0.11789108340273816,0.2810501102417977,16/86 (18.60%; 95% CI 11.79–28.11%),0.10465116279069768,0.056040897145363075,0.18707023559220054,9/86 (10.47%; 95% CI 5.60–18.71%),0.08139534883720931,0.03998643153878242,0.15860182665393202,7/86 (8.14%; 95% CI 4.00–15.86%),0.627906976744186,0.5223383164148251,0.7225374935818455,54/86 (62.79%; 95% CI 52.23–72.25%),0.813953488372093,0.7189498897582024,0.8821089165972619,70/86 (81.40%; 95% CI 71.89–88.21%)
llava,appod,H30,30,3,10,16,51,9,86,70,0.18604651162790697,0.11789108340273816,0.2810501102417977,16/86 (18.60%; 95% CI 11.79–28.11%),0.10465116279069768,0.056040897145363075,0.18707023559220054,9/86 (10.47%; 95% CI 5.60–18.71%),0.11627906976744186,0.06440045821928717,0.20097211179070104,10/86 (11.63%; 95% CI 6.44–20.10%),0.5930232558139535,0.487382730957907,0.6907087672214898,51/86 (59.30%; 95% CI 48.74–69.07%),0.813953488372093,0.7189498897582024,0.8821089165972619,70/86 (81.40%; 95% CI 71.89–88.21%)
llava,appod,H30,30,4,10,16,51,9,86,70,0.18604651162790697,0.11789108340273816,0.2810501102417977,16/86 (18.60%; 95% CI 11.79–28.11%),0.10465116279069768,0.056040897145363075,0.18707023559220054,9/86 (10.47%; 95% CI 5.60–18.71%),0.11627906976744186,0.06440045821928717,0.20097211179070104,10/86 (11.63%; 95% CI 6.44–20.10%),0.5930232558139535,0.487382730957907,0.6907087672214898,51/86 (59.30%; 95% CI 48.74–69.07%),0.813953488372093,0.7189498897582024,0.8821089165972619,70/86 (81.40%; 95% CI 71.89–88.21%)
llava,appod,H30,30,5,11,16,50,9,86,70,0.18604651162790697,0.11789108340273816,0.2810501102417977,16/86 (18.60%; 95% CI 11.79–28.11%),0.10465116279069768,0.056040897145363075,0.18707023559220054,9/86 (10.47%; 95% CI 5.60–18.71%),0.12790697674418605,0.07294621791742709,0.21468778936498575,11/86 (12.79%; 95% CI 7.29–21.47%),0.5813953488372093,0.4758445635760395,0.6799854973309328,50/86 (58.14%; 95% CI 47.58–68.00%),0.813953488372093,0.7189498897582024,0.8821089165972619,70/86 (81.40%; 95% CI 71.89–88.21%)
llava,appod,H32,32,1,3,17,58,8,86,69,0.19767441860465115,0.12724351812233703,0.2939591127946234,17/86 (19.77%; 95% CI 12.72–29.40%),0.09302325581395349,0.04789228421527053,0.1729574112498685,8/86 (9.30%; 95% CI 4.79–17.30%),0.03488372093023256,0.01193379807740838,0.09760871102560764,3/86 (3.49%; 95% CI 1.19–9.76%),0.6744186046511628,0.569778553659483,0.7641430054268858,58/86 (67.44%; 95% CI 56.98–76.41%),0.8023255813953488,0.7060408872053765,0.872756481877663,69/86 (80.23%; 95% CI 70.60–87.28%)
llava,appod,H32,32,2,8,17,53,8,86,69,0.19767441860465115,0.12724351812233703,0.2939591127946234,17/86 (19.77%; 95% CI 12.72–29.40%),0.09302325581395349,0.04789228421527053,0.1729574112498685,8/86 (9.30%; 95% CI 4.79–17.30%),0.09302325581395349,0.04789228421527053,0.1729574112498685,8/86 (9.30%; 95% CI 4.79–17.30%),0.6162790697674418,0.5106287727439646,0.7119855999802814,53/86 (61.63%; 95% CI 51.06–71.20%),0.8023255813953488,0.7060408872053765,0.872756481877663,69/86 (80.23%; 95% CI 70.60–87.28%)
llava,appod,H32,32,3,10,17,51,8,86,69,0.19767441860465115,0.12724351812233703,0.2939591127946234,17/86 (19.77%; 95% CI 12.72–29.40%),0.09302325581395349,0.04789228421527053,0.1729574112498685,8/86 (9.30%; 95% CI 4.79–17.30%),0.11627906976744186,0.06440045821928717,0.20097211179070104,10/86 (11.63%; 95% CI 6.44–20.10%),0.5930232558139535,0.487382730957907,0.6907087672214898,51/86 (59.30%; 95% CI 48.74–69.07%),0.8023255813953488,0.7060408872053765,0.872756481877663,69/86 (80.23%; 95% CI 70.60–87.28%)
llava,appod,H32,32,4,10,17,51,8,86,69,0.19767441860465115,0.12724351812233703,0.2939591127946234,17/86 (19.77%; 95% CI 12.72–29.40%),0.09302325581395349,0.04789228421527053,0.1729574112498685,8/86 (9.30%; 95% CI 4.79–17.30%),0.11627906976744186,0.06440045821928717,0.20097211179070104,10/86 (11.63%; 95% CI 6.44–20.10%),0.5930232558139535,0.487382730957907,0.6907087672214898,51/86 (59.30%; 95% CI 48.74–69.07%),0.8023255813953488,0.7060408872053765,0.872756481877663,69/86 (80.23%; 95% CI 70.60–87.28%)
llava,appod,H32,32,5,11,17,50,8,86,69,0.19767441860465115,0.12724351812233703,0.2939591127946234,17/86 (19.77%; 95% CI 12.72–29.40%),0.09302325581395349,0.04789228421527053,0.1729574112498685,8/86 (9.30%; 95% CI 4.79–17.30%),0.12790697674418605,0.07294621791742709,0.21468778936498575,11/86 (12.79%; 95% CI 7.29–21.47%),0.5813953488372093,0.4758445635760395,0.6799854973309328,50/86 (58.14%; 95% CI 47.58–68.00%),0.8023255813953488,0.7060408872053765,0.872756481877663,69/86 (80.23%; 95% CI 70.60–87.28%)
qwen,appfr,H02,2,1,5,19,54,8,86,67,0.22093023255813954,0.14624907754332203,0.3194764279184876,19/86 (22.09%; 95% CI 14.62–31.95%),0.09302325581395349,0.04789228421527053,0.1729574112498685,8/86 (9.30%; 95% CI 4.79–17.30%),0.05813953488372093,0.025086935621079658,0.12897844802678554,5/86 (5.81%; 95% CI 2.51–12.90%),0.627906976744186,0.5223383164148251,0.7225374935818455,54/86 (62.79%; 95% CI 52.23–72.25%),0.7790697674418605,0.6805235720815125,0.853750922456678,67/86 (77.91%; 95% CI 68.05–85.38%)
qwen,appfr,H02,2,2,8,19,51,8,86,67,0.22093023255813954,0.14624907754332203,0.3194764279184876,19/86 (22.09%; 95% CI 14.62–31.95%),0.09302325581395349,0.04789228421527053,0.1729574112498685,8/86 (9.30%; 95% CI 4.79–17.30%),0.09302325581395349,0.04789228421527053,0.1729574112498685,8/86 (9.30%; 95% CI 4.79–17.30%),0.5930232558139535,0.487382730957907,0.6907087672214898,51/86 (59.30%; 95% CI 48.74–69.07%),0.7790697674418605,0.6805235720815125,0.853750922456678,67/86 (77.91%; 95% CI 68.05–85.38%)
qwen,appfr,H02,2,3,11,19,48,8,86,67,0.22093023255813954,0.14624907754332203,0.3194764279184876,19/86 (22.09%; 95% CI 14.62–31.95%),0.09302325581395349,0.04789228421527053,0.1729574112498685,8/86 (9.30%; 95% CI 4.79–17.30%),0.12790697674418605,0.07294621791742709,0.21468778936498575,11/86 (12.79%; 95% CI 7.29–21.47%),0.5581395348837209,0.45293456995145753,0.6583726164106654,48/86 (55.81%; 95% CI 45.29–65.84%),0.7790697674418605,0.6805235720815125,0.853750922456678,67/86 (77.91%; 95% CI 68.05–85.38%)
qwen,appfr,H02,2,4,13,19,46,8,86,67,0.22093023255813954,0.14624907754332203,0.3194764279184876,19/86 (22.09%; 95% CI 14.62–31.95%),0.09302325581395349,0.04789228421527053,0.1729574112498685,8/86 (9.30%; 95% CI 4.79–17.30%),0.1511627906976744,0.09052122983132334,0.24163565199593867,13/86 (15.12%; 95% CI 9.05–24.16%),0.5348837209302325,0.4302430272177625,0.6365412845995112,46/86 (53.49%; 95% CI 43.02–63.65%),0.7790697674418605,0.6805235720815125,0.853750922456678,67/86 (77.91%; 95% CI 68.05–85.38%)
qwen,appfr,H02,2,5,15,19,44,8,86,67,0.22093023255813954,0.14624907754332203,0.3194764279184876,19/86 (22.09%; 95% CI 14.62–31.95%),0.09302325581395349,0.04789228421527053,0.1729574112498685,8/86 (9.30%; 95% CI 4.79–17.30%),0.1744186046511628,0.10864769842075103,0.2680320579513602,15/86 (17.44%; 95% CI 10.86–26.80%),0.5116279069767442,0.4077672083537732,0.6144942289186514,44/86 (51.16%; 95% CI 40.78–61.45%),0.7790697674418605,0.6805235720815125,0.853750922456678,67/86 (77.91%; 95% CI 68.05–85.38%)
qwen,appfr,H04,4,1,2,33,46,5,86,53,0.38372093023255816,0.28801440001971856,0.48937122725603543,33/86 (38.37%; 95% CI 28.80–48.94%),0.05813953488372093,0.025086935621079658,0.12897844802678554,5/86 (5.81%; 95% CI 2.51–12.90%),0.023255813953488372,0.0064009262042708515,0.08088014562632057,2/86 (2.33%; 95% CI 0.64–8.09%),0.5348837209302325,0.4302430272177625,0.6365412845995112,46/86 (53.49%; 95% CI 43.02–63.65%),0.6162790697674418,0.5106287727439646,0.7119855999802814,53/86 (61.63%; 95% CI 51.06–71.20%)
qwen,appfr,H04,4,2,4,33,44,5,86,53,0.38372093023255816,0.28801440001971856,0.48937122725603543,33/86 (38.37%; 95% CI 28.80–48.94%),0.05813953488372093,0.025086935621079658,0.12897844802678554,5/86 (5.81%; 95% CI 2.51–12.90%),0.046511627906976744,0.01823396823832083,0.1135699781371198,4/86 (4.65%; 95% CI 1.82–11.36%),0.5116279069767442,0.4077672083537732,0.6144942289186514,44/86 (51.16%; 95% CI 40.78–61.45%),0.6162790697674418,0.5106287727439646,0.7119855999802814,53/86 (61.63%; 95% CI 51.06–71.20%)
qwen,appfr,H04,4,3,6,33,42,5,86,53,0.38372093023255816,0.28801440001971856,0.48937122725603543,33/86 (38.37%; 95% CI 28.80–48.94%),0.05813953488372093,0.025086935621079658,0.12897844802678554,5/86 (5.81%; 95% CI 2.51–12.90%),0.06976744186046512,0.032365414509921336,0.14396140641036848,6/86 (6.98%; 95% CI 3.24–14.40%),0.4883720930232558,0.38550577108134854,0.5922327916462268,42/86 (48.84%; 95% CI 38.55–59.22%),0.6162790697674418,0.5106287727439646,0.7119855999802814,53/86 (61.63%; 95% CI 51.06–71.20%)
qwen,appfr,H04,4,4,8,33,40,5,86,53,0.38372093023255816,0.28801440001971856,0.48937122725603543,33/86 (38.37%; 95% CI 28.80–48.94%),0.05813953488372093,0.025086935621079658,0.12897844802678554,5/86 (5.81%; 95% CI 2.51–12.90%),0.09302325581395349,0.04789228421527053,0.1729574112498685,8/86 (9.30%; 95% CI 4.79–17.30%),0.46511627906976744,0.3634587154004887,0.5697569727822375,40/86 (46.51%; 95% CI 36.35–56.98%),0.6162790697674418,0.5106287727439646,0.7119855999802814,53/86 (61.63%; 95% CI 51.06–71.20%)
qwen,appfr,H04,4,5,8,33,40,5,86,53,0.38372093023255816,0.28801440001971856,0.48937122725603543,33/86 (38.37%; 95% CI 28.80–48.94%),0.05813953488372093,0.025086935621079658,0.12897844802678554,5/86 (5.81%; 95% CI 2.51–12.90%),0.09302325581395349,0.04789228421527053,0.1729574112498685,8/86 (9.30%; 95% CI 4.79–17.30%),0.46511627906976744,0.3634587154004887,0.5697569727822375,40/86 (46.51%; 95% CI 36.35–56.98%),0.6162790697674418,0.5106287727439646,0.7119855999802814,53/86 (61.63%; 95% CI 51.06–71.20%)
qwen,appfr,H06,6,1,1,31,43,11,86,55,0.36046511627906974,0.2669696039428191,0.46589314878808563,31/86 (36.05%; 95% CI 26.70–46.59%),0.12790697674418605,0.07294621791742709,0.21468778936498575,11/86 (12.79%; 95% CI 7.29–21.47%),0.011627906976744186,0.0020555686652495644,0.06296406589291725,1/86 (1.16%; 95% CI 0.21–6.30%),0.5,0.3966097232742094,0.6033902767257906,43/86 (50.00%; 95% CI 39.66–60.34%),0.6395348837209303,0.5341068512119144,0.7330303960571808,55/86 (63.95%; 95% CI 53.41–73.30%)
qwen,appfr,H06,6,2,3,31,41,11,86,55,0.36046511627906974,0.2669696039428191,0.46589314878808563,31/86 (36.05%; 95% CI 26.70–46.59%),0.12790697674418605,0.07294621791742709,0.21468778936498575,11/86 (12.79%; 95% CI 7.29–21.47%),0.03488372093023256,0.01193379807740838,0.09760871102560764,3/86 (3.49%; 95% CI 1.19–9.76%),0.47674418604651164,0.3744553933952738,0.5810217320598771,41/86 (47.67%; 95% CI 37.45–58.10%),0.6395348837209303,0.5341068512119144,0.7330303960571808,55/86 (63.95%; 95% CI 53.41–73.30%)
qwen,appfr,H06,6,3,5,31,39,11,86,55,0.36046511627906974,0.2669696039428191,0.46589314878808563,31/86 (36.05%; 95% CI 26.70–46.59%),0.12790697674418605,0.07294621791742709,0.21468778936498575,11/86 (12.79%; 95% CI 7.29–21.47%),0.05813953488372093,0.025086935621079658,0.12897844802678554,5/86 (5.81%; 95% CI 2.51–12.90%),0.45348837209302323,0.3525159468245965,0.558438304085705,39/86 (45.35%; 95% CI 35.25–55.84%),0.6395348837209303,0.5341068512119144,0.7330303960571808,55/86 (63.95%; 95% CI 53.41–73.30%)
qwen,appfr,H06,6,4,7,31,37,11,86,55,0.36046511627906974,0.2669696039428191,0.46589314878808563,31/86 (36.05%; 95% CI 26.70–46.59%),0.12790697674418605,0.07294621791742709,0.21468778936498575,11/86 (12.79%; 95% CI 7.29–21.47%),0.08139534883720931,0.03998643153878242,0.15860182665393202,7/86 (8.14%; 95% CI 4.00–15.86%),0.43023255813953487,0.3307934101645158,0.5356379662009366,37/86 (43.02%; 95% CI 33.08–53.56%),0.6395348837209303,0.5341068512119144,0.7330303960571808,55/86 (63.95%; 95% CI 53.41–73.30%)
qwen,appfr,H06,6,5,8,31,36,11,86,55,0.36046511627906974,0.2669696039428191,0.46589314878808563,31/86 (36.05%; 95% CI 26.70–46.59%),0.12790697674418605,0.07294621791742709,0.21468778936498575,11/86 (12.79%; 95% CI 7.29–21.47%),0.09302325581395349,0.04789228421527053,0.1729574112498685,8/86 (9.30%; 95% CI 4.79–17.30%),0.4186046511627907,0.3200145026690673,0.5241554364239606,36/86 (41.86%; 95% CI 32.00–52.42%),0.6395348837209303,0.5341068512119144,0.7330303960571808,55/86 (63.95%; 95% CI 53.41–73.30%)
qwen,appfr,H08,8,1,1,33,44,8,86,53,0.38372093023255816,0.28801440001971856,0.48937122725603543,33/86 (38.37%; 95% CI 28.80–48.94%),0.09302325581395349,0.04789228421527053,0.1729574112498685,8/86 (9.30%; 95% CI 4.79–17.30%),0.011627906976744186,0.0020555686652495644,0.06296406589291725,1/86 (1.16%; 95% CI 0.21–6.30%),0.5116279069767442,0.4077672083537732,0.6144942289186514,44/86 (51.16%; 95% CI 40.78–61.45%),0.6162790697674418,0.5106287727439646,0.7119855999802814,53/86 (61.63%; 95% CI 51.06–71.20%)
qwen,appfr,H08,8,2,4,33,41,8,86,53,0.38372093023255816,0.28801440001971856,0.48937122725603543,33/86 (38.37%; 95% CI 28.80–48.94%),0.09302325581395349,0.04789228421527053,0.1729574112498685,8/86 (9.30%; 95% CI 4.79–17.30%),0.046511627906976744,0.01823396823832083,0.1135699781371198,4/86 (4.65%; 95% CI 1.82–11.36%),0.47674418604651164,0.3744553933952738,0.5810217320598771,41/86 (47.67%; 95% CI 37.45–58.10%),0.6162790697674418,0.5106287727439646,0.7119855999802814,53/86 (61.63%; 95% CI 51.06–71.20%)
qwen,appfr,H08,8,3,5,33,40,8,86,53,0.38372093023255816,0.28801440001971856,0.48937122725603543,33/86 (38.37%; 95% CI 28.80–48.94%),0.09302325581395349,0.04789228421527053,0.1729574112498685,8/86 (9.30%; 95% CI 4.79–17.30%),0.05813953488372093,0.025086935621079658,0.12897844802678554,5/86 (5.81%; 95% CI 2.51–12.90%),0.46511627906976744,0.3634587154004887,0.5697569727822375,40/86 (46.51%; 95% CI 36.35–56.98%),0.6162790697674418,0.5106287727439646,0.7119855999802814,53/86 (61.63%; 95% CI 51.06–71.20%)
qwen,appfr,H08,8,4,6,33,39,8,86,53,0.38372093023255816,0.28801440001971856,0.48937122725603543,33/86 (38.37%; 95% CI 28.80–48.94%),0.09302325581395349,0.04789228421527053,0.1729574112498685,8/86 (9.30%; 95% CI 4.79–17.30%),0.06976744186046512,0.032365414509921336,0.14396140641036848,6/86 (6.98%; 95% CI 3.24–14.40%),0.45348837209302323,0.3525159468245965,0.558438304085705,39/86 (45.35%; 95% CI 35.25–55.84%),0.6162790697674418,0.5106287727439646,0.7119855999802814,53/86 (61.63%; 95% CI 51.06–71.20%)
qwen,appfr,H08,8,5,7,33,38,8,86,53,0.38372093023255816,0.28801440001971856,0.48937122725603543,33/86 (38.37%; 95% CI 28.80–48.94%),0.09302325581395349,0.04789228421527053,0.1729574112498685,8/86 (9.30%; 95% CI 4.79–17.30%),0.08139534883720931,0.03998643153878242,0.15860182665393202,7/86 (8.14%; 95% CI 4.00–15.86%),0.4418604651162791,0.3416273835893346,0.5470654300485425,38/86 (44.19%; 95% CI 34.16–54.71%),0.6162790697674418,0.5106287727439646,0.7119855999802814,53/86 (61.63%; 95% CI 51.06–71.20%)
qwen,appfr,H10,10,1,3,32,42,9,86,54,0.37209302325581395,0.2774625064181545,0.4776616835851749,32/86 (37.21%; 95% CI 27.75–47.77%),0.10465116279069768,0.056040897145363075,0.18707023559220054,9/86 (10.47%; 95% CI 5.60–18.71%),0.03488372093023256,0.01193379807740838,0.09760871102560764,3/86 (3.49%; 95% CI 1.19–9.76%),0.4883720930232558,0.38550577108134854,0.5922327916462268,42/86 (48.84%; 95% CI 38.55–59.22%),0.627906976744186,0.5223383164148251,0.7225374935818455,54/86 (62.79%; 95% CI 52.23–72.25%)
qwen,appfr,H10,10,2,4,32,41,9,86,54,0.37209302325581395,0.2774625064181545,0.4776616835851749,32/86 (37.21%; 95% CI 27.75–47.77%),0.10465116279069768,0.056040897145363075,0.18707023559220054,9/86 (10.47%; 95% CI 5.60–18.71%),0.046511627906976744,0.01823396823832083,0.1135699781371198,4/86 (4.65%; 95% CI 1.82–11.36%),0.47674418604651164,0.3744553933952738,0.5810217320598771,41/86 (47.67%; 95% CI 37.45–58.10%),0.627906976744186,0.5223383164148251,0.7225374935818455,54/86 (62.79%; 95% CI 52.23–72.25%)
qwen,appfr,H10,10,3,7,32,38,9,86,54,0.37209302325581395,0.2774625064181545,0.4776616835851749,32/86 (37.21%; 95% CI 27.75–47.77%),0.10465116279069768,0.056040897145363075,0.18707023559220054,9/86 (10.47%; 95% CI 5.60–18.71%),0.08139534883720931,0.03998643153878242,0.15860182665393202,7/86 (8.14%; 95% CI 4.00–15.86%),0.4418604651162791,0.3416273835893346,0.5470654300485425,38/86 (44.19%; 95% CI 34.16–54.71%),0.627906976744186,0.5223383164148251,0.7225374935818455,54/86 (62.79%; 95% CI 52.23–72.25%)
qwen,appfr,H10,10,4,8,32,37,9,86,54,0.37209302325581395,0.2774625064181545,0.4776616835851749,32/86 (37.21%; 95% CI 27.75–47.77%),0.10465116279069768,0.056040897145363075,0.18707023559220054,9/86 (10.47%; 95% CI 5.60–18.71%),0.09302325581395349,0.04789228421527053,0.1729574112498685,8/86 (9.30%; 95% CI 4.79–17.30%),0.43023255813953487,0.3307934101645158,0.5356379662009366,37/86 (43.02%; 95% CI 33.08–53.56%),0.627906976744186,0.5223383164148251,0.7225374935818455,54/86 (62.79%; 95% CI 52.23–72.25%)
qwen,appfr,H10,10,5,9,32,36,9,86,54,0.37209302325581395,0.2774625064181545,0.4776616835851749,32/86 (37.21%; 95% CI 27.75–47.77%),0.10465116279069768,0.056040897145363075,0.18707023559220054,9/86 (10.47%; 95% CI 5.60–18.71%),0.10465116279069768,0.056040897145363075,0.18707023559220054,9/86 (10.47%; 95% CI 5.60–18.71%),0.4186046511627907,0.3200145026690673,0.5241554364239606,36/86 (41.86%; 95% CI 32.00–52.42%),0.627906976744186,0.5223383164148251,0.7225374935818455,54/86 (62.79%; 95% CI 52.23–72.25%)
qwen,appfr,H12,12,1,4,31,42,9,86,55,0.36046511627906974,0.2669696039428191,0.46589314878808563,31/86 (36.05%; 95% CI 26.70–46.59%),0.10465116279069768,0.056040897145363075,0.18707023559220054,9/86 (10.47%; 95% CI 5.60–18.71%),0.046511627906976744,0.01823396823832083,0.1135699781371198,4/86 (4.65%; 95% CI 1.82–11.36%),0.4883720930232558,0.38550577108134854,0.5922327916462268,42/86 (48.84%; 95% CI 38.55–59.22%),0.6395348837209303,0.5341068512119144,0.7330303960571808,55/86 (63.95%; 95% CI 53.41–73.30%)
qwen,appfr,H12,12,2,7,31,39,9,86,55,0.36046511627906974,0.2669696039428191,0.46589314878808563,31/86 (36.05%; 95% CI 26.70–46.59%),0.10465116279069768,0.056040897145363075,0.18707023559220054,9/86 (10.47%; 95% CI 5.60–18.71%),0.08139534883720931,0.03998643153878242,0.15860182665393202,7/86 (8.14%; 95% CI 4.00–15.86%),0.45348837209302323,0.3525159468245965,0.558438304085705,39/86 (45.35%; 95% CI 35.25–55.84%),0.6395348837209303,0.5341068512119144,0.7330303960571808,55/86 (63.95%; 95% CI 53.41–73.30%)
qwen,appfr,H12,12,3,8,31,38,9,86,55,0.36046511627906974,0.2669696039428191,0.46589314878808563,31/86 (36.05%; 95% CI 26.70–46.59%),0.10465116279069768,0.056040897145363075,0.18707023559220054,9/86 (10.47%; 95% CI 5.60–18.71%),0.09302325581395349,0.04789228421527053,0.1729574112498685,8/86 (9.30%; 95% CI 4.79–17.30%),0.4418604651162791,0.3416273835893346,0.5470654300485425,38/86 (44.19%; 95% CI 34.16–54.71%),0.6395348837209303,0.5341068512119144,0.7330303960571808,55/86 (63.95%; 95% CI 53.41–73.30%)
qwen,appfr,H12,12,4,10,31,36,9,86,55,0.36046511627906974,0.2669696039428191,0.46589314878808563,31/86 (36.05%; 95% CI 26.70–46.59%),0.10465116279069768,0.056040897145363075,0.18707023559220054,9/86 (10.47%; 95% CI 5.60–18.71%),0.11627906976744186,0.06440045821928717,0.20097211179070104,10/86 (11.63%; 95% CI 6.44–20.10%),0.4186046511627907,0.3200145026690673,0.5241554364239606,36/86 (41.86%; 95% CI 32.00–52.42%),0.6395348837209303,0.5341068512119144,0.7330303960571808,55/86 (63.95%; 95% CI 53.41–73.30%)
qwen,appfr,H12,12,5,10,31,36,9,86,55,0.36046511627906974,0.2669696039428191,0.46589314878808563,31/86 (36.05%; 95% CI 26.70–46.59%),0.10465116279069768,0.056040897145363075,0.18707023559220054,9/86 (10.47%; 95% CI 5.60–18.71%),0.11627906976744186,0.06440045821928717,0.20097211179070104,10/86 (11.63%; 95% CI 6.44–20.10%),0.4186046511627907,0.3200145026690673,0.5241554364239606,36/86 (41.86%; 95% CI 32.00–52.42%),0.6395348837209303,0.5341068512119144,0.7330303960571808,55/86 (63.95%; 95% CI 53.41–73.30%)
qwen,appfr,H14,14,1,2,36,40,8,86,50,0.4186046511627907,0.3200145026690673,0.5241554364239606,36/86 (41.86%; 95% CI 32.00–52.42%),0.09302325581395349,0.04789228421527053,0.1729574112498685,8/86 (9.30%; 95% CI 4.79–17.30%),0.023255813953488372,0.0064009262042708515,0.08088014562632057,2/86 (2.33%; 95% CI 0.64–8.09%),0.46511627906976744,0.3634587154004887,0.5697569727822375,40/86 (46.51%; 95% CI 36.35–56.98%),0.5813953488372093,0.4758445635760395,0.6799854973309328,50/86 (58.14%; 95% CI 47.58–68.00%)
qwen,appfr,H14,14,2,3,36,39,8,86,50,0.4186046511627907,0.3200145026690673,0.5241554364239606,36/86 (41.86%; 95% CI 32.00–52.42%),0.09302325581395349,0.04789228421527053,0.1729574112498685,8/86 (9.30%; 95% CI 4.79–17.30%),0.03488372093023256,0.01193379807740838,0.09760871102560764,3/86 (3.49%; 95% CI 1.19–9.76%),0.45348837209302323,0.3525159468245965,0.558438304085705,39/86 (45.35%; 95% CI 35.25–55.84%),0.5813953488372093,0.4758445635760395,0.6799854973309328,50/86 (58.14%; 95% CI 47.58–68.00%)
qwen,appfr,H14,14,3,6,36,36,8,86,50,0.4186046511627907,0.3200145026690673,0.5241554364239606,36/86 (41.86%; 95% CI 32.00–52.42%),0.09302325581395349,0.04789228421527053,0.1729574112498685,8/86 (9.30%; 95% CI 4.79–17.30%),0.06976744186046512,0.032365414509921336,0.14396140641036848,6/86 (6.98%; 95% CI 3.24–14.40%),0.4186046511627907,0.3200145026690673,0.5241554364239606,36/86 (41.86%; 95% CI 32.00–52.42%),0.5813953488372093,0.4758445635760395,0.6799854973309328,50/86 (58.14%; 95% CI 47.58–68.00%)
qwen,appfr,H14,14,4,8,36,34,8,86,50,0.4186046511627907,0.3200145026690673,0.5241554364239606,36/86 (41.86%; 95% CI 32.00–52.42%),0.09302325581395349,0.04789228421527053,0.1729574112498685,8/86 (9.30%; 95% CI 4.79–17.30%),0.09302325581395349,0.04789228421527053,0.1729574112498685,8/86 (9.30%; 95% CI 4.79–17.30%),0.3953488372093023,0.2986242725154595,0.501022792032719,34/86 (39.53%; 95% CI 29.86–50.10%),0.5813953488372093,0.4758445635760395,0.6799854973309328,50/86 (58.14%; 95% CI 47.58–68.00%)
qwen,appfr,H14,14,5,8,36,34,8,86,50,0.4186046511627907,0.3200145026690673,0.5241554364239606,36/86 (41.86%; 95% CI 32.00–52.42%),0.09302325581395349,0.04789228421527053,0.1729574112498685,8/86 (9.30%; 95% CI 4.79–17.30%),0.09302325581395349,0.04789228421527053,0.1729574112498685,8/86 (9.30%; 95% CI 4.79–17.30%),0.3953488372093023,0.2986242725154595,0.501022792032719,34/86 (39.53%; 95% CI 29.86–50.10%),0.5813953488372093,0.4758445635760395,0.6799854973309328,50/86 (58.14%; 95% CI 47.58–68.00%)
qwen,appfr,H16,16,1,3,34,39,10,86,52,0.3953488372093023,0.2986242725154595,0.501022792032719,34/86 (39.53%; 95% CI 29.86–50.10%),0.11627906976744186,0.06440045821928717,0.20097211179070104,10/86 (11.63%; 95% CI 6.44–20.10%),0.03488372093023256,0.01193379807740838,0.09760871102560764,3/86 (3.49%; 95% CI 1.19–9.76%),0.45348837209302323,0.3525159468245965,0.558438304085705,39/86 (45.35%; 95% CI 35.25–55.84%),0.6046511627906976,0.4989772079672809,0.7013757274845405,52/86 (60.47%; 95% CI 49.90–70.14%)
qwen,appfr,H16,16,2,4,34,38,10,86,52,0.3953488372093023,0.2986242725154595,0.501022792032719,34/86 (39.53%; 95% CI 29.86–50.10%),0.11627906976744186,0.06440045821928717,0.20097211179070104,10/86 (11.63%; 95% CI 6.44–20.10%),0.046511627906976744,0.01823396823832083,0.1135699781371198,4/86 (4.65%; 95% CI 1.82–11.36%),0.4418604651162791,0.3416273835893346,0.5470654300485425,38/86 (44.19%; 95% CI 34.16–54.71%),0.6046511627906976,0.4989772079672809,0.7013757274845405,52/86 (60.47%; 95% CI 49.90–70.14%)
qwen,appfr,H16,16,3,7,34,35,10,86,52,0.3953488372093023,0.2986242725154595,0.501022792032719,34/86 (39.53%; 95% CI 29.86–50.10%),0.11627906976744186,0.06440045821928717,0.20097211179070104,10/86 (11.63%; 95% CI 6.44–20.10%),0.08139534883720931,0.03998643153878242,0.15860182665393202,7/86 (8.14%; 95% CI 4.00–15.86%),0.4069767441860465,0.3092912327785102,0.5126172690420929,35/86 (40.70%; 95% CI 30.93–51.26%),0.6046511627906976,0.4989772079672809,0.7013757274845405,52/86 (60.47%; 95% CI 49.90–70.14%)
qwen,appfr,H16,16,4,9,34,33,10,86,52,0.3953488372093023,0.2986242725154595,0.501022792032719,34/86 (39.53%; 95% CI 29.86–50.10%),0.11627906976744186,0.06440045821928717,0.20097211179070104,10/86 (11.63%; 95% CI 6.44–20.10%),0.10465116279069768,0.056040897145363075,0.18707023559220054,9/86 (10.47%; 95% CI 5.60–18.71%),0.38372093023255816,0.28801440001971856,0.48937122725603543,33/86 (38.37%; 95% CI 28.80–48.94%),0.6046511627906976,0.4989772079672809,0.7013757274845405,52/86 (60.47%; 95% CI 49.90–70.14%)
qwen,appfr,H16,16,5,9,34,33,10,86,52,0.3953488372093023,0.2986242725154595,0.501022792032719,34/86 (39.53%; 95% CI 29.86–50.10%),0.11627906976744186,0.06440045821928717,0.20097211179070104,10/86 (11.63%; 95% CI 6.44–20.10%),0.10465116279069768,0.056040897145363075,0.18707023559220054,9/86 (10.47%; 95% CI 5.60–18.71%),0.38372093023255816,0.28801440001971856,0.48937122725603543,33/86 (38.37%; 95% CI 28.80–48.94%),0.6046511627906976,0.4989772079672809,0.7013757274845405,52/86 (60.47%; 95% CI 49.90–70.14%)
qwen,appfr,H18,18,1,4,37,37,8,86,49,0.43023255813953487,0.3307934101645158,0.5356379662009366,37/86 (43.02%; 95% CI 33.08–53.56%),0.09302325581395349,0.04789228421527053,0.1729574112498685,8/86 (9.30%; 95% CI 4.79–17.30%),0.046511627906976744,0.01823396823832083,0.1135699781371198,4/86 (4.65%; 95% CI 1.82–11.36%),0.43023255813953487,0.3307934101645158,0.5356379662009366,37/86 (43.02%; 95% CI 33.08–53.56%),0.5697674418604651,0.46436203379906343,0.6692065898354842,49/86 (56.98%; 95% CI 46.44–66.92%)
qwen,appfr,H18,18,2,5,37,36,8,86,49,0.43023255813953487,0.3307934101645158,0.5356379662009366,37/86 (43.02%; 95% CI 33.08–53.56%),0.09302325581395349,0.04789228421527053,0.1729574112498685,8/86 (9.30%; 95% CI 4.79–17.30%),0.05813953488372093,0.025086935621079658,0.12897844802678554,5/86 (5.81%; 95% CI 2.51–12.90%),0.4186046511627907,0.3200145026690673,0.5241554364239606,36/86 (41.86%; 95% CI 32.00–52.42%),0.5697674418604651,0.46436203379906343,0.6692065898354842,49/86 (56.98%; 95% CI 46.44–66.92%)
qwen,appfr,H18,18,3,7,37,34,8,86,49,0.43023255813953487,0.3307934101645158,0.5356379662009366,37/86 (43.02%; 95% CI 33.08–53.56%),0.09302325581395349,0.04789228421527053,0.1729574112498685,8/86 (9.30%; 95% CI 4.79–17.30%),0.08139534883720931,0.03998643153878242,0.15860182665393202,7/86 (8.14%; 95% CI 4.00–15.86%),0.3953488372093023,0.2986242725154595,0.501022792032719,34/86 (39.53%; 95% CI 29.86–50.10%),0.5697674418604651,0.46436203379906343,0.6692065898354842,49/86 (56.98%; 95% CI 46.44–66.92%)
qwen,appfr,H18,18,4,8,37,33,8,86,49,0.43023255813953487,0.3307934101645158,0.5356379662009366,37/86 (43.02%; 95% CI 33.08–53.56%),0.09302325581395349,0.04789228421527053,0.1729574112498685,8/86 (9.30%; 95% CI 4.79–17.30%),0.09302325581395349,0.04789228421527053,0.1729574112498685,8/86 (9.30%; 95% CI 4.79–17.30%),0.38372093023255816,0.28801440001971856,0.48937122725603543,33/86 (38.37%; 95% CI 28.80–48.94%),0.5697674418604651,0.46436203379906343,0.6692065898354842,49/86 (56.98%; 95% CI 46.44–66.92%)
qwen,appfr,H18,18,5,8,37,33,8,86,49,0.43023255813953487,0.3307934101645158,0.5356379662009366,37/86 (43.02%; 95% CI 33.08–53.56%),0.09302325581395349,0.04789228421527053,0.1729574112498685,8/86 (9.30%; 95% CI 4.79–17.30%),0.09302325581395349,0.04789228421527053,0.1729574112498685,8/86 (9.30%; 95% CI 4.79–17.30%),0.38372093023255816,0.28801440001971856,0.48937122725603543,33/86 (38.37%; 95% CI 28.80–48.94%),0.5697674418604651,0.46436203379906343,0.6692065898354842,49/86 (56.98%; 95% CI 46.44–66.92%)
qwen,appfr,H20,20,1,3,38,36,9,86,48,0.4418604651162791,0.3416273835893346,0.5470654300485425,38/86 (44.19%; 95% CI 34.16–54.71%),0.10465116279069768,0.056040897145363075,0.18707023559220054,9/86 (10.47%; 95% CI 5.60–18.71%),0.03488372093023256,0.01193379807740838,0.09760871102560764,3/86 (3.49%; 95% CI 1.19–9.76%),0.4186046511627907,0.3200145026690673,0.5241554364239606,36/86 (41.86%; 95% CI 32.00–52.42%),0.5581395348837209,0.45293456995145753,0.6583726164106654,48/86 (55.81%; 95% CI 45.29–65.84%)
qwen,appfr,H20,20,2,3,38,36,9,86,48,0.4418604651162791,0.3416273835893346,0.5470654300485425,38/86 (44.19%; 95% CI 34.16–54.71%),0.10465116279069768,0.056040897145363075,0.18707023559220054,9/86 (10.47%; 95% CI 5.60–18.71%),0.03488372093023256,0.01193379807740838,0.09760871102560764,3/86 (3.49%; 95% CI 1.19–9.76%),0.4186046511627907,0.3200145026690673,0.5241554364239606,36/86 (41.86%; 95% CI 32.00–52.42%),0.5581395348837209,0.45293456995145753,0.6583726164106654,48/86 (55.81%; 95% CI 45.29–65.84%)
qwen,appfr,H20,20,3,6,38,33,9,86,48,0.4418604651162791,0.3416273835893346,0.5470654300485425,38/86 (44.19%; 95% CI 34.16–54.71%),0.10465116279069768,0.056040897145363075,0.18707023559220054,9/86 (10.47%; 95% CI 5.60–18.71%),0.06976744186046512,0.032365414509921336,0.14396140641036848,6/86 (6.98%; 95% CI 3.24–14.40%),0.38372093023255816,0.28801440001971856,0.48937122725603543,33/86 (38.37%; 95% CI 28.80–48.94%),0.5581395348837209,0.45293456995145753,0.6583726164106654,48/86 (55.81%; 95% CI 45.29–65.84%)
qwen,appfr,H20,20,4,7,38,32,9,86,48,0.4418604651162791,0.3416273835893346,0.5470654300485425,38/86 (44.19%; 95% CI 34.16–54.71%),0.10465116279069768,0.056040897145363075,0.18707023559220054,9/86 (10.47%; 95% CI 5.60–18.71%),0.08139534883720931,0.03998643153878242,0.15860182665393202,7/86 (8.14%; 95% CI 4.00–15.86%),0.37209302325581395,0.2774625064181545,0.4776616835851749,32/86 (37.21%; 95% CI 27.75–47.77%),0.5581395348837209,0.45293456995145753,0.6583726164106654,48/86 (55.81%; 95% CI 45.29–65.84%)
qwen,appfr,H20,20,5,7,38,32,9,86,48,0.4418604651162791,0.3416273835893346,0.5470654300485425,38/86 (44.19%; 95% CI 34.16–54.71%),0.10465116279069768,0.056040897145363075,0.18707023559220054,9/86 (10.47%; 95% CI 5.60–18.71%),0.08139534883720931,0.03998643153878242,0.15860182665393202,7/86 (8.14%; 95% CI 4.00–15.86%),0.37209302325581395,0.2774625064181545,0.4776616835851749,32/86 (37.21%; 95% CI 27.75–47.77%),0.5581395348837209,0.45293456995145753,0.6583726164106654,48/86 (55.81%; 95% CI 45.29–65.84%)
qwen,appfr,H22,22,1,2,41,35,8,86,45,0.47674418604651164,0.3744553933952738,0.5810217320598771,41/86 (47.67%; 95% CI 37.45–58.10%),0.09302325581395349,0.04789228421527053,0.1729574112498685,8/86 (9.30%; 95% CI 4.79–17.30%),0.023255813953488372,0.0064009262042708515,0.08088014562632057,2/86 (2.33%; 95% CI 0.64–8.09%),0.4069767441860465,0.3092912327785102,0.5126172690420929,35/86 (40.70%; 95% CI 30.93–51.26%),0.5232558139534884,0.41897826794012305,0.6255446066047263,45/86 (52.33%; 95% CI 41.90–62.55%)
qwen,appfr,H22,22,2,3,41,34,8,86,45,0.47674418604651164,0.3744553933952738,0.5810217320598771,41/86 (47.67%; 95% CI 37.45–58.10%),0.09302325581395349,0.04789228421527053,0.1729574112498685,8/86 (9.30%; 95% CI 4.79–17.30%),0.03488372093023256,0.01193379807740838,0.09760871102560764,3/86 (3.49%; 95% CI 1.19–9.76%),0.3953488372093023,0.2986242725154595,0.501022792032719,34/86 (39.53%; 95% CI 29.86–50.10%),0.5232558139534884,0.41897826794012305,0.6255446066047263,45/86 (52.33%; 95% CI 41.90–62.55%)
qwen,appfr,H22,22,3,6,41,31,8,86,45,0.47674418604651164,0.3744553933952738,0.5810217320598771,41/86 (47.67%; 95% CI 37.45–58.10%),0.09302325581395349,0.04789228421527053,0.1729574112498685,8/86 (9.30%; 95% CI 4.79–17.30%),0.06976744186046512,0.032365414509921336,0.14396140641036848,6/86 (6.98%; 95% CI 3.24–14.40%),0.36046511627906974,0.2669696039428191,0.46589314878808563,31/86 (36.05%; 95% CI 26.70–46.59%),0.5232558139534884,0.41897826794012305,0.6255446066047263,45/86 (52.33%; 95% CI 41.90–62.55%)
qwen,appfr,H22,22,4,7,41,30,8,86,45,0.47674418604651164,0.3744553933952738,0.5810217320598771,41/86 (47.67%; 95% CI 37.45–58.10%),0.09302325581395349,0.04789228421527053,0.1729574112498685,8/86 (9.30%; 95% CI 4.79–17.30%),0.08139534883720931,0.03998643153878242,0.15860182665393202,7/86 (8.14%; 95% CI 4.00–15.86%),0.3488372093023256,0.2565368354800985,0.4540644799783818,30/86 (34.88%; 95% CI 25.65–45.41%),0.5232558139534884,0.41897826794012305,0.6255446066047263,45/86 (52.33%; 95% CI 41.90–62.55%)
qwen,appfr,H22,22,5,7,41,30,8,86,45,0.47674418604651164,0.3744553933952738,0.5810217320598771,41/86 (47.67%; 95% CI 37.45–58.10%),0.09302325581395349,0.04789228421527053,0.1729574112498685,8/86 (9.30%; 95% CI 4.79–17.30%),0.08139534883720931,0.03998643153878242,0.15860182665393202,7/86 (8.14%; 95% CI 4.00–15.86%),0.3488372093023256,0.2565368354800985,0.4540644799783818,30/86 (34.88%; 95% CI 25.65–45.41%),0.5232558139534884,0.41897826794012305,0.6255446066047263,45/86 (52.33%; 95% CI 41.90–62.55%)
qwen,appfr,H24,24,1,2,40,35,9,86,46,0.46511627906976744,0.3634587154004887,0.5697569727822375,40/86 (46.51%; 95% CI 36.35–56.98%),0.10465116279069768,0.056040897145363075,0.18707023559220054,9/86 (10.47%; 95% CI 5.60–18.71%),0.023255813953488372,0.0064009262042708515,0.08088014562632057,2/86 (2.33%; 95% CI 0.64–8.09%),0.4069767441860465,0.3092912327785102,0.5126172690420929,35/86 (40.70%; 95% CI 30.93–51.26%),0.5348837209302325,0.4302430272177625,0.6365412845995112,46/86 (53.49%; 95% CI 43.02–63.65%)
qwen,appfr,H24,24,2,3,40,34,9,86,46,0.46511627906976744,0.3634587154004887,0.5697569727822375,40/86 (46.51%; 95% CI 36.35–56.98%),0.10465116279069768,0.056040897145363075,0.18707023559220054,9/86 (10.47%; 95% CI 5.60–18.71%),0.03488372093023256,0.01193379807740838,0.09760871102560764,3/86 (3.49%; 95% CI 1.19–9.76%),0.3953488372093023,0.2986242725154595,0.501022792032719,34/86 (39.53%; 95% CI 29.86–50.10%),0.5348837209302325,0.4302430272177625,0.6365412845995112,46/86 (53.49%; 95% CI 43.02–63.65%)
qwen,appfr,H24,24,3,6,40,31,9,86,46,0.46511627906976744,0.3634587154004887,0.5697569727822375,40/86 (46.51%; 95% CI 36.35–56.98%),0.10465116279069768,0.056040897145363075,0.18707023559220054,9/86 (10.47%; 95% CI 5.60–18.71%),0.06976744186046512,0.032365414509921336,0.14396140641036848,6/86 (6.98%; 95% CI 3.24–14.40%),0.36046511627906974,0.2669696039428191,0.46589314878808563,31/86 (36.05%; 95% CI 26.70–46.59%),0.5348837209302325,0.4302430272177625,0.6365412845995112,46/86 (53.49%; 95% CI 43.02–63.65%)
qwen,appfr,H24,24,4,7,40,30,9,86,46,0.46511627906976744,0.3634587154004887,0.5697569727822375,40/86 (46.51%; 95% CI 36.35–56.98%),0.10465116279069768,0.056040897145363075,0.18707023559220054,9/86 (10.47%; 95% CI 5.60–18.71%),0.08139534883720931,0.03998643153878242,0.15860182665393202,7/86 (8.14%; 95% CI 4.00–15.86%),0.3488372093023256,0.2565368354800985,0.4540644799783818,30/86 (34.88%; 95% CI 25.65–45.41%),0.5348837209302325,0.4302430272177625,0.6365412845995112,46/86 (53.49%; 95% CI 43.02–63.65%)
qwen,appfr,H24,24,5,8,40,29,9,86,46,0.46511627906976744,0.3634587154004887,0.5697569727822375,40/86 (46.51%; 95% CI 36.35–56.98%),0.10465116279069768,0.056040897145363075,0.18707023559220054,9/86 (10.47%; 95% CI 5.60–18.71%),0.09302325581395349,0.04789228421527053,0.1729574112498685,8/86 (9.30%; 95% CI 4.79–17.30%),0.3372093023255814,0.24616548577577763,0.44217439241027795,29/86 (33.72%; 95% CI 24.62–44.22%),0.5348837209302325,0.4302430272177625,0.6365412845995112,46/86 (53.49%; 95% CI 43.02–63.65%)
qwen,appfr,H26,26,1,3,40,36,7,86,46,0.46511627906976744,0.3634587154004887,0.5697569727822375,40/86 (46.51%; 95% CI 36.35–56.98%),0.08139534883720931,0.03998643153878242,0.15860182665393202,7/86 (8.14%; 95% CI 4.00–15.86%),0.03488372093023256,0.01193379807740838,0.09760871102560764,3/86 (3.49%; 95% CI 1.19–9.76%),0.4186046511627907,0.3200145026690673,0.5241554364239606,36/86 (41.86%; 95% CI 32.00–52.42%),0.5348837209302325,0.4302430272177625,0.6365412845995112,46/86 (53.49%; 95% CI 43.02–63.65%)
qwen,appfr,H26,26,2,4,40,35,7,86,46,0.46511627906976744,0.3634587154004887,0.5697569727822375,40/86 (46.51%; 95% CI 36.35–56.98%),0.08139534883720931,0.03998643153878242,0.15860182665393202,7/86 (8.14%; 95% CI 4.00–15.86%),0.046511627906976744,0.01823396823832083,0.1135699781371198,4/86 (4.65%; 95% CI 1.82–11.36%),0.4069767441860465,0.3092912327785102,0.5126172690420929,35/86 (40.70%; 95% CI 30.93–51.26%),0.5348837209302325,0.4302430272177625,0.6365412845995112,46/86 (53.49%; 95% CI 43.02–63.65%)
qwen,appfr,H26,26,3,7,40,32,7,86,46,0.46511627906976744,0.3634587154004887,0.5697569727822375,40/86 (46.51%; 95% CI 36.35–56.98%),0.08139534883720931,0.03998643153878242,0.15860182665393202,7/86 (8.14%; 95% CI 4.00–15.86%),0.08139534883720931,0.03998643153878242,0.15860182665393202,7/86 (8.14%; 95% CI 4.00–15.86%),0.37209302325581395,0.2774625064181545,0.4776616835851749,32/86 (37.21%; 95% CI 27.75–47.77%),0.5348837209302325,0.4302430272177625,0.6365412845995112,46/86 (53.49%; 95% CI 43.02–63.65%)
qwen,appfr,H26,26,4,8,40,31,7,86,46,0.46511627906976744,0.3634587154004887,0.5697569727822375,40/86 (46.51%; 95% CI 36.35–56.98%),0.08139534883720931,0.03998643153878242,0.15860182665393202,7/86 (8.14%; 95% CI 4.00–15.86%),0.09302325581395349,0.04789228421527053,0.1729574112498685,8/86 (9.30%; 95% CI 4.79–17.30%),0.36046511627906974,0.2669696039428191,0.46589314878808563,31/86 (36.05%; 95% CI 26.70–46.59%),0.5348837209302325,0.4302430272177625,0.6365412845995112,46/86 (53.49%; 95% CI 43.02–63.65%)
qwen,appfr,H26,26,5,9,40,30,7,86,46,0.46511627906976744,0.3634587154004887,0.5697569727822375,40/86 (46.51%; 95% CI 36.35–56.98%),0.08139534883720931,0.03998643153878242,0.15860182665393202,7/86 (8.14%; 95% CI 4.00–15.86%),0.10465116279069768,0.056040897145363075,0.18707023559220054,9/86 (10.47%; 95% CI 5.60–18.71%),0.3488372093023256,0.2565368354800985,0.4540644799783818,30/86 (34.88%; 95% CI 25.65–45.41%),0.5348837209302325,0.4302430272177625,0.6365412845995112,46/86 (53.49%; 95% CI 43.02–63.65%)
qwen,appfr,H28,28,1,4,42,34,6,86,44,0.4883720930232558,0.38550577108134854,0.5922327916462268,42/86 (48.84%; 95% CI 38.55–59.22%),0.06976744186046512,0.032365414509921336,0.14396140641036848,6/86 (6.98%; 95% CI 3.24–14.40%),0.046511627906976744,0.01823396823832083,0.1135699781371198,4/86 (4.65%; 95% CI 1.82–11.36%),0.3953488372093023,0.2986242725154595,0.501022792032719,34/86 (39.53%; 95% CI 29.86–50.10%),0.5116279069767442,0.4077672083537732,0.6144942289186514,44/86 (51.16%; 95% CI 40.78–61.45%)
qwen,appfr,H28,28,2,5,42,33,6,86,44,0.4883720930232558,0.38550577108134854,0.5922327916462268,42/86 (48.84%; 95% CI 38.55–59.22%),0.06976744186046512,0.032365414509921336,0.14396140641036848,6/86 (6.98%; 95% CI 3.24–14.40%),0.05813953488372093,0.025086935621079658,0.12897844802678554,5/86 (5.81%; 95% CI 2.51–12.90%),0.38372093023255816,0.28801440001971856,0.48937122725603543,33/86 (38.37%; 95% CI 28.80–48.94%),0.5116279069767442,0.4077672083537732,0.6144942289186514,44/86 (51.16%; 95% CI 40.78–61.45%)
qwen,appfr,H28,28,3,7,42,31,6,86,44,0.4883720930232558,0.38550577108134854,0.5922327916462268,42/86 (48.84%; 95% CI 38.55–59.22%),0.06976744186046512,0.032365414509921336,0.14396140641036848,6/86 (6.98%; 95% CI 3.24–14.40%),0.08139534883720931,0.03998643153878242,0.15860182665393202,7/86 (8.14%; 95% CI 4.00–15.86%),0.36046511627906974,0.2669696039428191,0.46589314878808563,31/86 (36.05%; 95% CI 26.70–46.59%),0.5116279069767442,0.4077672083537732,0.6144942289186514,44/86 (51.16%; 95% CI 40.78–61.45%)
qwen,appfr,H28,28,4,8,42,30,6,86,44,0.4883720930232558,0.38550577108134854,0.5922327916462268,42/86 (48.84%; 95% CI 38.55–59.22%),0.06976744186046512,0.032365414509921336,0.14396140641036848,6/86 (6.98%; 95% CI 3.24–14.40%),0.09302325581395349,0.04789228421527053,0.1729574112498685,8/86 (9.30%; 95% CI 4.79–17.30%),0.3488372093023256,0.2565368354800985,0.4540644799783818,30/86 (34.88%; 95% CI 25.65–45.41%),0.5116279069767442,0.4077672083537732,0.6144942289186514,44/86 (51.16%; 95% CI 40.78–61.45%)
qwen,appfr,H28,28,5,9,42,29,6,86,44,0.4883720930232558,0.38550577108134854,0.5922327916462268,42/86 (48.84%; 95% CI 38.55–59.22%),0.06976744186046512,0.032365414509921336,0.14396140641036848,6/86 (6.98%; 95% CI 3.24–14.40%),0.10465116279069768,0.056040897145363075,0.18707023559220054,9/86 (10.47%; 95% CI 5.60–18.71%),0.3372093023255814,0.24616548577577763,0.44217439241027795,29/86 (33.72%; 95% CI 24.62–44.22%),0.5116279069767442,0.4077672083537732,0.6144942289186514,44/86 (51.16%; 95% CI 40.78–61.45%)
qwen,appfr,H30,30,1,2,42,35,7,86,44,0.4883720930232558,0.38550577108134854,0.5922327916462268,42/86 (48.84%; 95% CI 38.55–59.22%),0.08139534883720931,0.03998643153878242,0.15860182665393202,7/86 (8.14%; 95% CI 4.00–15.86%),0.023255813953488372,0.0064009262042708515,0.08088014562632057,2/86 (2.33%; 95% CI 0.64–8.09%),0.4069767441860465,0.3092912327785102,0.5126172690420929,35/86 (40.70%; 95% CI 30.93–51.26%),0.5116279069767442,0.4077672083537732,0.6144942289186514,44/86 (51.16%; 95% CI 40.78–61.45%)
qwen,appfr,H30,30,2,3,42,34,7,86,44,0.4883720930232558,0.38550577108134854,0.5922327916462268,42/86 (48.84%; 95% CI 38.55–59.22%),0.08139534883720931,0.03998643153878242,0.15860182665393202,7/86 (8.14%; 95% CI 4.00–15.86%),0.03488372093023256,0.01193379807740838,0.09760871102560764,3/86 (3.49%; 95% CI 1.19–9.76%),0.3953488372093023,0.2986242725154595,0.501022792032719,34/86 (39.53%; 95% CI 29.86–50.10%),0.5116279069767442,0.4077672083537732,0.6144942289186514,44/86 (51.16%; 95% CI 40.78–61.45%)
qwen,appfr,H30,30,3,5,42,32,7,86,44,0.4883720930232558,0.38550577108134854,0.5922327916462268,42/86 (48.84%; 95% CI 38.55–59.22%),0.08139534883720931,0.03998643153878242,0.15860182665393202,7/86 (8.14%; 95% CI 4.00–15.86%),0.05813953488372093,0.025086935621079658,0.12897844802678554,5/86 (5.81%; 95% CI 2.51–12.90%),0.37209302325581395,0.2774625064181545,0.4776616835851749,32/86 (37.21%; 95% CI 27.75–47.77%),0.5116279069767442,0.4077672083537732,0.6144942289186514,44/86 (51.16%; 95% CI 40.78–61.45%)
qwen,appfr,H30,30,4,6,42,31,7,86,44,0.4883720930232558,0.38550577108134854,0.5922327916462268,42/86 (48.84%; 95% CI 38.55–59.22%),0.08139534883720931,0.03998643153878242,0.15860182665393202,7/86 (8.14%; 95% CI 4.00–15.86%),0.06976744186046512,0.032365414509921336,0.14396140641036848,6/86 (6.98%; 95% CI 3.24–14.40%),0.36046511627906974,0.2669696039428191,0.46589314878808563,31/86 (36.05%; 95% CI 26.70–46.59%),0.5116279069767442,0.4077672083537732,0.6144942289186514,44/86 (51.16%; 95% CI 40.78–61.45%)
qwen,appfr,H30,30,5,7,42,30,7,86,44,0.4883720930232558,0.38550577108134854,0.5922327916462268,42/86 (48.84%; 95% CI 38.55–59.22%),0.08139534883720931,0.03998643153878242,0.15860182665393202,7/86 (8.14%; 95% CI 4.00–15.86%),0.08139534883720931,0.03998643153878242,0.15860182665393202,7/86 (8.14%; 95% CI 4.00–15.86%),0.3488372093023256,0.2565368354800985,0.4540644799783818,30/86 (34.88%; 95% CI 25.65–45.41%),0.5116279069767442,0.4077672083537732,0.6144942289186514,44/86 (51.16%; 95% CI 40.78–61.45%)
qwen,appfr,H32,32,1,2,47,31,6,86,39,0.5465116279069767,0.4415616959142949,0.6474840531754034,47/86 (54.65%; 95% CI 44.16–64.75%),0.06976744186046512,0.032365414509921336,0.14396140641036848,6/86 (6.98%; 95% CI 3.24–14.40%),0.023255813953488372,0.0064009262042708515,0.08088014562632057,2/86 (2.33%; 95% CI 0.64–8.09%),0.36046511627906974,0.2669696039428191,0.46589314878808563,31/86 (36.05%; 95% CI 26.70–46.59%),0.45348837209302323,0.3525159468245965,0.558438304085705,39/86 (45.35%; 95% CI 35.25–55.84%)
qwen,appfr,H32,32,2,3,47,30,6,86,39,0.5465116279069767,0.4415616959142949,0.6474840531754034,47/86 (54.65%; 95% CI 44.16–64.75%),0.06976744186046512,0.032365414509921336,0.14396140641036848,6/86 (6.98%; 95% CI 3.24–14.40%),0.03488372093023256,0.01193379807740838,0.09760871102560764,3/86 (3.49%; 95% CI 1.19–9.76%),0.3488372093023256,0.2565368354800985,0.4540644799783818,30/86 (34.88%; 95% CI 25.65–45.41%),0.45348837209302323,0.3525159468245965,0.558438304085705,39/86 (45.35%; 95% CI 35.25–55.84%)
qwen,appfr,H32,32,3,5,47,28,6,86,39,0.5465116279069767,0.4415616959142949,0.6474840531754034,47/86 (54.65%; 95% CI 44.16–64.75%),0.06976744186046512,0.032365414509921336,0.14396140641036848,6/86 (6.98%; 95% CI 3.24–14.40%),0.05813953488372093,0.025086935621079658,0.12897844802678554,5/86 (5.81%; 95% CI 2.51–12.90%),0.32558139534883723,0.23585699457311415,0.43022144634051696,28/86 (32.56%; 95% CI 23.59–43.02%),0.45348837209302323,0.3525159468245965,0.558438304085705,39/86 (45.35%; 95% CI 35.25–55.84%)
qwen,appfr,H32,32,4,6,47,27,6,86,39,0.5465116279069767,0.4415616959142949,0.6474840531754034,47/86 (54.65%; 95% CI 44.16–64.75%),0.06976744186046512,0.032365414509921336,0.14396140641036848,6/86 (6.98%; 95% CI 3.24–14.40%),0.06976744186046512,0.032365414509921336,0.14396140641036848,6/86 (6.98%; 95% CI 3.24–14.40%),0.313953488372093,0.22561297202636443,0.418204031614842,27/86 (31.40%; 95% CI 22.56–41.82%),0.45348837209302323,0.3525159468245965,0.558438304085705,39/86 (45.35%; 95% CI 35.25–55.84%)
qwen,appfr,H32,32,5,7,47,26,6,86,39,0.5465116279069767,0.4415616959142949,0.6474840531754034,47/86 (54.65%; 95% CI 44.16–64.75%),0.06976744186046512,0.032365414509921336,0.14396140641036848,6/86 (6.98%; 95% CI 3.24–14.40%),0.08139534883720931,0.03998643153878242,0.15860182665393202,7/86 (8.14%; 95% CI 4.00–15.86%),0.3023255813953488,0.21543521681479832,0.4061203495539834,26/86 (30.23%; 95% CI 21.54–40.61%),0.45348837209302323,0.3525159468245965,0.558438304085705,39/86 (45.35%; 95% CI 35.25–55.84%)
qwen,appod,H02,2,1,7,6,61,12,86,80,0.06976744186046512,0.032365414509921336,0.14396140641036848,6/86 (6.98%; 95% CI 3.24–14.40%),0.13953488372093023,0.08165847155571476,0.22823697299912266,12/86 (13.95%; 95% CI 8.17–22.82%),0.08139534883720931,0.03998643153878242,0.15860182665393202,7/86 (8.14%; 95% CI 4.00–15.86%),0.7093023255813954,0.6060316083912257,0.7946742625124171,61/86 (70.93%; 95% CI 60.60–79.47%),0.9302325581395349,0.8560385935896314,0.9676345854900786,80/86 (93.02%; 95% CI 85.60–96.76%)
qwen,appod,H02,2,2,11,6,57,12,86,80,0.06976744186046512,0.032365414509921336,0.14396140641036848,6/86 (6.98%; 95% CI 3.24–14.40%),0.13953488372093023,0.08165847155571476,0.22823697299912266,12/86 (13.95%; 95% CI 8.17–22.82%),0.12790697674418605,0.07294621791742709,0.21468778936498575,11/86 (12.79%; 95% CI 7.29–21.47%),0.6627906976744186,0.557825607589722,0.7538345142242223,57/86 (66.28%; 95% CI 55.78–75.38%),0.9302325581395349,0.8560385935896314,0.9676345854900786,80/86 (93.02%; 95% CI 85.60–96.76%)
qwen,appod,H02,2,3,15,6,53,12,86,80,0.06976744186046512,0.032365414509921336,0.14396140641036848,6/86 (6.98%; 95% CI 3.24–14.40%),0.13953488372093023,0.08165847155571476,0.22823697299912266,12/86 (13.95%; 95% CI 8.17–22.82%),0.1744186046511628,0.10864769842075103,0.2680320579513602,15/86 (17.44%; 95% CI 10.86–26.80%),0.6162790697674418,0.5106287727439646,0.7119855999802814,53/86 (61.63%; 95% CI 51.06–71.20%),0.9302325581395349,0.8560385935896314,0.9676345854900786,80/86 (93.02%; 95% CI 85.60–96.76%)
qwen,appod,H02,2,4,16,6,52,12,86,80,0.06976744186046512,0.032365414509921336,0.14396140641036848,6/86 (6.98%; 95% CI 3.24–14.40%),0.13953488372093023,0.08165847155571476,0.22823697299912266,12/86 (13.95%; 95% CI 8.17–22.82%),0.18604651162790697,0.11789108340273816,0.2810501102417977,16/86 (18.60%; 95% CI 11.79–28.11%),0.6046511627906976,0.4989772079672809,0.7013757274845405,52/86 (60.47%; 95% CI 49.90–70.14%),0.9302325581395349,0.8560385935896314,0.9676345854900786,80/86 (93.02%; 95% CI 85.60–96.76%)
qwen,appod,H02,2,5,17,6,51,12,86,80,0.06976744186046512,0.032365414509921336,0.14396140641036848,6/86 (6.98%; 95% CI 3.24–14.40%),0.13953488372093023,0.08165847155571476,0.22823697299912266,12/86 (13.95%; 95% CI 8.17–22.82%),0.19767441860465115,0.12724351812233703,0.2939591127946234,17/86 (19.77%; 95% CI 12.72–29.40%),0.5930232558139535,0.487382730957907,0.6907087672214898,51/86 (59.30%; 95% CI 48.74–69.07%),0.9302325581395349,0.8560385935896314,0.9676345854900786,80/86 (93.02%; 95% CI 85.60–96.76%)
qwen,appod,H04,4,1,6,5,61,14,86,81,0.05813953488372093,0.025086935621079658,0.12897844802678554,5/86 (5.81%; 95% CI 2.51–12.90%),0.16279069767441862,0.09952131046989598,0.25489700862979064,14/86 (16.28%; 95% CI 9.95–25.49%),0.06976744186046512,0.032365414509921336,0.14396140641036848,6/86 (6.98%; 95% CI 3.24–14.40%),0.7093023255813954,0.6060316083912257,0.7946742625124171,61/86 (70.93%; 95% CI 60.60–79.47%),0.9418604651162791,0.8710215519732145,0.9749130643789203,81/86 (94.19%; 95% CI 87.10–97.49%)
qwen,appod,H04,4,2,11,5,56,14,86,81,0.05813953488372093,0.025086935621079658,0.12897844802678554,5/86 (5.81%; 95% CI 2.51–12.90%),0.16279069767441862,0.09952131046989598,0.25489700862979064,14/86 (16.28%; 95% CI 9.95–25.49%),0.12790697674418605,0.07294621791742709,0.21468778936498575,11/86 (12.79%; 95% CI 7.29–21.47%),0.6511627906976745,0.5459355200216183,0.7434631645199017,56/86 (65.12%; 95% CI 54.59–74.35%),0.9418604651162791,0.8710215519732145,0.9749130643789203,81/86 (94.19%; 95% CI 87.10–97.49%)
qwen,appod,H04,4,3,13,5,54,14,86,81,0.05813953488372093,0.025086935621079658,0.12897844802678554,5/86 (5.81%; 95% CI 2.51–12.90%),0.16279069767441862,0.09952131046989598,0.25489700862979064,14/86 (16.28%; 95% CI 9.95–25.49%),0.1511627906976744,0.09052122983132334,0.24163565199593867,13/86 (15.12%; 95% CI 9.05–24.16%),0.627906976744186,0.5223383164148251,0.7225374935818455,54/86 (62.79%; 95% CI 52.23–72.25%),0.9418604651162791,0.8710215519732145,0.9749130643789203,81/86 (94.19%; 95% CI 87.10–97.49%)
qwen,appod,H04,4,4,15,5,52,14,86,81,0.05813953488372093,0.025086935621079658,0.12897844802678554,5/86 (5.81%; 95% CI 2.51–12.90%),0.16279069767441862,0.09952131046989598,0.25489700862979064,14/86 (16.28%; 95% CI 9.95–25.49%),0.1744186046511628,0.10864769842075103,0.2680320579513602,15/86 (17.44%; 95% CI 10.86–26.80%),0.6046511627906976,0.4989772079672809,0.7013757274845405,52/86 (60.47%; 95% CI 49.90–70.14%),0.9418604651162791,0.8710215519732145,0.9749130643789203,81/86 (94.19%; 95% CI 87.10–97.49%)
qwen,appod,H04,4,5,16,5,51,14,86,81,0.05813953488372093,0.025086935621079658,0.12897844802678554,5/86 (5.81%; 95% CI 2.51–12.90%),0.16279069767441862,0.09952131046989598,0.25489700862979064,14/86 (16.28%; 95% CI 9.95–25.49%),0.18604651162790697,0.11789108340273816,0.2810501102417977,16/86 (18.60%; 95% CI 11.79–28.11%),0.5930232558139535,0.487382730957907,0.6907087672214898,51/86 (59.30%; 95% CI 48.74–69.07%),0.9418604651162791,0.8710215519732145,0.9749130643789203,81/86 (94.19%; 95% CI 87.10–97.49%)
qwen,appod,H06,6,1,7,8,59,12,86,78,0.09302325581395349,0.04789228421527053,0.1729574112498685,8/86 (9.30%; 95% CI 4.79–17.30%),0.13953488372093023,0.08165847155571476,0.22823697299912266,12/86 (13.95%; 95% CI 8.17–22.82%),0.08139534883720931,0.03998643153878242,0.15860182665393202,7/86 (8.14%; 95% CI 4.00–15.86%),0.686046511627907,0.5817959683851581,0.7743870279736356,59/86 (68.60%; 95% CI 58.18–77.44%),0.9069767441860465,0.8270425887501315,0.9521077157847294,78/86 (90.70%; 95% CI 82.70–95.21%)
qwen,appod,H06,6,2,10,8,56,12,86,78,0.09302325581395349,0.04789228421527053,0.1729574112498685,8/86 (9.30%; 95% CI 4.79–17.30%),0.13953488372093023,0.08165847155571476,0.22823697299912266,12/86 (13.95%; 95% CI 8.17–22.82%),0.11627906976744186,0.06440045821928717,0.20097211179070104,10/86 (11.63%; 95% CI 6.44–20.10%),0.6511627906976745,0.5459355200216183,0.7434631645199017,56/86 (65.12%; 95% CI 54.59–74.35%),0.9069767441860465,0.8270425887501315,0.9521077157847294,78/86 (90.70%; 95% CI 82.70–95.21%)
qwen,appod,H06,6,3,12,8,54,12,86,78,0.09302325581395349,0.04789228421527053,0.1729574112498685,8/86 (9.30%; 95% CI 4.79–17.30%),0.13953488372093023,0.08165847155571476,0.22823697299912266,12/86 (13.95%; 95% CI 8.17–22.82%),0.13953488372093023,0.08165847155571476,0.22823697299912266,12/86 (13.95%; 95% CI 8.17–22.82%),0.627906976744186,0.5223383164148251,0.7225374935818455,54/86 (62.79%; 95% CI 52.23–72.25%),0.9069767441860465,0.8270425887501315,0.9521077157847294,78/86 (90.70%; 95% CI 82.70–95.21%)
qwen,appod,H06,6,4,14,8,52,12,86,78,0.09302325581395349,0.04789228421527053,0.1729574112498685,8/86 (9.30%; 95% CI 4.79–17.30%),0.13953488372093023,0.08165847155571476,0.22823697299912266,12/86 (13.95%; 95% CI 8.17–22.82%),0.16279069767441862,0.09952131046989598,0.25489700862979064,14/86 (16.28%; 95% CI 9.95–25.49%),0.6046511627906976,0.4989772079672809,0.7013757274845405,52/86 (60.47%; 95% CI 49.90–70.14%),0.9069767441860465,0.8270425887501315,0.9521077157847294,78/86 (90.70%; 95% CI 82.70–95.21%)
qwen,appod,H06,6,5,15,8,51,12,86,78,0.09302325581395349,0.04789228421527053,0.1729574112498685,8/86 (9.30%; 95% CI 4.79–17.30%),0.13953488372093023,0.08165847155571476,0.22823697299912266,12/86 (13.95%; 95% CI 8.17–22.82%),0.1744186046511628,0.10864769842075103,0.2680320579513602,15/86 (17.44%; 95% CI 10.86–26.80%),0.5930232558139535,0.487382730957907,0.6907087672214898,51/86 (59.30%; 95% CI 48.74–69.07%),0.9069767441860465,0.8270425887501315,0.9521077157847294,78/86 (90.70%; 95% CI 82.70–95.21%)
qwen,appod,H08,8,1,8,7,58,13,86,79,0.08139534883720931,0.03998643153878242,0.15860182665393202,7/86 (8.14%; 95% CI 4.00–15.86%),0.1511627906976744,0.09052122983132334,0.24163565199593867,13/86 (15.12%; 95% CI 9.05–24.16%),0.09302325581395349,0.04789228421527053,0.1729574112498685,8/86 (9.30%; 95% CI 4.79–17.30%),0.6744186046511628,0.569778553659483,0.7641430054268858,58/86 (67.44%; 95% CI 56.98–76.41%),0.9186046511627907,0.8413981733460679,0.9600135684612175,79/86 (91.86%; 95% CI 84.14–96.00%)
qwen,appod,H08,8,2,10,7,56,13,86,79,0.08139534883720931,0.03998643153878242,0.15860182665393202,7/86 (8.14%; 95% CI 4.00–15.86%),0.1511627906976744,0.09052122983132334,0.24163565199593867,13/86 (15.12%; 95% CI 9.05–24.16%),0.11627906976744186,0.06440045821928717,0.20097211179070104,10/86 (11.63%; 95% CI 6.44–20.10%),0.6511627906976745,0.5459355200216183,0.7434631645199017,56/86 (65.12%; 95% CI 54.59–74.35%),0.9186046511627907,0.8413981733460679,0.9600135684612175,79/86 (91.86%; 95% CI 84.14–96.00%)
qwen,appod,H08,8,3,12,7,54,13,86,79,0.08139534883720931,0.03998643153878242,0.15860182665393202,7/86 (8.14%; 95% CI 4.00–15.86%),0.1511627906976744,0.09052122983132334,0.24163565199593867,13/86 (15.12%; 95% CI 9.05–24.16%),0.13953488372093023,0.08165847155571476,0.22823697299912266,12/86 (13.95%; 95% CI 8.17–22.82%),0.627906976744186,0.5223383164148251,0.7225374935818455,54/86 (62.79%; 95% CI 52.23–72.25%),0.9186046511627907,0.8413981733460679,0.9600135684612175,79/86 (91.86%; 95% CI 84.14–96.00%)
qwen,appod,H08,8,4,14,7,52,13,86,79,0.08139534883720931,0.03998643153878242,0.15860182665393202,7/86 (8.14%; 95% CI 4.00–15.86%),0.1511627906976744,0.09052122983132334,0.24163565199593867,13/86 (15.12%; 95% CI 9.05–24.16%),0.16279069767441862,0.09952131046989598,0.25489700862979064,14/86 (16.28%; 95% CI 9.95–25.49%),0.6046511627906976,0.4989772079672809,0.7013757274845405,52/86 (60.47%; 95% CI 49.90–70.14%),0.9186046511627907,0.8413981733460679,0.9600135684612175,79/86 (91.86%; 95% CI 84.14–96.00%)
qwen,appod,H08,8,5,15,7,51,13,86,79,0.08139534883720931,0.03998643153878242,0.15860182665393202,7/86 (8.14%; 95% CI 4.00–15.86%),0.1511627906976744,0.09052122983132334,0.24163565199593867,13/86 (15.12%; 95% CI 9.05–24.16%),0.1744186046511628,0.10864769842075103,0.2680320579513602,15/86 (17.44%; 95% CI 10.86–26.80%),0.5930232558139535,0.487382730957907,0.6907087672214898,51/86 (59.30%; 95% CI 48.74–69.07%),0.9186046511627907,0.8413981733460679,0.9600135684612175,79/86 (91.86%; 95% CI 84.14–96.00%)
qwen,appod,H10,10,1,7,9,59,11,86,77,0.10465116279069768,0.056040897145363075,0.18707023559220054,9/86 (10.47%; 95% CI 5.60–18.71%),0.12790697674418605,0.07294621791742709,0.21468778936498575,11/86 (12.79%; 95% CI 7.29–21.47%),0.08139534883720931,0.03998643153878242,0.15860182665393202,7/86 (8.14%; 95% CI 4.00–15.86%),0.686046511627907,0.5817959683851581,0.7743870279736356,59/86 (68.60%; 95% CI 58.18–77.44%),0.8953488372093024,0.8129297644077995,0.943959102854637,77/86 (89.53%; 95% CI 81.29–94.40%)
qwen,appod,H10,10,2,11,9,55,11,86,77,0.10465116279069768,0.056040897145363075,0.18707023559220054,9/86 (10.47%; 95% CI 5.60–18.71%),0.12790697674418605,0.07294621791742709,0.21468778936498575,11/86 (12.79%; 95% CI 7.29–21.47%),0.12790697674418605,0.07294621791742709,0.21468778936498575,11/86 (12.79%; 95% CI 7.29–21.47%),0.6395348837209303,0.5341068512119144,0.7330303960571808,55/86 (63.95%; 95% CI 53.41–73.30%),0.8953488372093024,0.8129297644077995,0.943959102854637,77/86 (89.53%; 95% CI 81.29–94.40%)
qwen,appod,H10,10,3,12,9,54,11,86,77,0.10465116279069768,0.056040897145363075,0.18707023559220054,9/86 (10.47%; 95% CI 5.60–18.71%),0.12790697674418605,0.07294621791742709,0.21468778936498575,11/86 (12.79%; 95% CI 7.29–21.47%),0.13953488372093023,0.08165847155571476,0.22823697299912266,12/86 (13.95%; 95% CI 8.17–22.82%),0.627906976744186,0.5223383164148251,0.7225374935818455,54/86 (62.79%; 95% CI 52.23–72.25%),0.8953488372093024,0.8129297644077995,0.943959102854637,77/86 (89.53%; 95% CI 81.29–94.40%)
qwen,appod,H10,10,4,14,9,52,11,86,77,0.10465116279069768,0.056040897145363075,0.18707023559220054,9/86 (10.47%; 95% CI 5.60–18.71%),0.12790697674418605,0.07294621791742709,0.21468778936498575,11/86 (12.79%; 95% CI 7.29–21.47%),0.16279069767441862,0.09952131046989598,0.25489700862979064,14/86 (16.28%; 95% CI 9.95–25.49%),0.6046511627906976,0.4989772079672809,0.7013757274845405,52/86 (60.47%; 95% CI 49.90–70.14%),0.8953488372093024,0.8129297644077995,0.943959102854637,77/86 (89.53%; 95% CI 81.29–94.40%)
qwen,appod,H10,10,5,17,9,49,11,86,77,0.10465116279069768,0.056040897145363075,0.18707023559220054,9/86 (10.47%; 95% CI 5.60–18.71%),0.12790697674418605,0.07294621791742709,0.21468778936498575,11/86 (12.79%; 95% CI 7.29–21.47%),0.19767441860465115,0.12724351812233703,0.2939591127946234,17/86 (19.77%; 95% CI 12.72–29.40%),0.5697674418604651,0.46436203379906343,0.6692065898354842,49/86 (56.98%; 95% CI 46.44–66.92%),0.8953488372093024,0.8129297644077995,0.943959102854637,77/86 (89.53%; 95% CI 81.29–94.40%)
qwen,appod,H12,12,1,6,13,58,9,86,73,0.1511627906976744,0.09052122983132334,0.24163565199593867,13/86 (15.12%; 95% CI 9.05–24.16%),0.10465116279069768,0.056040897145363075,0.18707023559220054,9/86 (10.47%; 95% CI 5.60–18.71%),0.06976744186046512,0.032365414509921336,0.14396140641036848,6/86 (6.98%; 95% CI 3.24–14.40%),0.6744186046511628,0.569778553659483,0.7641430054268858,58/86 (67.44%; 95% CI 56.98–76.41%),0.8488372093023255,0.7583643480040613,0.9094787701686765,73/86 (84.88%; 95% CI 75.84–90.95%)
qwen,appod,H12,12,2,10,13,54,9,86,73,0.1511627906976744,0.09052122983132334,0.24163565199593867,13/86 (15.12%; 95% CI 9.05–24.16%),0.10465116279069768,0.056040897145363075,0.18707023559220054,9/86 (10.47%; 95% CI 5.60–18.71%),0.11627906976744186,0.06440045821928717,0.20097211179070104,10/86 (11.63%; 95% CI 6.44–20.10%),0.627906976744186,0.5223383164148251,0.7225374935818455,54/86 (62.79%; 95% CI 52.23–72.25%),0.8488372093023255,0.7583643480040613,0.9094787701686765,73/86 (84.88%; 95% CI 75.84–90.95%)
qwen,appod,H12,12,3,12,13,52,9,86,73,0.1511627906976744,0.09052122983132334,0.24163565199593867,13/86 (15.12%; 95% CI 9.05–24.16%),0.10465116279069768,0.056040897145363075,0.18707023559220054,9/86 (10.47%; 95% CI 5.60–18.71%),0.13953488372093023,0.08165847155571476,0.22823697299912266,12/86 (13.95%; 95% CI 8.17–22.82%),0.6046511627906976,0.4989772079672809,0.7013757274845405,52/86 (60.47%; 95% CI 49.90–70.14%),0.8488372093023255,0.7583643480040613,0.9094787701686765,73/86 (84.88%; 95% CI 75.84–90.95%)
qwen,appod,H12,12,4,13,13,51,9,86,73,0.1511627906976744,0.09052122983132334,0.24163565199593867,13/86 (15.12%; 95% CI 9.05–24.16%),0.10465116279069768,0.056040897145363075,0.18707023559220054,9/86 (10.47%; 95% CI 5.60–18.71%),0.1511627906976744,0.09052122983132334,0.24163565199593867,13/86 (15.12%; 95% CI 9.05–24.16%),0.5930232558139535,0.487382730957907,0.6907087672214898,51/86 (59.30%; 95% CI 48.74–69.07%),0.8488372093023255,0.7583643480040613,0.9094787701686765,73/86 (84.88%; 95% CI 75.84–90.95%)
qwen,appod,H12,12,5,15,13,49,9,86,73,0.1511627906976744,0.09052122983132334,0.24163565199593867,13/86 (15.12%; 95% CI 9.05–24.16%),0.10465116279069768,0.056040897145363075,0.18707023559220054,9/86 (10.47%; 95% CI 5.60–18.71%),0.1744186046511628,0.10864769842075103,0.2680320579513602,15/86 (17.44%; 95% CI 10.86–26.80%),0.5697674418604651,0.46436203379906343,0.6692065898354842,49/86 (56.98%; 95% CI 46.44–66.92%),0.8488372093023255,0.7583643480040613,0.9094787701686765,73/86 (84.88%; 95% CI 75.84–90.95%)
qwen,appod,H14,14,1,4,15,57,10,86,71,0.1744186046511628,0.10864769842075103,0.2680320579513602,15/86 (17.44%; 95% CI 10.86–26.80%),0.11627906976744186,0.06440045821928717,0.20097211179070104,10/86 (11.63%; 95% CI 6.44–20.10%),0.046511627906976744,0.01823396823832083,0.1135699781371198,4/86 (4.65%; 95% CI 1.82–11.36%),0.6627906976744186,0.557825607589722,0.7538345142242223,57/86 (66.28%; 95% CI 55.78–75.38%),0.8255813953488372,0.7319679420486398,0.891352301579249,71/86 (82.56%; 95% CI 73.20–89.14%)
qwen,appod,H14,14,2,5,15,56,10,86,71,0.1744186046511628,0.10864769842075103,0.2680320579513602,15/86 (17.44%; 95% CI 10.86–26.80%),0.11627906976744186,0.06440045821928717,0.20097211179070104,10/86 (11.63%; 95% CI 6.44–20.10%),0.05813953488372093,0.025086935621079658,0.12897844802678554,5/86 (5.81%; 95% CI 2.51–12.90%),0.6511627906976745,0.5459355200216183,0.7434631645199017,56/86 (65.12%; 95% CI 54.59–74.35%),0.8255813953488372,0.7319679420486398,0.891352301579249,71/86 (82.56%; 95% CI 73.20–89.14%)
qwen,appod,H14,14,3,8,15,53,10,86,71,0.1744186046511628,0.10864769842075103,0.2680320579513602,15/86 (17.44%; 95% CI 10.86–26.80%),0.11627906976744186,0.06440045821928717,0.20097211179070104,10/86 (11.63%; 95% CI 6.44–20.10%),0.09302325581395349,0.04789228421527053,0.1729574112498685,8/86 (9.30%; 95% CI 4.79–17.30%),0.6162790697674418,0.5106287727439646,0.7119855999802814,53/86 (61.63%; 95% CI 51.06–71.20%),0.8255813953488372,0.7319679420486398,0.891352301579249,71/86 (82.56%; 95% CI 73.20–89.14%)
qwen,appod,H14,14,4,11,15,50,10,86,71,0.1744186046511628,0.10864769842075103,0.2680320579513602,15/86 (17.44%; 95% CI 10.86–26.80%),0.11627906976744186,0.06440045821928717,0.20097211179070104,10/86 (11.63%; 95% CI 6.44–20.10%),0.12790697674418605,0.07294621791742709,0.21468778936498575,11/86 (12.79%; 95% CI 7.29–21.47%),0.5813953488372093,0.4758445635760395,0.6799854973309328,50/86 (58.14%; 95% CI 47.58–68.00%),0.8255813953488372,0.7319679420486398,0.891352301579249,71/86 (82.56%; 95% CI 73.20–89.14%)
qwen,appod,H14,14,5,12,15,49,10,86,71,0.1744186046511628,0.10864769842075103,0.2680320579513602,15/86 (17.44%; 95% CI 10.86–26.80%),0.11627906976744186,0.06440045821928717,0.20097211179070104,10/86 (11.63%; 95% CI 6.44–20.10%),0.13953488372093023,0.08165847155571476,0.22823697299912266,12/86 (13.95%; 95% CI 8.17–22.82%),0.5697674418604651,0.46436203379906343,0.6692065898354842,49/86 (56.98%; 95% CI 46.44–66.92%),0.8255813953488372,0.7319679420486398,0.891352301579249,71/86 (82.56%; 95% CI 73.20–89.14%)
qwen,appod,H16,16,1,4,14,54,14,86,72,0.16279069767441862,0.09952131046989598,0.25489700862979064,14/86 (16.28%; 95% CI 9.95–25.49%),0.16279069767441862,0.09952131046989598,0.25489700862979064,14/86 (16.28%; 95% CI 9.95–25.49%),0.046511627906976744,0.01823396823832083,0.1135699781371198,4/86 (4.65%; 95% CI 1.82–11.36%),0.627906976744186,0.5223383164148251,0.7225374935818455,54/86 (62.79%; 95% CI 52.23–72.25%),0.8372093023255814,0.7451029913702094,0.900478689530104,72/86 (83.72%; 95% CI 74.51–90.05%)
qwen,appod,H16,16,2,6,14,52,14,86,72,0.16279069767441862,0.09952131046989598,0.25489700862979064,14/86 (16.28%; 95% CI 9.95–25.49%),0.16279069767441862,0.09952131046989598,0.25489700862979064,14/86 (16.28%; 95% CI 9.95–25.49%),0.06976744186046512,0.032365414509921336,0.14396140641036848,6/86 (6.98%; 95% CI 3.24–14.40%),0.6046511627906976,0.4989772079672809,0.7013757274845405,52/86 (60.47%; 95% CI 49.90–70.14%),0.8372093023255814,0.7451029913702094,0.900478689530104,72/86 (83.72%; 95% CI 74.51–90.05%)
qwen,appod,H16,16,3,8,14,50,14,86,72,0.16279069767441862,0.09952131046989598,0.25489700862979064,14/86 (16.28%; 95% CI 9.95–25.49%),0.16279069767441862,0.09952131046989598,0.25489700862979064,14/86 (16.28%; 95% CI 9.95–25.49%),0.09302325581395349,0.04789228421527053,0.1729574112498685,8/86 (9.30%; 95% CI 4.79–17.30%),0.5813953488372093,0.4758445635760395,0.6799854973309328,50/86 (58.14%; 95% CI 47.58–68.00%),0.8372093023255814,0.7451029913702094,0.900478689530104,72/86 (83.72%; 95% CI 74.51–90.05%)
qwen,appod,H16,16,4,12,14,46,14,86,72,0.16279069767441862,0.09952131046989598,0.25489700862979064,14/86 (16.28%; 95% CI 9.95–25.49%),0.16279069767441862,0.09952131046989598,0.25489700862979064,14/86 (16.28%; 95% CI 9.95–25.49%),0.13953488372093023,0.08165847155571476,0.22823697299912266,12/86 (13.95%; 95% CI 8.17–22.82%),0.5348837209302325,0.4302430272177625,0.6365412845995112,46/86 (53.49%; 95% CI 43.02–63.65%),0.8372093023255814,0.7451029913702094,0.900478689530104,72/86 (83.72%; 95% CI 74.51–90.05%)
qwen,appod,H16,16,5,12,14,46,14,86,72,0.16279069767441862,0.09952131046989598,0.25489700862979064,14/86 (16.28%; 95% CI 9.95–25.49%),0.16279069767441862,0.09952131046989598,0.25489700862979064,14/86 (16.28%; 95% CI 9.95–25.49%),0.13953488372093023,0.08165847155571476,0.22823697299912266,12/86 (13.95%; 95% CI 8.17–22.82%),0.5348837209302325,0.4302430272177625,0.6365412845995112,46/86 (53.49%; 95% CI 43.02–63.65%),0.8372093023255814,0.7451029913702094,0.900478689530104,72/86 (83.72%; 95% CI 74.51–90.05%)
qwen,appod,H18,18,1,2,20,53,11,86,66,0.23255813953488372,0.15589108936015666,0.3320958533740775,20/86 (23.26%; 95% CI 15.59–33.21%),0.12790697674418605,0.07294621791742709,0.21468778936498575,11/86 (12.79%; 95% CI 7.29–21.47%),0.023255813953488372,0.0064009262042708515,0.08088014562632057,2/86 (2.33%; 95% CI 0.64–8.09%),0.6162790697674418,0.5106287727439646,0.7119855999802814,53/86 (61.63%; 95% CI 51.06–71.20%),0.7674418604651163,0.6679041466259225,0.8441089106398433,66/86 (76.74%; 95% CI 66.79–84.41%)
qwen,appod,H18,18,2,4,20,51,11,86,66,0.23255813953488372,0.15589108936015666,0.3320958533740775,20/86 (23.26%; 95% CI 15.59–33.21%),0.12790697674418605,0.07294621791742709,0.21468778936498575,11/86 (12.79%; 95% CI 7.29–21.47%),0.046511627906976744,0.01823396823832083,0.1135699781371198,4/86 (4.65%; 95% CI 1.82–11.36%),0.5930232558139535,0.487382730957907,0.6907087672214898,51/86 (59.30%; 95% CI 48.74–69.07%),0.7674418604651163,0.6679041466259225,0.8441089106398433,66/86 (76.74%; 95% CI 66.79–84.41%)
qwen,appod,H18,18,3,8,20,47,11,86,66,0.23255813953488372,0.15589108936015666,0.3320958533740775,20/86 (23.26%; 95% CI 15.59–33.21%),0.12790697674418605,0.07294621791742709,0.21468778936498575,11/86 (12.79%; 95% CI 7.29–21.47%),0.09302325581395349,0.04789228421527053,0.1729574112498685,8/86 (9.30%; 95% CI 4.79–17.30%),0.5465116279069767,0.4415616959142949,0.6474840531754034,47/86 (54.65%; 95% CI 44.16–64.75%),0.7674418604651163,0.6679041466259225,0.8441089106398433,66/86 (76.74%; 95% CI 66.79–84.41%)
qwen,appod,H18,18,4,11,20,44,11,86,66,0.23255813953488372,0.15589108936015666,0.3320958533740775,20/86 (23.26%; 95% CI 15.59–33.21%),0.12790697674418605,0.07294621791742709,0.21468778936498575,11/86 (12.79%; 95% CI 7.29–21.47%),0.12790697674418605,0.07294621791742709,0.21468778936498575,11/86 (12.79%; 95% CI 7.29–21.47%),0.5116279069767442,0.4077672083537732,0.6144942289186514,44/86 (51.16%; 95% CI 40.78–61.45%),0.7674418604651163,0.6679041466259225,0.8441089106398433,66/86 (76.74%; 95% CI 66.79–84.41%)
qwen,appod,H18,18,5,11,20,44,11,86,66,0.23255813953488372,0.15589108936015666,0.3320958533740775,20/86 (23.26%; 95% CI 15.59–33.21%),0.12790697674418605,0.07294621791742709,0.21468778936498575,11/86 (12.79%; 95% CI 7.29–21.47%),0.12790697674418605,0.07294621791742709,0.21468778936498575,11/86 (12.79%; 95% CI 7.29–21.47%),0.5116279069767442,0.4077672083537732,0.6144942289186514,44/86 (51.16%; 95% CI 40.78–61.45%),0.7674418604651163,0.6679041466259225,0.8441089106398433,66/86 (76.74%; 95% CI 66.79–84.41%)
qwen,appod,H20,20,1,4,18,54,10,86,68,0.20930232558139536,0.1366981607462176,0.30676590744316745,18/86 (20.93%; 95% CI 13.67–30.68%),0.11627906976744186,0.06440045821928717,0.20097211179070104,10/86 (11.63%; 95% CI 6.44–20.10%),0.046511627906976744,0.01823396823832083,0.1135699781371198,4/86 (4.65%; 95% CI 1.82–11.36%),0.627906976744186,0.5223383164148251,0.7225374935818455,54/86 (62.79%; 95% CI 52.23–72.25%),0.7906976744186046,0.6932340925568325,0.8633018392537823,68/86 (79.07%; 95% CI 69.32–86.33%)
qwen,appod,H20,20,2,5,18,53,10,86,68,0.20930232558139536,0.1366981607462176,0.30676590744316745,18/86 (20.93%; 95% CI 13.67–30.68%),0.11627906976744186,0.06440045821928717,0.20097211179070104,10/86 (11.63%; 95% CI 6.44–20.10%),0.05813953488372093,0.025086935621079658,0.12897844802678554,5/86 (5.81%; 95% CI 2.51–12.90%),0.6162790697674418,0.5106287727439646,0.7119855999802814,53/86 (61.63%; 95% CI 51.06–71.20%),0.7906976744186046,0.6932340925568325,0.8633018392537823,68/86 (79.07%; 95% CI 69.32–86.33%)
qwen,appod,H20,20,3,8,18,50,10,86,68,0.20930232558139536,0.1366981607462176,0.30676590744316745,18/86 (20.93%; 95% CI 13.67–30.68%),0.11627906976744186,0.06440045821928717,0.20097211179070104,10/86 (11.63%; 95% CI 6.44–20.10%),0.09302325581395349,0.04789228421527053,0.1729574112498685,8/86 (9.30%; 95% CI 4.79–17.30%),0.5813953488372093,0.4758445635760395,0.6799854973309328,50/86 (58.14%; 95% CI 47.58–68.00%),0.7906976744186046,0.6932340925568325,0.8633018392537823,68/86 (79.07%; 95% CI 69.32–86.33%)
qwen,appod,H20,20,4,11,18,47,10,86,68,0.20930232558139536,0.1366981607462176,0.30676590744316745,18/86 (20.93%; 95% CI 13.67–30.68%),0.11627906976744186,0.06440045821928717,0.20097211179070104,10/86 (11.63%; 95% CI 6.44–20.10%),0.12790697674418605,0.07294621791742709,0.21468778936498575,11/86 (12.79%; 95% CI 7.29–21.47%),0.5465116279069767,0.4415616959142949,0.6474840531754034,47/86 (54.65%; 95% CI 44.16–64.75%),0.7906976744186046,0.6932340925568325,0.8633018392537823,68/86 (79.07%; 95% CI 69.32–86.33%)
qwen,appod,H20,20,5,12,18,46,10,86,68,0.20930232558139536,0.1366981607462176,0.30676590744316745,18/86 (20.93%; 95% CI 13.67–30.68%),0.11627906976744186,0.06440045821928717,0.20097211179070104,10/86 (11.63%; 95% CI 6.44–20.10%),0.13953488372093023,0.08165847155571476,0.22823697299912266,12/86 (13.95%; 95% CI 8.17–22.82%),0.5348837209302325,0.4302430272177625,0.6365412845995112,46/86 (53.49%; 95% CI 43.02–63.65%),0.7906976744186046,0.6932340925568325,0.8633018392537823,68/86 (79.07%; 95% CI 69.32–86.33%)
qwen,appod,H22,22,1,2,20,53,11,86,66,0.23255813953488372,0.15589108936015666,0.3320958533740775,20/86 (23.26%; 95% CI 15.59–33.21%),0.12790697674418605,0.07294621791742709,0.21468778936498575,11/86 (12.79%; 95% CI 7.29–21.47%),0.023255813953488372,0.0064009262042708515,0.08088014562632057,2/86 (2.33%; 95% CI 0.64–8.09%),0.6162790697674418,0.5106287727439646,0.7119855999802814,53/86 (61.63%; 95% CI 51.06–71.20%),0.7674418604651163,0.6679041466259225,0.8441089106398433,66/86 (76.74%; 95% CI 66.79–84.41%)
qwen,appod,H22,22,2,4,20,51,11,86,66,0.23255813953488372,0.15589108936015666,0.3320958533740775,20/86 (23.26%; 95% CI 15.59–33.21%),0.12790697674418605,0.07294621791742709,0.21468778936498575,11/86 (12.79%; 95% CI 7.29–21.47%),0.046511627906976744,0.01823396823832083,0.1135699781371198,4/86 (4.65%; 95% CI 1.82–11.36%),0.5930232558139535,0.487382730957907,0.6907087672214898,51/86 (59.30%; 95% CI 48.74–69.07%),0.7674418604651163,0.6679041466259225,0.8441089106398433,66/86 (76.74%; 95% CI 66.79–84.41%)
qwen,appod,H22,22,3,7,20,48,11,86,66,0.23255813953488372,0.15589108936015666,0.3320958533740775,20/86 (23.26%; 95% CI 15.59–33.21%),0.12790697674418605,0.07294621791742709,0.21468778936498575,11/86 (12.79%; 95% CI 7.29–21.47%),0.08139534883720931,0.03998643153878242,0.15860182665393202,7/86 (8.14%; 95% CI 4.00–15.86%),0.5581395348837209,0.45293456995145753,0.6583726164106654,48/86 (55.81%; 95% CI 45.29–65.84%),0.7674418604651163,0.6679041466259225,0.8441089106398433,66/86 (76.74%; 95% CI 66.79–84.41%)
qwen,appod,H22,22,4,11,20,44,11,86,66,0.23255813953488372,0.15589108936015666,0.3320958533740775,20/86 (23.26%; 95% CI 15.59–33.21%),0.12790697674418605,0.07294621791742709,0.21468778936498575,11/86 (12.79%; 95% CI 7.29–21.47%),0.12790697674418605,0.07294621791742709,0.21468778936498575,11/86 (12.79%; 95% CI 7.29–21.47%),0.5116279069767442,0.4077672083537732,0.6144942289186514,44/86 (51.16%; 95% CI 40.78–61.45%),0.7674418604651163,0.6679041466259225,0.8441089106398433,66/86 (76.74%; 95% CI 66.79–84.41%)
qwen,appod,H22,22,5,11,20,44,11,86,66,0.23255813953488372,0.15589108936015666,0.3320958533740775,20/86 (23.26%; 95% CI 15.59–33.21%),0.12790697674418605,0.07294621791742709,0.21468778936498575,11/86 (12.79%; 95% CI 7.29–21.47%),0.12790697674418605,0.07294621791742709,0.21468778936498575,11/86 (12.79%; 95% CI 7.29–21.47%),0.5116279069767442,0.4077672083537732,0.6144942289186514,44/86 (51.16%; 95% CI 40.78–61.45%),0.7674418604651163,0.6679041466259225,0.8441089106398433,66/86 (76.74%; 95% CI 66.79–84.41%)
qwen,appod,H24,24,1,4,22,52,8,86,64,0.2558139534883721,0.17543075268015518,0.35707906459892824,22/86 (25.58%; 95% CI 17.54–35.71%),0.09302325581395349,0.04789228421527053,0.1729574112498685,8/86 (9.30%; 95% CI 4.79–17.30%),0.046511627906976744,0.01823396823832083,0.1135699781371198,4/86 (4.65%; 95% CI 1.82–11.36%),0.6046511627906976,0.4989772079672809,0.7013757274845405,52/86 (60.47%; 95% CI 49.90–70.14%),0.7441860465116279,0.6429209354010718,0.8245692473198448,64/86 (74.42%; 95% CI 64.29–82.46%)
qwen,appod,H24,24,2,7,22,49,8,86,64,0.2558139534883721,0.17543075268015518,0.35707906459892824,22/86 (25.58%; 95% CI 17.54–35.71%),0.09302325581395349,0.04789228421527053,0.1729574112498685,8/86 (9.30%; 95% CI 4.79–17.30%),0.08139534883720931,0.03998643153878242,0.15860182665393202,7/86 (8.14%; 95% CI 4.00–15.86%),0.5697674418604651,0.46436203379906343,0.6692065898354842,49/86 (56.98%; 95% CI 46.44–66.92%),0.7441860465116279,0.6429209354010718,0.8245692473198448,64/86 (74.42%; 95% CI 64.29–82.46%)
qwen,appod,H24,24,3,10,22,46,8,86,64,0.2558139534883721,0.17543075268015518,0.35707906459892824,22/86 (25.58%; 95% CI 17.54–35.71%),0.09302325581395349,0.04789228421527053,0.1729574112498685,8/86 (9.30%; 95% CI 4.79–17.30%),0.11627906976744186,0.06440045821928717,0.20097211179070104,10/86 (11.63%; 95% CI 6.44–20.10%),0.5348837209302325,0.4302430272177625,0.6365412845995112,46/86 (53.49%; 95% CI 43.02–63.65%),0.7441860465116279,0.6429209354010718,0.8245692473198448,64/86 (74.42%; 95% CI 64.29–82.46%)
qwen,appod,H24,24,4,13,22,43,8,86,64,0.2558139534883721,0.17543075268015518,0.35707906459892824,22/86 (25.58%; 95% CI 17.54–35.71%),0.09302325581395349,0.04789228421527053,0.1729574112498685,8/86 (9.30%; 95% CI 4.79–17.30%),0.1511627906976744,0.09052122983132334,0.24163565199593867,13/86 (15.12%; 95% CI 9.05–24.16%),0.5,0.3966097232742094,0.6033902767257906,43/86 (50.00%; 95% CI 39.66–60.34%),0.7441860465116279,0.6429209354010718,0.8245692473198448,64/86 (74.42%; 95% CI 64.29–82.46%)
qwen,appod,H24,24,5,13,22,43,8,86,64,0.2558139534883721,0.17543075268015518,0.35707906459892824,22/86 (25.58%; 95% CI 17.54–35.71%),0.09302325581395349,0.04789228421527053,0.1729574112498685,8/86 (9.30%; 95% CI 4.79–17.30%),0.1511627906976744,0.09052122983132334,0.24163565199593867,13/86 (15.12%; 95% CI 9.05–24.16%),0.5,0.3966097232742094,0.6033902767257906,43/86 (50.00%; 95% CI 39.66–60.34%),0.7441860465116279,0.6429209354010718,0.8245692473198448,64/86 (74.42%; 95% CI 64.29–82.46%)
qwen,appod,H26,26,1,5,17,54,10,86,69,0.19767441860465115,0.12724351812233703,0.2939591127946234,17/86 (19.77%; 95% CI 12.72–29.40%),0.11627906976744186,0.06440045821928717,0.20097211179070104,10/86 (11.63%; 95% CI 6.44–20.10%),0.05813953488372093,0.025086935621079658,0.12897844802678554,5/86 (5.81%; 95% CI 2.51–12.90%),0.627906976744186,0.5223383164148251,0.7225374935818455,54/86 (62.79%; 95% CI 52.23–72.25%),0.8023255813953488,0.7060408872053765,0.872756481877663,69/86 (80.23%; 95% CI 70.60–87.28%)
qwen,appod,H26,26,2,8,17,51,10,86,69,0.19767441860465115,0.12724351812233703,0.2939591127946234,17/86 (19.77%; 95% CI 12.72–29.40%),0.11627906976744186,0.06440045821928717,0.20097211179070104,10/86 (11.63%; 95% CI 6.44–20.10%),0.09302325581395349,0.04789228421527053,0.1729574112498685,8/86 (9.30%; 95% CI 4.79–17.30%),0.5930232558139535,0.487382730957907,0.6907087672214898,51/86 (59.30%; 95% CI 48.74–69.07%),0.8023255813953488,0.7060408872053765,0.872756481877663,69/86 (80.23%; 95% CI 70.60–87.28%)
qwen,appod,H26,26,3,11,17,48,10,86,69,0.19767441860465115,0.12724351812233703,0.2939591127946234,17/86 (19.77%; 95% CI 12.72–29.40%),0.11627906976744186,0.06440045821928717,0.20097211179070104,10/86 (11.63%; 95% CI 6.44–20.10%),0.12790697674418605,0.07294621791742709,0.21468778936498575,11/86 (12.79%; 95% CI 7.29–21.47%),0.5581395348837209,0.45293456995145753,0.6583726164106654,48/86 (55.81%; 95% CI 45.29–65.84%),0.8023255813953488,0.7060408872053765,0.872756481877663,69/86 (80.23%; 95% CI 70.60–87.28%)
qwen,appod,H26,26,4,13,17,46,10,86,69,0.19767441860465115,0.12724351812233703,0.2939591127946234,17/86 (19.77%; 95% CI 12.72–29.40%),0.11627906976744186,0.06440045821928717,0.20097211179070104,10/86 (11.63%; 95% CI 6.44–20.10%),0.1511627906976744,0.09052122983132334,0.24163565199593867,13/86 (15.12%; 95% CI 9.05–24.16%),0.5348837209302325,0.4302430272177625,0.6365412845995112,46/86 (53.49%; 95% CI 43.02–63.65%),0.8023255813953488,0.7060408872053765,0.872756481877663,69/86 (80.23%; 95% CI 70.60–87.28%)
qwen,appod,H26,26,5,13,17,46,10,86,69,0.19767441860465115,0.12724351812233703,0.2939591127946234,17/86 (19.77%; 95% CI 12.72–29.40%),0.11627906976744186,0.06440045821928717,0.20097211179070104,10/86 (11.63%; 95% CI 6.44–20.10%),0.1511627906976744,0.09052122983132334,0.24163565199593867,13/86 (15.12%; 95% CI 9.05–24.16%),0.5348837209302325,0.4302430272177625,0.6365412845995112,46/86 (53.49%; 95% CI 43.02–63.65%),0.8023255813953488,0.7060408872053765,0.872756481877663,69/86 (80.23%; 95% CI 70.60–87.28%)
qwen,appod,H28,28,1,6,18,53,9,86,68,0.20930232558139536,0.1366981607462176,0.30676590744316745,18/86 (20.93%; 95% CI 13.67–30.68%),0.10465116279069768,0.056040897145363075,0.18707023559220054,9/86 (10.47%; 95% CI 5.60–18.71%),0.06976744186046512,0.032365414509921336,0.14396140641036848,6/86 (6.98%; 95% CI 3.24–14.40%),0.6162790697674418,0.5106287727439646,0.7119855999802814,53/86 (61.63%; 95% CI 51.06–71.20%),0.7906976744186046,0.6932340925568325,0.8633018392537823,68/86 (79.07%; 95% CI 69.32–86.33%)
qwen,appod,H28,28,2,8,18,51,9,86,68,0.20930232558139536,0.1366981607462176,0.30676590744316745,18/86 (20.93%; 95% CI 13.67–30.68%),0.10465116279069768,0.056040897145363075,0.18707023559220054,9/86 (10.47%; 95% CI 5.60–18.71%),0.09302325581395349,0.04789228421527053,0.1729574112498685,8/86 (9.30%; 95% CI 4.79–17.30%),0.5930232558139535,0.487382730957907,0.6907087672214898,51/86 (59.30%; 95% CI 48.74–69.07%),0.7906976744186046,0.6932340925568325,0.8633018392537823,68/86 (79.07%; 95% CI 69.32–86.33%)
qwen,appod,H28,28,3,11,18,48,9,86,68,0.20930232558139536,0.1366981607462176,0.30676590744316745,18/86 (20.93%; 95% CI 13.67–30.68%),0.10465116279069768,0.056040897145363075,0.18707023559220054,9/86 (10.47%; 95% CI 5.60–18.71%),0.12790697674418605,0.07294621791742709,0.21468778936498575,11/86 (12.79%; 95% CI 7.29–21.47%),0.5581395348837209,0.45293456995145753,0.6583726164106654,48/86 (55.81%; 95% CI 45.29–65.84%),0.7906976744186046,0.6932340925568325,0.8633018392537823,68/86 (79.07%; 95% CI 69.32–86.33%)
qwen,appod,H28,28,4,15,18,44,9,86,68,0.20930232558139536,0.1366981607462176,0.30676590744316745,18/86 (20.93%; 95% CI 13.67–30.68%),0.10465116279069768,0.056040897145363075,0.18707023559220054,9/86 (10.47%; 95% CI 5.60–18.71%),0.1744186046511628,0.10864769842075103,0.2680320579513602,15/86 (17.44%; 95% CI 10.86–26.80%),0.5116279069767442,0.4077672083537732,0.6144942289186514,44/86 (51.16%; 95% CI 40.78–61.45%),0.7906976744186046,0.6932340925568325,0.8633018392537823,68/86 (79.07%; 95% CI 69.32–86.33%)
qwen,appod,H28,28,5,15,18,44,9,86,68,0.20930232558139536,0.1366981607462176,0.30676590744316745,18/86 (20.93%; 95% CI 13.67–30.68%),0.10465116279069768,0.056040897145363075,0.18707023559220054,9/86 (10.47%; 95% CI 5.60–18.71%),0.1744186046511628,0.10864769842075103,0.2680320579513602,15/86 (17.44%; 95% CI 10.86–26.80%),0.5116279069767442,0.4077672083537732,0.6144942289186514,44/86 (51.16%; 95% CI 40.78–61.45%),0.7906976744186046,0.6932340925568325,0.8633018392537823,68/86 (79.07%; 95% CI 69.32–86.33%)
qwen,appod,H30,30,1,4,17,54,11,86,69,0.19767441860465115,0.12724351812233703,0.2939591127946234,17/86 (19.77%; 95% CI 12.72–29.40%),0.12790697674418605,0.07294621791742709,0.21468778936498575,11/86 (12.79%; 95% CI 7.29–21.47%),0.046511627906976744,0.01823396823832083,0.1135699781371198,4/86 (4.65%; 95% CI 1.82–11.36%),0.627906976744186,0.5223383164148251,0.7225374935818455,54/86 (62.79%; 95% CI 52.23–72.25%),0.8023255813953488,0.7060408872053765,0.872756481877663,69/86 (80.23%; 95% CI 70.60–87.28%)
qwen,appod,H30,30,2,6,17,52,11,86,69,0.19767441860465115,0.12724351812233703,0.2939591127946234,17/86 (19.77%; 95% CI 12.72–29.40%),0.12790697674418605,0.07294621791742709,0.21468778936498575,11/86 (12.79%; 95% CI 7.29–21.47%),0.06976744186046512,0.032365414509921336,0.14396140641036848,6/86 (6.98%; 95% CI 3.24–14.40%),0.6046511627906976,0.4989772079672809,0.7013757274845405,52/86 (60.47%; 95% CI 49.90–70.14%),0.8023255813953488,0.7060408872053765,0.872756481877663,69/86 (80.23%; 95% CI 70.60–87.28%)
qwen,appod,H30,30,3,12,17,46,11,86,69,0.19767441860465115,0.12724351812233703,0.2939591127946234,17/86 (19.77%; 95% CI 12.72–29.40%),0.12790697674418605,0.07294621791742709,0.21468778936498575,11/86 (12.79%; 95% CI 7.29–21.47%),0.13953488372093023,0.08165847155571476,0.22823697299912266,12/86 (13.95%; 95% CI 8.17–22.82%),0.5348837209302325,0.4302430272177625,0.6365412845995112,46/86 (53.49%; 95% CI 43.02–63.65%),0.8023255813953488,0.7060408872053765,0.872756481877663,69/86 (80.23%; 95% CI 70.60–87.28%)
qwen,appod,H30,30,4,14,17,44,11,86,69,0.19767441860465115,0.12724351812233703,0.2939591127946234,17/86 (19.77%; 95% CI 12.72–29.40%),0.12790697674418605,0.07294621791742709,0.21468778936498575,11/86 (12.79%; 95% CI 7.29–21.47%),0.16279069767441862,0.09952131046989598,0.25489700862979064,14/86 (16.28%; 95% CI 9.95–25.49%),0.5116279069767442,0.4077672083537732,0.6144942289186514,44/86 (51.16%; 95% CI 40.78–61.45%),0.8023255813953488,0.7060408872053765,0.872756481877663,69/86 (80.23%; 95% CI 70.60–87.28%)
qwen,appod,H30,30,5,14,17,44,11,86,69,0.19767441860465115,0.12724351812233703,0.2939591127946234,17/86 (19.77%; 95% CI 12.72–29.40%),0.12790697674418605,0.07294621791742709,0.21468778936498575,11/86 (12.79%; 95% CI 7.29–21.47%),0.16279069767441862,0.09952131046989598,0.25489700862979064,14/86 (16.28%; 95% CI 9.95–25.49%),0.5116279069767442,0.4077672083537732,0.6144942289186514,44/86 (51.16%; 95% CI 40.78–61.45%),0.8023255813953488,0.7060408872053765,0.872756481877663,69/86 (80.23%; 95% CI 70.60–87.28%)
qwen,appod,H32,32,1,6,20,50,10,86,66,0.23255813953488372,0.15589108936015666,0.3320958533740775,20/86 (23.26%; 95% CI 15.59–33.21%),0.11627906976744186,0.06440045821928717,0.20097211179070104,10/86 (11.63%; 95% CI 6.44–20.10%),0.06976744186046512,0.032365414509921336,0.14396140641036848,6/86 (6.98%; 95% CI 3.24–14.40%),0.5813953488372093,0.4758445635760395,0.6799854973309328,50/86 (58.14%; 95% CI 47.58–68.00%),0.7674418604651163,0.6679041466259225,0.8441089106398433,66/86 (76.74%; 95% CI 66.79–84.41%)
qwen,appod,H32,32,2,7,20,49,10,86,66,0.23255813953488372,0.15589108936015666,0.3320958533740775,20/86 (23.26%; 95% CI 15.59–33.21%),0.11627906976744186,0.06440045821928717,0.20097211179070104,10/86 (11.63%; 95% CI 6.44–20.10%),0.08139534883720931,0.03998643153878242,0.15860182665393202,7/86 (8.14%; 95% CI 4.00–15.86%),0.5697674418604651,0.46436203379906343,0.6692065898354842,49/86 (56.98%; 95% CI 46.44–66.92%),0.7674418604651163,0.6679041466259225,0.8441089106398433,66/86 (76.74%; 95% CI 66.79–84.41%)
qwen,appod,H32,32,3,11,20,45,10,86,66,0.23255813953488372,0.15589108936015666,0.3320958533740775,20/86 (23.26%; 95% CI 15.59–33.21%),0.11627906976744186,0.06440045821928717,0.20097211179070104,10/86 (11.63%; 95% CI 6.44–20.10%),0.12790697674418605,0.07294621791742709,0.21468778936498575,11/86 (12.79%; 95% CI 7.29–21.47%),0.5232558139534884,0.41897826794012305,0.6255446066047263,45/86 (52.33%; 95% CI 41.90–62.55%),0.7674418604651163,0.6679041466259225,0.8441089106398433,66/86 (76.74%; 95% CI 66.79–84.41%)
qwen,appod,H32,32,4,14,20,42,10,86,66,0.23255813953488372,0.15589108936015666,0.3320958533740775,20/86 (23.26%; 95% CI 15.59–33.21%),0.11627906976744186,0.06440045821928717,0.20097211179070104,10/86 (11.63%; 95% CI 6.44–20.10%),0.16279069767441862,0.09952131046989598,0.25489700862979064,14/86 (16.28%; 95% CI 9.95–25.49%),0.4883720930232558,0.38550577108134854,0.5922327916462268,42/86 (48.84%; 95% CI 38.55–59.22%),0.7674418604651163,0.6679041466259225,0.8441089106398433,66/86 (76.74%; 95% CI 66.79–84.41%)
qwen,appod,H32,32,5,14,20,42,10,86,66,0.23255813953488372,0.15589108936015666,0.3320958533740775,20/86 (23.26%; 95% CI 15.59–33.21%),0.11627906976744186,0.06440045821928717,0.20097211179070104,10/86 (11.63%; 95% CI 6.44–20.10%),0.16279069767441862,0.09952131046989598,0.25489700862979064,14/86 (16.28%; 95% CI 9.95–25.49%),0.4883720930232558,0.38550577108134854,0.5922327916462268,42/86 (48.84%; 95% CI 38.55–59.22%),0.7674418604651163,0.6679041466259225,0.8441089106398433,66/86 (76.74%; 95% CI 66.79–84.41%)
