model,approach,history,history_frames,case_study,global_bag_id,frames,accuracy,macro_precision,macro_recall,macro_f1,balanced_accuracy
qwen,appfr,H02,2,crowdbot,crowdbot__defaced_2021-04-24-11-20-18,1619,0.5750463248919085,0.2806503724069371,0.2998969391652793,0.28898802172745014,0.2998969391652793
qwen,appfr,H02,2,crowdbot,crowdbot__defaced_2021-04-24-11-23-43,1032,0.5348837209302325,0.3415079299634424,0.3409727252644504,0.33947867624135397,0.3409727252644504
qwen,appfr,H02,2,crowdbot,crowdbot__defaced_2021-04-24-11-35-54,1211,0.6052848885218828,0.4695003296827005,0.44845763146245426,0.4009414369484991,0.44845763146245426
qwen,appfr,H02,2,crowdbot,crowdbot__defaced_2021-04-24-11-40-33,986,0.3995943204868154,0.3276329883391283,0.343751977960111,0.24446104599435223,0.343751977960111
qwen,appfr,H02,2,crowdbot,crowdbot__defaced_2021-04-24-11-43-54,583,0.4751286449399657,0.22281639928698752,0.3225828126049855,0.22472365161044405,0.3225828126049855
qwen,appfr,H02,2,crowdbot,crowdbot__defaced_2021-04-24-11-48-21,1555,0.5755627009646302,0.40054919094607255,0.3951754461295364,0.37911792202248806,0.3951754461295364
qwen,appfr,H02,2,crowdbot,crowdbot__defaced_2021-04-24-11-55-30,1815,0.4027548209366391,0.26795138359802667,0.30454018501431374,0.23401534184169093,0.30454018501431374
qwen,appfr,H02,2,huron,huron__bww1_Feb-16-2023-bww1-intloss_00000000,342,0.9035087719298246,0.5117265469061877,0.3798594847775176,0.3946816125001516,0.3798594847775176
qwen,appfr,H02,2,huron,huron__bww1_Feb-16-2023-bww1-intloss_00000001,1674,0.9032258064516129,0.5288700222356985,0.3652892627443525,0.37492328800750463,0.3652892627443525
qwen,appfr,H02,2,huron,huron__bww1_Feb-16-2023-bww1-intloss_00000002,334,0.9730538922155688,0.47737891737891736,0.49488752556237214,0.485587783500497,0.49488752556237214
qwen,appfr,H02,2,huron,huron__bww2_Feb-20-2023-bww2-intloss_00000000,754,0.903183023872679,0.3601310223872898,0.35463002029212626,0.3566400433193448,0.35463002029212626
qwen,appfr,H02,2,huron,huron__bww2_Feb-20-2023-bww2-intloss_00000001,819,0.9401709401709402,0.34529914529914535,0.36969001148105624,0.34887334887334887,0.36969001148105624
qwen,appfr,H02,2,huron,huron__bww2_Feb-20-2023-bww2-intloss_00000002,482,0.9087136929460581,0.33226495726495725,0.3430735930735931,0.33490043190765584,0.3430735930735931
qwen,appfr,H02,2,huron,huron__bww8_Feb-03-2023-bww8-intloss_00000000,1095,0.7388127853881279,0.4333765631402852,0.4053477340502789,0.40808533241454553,0.4053477340502789
qwen,appfr,H02,2,huron,huron__bww8_Feb-03-2023-bww8-intloss_00000001,1051,0.89058039961941,0.5045585068198134,0.42332284677561555,0.4448694896641607,0.42332284677561555
qwen,appfr,H02,2,huron,huron__bww8_Feb-03-2023-bww8-intloss_00000002,705,0.8567375886524823,0.41208571808864636,0.3659333410933923,0.36583628308733496,0.3659333410933923
qwen,appfr,H02,2,huron,huron__cory1_Feb-16-2023-cory1-intloss_00000000,1486,0.9266487213997309,0.31852879944483,0.3227848101265823,0.3206426825008732,0.3227848101265823
qwen,appfr,H02,2,huron,huron__cory1_Feb-16-2023-cory1-intloss_00000001,2154,0.9744661095636026,0.4735807108188508,0.45460044571792424,0.4629568237429947,0.45460044571792424
qwen,appfr,H02,2,huron,huron__cory1_Feb-16-2023-cory1-intloss_00000002,1653,0.9485783424077435,0.41076280041797286,0.43114249357074846,0.41989577267093736,0.43114249357074846
qwen,appfr,H02,2,huron,huron__soda3_Feb-21-2023-soda3-intloss_00000000,2414,0.9150787075393537,0.4760683760683761,0.3920398705139849,0.41049993534119394,0.3920398705139849
qwen,appfr,H02,2,huron,huron__soda3_Feb-21-2023-soda3-intloss_00000001,1368,0.7646198830409356,0.44885354569415065,0.47319437491466804,0.46017748633615324,0.47319437491466804
qwen,appfr,H02,2,huron,huron__soda3_Feb-21-2023-soda3-intloss_00000002,531,0.9623352165725048,0.5599781897491821,0.4197402956209421,0.4550785132180481,0.4197402956209421
qwen,appfr,H02,2,pal,pal__rosbag2_2025_07_11-13_23_07,2151,0.9767549976754998,0.3333333333333333,0.3255849992251666,0.3294136092819066,0.3255849992251666
qwen,appfr,H02,2,pal,pal__rosbag2_2025_07_11-13_37_37,3038,0.6497695852534562,0.3920934074990905,0.3428739474958204,0.2950932890079788,0.3428739474958204
qwen,appfr,H02,2,pal,pal__rosbag2_2025_07_11-13_55_25,4060,0.3315270935960591,0.22788227098571925,0.3174613593649191,0.18954043288890787,0.3174613593649191
qwen,appfr,H04,4,crowdbot,crowdbot__defaced_2021-04-24-11-20-18,1619,0.41630636195182213,0.2622735514225105,0.25887656483103066,0.25155522586401236,0.25887656483103066
qwen,appfr,H04,4,crowdbot,crowdbot__defaced_2021-04-24-11-23-43,1032,0.5038759689922481,0.32885885518590996,0.3288226500007706,0.3287790017304158,0.3288226500007706
qwen,appfr,H04,4,crowdbot,crowdbot__defaced_2021-04-24-11-35-54,1211,0.6242774566473989,0.4658085456404784,0.4548909624659258,0.4154942281798171,0.4548909624659258
qwen,appfr,H04,4,crowdbot,crowdbot__defaced_2021-04-24-11-40-33,986,0.46247464503042596,0.32706374085684425,0.3562826675727806,0.31861957200356,0.3562826675727806
qwen,appfr,H04,4,crowdbot,crowdbot__defaced_2021-04-24-11-43-54,583,0.48198970840480276,0.2934596413018802,0.33154797899808985,0.26467778356783045,0.33154797899808985
qwen,appfr,H04,4,crowdbot,crowdbot__defaced_2021-04-24-11-48-21,1555,0.5736334405144694,0.38636368774699986,0.3911484006893038,0.3851734994437061,0.3911484006893038
qwen,appfr,H04,4,crowdbot,crowdbot__defaced_2021-04-24-11-55-30,1815,0.4132231404958678,0.28285903579981797,0.28961297060523405,0.2758731544909619,0.28961297060523405
qwen,appfr,H04,4,huron,huron__bww1_Feb-16-2023-bww1-intloss_00000000,342,0.8947368421052632,0.4672619047619048,0.35971896955503513,0.3639130931090902,0.35971896955503513
qwen,appfr,H04,4,huron,huron__bww1_Feb-16-2023-bww1-intloss_00000001,1674,0.9020310633213859,0.5969969969969969,0.34898457054145676,0.3462092678194373,0.34898457054145676
qwen,appfr,H04,4,huron,huron__bww1_Feb-16-2023-bww1-intloss_00000002,334,0.9610778443113772,0.3738168050094655,0.36886503067484666,0.3711417389824741,0.36886503067484666
qwen,appfr,H04,4,huron,huron__bww2_Feb-20-2023-bww2-intloss_00000000,754,0.9230769230769231,0.3382816014394962,0.3352319530669238,0.33131382937879134,0.3352319530669238
qwen,appfr,H04,4,huron,huron__bww2_Feb-20-2023-bww2-intloss_00000001,819,0.9755799755799756,0.3271908271908272,0.3312603648424544,0.3292130201895344,0.3312603648424544
qwen,appfr,H04,4,huron,huron__bww2_Feb-20-2023-bww2-intloss_00000002,482,0.941908713692946,0.3192686357243319,0.32756132756132755,0.32336182336182334,0.32756132756132755
qwen,appfr,H04,4,huron,huron__bww8_Feb-03-2023-bww8-intloss_00000000,1095,0.7315068493150685,0.41846996809543624,0.34561102612833944,0.31244661096473275,0.34561102612833944
qwen,appfr,H04,4,huron,huron__bww8_Feb-03-2023-bww8-intloss_00000001,1051,0.89058039961941,0.5585349348671967,0.3835296082853086,0.39972146888514265,0.3835296082853086
qwen,appfr,H04,4,huron,huron__bww8_Feb-03-2023-bww8-intloss_00000002,705,0.849645390070922,0.28564616118264186,0.33002754820936636,0.3062372188139059,0.33002754820936636
qwen,appfr,H04,4,huron,huron__cory1_Feb-16-2023-cory1-intloss_00000000,1486,0.9340511440107672,0.3186409550045914,0.32536333802156586,0.321967061006727,0.32536333802156586
qwen,appfr,H04,4,huron,huron__cory1_Feb-16-2023-cory1-intloss_00000001,2154,0.9753946146703807,0.5637961726746773,0.4439668895256288,0.48075464135927054,0.4439668895256288
qwen,appfr,H04,4,huron,huron__cory1_Feb-16-2023-cory1-intloss_00000002,1653,0.9546279491833031,0.39162561576354676,0.3712859392936277,0.3782996957901279,0.3712859392936277
qwen,appfr,H04,4,huron,huron__soda3_Feb-21-2023-soda3-intloss_00000000,2414,0.9117647058823529,0.30429973731508364,0.3331819557977596,0.3180865669484789,0.3331819557977596
qwen,appfr,H04,4,huron,huron__soda3_Feb-21-2023-soda3-intloss_00000001,1368,0.7646198830409356,0.44005866331447724,0.44038137714467757,0.4388280465988917,0.44038137714467757
qwen,appfr,H04,4,huron,huron__soda3_Feb-21-2023-soda3-intloss_00000002,531,0.96045197740113,0.6534341524889729,0.3684210526315789,0.3900751557453583,0.3684210526315789
qwen,appfr,H04,4,pal,pal__rosbag2_2025_07_11-13_23_07,2151,0.9846582984658299,0.3333333333333333,0.32821943282194327,0.3307566174748185,0.32821943282194327
qwen,appfr,H04,4,pal,pal__rosbag2_2025_07_11-13_37_37,3038,0.6418696510862409,0.3087160771829018,0.3318271372788987,0.26746821720705627,0.3318271372788987
qwen,appfr,H04,4,pal,pal__rosbag2_2025_07_11-13_55_25,4060,0.341871921182266,0.263633947784605,0.32895817554489604,0.18434677045517356,0.32895817554489604
qwen,appfr,H06,6,crowdbot,crowdbot__defaced_2021-04-24-11-20-18,1619,0.5305744286596664,0.2989263637474551,0.30968843916888283,0.30269311470878285,0.30968843916888283
qwen,appfr,H06,6,crowdbot,crowdbot__defaced_2021-04-24-11-23-43,1032,0.5125968992248062,0.33467179104763,0.3346819146258136,0.334622564780602,0.3346819146258136
qwen,appfr,H06,6,crowdbot,crowdbot__defaced_2021-04-24-11-35-54,1211,0.5772089182493807,0.45493067366175666,0.4316768015656671,0.38079911209766926,0.4316768015656671
qwen,appfr,H06,6,crowdbot,crowdbot__defaced_2021-04-24-11-40-33,986,0.5050709939148073,0.3452630693880983,0.37831422832072437,0.34898401397395357,0.37831422832072437
qwen,appfr,H06,6,crowdbot,crowdbot__defaced_2021-04-24-11-43-54,583,0.4528301886792453,0.24163944163944162,0.31007573357905954,0.24012786533675926,0.31007573357905954
qwen,appfr,H06,6,crowdbot,crowdbot__defaced_2021-04-24-11-48-21,1555,0.5742765273311897,0.395242440090055,0.3936033297265113,0.3809189977492995,0.3936033297265113
qwen,appfr,H06,6,crowdbot,crowdbot__defaced_2021-04-24-11-55-30,1815,0.4049586776859504,0.27934753094739967,0.2919028353764673,0.26364863299169866,0.2919028353764673
qwen,appfr,H06,6,huron,huron__bww1_Feb-16-2023-bww1-intloss_00000000,342,0.8918128654970761,0.297270955165692,0.3333333333333333,0.31427099433281813,0.3333333333333333
qwen,appfr,H06,6,huron,huron__bww1_Feb-16-2023-bww1-intloss_00000001,1674,0.8984468339307049,0.6327953775652521,0.3353174603174603,0.3194359570546356,0.3353174603174603
qwen,appfr,H06,6,huron,huron__bww1_Feb-16-2023-bww1-intloss_00000002,334,0.9580838323353293,0.367842535787321,0.367842535787321,0.367842535787321,0.367842535787321
qwen,appfr,H06,6,huron,huron__bww2_Feb-20-2023-bww2-intloss_00000000,754,0.9297082228116711,0.3119715175789942,0.3309726156751653,0.32119129438717064,0.3309726156751653
qwen,appfr,H06,6,huron,huron__bww2_Feb-20-2023-bww2-intloss_00000001,819,0.9768009768009768,0.32719836400818,0.33167495854063017,0.3294214535721639,0.33167495854063017
qwen,appfr,H06,6,huron,huron__bww2_Feb-20-2023-bww2-intloss_00000002,482,0.9564315352697096,0.3194733194733195,0.33261183261183264,0.3259102156238954,0.33261183261183264
qwen,appfr,H06,6,huron,huron__bww8_Feb-03-2023-bww8-intloss_00000000,1095,0.7360730593607306,0.4447024929444967,0.35178386563451225,0.3237184730985458,0.35178386563451225
qwen,appfr,H06,6,huron,huron__bww8_Feb-03-2023-bww8-intloss_00000001,1051,0.879162702188392,0.4785160038797285,0.36177696112549534,0.3653449204259902,0.36177696112549534
qwen,appfr,H06,6,huron,huron__bww8_Feb-03-2023-bww8-intloss_00000002,705,0.8453900709219858,0.3531400966183575,0.340806270127653,0.32853251923019366,0.340806270127653
qwen,appfr,H06,6,huron,huron__cory1_Feb-16-2023-cory1-intloss_00000000,1486,0.9340511440107672,0.3186409550045914,0.32536333802156586,0.321967061006727,0.32536333802156586
qwen,appfr,H06,6,huron,huron__cory1_Feb-16-2023-cory1-intloss_00000001,2154,0.9749303621169917,0.4928281883380106,0.42190385227634514,0.4454946439823566,0.42190385227634514
qwen,appfr,H06,6,huron,huron__cory1_Feb-16-2023-cory1-intloss_00000002,1653,0.9618874773139746,0.43365893365893365,0.3669122685246981,0.3807023847546045,0.3669122685246981
qwen,appfr,H06,6,huron,huron__soda3_Feb-21-2023-soda3-intloss_00000000,2414,0.9117647058823529,0.38762102351313965,0.3347399799715876,0.3213610695861499,0.3347399799715876
qwen,appfr,H06,6,huron,huron__soda3_Feb-21-2023-soda3-intloss_00000001,1368,0.7719298245614035,0.4467836257309942,0.436611599083724,0.4379466141120005,0.436611599083724
qwen,appfr,H06,6,huron,huron__soda3_Feb-21-2023-soda3-intloss_00000002,531,0.96045197740113,0.5706831119544592,0.38530874430169915,0.4135265700483092,0.38530874430169915
qwen,appfr,H06,6,pal,pal__rosbag2_2025_07_11-13_23_07,2151,0.99302649930265,0.3333333333333333,0.3310088331008833,0.33216701656169817,0.3310088331008833
qwen,appfr,H06,6,pal,pal__rosbag2_2025_07_11-13_37_37,3038,0.6445029624753127,0.3146405566421065,0.33261135375051687,0.2659103567554891,0.33261135375051687
qwen,appfr,H06,6,pal,pal__rosbag2_2025_07_11-13_55_25,4060,0.3495073891625616,0.315658769716325,0.33575668321692054,0.19158011034529557,0.33575668321692054
qwen,appfr,H08,8,crowdbot,crowdbot__defaced_2021-04-24-11-20-18,1619,0.47745521927115503,0.28973241109922016,0.2957406326349701,0.28606323744411105,0.2957406326349701
qwen,appfr,H08,8,crowdbot,crowdbot__defaced_2021-04-24-11-23-43,1032,0.5155038759689923,0.3404114134041141,0.3405668665135706,0.3396791720372461,0.3405668665135706
qwen,appfr,H08,8,crowdbot,crowdbot__defaced_2021-04-24-11-35-54,1211,0.5664739884393064,0.4055388515505247,0.4048746534330514,0.37791217582051234,0.4048746534330514
qwen,appfr,H08,8,crowdbot,crowdbot__defaced_2021-04-24-11-40-33,986,0.5212981744421906,0.3485122869403927,0.38082436380474577,0.3587341226485912,0.38082436380474577
qwen,appfr,H08,8,crowdbot,crowdbot__defaced_2021-04-24-11-43-54,583,0.3979416809605489,0.22834864940128097,0.2763651721523119,0.23780250263832356,0.2763651721523119
qwen,appfr,H08,8,crowdbot,crowdbot__defaced_2021-04-24-11-48-21,1555,0.5871382636655949,0.3967918791694211,0.4006463654111491,0.39386890482192793,0.4006463654111491
qwen,appfr,H08,8,crowdbot,crowdbot__defaced_2021-04-24-11-55-30,1815,0.4440771349862259,0.30151298702906393,0.30576538941220605,0.29777349196307373,0.30576538941220605
qwen,appfr,H08,8,huron,huron__bww1_Feb-16-2023-bww1-intloss_00000000,342,0.8830409356725146,0.2969518190757129,0.3300546448087432,0.31262939958592134,0.3300546448087432
qwen,appfr,H08,8,huron,huron__bww1_Feb-16-2023-bww1-intloss_00000001,1674,0.8984468339307049,0.5218432076600837,0.33707980863669484,0.3232772121439916,0.33707980863669484
qwen,appfr,H08,8,huron,huron__bww1_Feb-16-2023-bww1-intloss_00000002,334,0.9550898203592815,0.32517838939857285,0.3261758691206544,0.32567636549259826,0.3261758691206544
qwen,appfr,H08,8,huron,huron__bww2_Feb-20-2023-bww2-intloss_00000000,754,0.9336870026525199,0.3120567375886525,0.3323890462700661,0.3219021490626429,0.3323890462700661
qwen,appfr,H08,8,huron,huron__bww2_Feb-20-2023-bww2-intloss_00000001,819,0.978021978021978,0.3272058823529412,0.332089552238806,0.32962962962962966,0.332089552238806
qwen,appfr,H08,8,huron,huron__bww2_Feb-20-2023-bww2-intloss_00000002,482,0.9585062240663901,0.3195020746887967,0.3333333333333333,0.32627118644067793,0.3333333333333333
qwen,appfr,H08,8,huron,huron__bww8_Feb-03-2023-bww8-intloss_00000000,1095,0.730593607305936,0.4126610116242538,0.3476459772246172,0.31792586304470855,0.3476459772246172
qwen,appfr,H08,8,huron,huron__bww8_Feb-03-2023-bww8-intloss_00000001,1051,0.8820171265461465,0.49582929194956354,0.36534981486121554,0.3708941605839416,0.36534981486121554
qwen,appfr,H08,8,huron,huron__bww8_Feb-03-2023-bww8-intloss_00000002,705,0.849645390070922,0.35299760191846524,0.33831529119621306,0.3226147515036404,0.33831529119621306
qwen,appfr,H08,8,huron,huron__cory1_Feb-16-2023-cory1-intloss_00000000,1486,0.9300134589502019,0.31857999077916094,0.3239568682606657,0.32124593212459324,0.3239568682606657
qwen,appfr,H08,8,huron,huron__cory1_Feb-16-2023-cory1-intloss_00000001,2154,0.9749303621169917,0.47184760505716167,0.44380770455269025,0.4555692009973577,0.44380770455269025
qwen,appfr,H08,8,huron,huron__cory1_Feb-16-2023-cory1-intloss_00000002,1653,0.955837870538415,0.37601965601965603,0.35793801222670113,0.3631284916201117,0.35793801222670113
qwen,appfr,H08,8,huron,huron__soda3_Feb-21-2023-soda3-intloss_00000000,2414,0.9109362054681027,0.3598191214470284,0.33443722490044014,0.3211764748204026,0.33443722490044014
qwen,appfr,H08,8,huron,huron__soda3_Feb-21-2023-soda3-intloss_00000001,1368,0.7733918128654971,0.44822695035460997,0.4419514859145315,0.44241585350126816,0.4419514859145315
qwen,appfr,H08,8,huron,huron__soda3_Feb-21-2023-soda3-intloss_00000002,531,0.9623352165725048,0.5879594423320659,0.40285260395082195,0.4379969911884805,0.40285260395082195
qwen,appfr,H08,8,pal,pal__rosbag2_2025_07_11-13_23_07,2151,0.9804741980474198,0.3333333333333333,0.32682473268247325,0.3300469483568075,0.32682473268247325
qwen,appfr,H08,8,pal,pal__rosbag2_2025_07_11-13_37_37,3038,0.6395655036208031,0.3186538588499373,0.3319248476106815,0.2717448384806513,0.3319248476106815
qwen,appfr,H08,8,pal,pal__rosbag2_2025_07_11-13_55_25,4060,0.34458128078817735,0.2783008229100212,0.32992903026732867,0.19623641439547504,0.32992903026732867
qwen,appfr,H10,10,crowdbot,crowdbot__defaced_2021-04-24-11-20-18,1619,0.58307597282273,0.31756290297347406,0.3313117554215044,0.3242896391661924,0.3313117554215044
qwen,appfr,H10,10,crowdbot,crowdbot__defaced_2021-04-24-11-23-43,1032,0.5426356589147286,0.35534173348606335,0.35554254067578056,0.3553544494720966,0.35554254067578056
qwen,appfr,H10,10,crowdbot,crowdbot__defaced_2021-04-24-11-35-54,1211,0.578860445912469,0.4326819407008086,0.42362421658395655,0.38484139536927203,0.42362421658395655
qwen,appfr,H10,10,crowdbot,crowdbot__defaced_2021-04-24-11-40-33,986,0.5344827586206896,0.3593622757785848,0.3935982384079045,0.3685723280923014,0.3935982384079045
qwen,appfr,H10,10,crowdbot,crowdbot__defaced_2021-04-24-11-43-54,583,0.41337907375643224,0.2001716844545921,0.28228275789251395,0.21583656680024596,0.28228275789251395
qwen,appfr,H10,10,crowdbot,crowdbot__defaced_2021-04-24-11-48-21,1555,0.5794212218649518,0.3975795171197471,0.3968271416221539,0.38534521234593333,0.3968271416221539
qwen,appfr,H10,10,crowdbot,crowdbot__defaced_2021-04-24-11-55-30,1815,0.41046831955922863,0.28401887905604717,0.29379134008632196,0.2694899271217614,0.29379134008632196
qwen,appfr,H10,10,huron,huron__bww1_Feb-16-2023-bww1-intloss_00000000,342,0.8771929824561403,0.3451314854299929,0.3362997658079625,0.3273313492063492,0.3362997658079625
qwen,appfr,H10,10,huron,huron__bww1_Feb-16-2023-bww1-intloss_00000001,1674,0.9056152927120669,0.634958860124423,0.35912698412698413,0.36456987332164564,0.35912698412698413
qwen,appfr,H10,10,huron,huron__bww1_Feb-16-2023-bww1-intloss_00000002,334,0.9491017964071856,0.3251282051282051,0.3241308793456033,0.32462877624167946,0.3241308793456033
qwen,appfr,H10,10,huron,huron__bww2_Feb-20-2023-bww2-intloss_00000000,754,0.9283819628647215,0.31194295900178254,0.3305004721435316,0.3209536909674461,0.3305004721435316
qwen,appfr,H10,10,huron,huron__bww2_Feb-20-2023-bww2-intloss_00000001,819,0.9755799755799756,0.3271908271908272,0.3312603648424544,0.3292130201895344,0.3312603648424544
qwen,appfr,H10,10,huron,huron__bww2_Feb-20-2023-bww2-intloss_00000002,482,0.9585062240663901,0.3195020746887967,0.3333333333333333,0.32627118644067793,0.3333333333333333
qwen,appfr,H10,10,huron,huron__bww8_Feb-03-2023-bww8-intloss_00000000,1095,0.7242009132420091,0.3690087145969499,0.3381866221665972,0.2999090545309032,0.3381866221665972
qwen,appfr,H10,10,huron,huron__bww8_Feb-03-2023-bww8-intloss_00000001,1051,0.8772597526165556,0.4694251810756665,0.361053110238778,0.3644334504539973,0.361053110238778
qwen,appfr,H10,10,huron,huron__bww8_Feb-03-2023-bww8-intloss_00000002,705,0.8397163120567376,0.30772946859903383,0.330314670391495,0.3119990422316004,0.330314670391495
qwen,appfr,H10,10,huron,huron__cory1_Feb-16-2023-cory1-intloss_00000000,1486,0.9306864064602961,0.31859018659295096,0.3241912798874824,0.32136632973161383,0.3241912798874824
qwen,appfr,H10,10,huron,huron__cory1_Feb-16-2023-cory1-intloss_00000001,2154,0.9744661095636026,0.4567132126884759,0.46555237185609677,0.4610819335217458,0.46555237185609677
qwen,appfr,H10,10,huron,huron__cory1_Feb-16-2023-cory1-intloss_00000002,1653,0.9528130671506352,0.3479110522749121,0.3431262624914351,0.34383660878453187,0.3431262624914351
qwen,appfr,H10,10,huron,huron__soda3_Feb-21-2023-soda3-intloss_00000000,2414,0.9113504556752279,0.3874827109266943,0.3345886024360139,0.3212165191380435,0.3345886024360139
qwen,appfr,H10,10,huron,huron__soda3_Feb-21-2023-soda3-intloss_00000001,1368,0.7711988304093568,0.44641790764492684,0.4386292267783189,0.4394379610070298,0.4386292267783189
qwen,appfr,H10,10,huron,huron__soda3_Feb-21-2023-soda3-intloss_00000002,531,0.9566854990583804,0.48613736609955893,0.3502210250034535,0.3576862438964657,0.3502210250034535
qwen,appfr,H10,10,pal,pal__rosbag2_2025_07_11-13_23_07,2151,0.9851231985123199,0.3333333333333333,0.32837439950410663,0.3308352849336456,0.32837439950410663
qwen,appfr,H10,10,pal,pal__rosbag2_2025_07_11-13_37_37,3038,0.6441737985516788,0.3590107484295411,0.33629029818754463,0.2804414317866756,0.33629029818754463
qwen,appfr,H10,10,pal,pal__rosbag2_2025_07_11-13_55_25,4060,0.3448275862068966,0.27724624555183003,0.32927796011108307,0.20167139402136325,0.32927796011108307
qwen,appfr,H12,12,crowdbot,crowdbot__defaced_2021-04-24-11-20-18,1619,0.5491043854231007,0.32047575948730606,0.33013051970047497,0.32395275136848173,0.33013051970047497
qwen,appfr,H12,12,crowdbot,crowdbot__defaced_2021-04-24-11-23-43,1032,0.5397286821705426,0.35422251118791515,0.3545022065358671,0.3541496326713544,0.3545022065358671
qwen,appfr,H12,12,crowdbot,crowdbot__defaced_2021-04-24-11-35-54,1211,0.5755573905862923,0.41321345341075166,0.41205062789776564,0.38393859227192567,0.41205062789776564
qwen,appfr,H12,12,crowdbot,crowdbot__defaced_2021-04-24-11-40-33,986,0.5294117647058824,0.3532669519420672,0.3859295829543978,0.3641049912596584,0.3859295829543978
qwen,appfr,H12,12,crowdbot,crowdbot__defaced_2021-04-24-11-43-54,583,0.38078902229845624,0.19444776515906223,0.26129524577418145,0.21026037055872618,0.26129524577418145
qwen,appfr,H12,12,crowdbot,crowdbot__defaced_2021-04-24-11-48-21,1555,0.5813504823151125,0.39568831321408643,0.39745575917878956,0.388512754966182,0.39745575917878956
qwen,appfr,H12,12,crowdbot,crowdbot__defaced_2021-04-24-11-55-30,1815,0.42644628099173554,0.2938216811642748,0.2995531806306169,0.28431504994482104,0.2995531806306169
qwen,appfr,H12,12,huron,huron__bww1_Feb-16-2023-bww1-intloss_00000000,342,0.8859649122807017,0.38116370808678496,0.3395784543325527,0.33020962103388235,0.3395784543325527
qwen,appfr,H12,12,huron,huron__bww1_Feb-16-2023-bww1-intloss_00000001,1674,0.9115890083632019,0.6028019424937987,0.3842552989259576,0.4056484712448696,0.3842552989259576
qwen,appfr,H12,12,huron,huron__bww1_Feb-16-2023-bww1-intloss_00000002,334,0.9550898203592815,0.32517838939857285,0.3261758691206544,0.32567636549259826,0.3261758691206544
qwen,appfr,H12,12,huron,huron__bww2_Feb-20-2023-bww2-intloss_00000000,754,0.9190981432360743,0.3117408906882591,0.3271954674220963,0.31928127159640635,0.3271954674220963
qwen,appfr,H12,12,huron,huron__bww2_Feb-20-2023-bww2-intloss_00000001,819,0.9804639804639804,0.32722086389568056,0.33291873963515756,0.3300452116728319,0.33291873963515756
qwen,appfr,H12,12,huron,huron__bww2_Feb-20-2023-bww2-intloss_00000002,482,0.9585062240663901,0.3195020746887967,0.3333333333333333,0.32627118644067793,0.3333333333333333
qwen,appfr,H12,12,huron,huron__bww8_Feb-03-2023-bww8-intloss_00000000,1095,0.7278538812785388,0.39740896358543415,0.34149013427277924,0.30515721440091187,0.34149013427277924
qwen,appfr,H12,12,huron,huron__bww8_Feb-03-2023-bww8-intloss_00000001,1051,0.8810656517602283,0.49861839508261435,0.3699620442291452,0.378621515306995,0.3699620442291452
qwen,appfr,H12,12,huron,huron__bww8_Feb-03-2023-bww8-intloss_00000002,705,0.8453900709219858,0.3531400966183575,0.340806270127653,0.32853251923019366,0.340806270127653
qwen,appfr,H12,12,huron,huron__cory1_Feb-16-2023-cory1-intloss_00000000,1486,0.923956931359354,0.31848758988633724,0.32184716361931553,0.32015856360032646,0.32184716361931553
qwen,appfr,H12,12,huron,huron__cory1_Feb-16-2023-cory1-intloss_00000001,2154,0.9744661095636026,0.4519517292523427,0.47650429799426935,0.4634227391407548,0.47650429799426935
qwen,appfr,H12,12,huron,huron__cory1_Feb-16-2023-cory1-intloss_00000002,1653,0.9497882637628554,0.3542884796414887,0.34896375592870427,0.3504751881617553,0.34896375592870427
qwen,appfr,H12,12,huron,huron__soda3_Feb-21-2023-soda3-intloss_00000000,2414,0.9130074565037283,0.5267626430417128,0.3398681850997927,0.33141594989621664,0.3398681850997927
qwen,appfr,H12,12,huron,huron__soda3_Feb-21-2023-soda3-intloss_00000001,1368,0.7733918128654971,0.4507919945509616,0.44585779517286367,0.4460893657853329,0.44585779517286367
qwen,appfr,H12,12,huron,huron__soda3_Feb-21-2023-soda3-intloss_00000002,531,0.9566854990583804,0.31889516635279347,0.3333333333333333,0.3259544433750401,0.3333333333333333
qwen,appfr,H12,12,pal,pal__rosbag2_2025_07_11-13_23_07,2151,0.9827986982798699,0.3333333333333333,0.32759956609328994,0.330441578741696,0.32759956609328994
qwen,appfr,H12,12,pal,pal__rosbag2_2025_07_11-13_37_37,3038,0.640882159315339,0.35121519027847775,0.33616519095560227,0.28493226446346287,0.33616519095560227
qwen,appfr,H12,12,pal,pal__rosbag2_2025_07_11-13_55_25,4060,0.33620689655172414,0.2526727312351195,0.3208056326965693,0.19833882161269578,0.3208056326965693
qwen,appfr,H14,14,crowdbot,crowdbot__defaced_2021-04-24-11-20-18,1619,0.5558987029030266,0.3382595163177445,0.3152818317441785,0.32472134314198936,0.3152818317441785
qwen,appfr,H14,14,crowdbot,crowdbot__defaced_2021-04-24-11-23-43,1032,0.5290697674418605,0.34614738449789995,0.346264301383516,0.3461206125214101,0.346264301383516
qwen,appfr,H14,14,crowdbot,crowdbot__defaced_2021-04-24-11-35-54,1211,0.5301403798513625,0.4077797263629657,0.395776542951003,0.34995309078816456,0.395776542951003
qwen,appfr,H14,14,crowdbot,crowdbot__defaced_2021-04-24-11-40-33,986,0.5111561866125761,0.3460711634143368,0.3802180669791427,0.3530992208559507,0.3802180669791427
qwen,appfr,H14,14,crowdbot,crowdbot__defaced_2021-04-24-11-43-54,583,0.4631217838765009,0.22781028258433958,0.3148846718691508,0.2240348206097994,0.3148846718691508
qwen,appfr,H14,14,crowdbot,crowdbot__defaced_2021-04-24-11-48-21,1555,0.5929260450160772,0.4113222006335211,0.4065981942989311,0.39264573145441467,0.4065981942989311
qwen,appfr,H14,14,crowdbot,crowdbot__defaced_2021-04-24-11-55-30,1815,0.43305785123966944,0.3043032455672469,0.31233924473331104,0.28145831366749524,0.31233924473331104
qwen,appfr,H14,14,huron,huron__bww1_Feb-16-2023-bww1-intloss_00000000,342,0.8830409356725146,0.2969518190757129,0.3300546448087432,0.31262939958592134,0.3300546448087432
qwen,appfr,H14,14,huron,huron__bww1_Feb-16-2023-bww1-intloss_00000001,1674,0.9008363201911589,0.6335130816856401,0.3432539682539682,0.33515685173981397,0.3432539682539682
qwen,appfr,H14,14,huron,huron__bww1_Feb-16-2023-bww1-intloss_00000002,334,0.9580838323353293,0.3252032520325203,0.32719836400818,0.3261977573904179,0.32719836400818
qwen,appfr,H14,14,huron,huron__bww2_Feb-20-2023-bww2-intloss_00000000,754,0.9350132625994695,0.31208499335989376,0.3328611898016997,0.32213845099383137,0.3328611898016997
qwen,appfr,H14,14,huron,huron__bww2_Feb-20-2023-bww2-intloss_00000001,819,0.9816849816849816,0.32722832722832723,0.3333333333333333,0.3302526186075169,0.3333333333333333
qwen,appfr,H14,14,huron,huron__bww2_Feb-20-2023-bww2-intloss_00000002,482,0.9585062240663901,0.3195020746887967,0.3333333333333333,0.32627118644067793,0.3333333333333333
qwen,appfr,H14,14,huron,huron__bww8_Feb-03-2023-bww8-intloss_00000000,1095,0.726027397260274,0.3687442075996293,0.33656885922217583,0.29407121100411837,0.33656885922217583
qwen,appfr,H14,14,huron,huron__bww8_Feb-03-2023-bww8-intloss_00000001,1051,0.879162702188392,0.48787909696722426,0.36177696112549534,0.3655788480266659,0.36177696112549534
qwen,appfr,H14,14,huron,huron__bww8_Feb-03-2023-bww8-intloss_00000002,705,0.8468085106382979,0.2855093256814921,0.32892561983471075,0.30568356374807987,0.32892561983471075
qwen,appfr,H14,14,huron,huron__cory1_Feb-16-2023-cory1-intloss_00000000,1486,0.933378196500673,0.3186308293131174,0.32512892639474916,0.3218470820280775,0.32512892639474916
qwen,appfr,H14,14,huron,huron__cory1_Feb-16-2023-cory1-intloss_00000001,2154,0.9749303621169917,0.44829154585252146,0.42190385227634514,0.4325846105306588,0.42190385227634514
qwen,appfr,H14,14,huron,huron__cory1_Feb-16-2023-cory1-intloss_00000002,1653,0.9534180278281912,0.3508668978394238,0.34333538001548364,0.3445232187167671,0.34333538001548364
qwen,appfr,H14,14,huron,huron__soda3_Feb-21-2023-soda3-intloss_00000000,2414,0.9117647058823529,0.3040475203757425,0.3331819557977596,0.31794871794871793,0.3331819557977596
qwen,appfr,H14,14,huron,huron__soda3_Feb-21-2023-soda3-intloss_00000001,1368,0.77046783625731,0.4476181803464465,0.43830306891791443,0.43957443281569053,0.43830306891791443
qwen,appfr,H14,14,huron,huron__soda3_Feb-21-2023-soda3-intloss_00000002,531,0.9566854990583804,0.48613736609955893,0.3502210250034535,0.3576862438964657,0.3502210250034535
qwen,appfr,H14,14,pal,pal__rosbag2_2025_07_11-13_23_07,2151,0.9907019990702,0.3333333333333333,0.33023399969006667,0.3317764284602211,0.33023399969006667
qwen,appfr,H14,14,pal,pal__rosbag2_2025_07_11-13_37_37,3038,0.6398946675444371,0.32022988390260076,0.33209413828276546,0.27183811370245764,0.33209413828276546
qwen,appfr,H14,14,pal,pal__rosbag2_2025_07_11-13_55_25,4060,0.34211822660098523,0.2682353488805102,0.32813767567112684,0.1914254125847501,0.32813767567112684
qwen,appfr,H16,16,crowdbot,crowdbot__defaced_2021-04-24-11-20-18,1619,0.5373687461395923,0.33254104282051644,0.3065252643186093,0.3179143879896856,0.3065252643186093
qwen,appfr,H16,16,crowdbot,crowdbot__defaced_2021-04-24-11-23-43,1032,0.5445736434108527,0.35665521191294386,0.35686800343181835,0.35667356903648034,0.35686800343181835
qwen,appfr,H16,16,crowdbot,crowdbot__defaced_2021-04-24-11-35-54,1211,0.5177539223781998,0.39694738669907975,0.3868298734885021,0.3416466437543721,0.3868298734885021
qwen,appfr,H16,16,crowdbot,crowdbot__defaced_2021-04-24-11-40-33,986,0.5182555780933062,0.35073764079558595,0.3853965747560655,0.3579999615922665,0.3853965747560655
qwen,appfr,H16,16,crowdbot,crowdbot__defaced_2021-04-24-11-43-54,583,0.4648370497427101,0.2232886802007089,0.31583014177249213,0.22254839546344107,0.31583014177249213
qwen,appfr,H16,16,crowdbot,crowdbot__defaced_2021-04-24-11-48-21,1555,0.5852090032154341,0.40425395257533187,0.4011707858864481,0.3879713740548576,0.4011707858864481
qwen,appfr,H16,16,crowdbot,crowdbot__defaced_2021-04-24-11-55-30,1815,0.4369146005509642,0.3068295428602918,0.3137773812058715,0.2856417718237542,0.3137773812058715
qwen,appfr,H16,16,huron,huron__bww1_Feb-16-2023-bww1-intloss_00000000,342,0.8801169590643275,0.2968441814595661,0.3289617486338798,0.3120787973043028,0.3289617486338798
qwen,appfr,H16,16,huron,huron__bww1_Feb-16-2023-bww1-intloss_00000001,1674,0.9038231780167264,0.6344150641025641,0.3531746031746032,0.35384093217863527,0.3531746031746032
qwen,appfr,H16,16,huron,huron__bww1_Feb-16-2023-bww1-intloss_00000002,334,0.9580838323353293,0.3252032520325203,0.32719836400818,0.3261977573904179,0.32719836400818
qwen,appfr,H16,16,huron,huron__bww2_Feb-20-2023-bww2-intloss_00000000,754,0.9336870026525199,0.3120567375886525,0.3323890462700661,0.3219021490626429,0.3323890462700661
qwen,appfr,H16,16,huron,huron__bww2_Feb-20-2023-bww2-intloss_00000001,819,0.9816849816849816,0.32722832722832723,0.3333333333333333,0.3302526186075169,0.3333333333333333
qwen,appfr,H16,16,huron,huron__bww2_Feb-20-2023-bww2-intloss_00000002,482,0.9585062240663901,0.3195020746887967,0.3333333333333333,0.32627118644067793,0.3333333333333333
qwen,appfr,H16,16,huron,huron__bww8_Feb-03-2023-bww8-intloss_00000000,1095,0.726027397260274,0.3626492225012114,0.3357514794727978,0.29187893317350916,0.3357514794727978
qwen,appfr,H16,16,huron,huron__bww8_Feb-03-2023-bww8-intloss_00000001,1051,0.8829686013320647,0.5394894894894895,0.36322466289893,0.36793845455061597,0.36322466289893
qwen,appfr,H16,16,huron,huron__bww8_Feb-03-2023-bww8-intloss_00000002,705,0.849645390070922,0.28564616118264186,0.33002754820936636,0.3062372188139059,0.33002754820936636
qwen,appfr,H16,16,huron,huron__cory1_Feb-16-2023-cory1-intloss_00000000,1486,0.9300134589502019,0.31857999077916094,0.3239568682606657,0.32124593212459324,0.3239568682606657
qwen,appfr,H16,16,huron,huron__cory1_Feb-16-2023-cory1-intloss_00000001,2154,0.9726090993500465,0.40657602663706993,0.4211079274116523,0.41350261034646413,0.4211079274116523
qwen,appfr,H16,16,huron,huron__cory1_Feb-16-2023-cory1-intloss_00000002,1653,0.9485783424077435,0.34384883959745327,0.34166243982309547,0.34184197317551374,0.34166243982309547
qwen,appfr,H16,16,huron,huron__soda3_Feb-21-2023-soda3-intloss_00000000,2414,0.9113504556752279,0.3874827109266943,0.3345886024360139,0.3212165191380435,0.3345886024360139
qwen,appfr,H16,16,huron,huron__soda3_Feb-21-2023-soda3-intloss_00000001,1368,0.77046783625731,0.44548680016838055,0.4398655926212473,0.44010801671534633,0.4398655926212473
qwen,appfr,H16,16,huron,huron__soda3_Feb-21-2023-soda3-intloss_00000002,531,0.9585687382297552,0.6528301886792452,0.3508771929824561,0.35960179833012207,0.3508771929824561
qwen,appfr,H16,16,pal,pal__rosbag2_2025_07_11-13_23_07,2151,0.9925615992561599,0.3333333333333333,0.33085386641872,0.33208897184632136,0.33085386641872
qwen,appfr,H16,16,pal,pal__rosbag2_2025_07_11-13_37_37,3038,0.640882159315339,0.3344912754539962,0.3334571736565977,0.2753027588582703,0.3334571736565977
qwen,appfr,H16,16,pal,pal__rosbag2_2025_07_11-13_55_25,4060,0.34285714285714286,0.27134631588802544,0.3283446941008163,0.19493972771507853,0.3283446941008163
qwen,appfr,H18,18,crowdbot,crowdbot__defaced_2021-04-24-11-20-18,1619,0.46077825818406426,0.3103807932698666,0.2915778397584196,0.2976414294220891,0.2915778397584196
qwen,appfr,H18,18,crowdbot,crowdbot__defaced_2021-04-24-11-23-43,1032,0.5581395348837209,0.37148223273983927,0.3724653093517049,0.3699354317998385,0.3724653093517049
qwen,appfr,H18,18,crowdbot,crowdbot__defaced_2021-04-24-11-35-54,1211,0.5962014863748968,0.4157922212045486,0.4185043451923301,0.3975550428665014,0.4185043451923301
qwen,appfr,H18,18,crowdbot,crowdbot__defaced_2021-04-24-11-40-33,986,0.5567951318458418,0.36995121549577,0.4043733322673169,0.38263193741206414,0.4043733322673169
qwen,appfr,H18,18,crowdbot,crowdbot__defaced_2021-04-24-11-43-54,583,0.45969125214408235,0.22026480527394607,0.31256179149748997,0.2239779085822251,0.31256179149748997
qwen,appfr,H18,18,crowdbot,crowdbot__defaced_2021-04-24-11-48-21,1555,0.6218649517684888,0.41860752733507606,0.42370426349266327,0.41797431436469995,0.42370426349266327
qwen,appfr,H18,18,crowdbot,crowdbot__defaced_2021-04-24-11-55-30,1815,0.4743801652892562,0.3235894344785902,0.32697832486674844,0.31807784771624326,0.32697832486674844
qwen,appfr,H18,18,huron,huron__bww1_Feb-16-2023-bww1-intloss_00000000,342,0.8888888888888888,0.29716520039100686,0.33224043715846996,0.31372549019607837,0.33224043715846996
qwen,appfr,H18,18,huron,huron__bww1_Feb-16-2023-bww1-intloss_00000001,1674,0.9050179211469535,0.5934358665058302,0.3606675537813262,0.367291125079662,0.3606675537813262
qwen,appfr,H18,18,huron,huron__bww1_Feb-16-2023-bww1-intloss_00000002,334,0.9550898203592815,0.32517838939857285,0.3261758691206544,0.32567636549259826,0.3261758691206544
qwen,appfr,H18,18,huron,huron__bww2_Feb-20-2023-bww2-intloss_00000000,754,0.9350132625994695,0.31208499335989376,0.3328611898016997,0.32213845099383137,0.3328611898016997
qwen,appfr,H18,18,huron,huron__bww2_Feb-20-2023-bww2-intloss_00000001,819,0.9804639804639804,0.32722086389568056,0.33291873963515756,0.3300452116728319,0.33291873963515756
qwen,appfr,H18,18,huron,huron__bww2_Feb-20-2023-bww2-intloss_00000002,482,0.9585062240663901,0.3195020746887967,0.3333333333333333,0.32627118644067793,0.3333333333333333
qwen,appfr,H18,18,huron,huron__bww8_Feb-03-2023-bww8-intloss_00000000,1095,0.7278538812785388,0.38676710277080306,0.33740323552588886,0.29458096094296277,0.33740323552588886
qwen,appfr,H18,18,huron,huron__bww8_Feb-03-2023-bww8-intloss_00000001,1051,0.8829686013320647,0.5236128110975112,0.3681988177102184,0.37606547995542305,0.3681988177102184
qwen,appfr,H18,18,huron,huron__bww8_Feb-03-2023-bww8-intloss_00000002,705,0.8539007092198582,0.3528571428571428,0.3358243122647732,0.3157961954695167,0.3358243122647732
qwen,appfr,H18,18,huron,huron__cory1_Feb-16-2023-cory1-intloss_00000000,1486,0.9353970390309556,0.31866116460339294,0.32583216127519926,0.32220676866017617,0.32583216127519926
qwen,appfr,H18,18,huron,huron__cory1_Feb-16-2023-cory1-intloss_00000001,2154,0.9721448467966574,0.40530445699937223,0.40999681630054124,0.4076339497392129,0.40999681630054124
qwen,appfr,H18,18,huron,huron__cory1_Feb-16-2023-cory1-intloss_00000002,1653,0.9516031457955233,0.34606593406593406,0.34270802744333806,0.3431376203789997,0.34270802744333806
qwen,appfr,H18,18,huron,huron__soda3_Feb-21-2023-soda3-intloss_00000000,2414,0.9117647058823529,0.3040475203757425,0.3331819557977596,0.31794871794871793,0.3331819557977596
qwen,appfr,H18,18,huron,huron__soda3_Feb-21-2023-soda3-intloss_00000001,1368,0.7719298245614035,0.44717410323709533,0.43583033723205755,0.43743446991982715,0.43583033723205755
qwen,appfr,H18,18,huron,huron__soda3_Feb-21-2023-soda3-intloss_00000002,531,0.9566854990583804,0.48613736609955893,0.3502210250034535,0.3576862438964657,0.3502210250034535
qwen,appfr,H18,18,pal,pal__rosbag2_2025_07_11-13_23_07,2151,0.99302649930265,0.3333333333333333,0.3310088331008833,0.33216701656169817,0.3310088331008833
qwen,appfr,H18,18,pal,pal__rosbag2_2025_07_11-13_37_37,3038,0.6362738643844634,0.27820720512227104,0.32880666862720787,0.26541447401173124,0.32880666862720787
qwen,appfr,H18,18,pal,pal__rosbag2_2025_07_11-13_55_25,4060,0.3502463054187192,0.3025968497232865,0.33558248478218183,0.19777066733588475,0.33558248478218183
qwen,appfr,H20,20,crowdbot,crowdbot__defaced_2021-04-24-11-20-18,1619,0.45274861025324276,0.3115703120591389,0.29309492407371374,0.29759734304435476,0.29309492407371374
qwen,appfr,H20,20,crowdbot,crowdbot__defaced_2021-04-24-11-23-43,1032,0.561046511627907,0.37331975993619,0.37434818570863454,0.37183825354136096,0.37434818570863454
qwen,appfr,H20,20,crowdbot,crowdbot__defaced_2021-04-24-11-35-54,1211,0.5986787778695293,0.4107530577437279,0.4149309195964679,0.3984666240779684,0.4149309195964679
qwen,appfr,H20,20,crowdbot,crowdbot__defaced_2021-04-24-11-40-33,986,0.563894523326572,0.3731979751293056,0.4072082696221971,0.38674038948924894,0.4072082696221971
qwen,appfr,H20,20,crowdbot,crowdbot__defaced_2021-04-24-11-43-54,583,0.4631217838765009,0.21075447334440142,0.31445273130417256,0.2203100747744079,0.31445273130417256
qwen,appfr,H20,20,crowdbot,crowdbot__defaced_2021-04-24-11-48-21,1555,0.6231511254019293,0.4180957093613023,0.4241536849698573,0.41912379757423673,0.4241536849698573
qwen,appfr,H20,20,crowdbot,crowdbot__defaced_2021-04-24-11-55-30,1815,0.47052341597796143,0.3200075242309939,0.32332214594972775,0.31550693749193853,0.32332214594972775
qwen,appfr,H20,20,huron,huron__bww1_Feb-16-2023-bww1-intloss_00000000,342,0.8859649122807017,0.29705882352941176,0.33114754098360655,0.3131782945736434,0.33114754098360655
qwen,appfr,H20,20,huron,huron__bww1_Feb-16-2023-bww1-intloss_00000001,1674,0.9109916367980884,0.6366020984665052,0.376984126984127,0.39478410765423866,0.376984126984127
qwen,appfr,H20,20,huron,huron__bww1_Feb-16-2023-bww1-intloss_00000002,334,0.9580838323353293,0.3252032520325203,0.32719836400818,0.3261977573904179,0.32719836400818
qwen,appfr,H20,20,huron,huron__bww2_Feb-20-2023-bww2-intloss_00000000,754,0.9350132625994695,0.31208499335989376,0.3328611898016997,0.32213845099383137,0.3328611898016997
qwen,appfr,H20,20,huron,huron__bww2_Feb-20-2023-bww2-intloss_00000001,819,0.9816849816849816,0.32722832722832723,0.3333333333333333,0.3302526186075169,0.3333333333333333
qwen,appfr,H20,20,huron,huron__bww2_Feb-20-2023-bww2-intloss_00000002,482,0.9585062240663901,0.3195020746887967,0.3333333333333333,0.32627118644067793,0.3333333333333333
qwen,appfr,H20,20,huron,huron__bww8_Feb-03-2023-bww8-intloss_00000000,1095,0.7269406392694064,0.3548784241305017,0.3353512878752762,0.29000886838859125,0.3353512878752762
qwen,appfr,H20,20,huron,huron__bww8_Feb-03-2023-bww8-intloss_00000001,1051,0.8858230256898192,0.5664855072463768,0.3692845940402944,0.37804634285099253,0.3692845940402944
qwen,appfr,H20,20,huron,huron__bww8_Feb-03-2023-bww8-intloss_00000002,705,0.8553191489361702,0.2859174964438122,0.3322314049586777,0.3073394495412844,0.3322314049586777
qwen,appfr,H20,20,huron,huron__cory1_Feb-16-2023-cory1-intloss_00000000,1486,0.9340511440107672,0.3186409550045914,0.32536333802156586,0.321967061006727,0.32536333802156586
qwen,appfr,H20,20,huron,huron__cory1_Feb-16-2023-cory1-intloss_00000001,2154,0.9698235840297121,0.38481314186835663,0.3982489652976759,0.39115314624453007,0.3982489652976759
qwen,appfr,H20,20,huron,huron__cory1_Feb-16-2023-cory1-intloss_00000002,1653,0.9509981851179673,0.34586080586080586,0.3424989099192895,0.3429305167236201,0.3424989099192895
qwen,appfr,H20,20,huron,huron__soda3_Feb-21-2023-soda3-intloss_00000000,2414,0.9121789560894781,0.30405965202982604,0.3333333333333333,0.31802426343154244,0.3333333333333333
qwen,appfr,H20,20,huron,huron__soda3_Feb-21-2023-soda3-intloss_00000001,1368,0.7660818713450293,0.4388918051910178,0.4293147650904898,0.43017354677625663,0.4293147650904898
qwen,appfr,H20,20,huron,huron__soda3_Feb-21-2023-soda3-intloss_00000002,531,0.9566854990583804,0.31889516635279347,0.3333333333333333,0.3259544433750401,0.3333333333333333
qwen,appfr,H20,20,pal,pal__rosbag2_2025_07_11-13_23_07,2151,0.99581589958159,0.3333333333333333,0.33193863319386335,0.33263452131376664,0.33193863319386335
qwen,appfr,H20,20,pal,pal__rosbag2_2025_07_11-13_37_37,3038,0.6359447004608295,0.29736884658920276,0.3296350685389677,0.2691215817619193,0.3296350685389677
qwen,appfr,H20,20,pal,pal__rosbag2_2025_07_11-13_55_25,4060,0.35123152709359606,0.3074850809889173,0.3363244410782911,0.1995251770232931,0.3363244410782911
qwen,appfr,H22,22,crowdbot,crowdbot__defaced_2021-04-24-11-20-18,1619,0.4996911673872761,0.3165447732759043,0.3195275057115882,0.31293086500839645,0.3195275057115882
qwen,appfr,H22,22,crowdbot,crowdbot__defaced_2021-04-24-11-23-43,1032,0.5503875968992248,0.3661116787882431,0.36695282277329966,0.36462792026673635,0.36695282277329966
qwen,appfr,H22,22,crowdbot,crowdbot__defaced_2021-04-24-11-35-54,1211,0.6036333608587944,0.42152186515152373,0.4242183313529508,0.40255552912721787,0.4242183313529508
qwen,appfr,H22,22,crowdbot,crowdbot__defaced_2021-04-24-11-40-33,986,0.565922920892495,0.37455430835259157,0.4087356712405432,0.38816730701746494,0.4087356712405432
qwen,appfr,H22,22,crowdbot,crowdbot__defaced_2021-04-24-11-43-54,583,0.39451114922813035,0.1816277195809831,0.26885900500091187,0.2026275782862985,0.26885900500091187
qwen,appfr,H22,22,crowdbot,crowdbot__defaced_2021-04-24-11-48-21,1555,0.6237942122186495,0.41788513068574895,0.4243632241554025,0.41964006685102806,0.4243632241554025
qwen,appfr,H22,22,crowdbot,crowdbot__defaced_2021-04-24-11-55-30,1815,0.49366391184573005,0.33121287267258354,0.3351195968486053,0.33029550222082155,0.3351195968486053
qwen,appfr,H22,22,huron,huron__bww1_Feb-16-2023-bww1-intloss_00000000,342,0.8918128654970761,0.297270955165692,0.3333333333333333,0.31427099433281813,0.3333333333333333
qwen,appfr,H22,22,huron,huron__bww1_Feb-16-2023-bww1-intloss_00000001,1674,0.9044205495818399,0.6345961114451794,0.3551587301587302,0.35745602426150286,0.3551587301587302
qwen,appfr,H22,22,huron,huron__bww1_Feb-16-2023-bww1-intloss_00000002,334,0.9580838323353293,0.3252032520325203,0.32719836400818,0.3261977573904179,0.32719836400818
qwen,appfr,H22,22,huron,huron__bww2_Feb-20-2023-bww2-intloss_00000000,754,0.9350132625994695,0.31208499335989376,0.3328611898016997,0.32213845099383137,0.3328611898016997
qwen,appfr,H22,22,huron,huron__bww2_Feb-20-2023-bww2-intloss_00000001,819,0.9816849816849816,0.32722832722832723,0.3333333333333333,0.3302526186075169,0.3333333333333333
qwen,appfr,H22,22,huron,huron__bww2_Feb-20-2023-bww2-intloss_00000002,482,0.9585062240663901,0.3195020746887967,0.3333333333333333,0.32627118644067793,0.3333333333333333
qwen,appfr,H22,22,huron,huron__bww8_Feb-03-2023-bww8-intloss_00000000,1095,0.7232876712328767,0.3035334898803534,0.3320477757690941,0.28444047981282233,0.3320477757690941
qwen,appfr,H22,22,huron,huron__bww8_Feb-03-2023-bww8-intloss_00000001,1051,0.8839200761179828,0.5453301127214171,0.3660736657479329,0.37269297989349653,0.3660736657479329
qwen,appfr,H22,22,huron,huron__bww8_Feb-03-2023-bww8-intloss_00000002,705,0.8581560283687943,0.2860520094562648,0.3333333333333333,0.30788804071246817,0.3333333333333333
qwen,appfr,H22,22,huron,huron__cory1_Feb-16-2023-cory1-intloss_00000000,1486,0.9367429340511441,0.3186813186813187,0.32630098452883266,0.3224461431549687,0.32630098452883266
qwen,appfr,H22,22,huron,huron__cory1_Feb-16-2023-cory1-intloss_00000001,2154,0.9702878365831012,0.39172605209710337,0.3984081502706145,0.3950338922213108,0.3984081502706145
qwen,appfr,H22,22,huron,huron__cory1_Feb-16-2023-cory1-intloss_00000002,1653,0.9528130671506352,0.35817582417582416,0.35000934354894686,0.3522336129232681,0.35000934354894686
qwen,appfr,H22,22,huron,huron__soda3_Feb-21-2023-soda3-intloss_00000000,2414,0.9121789560894781,0.30405965202982604,0.3333333333333333,0.31802426343154244,0.3333333333333333
qwen,appfr,H22,22,huron,huron__soda3_Feb-21-2023-soda3-intloss_00000001,1368,0.7660818713450293,0.4388918051910178,0.4293147650904898,0.43017354677625663,0.4293147650904898
qwen,appfr,H22,22,huron,huron__soda3_Feb-21-2023-soda3-intloss_00000002,531,0.9585687382297552,0.6528301886792452,0.3508771929824561,0.35960179833012207,0.3508771929824561
qwen,appfr,H22,22,pal,pal__rosbag2_2025_07_11-13_23_07,2151,0.9953509995351,0.3333333333333333,0.3317836665117,0.3325566946256601,0.3317836665117
qwen,appfr,H22,22,pal,pal__rosbag2_2025_07_11-13_37_37,3038,0.642198815009875,0.34122836592492695,0.3341343363449336,0.2756878272346227,0.3341343363449336
qwen,appfr,H22,22,pal,pal__rosbag2_2025_07_11-13_55_25,4060,0.3458128078817734,0.2838247863247863,0.3312906392886196,0.19574276355045728,0.3312906392886196
qwen,appfr,H24,24,crowdbot,crowdbot__defaced_2021-04-24-11-20-18,1619,0.4830142063001853,0.31182879402057484,0.3073973175354767,0.3052895345129922,0.3073973175354767
qwen,appfr,H24,24,crowdbot,crowdbot__defaced_2021-04-24-11-23-43,1032,0.5503875968992248,0.36571067821067826,0.3665315516647915,0.364417445884003,0.3665315516647915
qwen,appfr,H24,24,crowdbot,crowdbot__defaced_2021-04-24-11-35-54,1211,0.5854665565648225,0.4063350593239059,0.40928974161832204,0.3902131167874158,0.40928974161832204
qwen,appfr,H24,24,crowdbot,crowdbot__defaced_2021-04-24-11-40-33,986,0.5689655172413793,0.3772705979968322,0.41219855887908374,0.39072312923948244,0.41219855887908374
qwen,appfr,H24,24,crowdbot,crowdbot__defaced_2021-04-24-11-43-54,583,0.42538593481989706,0.20347016967706621,0.28998089862834875,0.21622331691297206,0.28998089862834875
qwen,appfr,H24,24,crowdbot,crowdbot__defaced_2021-04-24-11-48-21,1555,0.6192926045016077,0.41474454158648566,0.4212579221269945,0.4166211634005433,0.4212579221269945
qwen,appfr,H24,24,crowdbot,crowdbot__defaced_2021-04-24-11-55-30,1815,0.49421487603305786,0.3323295791056635,0.3359738600529288,0.33081614763552475,0.3359738600529288
qwen,appfr,H24,24,huron,huron__bww1_Feb-16-2023-bww1-intloss_00000000,342,0.8918128654970761,0.297270955165692,0.3333333333333333,0.31427099433281813,0.3333333333333333
qwen,appfr,H24,24,huron,huron__bww1_Feb-16-2023-bww1-intloss_00000001,1674,0.9050179211469535,0.634777376654633,0.35714285714285715,0.36103212216956293,0.35714285714285715
qwen,appfr,H24,24,huron,huron__bww1_Feb-16-2023-bww1-intloss_00000002,334,0.9580838323353293,0.3252032520325203,0.32719836400818,0.3261977573904179,0.32719836400818
qwen,appfr,H24,24,huron,huron__bww2_Feb-20-2023-bww2-intloss_00000000,754,0.9363395225464191,0.3121131741821397,0.3333333333333333,0.3223744292237443,0.3333333333333333
qwen,appfr,H24,24,huron,huron__bww2_Feb-20-2023-bww2-intloss_00000001,819,0.9816849816849816,0.32722832722832723,0.3333333333333333,0.3302526186075169,0.3333333333333333
qwen,appfr,H24,24,huron,huron__bww2_Feb-20-2023-bww2-intloss_00000002,482,0.9585062240663901,0.3195020746887967,0.3333333333333333,0.32627118644067793,0.3333333333333333
qwen,appfr,H24,24,huron,huron__bww8_Feb-03-2023-bww8-intloss_00000000,1095,0.726027397260274,0.3545706371191136,0.33493409972341964,0.28965463530322105,0.33493409972341964
qwen,appfr,H24,24,huron,huron__bww8_Feb-03-2023-bww8-intloss_00000001,1051,0.8886774500475737,0.6071214071214072,0.37285744777601454,0.38411194210887617,0.37285744777601454
qwen,appfr,H24,24,huron,huron__bww8_Feb-03-2023-bww8-intloss_00000002,705,0.8581560283687943,0.2860520094562648,0.3333333333333333,0.30788804071246817,0.3333333333333333
qwen,appfr,H24,24,huron,huron__cory1_Feb-16-2023-cory1-intloss_00000000,1486,0.9347240915208613,0.31865106675843086,0.32559774964838256,0.3220869565217391,0.32559774964838256
qwen,appfr,H24,24,huron,huron__cory1_Feb-16-2023-cory1-intloss_00000001,2154,0.9702878365831012,0.3898641218975809,0.3984081502706145,0.39405439595192915,0.3984081502706145
qwen,appfr,H24,24,huron,huron__cory1_Feb-16-2023-cory1-intloss_00000002,1653,0.9528130671506352,0.3605266890454352,0.35000934354894686,0.35276205381635073,0.35000934354894686
qwen,appfr,H24,24,huron,huron__soda3_Feb-21-2023-soda3-intloss_00000000,2414,0.9121789560894781,0.30405965202982604,0.3333333333333333,0.31802426343154244,0.3333333333333333
qwen,appfr,H24,24,huron,huron__soda3_Feb-21-2023-soda3-intloss_00000001,1368,0.7719298245614035,0.4462464364903389,0.43348655167705824,0.4352742421964142,0.43348655167705824
qwen,appfr,H24,24,huron,huron__soda3_Feb-21-2023-soda3-intloss_00000002,531,0.9566854990583804,0.31889516635279347,0.3333333333333333,0.3259544433750401,0.3333333333333333
qwen,appfr,H24,24,pal,pal__rosbag2_2025_07_11-13_23_07,2151,0.9962807996280799,0.3333333333333333,0.33209359987602666,0.3327123117528334,0.33209359987602666
qwen,appfr,H24,24,pal,pal__rosbag2_2025_07_11-13_37_37,3038,0.6428571428571429,0.35500982886216464,0.3361832444042623,0.28207508848285184,0.3361832444042623
qwen,appfr,H24,24,pal,pal__rosbag2_2025_07_11-13_55_25,4060,0.34630541871921183,0.2867027139170913,0.3315980812926029,0.19699905468078213,0.3315980812926029
qwen,appfr,H26,26,crowdbot,crowdbot__defaced_2021-04-24-11-20-18,1619,0.5478690549722051,0.3241065844724382,0.3401699422715185,0.3284470364048939,0.3401699422715185
qwen,appfr,H26,26,crowdbot,crowdbot__defaced_2021-04-24-11-23-43,1032,0.5397286821705426,0.3571124593732464,0.35766173984967814,0.3563574304091024,0.35766173984967814
qwen,appfr,H26,26,crowdbot,crowdbot__defaced_2021-04-24-11-35-54,1211,0.6151940545004129,0.4198784267203723,0.42493767619580164,0.40918919858745967,0.42493767619580164
qwen,appfr,H26,26,crowdbot,crowdbot__defaced_2021-04-24-11-40-33,986,0.5669371196754563,0.37418789622179455,0.40765799528954005,0.3881580283692745,0.40765799528954005
qwen,appfr,H26,26,crowdbot,crowdbot__defaced_2021-04-24-11-43-54,583,0.36363636363636365,0.18816425120772948,0.2498968141983663,0.2039314622096079,0.2498968141983663
qwen,appfr,H26,26,crowdbot,crowdbot__defaced_2021-04-24-11-48-21,1555,0.6360128617363344,0.4259615619374843,0.4326228466413617,0.42787507611966125,0.4326228466413617
qwen,appfr,H26,26,crowdbot,crowdbot__defaced_2021-04-24-11-55-30,1815,0.4721763085399449,0.311580725314744,0.3151115865467487,0.31296738512751876,0.3151115865467487
qwen,appfr,H26,26,huron,huron__bww1_Feb-16-2023-bww1-intloss_00000000,342,0.8918128654970761,0.297270955165692,0.3333333333333333,0.31427099433281813,0.3333333333333333
qwen,appfr,H26,26,huron,huron__bww1_Feb-16-2023-bww1-intloss_00000001,1674,0.899641577060932,0.6331538001196888,0.33928571428571425,0.3273858875291568,0.33928571428571425
qwen,appfr,H26,26,huron,huron__bww1_Feb-16-2023-bww1-intloss_00000002,334,0.9580838323353293,0.3252032520325203,0.32719836400818,0.3261977573904179,0.32719836400818
qwen,appfr,H26,26,huron,huron__bww2_Feb-20-2023-bww2-intloss_00000000,754,0.9363395225464191,0.3121131741821397,0.3333333333333333,0.3223744292237443,0.3333333333333333
qwen,appfr,H26,26,huron,huron__bww2_Feb-20-2023-bww2-intloss_00000001,819,0.9816849816849816,0.32722832722832723,0.3333333333333333,0.3302526186075169,0.3333333333333333
qwen,appfr,H26,26,huron,huron__bww2_Feb-20-2023-bww2-intloss_00000002,482,0.9585062240663901,0.3195020746887967,0.3333333333333333,0.32627118644067793,0.3333333333333333
qwen,appfr,H26,26,huron,huron__bww8_Feb-03-2023-bww8-intloss_00000000,1095,0.7232876712328767,0.3035334898803534,0.3320477757690941,0.28444047981282233,0.3320477757690941
qwen,appfr,H26,26,huron,huron__bww8_Feb-03-2023-bww8-intloss_00000001,1051,0.8839200761179828,0.5363199598436772,0.36856074315357706,0.3767188546444773,0.36856074315357706
qwen,appfr,H26,26,huron,huron__bww8_Feb-03-2023-bww8-intloss_00000002,705,0.8581560283687943,0.2860520094562648,0.3333333333333333,0.30788804071246817,0.3333333333333333
qwen,appfr,H26,26,huron,huron__cory1_Feb-16-2023-cory1-intloss_00000000,1486,0.9347240915208613,0.31865106675843086,0.32559774964838256,0.3220869565217391,0.32559774964838256
qwen,appfr,H26,26,huron,huron__cory1_Feb-16-2023-cory1-intloss_00000001,2154,0.9693593314763231,0.39582870884202737,0.40904170646290994,0.4021367267837368,0.40904170646290994
qwen,appfr,H26,26,huron,huron__cory1_Feb-16-2023-cory1-intloss_00000002,1653,0.9546279491833031,0.3639502762430939,0.35063669612109244,0.35395244566998646,0.35063669612109244
qwen,appfr,H26,26,huron,huron__soda3_Feb-21-2023-soda3-intloss_00000000,2414,0.9121789560894781,0.30405965202982604,0.3333333333333333,0.31802426343154244,0.3333333333333333
qwen,appfr,H26,26,huron,huron__soda3_Feb-21-2023-soda3-intloss_00000001,1368,0.7755847953216374,0.452611836239869,0.42964850801741533,0.4332533050578969,0.42964850801741533
qwen,appfr,H26,26,huron,huron__soda3_Feb-21-2023-soda3-intloss_00000002,531,0.9585687382297552,0.6528301886792452,0.3508771929824561,0.35960179833012207,0.3508771929824561
qwen,appfr,H26,26,pal,pal__rosbag2_2025_07_11-13_23_07,2151,0.9962807996280799,0.3333333333333333,0.33209359987602666,0.3327123117528334,0.33209359987602666
qwen,appfr,H26,26,pal,pal__rosbag2_2025_07_11-13_37_37,3038,0.6458196181698486,0.36754833791494373,0.33685169709543766,0.2799049023289559,0.33685169709543766
qwen,appfr,H26,26,pal,pal__rosbag2_2025_07_11-13_55_25,4060,0.34507389162561575,0.28154116386426814,0.3315495525821201,0.18915660966309747,0.3315495525821201
qwen,appfr,H28,28,crowdbot,crowdbot__defaced_2021-04-24-11-20-18,1619,0.5540457072266831,0.3286744734049251,0.3457445965132286,0.33362984165014087,0.3457445965132286
qwen,appfr,H28,28,crowdbot,crowdbot__defaced_2021-04-24-11-23-43,1032,0.5532945736434108,0.3661812169760514,0.3669399791419427,0.36550338684616746,0.3669399791419427
qwen,appfr,H28,28,crowdbot,crowdbot__defaced_2021-04-24-11-35-54,1211,0.6143682906688687,0.41686528639683673,0.42218843922555394,0.40814165450158457,0.42218843922555394
qwen,appfr,H28,28,crowdbot,crowdbot__defaced_2021-04-24-11-40-33,986,0.5578093306288032,0.36972125129152106,0.40363045209089127,0.3828308574465617,0.40363045209089127
qwen,appfr,H28,28,crowdbot,crowdbot__defaced_2021-04-24-11-43-54,583,0.346483704974271,0.18330180819203315,0.23871435290504026,0.19904684856597996,0.23871435290504026
qwen,appfr,H28,28,crowdbot,crowdbot__defaced_2021-04-24-11-48-21,1555,0.6482315112540193,0.43437863143604344,0.441003841551735,0.4360823194263772,0.441003841551735
qwen,appfr,H28,28,crowdbot,crowdbot__defaced_2021-04-24-11-55-30,1815,0.4743801652892562,0.3135681898870644,0.31715556546985324,0.31485132340777505,0.31715556546985324
qwen,appfr,H28,28,huron,huron__bww1_Feb-16-2023-bww1-intloss_00000000,342,0.8918128654970761,0.297270955165692,0.3333333333333333,0.31427099433281813,0.3333333333333333
qwen,appfr,H28,28,huron,huron__bww1_Feb-16-2023-bww1-intloss_00000001,1674,0.8990442054958184,0.6329744816586922,0.33730158730158727,0.32343368843600434,0.33730158730158727
qwen,appfr,H28,28,huron,huron__bww1_Feb-16-2023-bww1-intloss_00000002,334,0.9580838323353293,0.3252032520325203,0.32719836400818,0.3261977573904179,0.32719836400818
qwen,appfr,H28,28,huron,huron__bww2_Feb-20-2023-bww2-intloss_00000000,754,0.9363395225464191,0.3121131741821397,0.3333333333333333,0.3223744292237443,0.3333333333333333
qwen,appfr,H28,28,huron,huron__bww2_Feb-20-2023-bww2-intloss_00000001,819,0.9816849816849816,0.32722832722832723,0.3333333333333333,0.3302526186075169,0.3333333333333333
qwen,appfr,H28,28,huron,huron__bww2_Feb-20-2023-bww2-intloss_00000002,482,0.9585062240663901,0.3195020746887967,0.3333333333333333,0.32627118644067793,0.3333333333333333
qwen,appfr,H28,28,huron,huron__bww8_Feb-03-2023-bww8-intloss_00000000,1095,0.7223744292237443,0.29839950754078176,0.33163058761723757,0.28421803674477386,0.33163058761723757
qwen,appfr,H28,28,huron,huron__bww8_Feb-03-2023-bww8-intloss_00000001,1051,0.8915318744053282,0.629951690821256,0.3789173789173789,0.39410643172348053,0.3789173789173789
qwen,appfr,H28,28,huron,huron__bww8_Feb-03-2023-bww8-intloss_00000002,705,0.8581560283687943,0.2860520094562648,0.3333333333333333,0.30788804071246817,0.3333333333333333
qwen,appfr,H28,28,huron,huron__cory1_Feb-16-2023-cory1-intloss_00000000,1486,0.9327052489905787,0.31862068965517243,0.32489451476793246,0.3217270194986072,0.32489451476793246
qwen,appfr,H28,28,huron,huron__cory1_Feb-16-2023-cory1-intloss_00000001,2154,0.9702878365831012,0.4103832862079799,0.42031200254695955,0.4152435167615433,0.42031200254695955
qwen,appfr,H28,28,huron,huron__cory1_Feb-16-2023-cory1-intloss_00000002,1653,0.957047791893527,0.3831075934080226,0.35835624727479826,0.364848893382766,0.35835624727479826
qwen,appfr,H28,28,huron,huron__soda3_Feb-21-2023-soda3-intloss_00000000,2414,0.9121789560894781,0.30405965202982604,0.3333333333333333,0.31802426343154244,0.3333333333333333
qwen,appfr,H28,28,huron,huron__soda3_Feb-21-2023-soda3-intloss_00000001,1368,0.7763157894736842,0.45333440905759836,0.4370060225428177,0.4398324868573465,0.4370060225428177
qwen,appfr,H28,28,huron,huron__soda3_Feb-21-2023-soda3-intloss_00000002,531,0.9585687382297552,0.6528301886792452,0.3508771929824561,0.35960179833012207,0.3508771929824561
qwen,appfr,H28,28,pal,pal__rosbag2_2025_07_11-13_23_07,2151,0.99767549976755,0.3333333333333333,0.3325584999225167,0.33294546582887286,0.3325584999225167
qwen,appfr,H28,28,pal,pal__rosbag2_2025_07_11-13_37_37,3038,0.6445029624753127,0.3595632106270404,0.3361745344071018,0.2795082286389912,0.3361745344071018
qwen,appfr,H28,28,pal,pal__rosbag2_2025_07_11-13_55_25,4060,0.3477832512315271,0.2954487101386127,0.33383348761536086,0.19257421441427638,0.33383348761536086
qwen,appfr,H30,30,crowdbot,crowdbot__defaced_2021-04-24-11-20-18,1619,0.4990735021618283,0.3090567586337521,0.32136025887728553,0.3066474128242817,0.32136025887728553
qwen,appfr,H30,30,crowdbot,crowdbot__defaced_2021-04-24-11-23-43,1032,0.5484496124031008,0.3650214108631958,0.36583799557151586,0.3634281678773204,0.36583799557151586
qwen,appfr,H30,30,crowdbot,crowdbot__defaced_2021-04-24-11-35-54,1211,0.6440957886044592,0.42697003450836496,0.43351156776403155,0.4250740316012062,0.43351156776403155
qwen,appfr,H30,30,crowdbot,crowdbot__defaced_2021-04-24-11-40-33,986,0.5425963488843814,0.35401149255515935,0.38263326037783624,0.3674035573771118,0.38263326037783624
qwen,appfr,H30,30,crowdbot,crowdbot__defaced_2021-04-24-11-43-54,583,0.3602058319039451,0.21258335576089235,0.2516773691939989,0.22284322306467433,0.2516773691939989
qwen,appfr,H30,30,crowdbot,crowdbot__defaced_2021-04-24-11-48-21,1555,0.6347266881028939,0.4225951205922152,0.4302921525857479,0.4263854718248303,0.4302921525857479
qwen,appfr,H30,30,crowdbot,crowdbot__defaced_2021-04-24-11-55-30,1815,0.4920110192837466,0.3162638199348919,0.3203047632567116,0.31727034804411663,0.3203047632567116
qwen,appfr,H30,30,huron,huron__bww1_Feb-16-2023-bww1-intloss_00000000,342,0.8918128654970761,0.297270955165692,0.3333333333333333,0.31427099433281813,0.3333333333333333
qwen,appfr,H30,30,huron,huron__bww1_Feb-16-2023-bww1-intloss_00000001,1674,0.8978494623655914,0.2992831541218638,0.3333333333333333,0.3153918791312559,0.3333333333333333
qwen,appfr,H30,30,huron,huron__bww1_Feb-16-2023-bww1-intloss_00000002,334,0.9580838323353293,0.3252032520325203,0.32719836400818,0.3261977573904179,0.32719836400818
qwen,appfr,H30,30,huron,huron__bww2_Feb-20-2023-bww2-intloss_00000000,754,0.9363395225464191,0.3121131741821397,0.3333333333333333,0.3223744292237443,0.3333333333333333
qwen,appfr,H30,30,huron,huron__bww2_Feb-20-2023-bww2-intloss_00000001,819,0.9816849816849816,0.32722832722832723,0.3333333333333333,0.3302526186075169,0.3333333333333333
qwen,appfr,H30,30,huron,huron__bww2_Feb-20-2023-bww2-intloss_00000002,482,0.9585062240663901,0.3195020746887967,0.3333333333333333,0.32627118644067793,0.3333333333333333
qwen,appfr,H30,30,huron,huron__bww8_Feb-03-2023-bww8-intloss_00000000,1095,0.7242009132420091,0.32648507232994767,0.33328234367032866,0.28693633602399743,0.33328234367032866
qwen,appfr,H30,30,huron,huron__bww8_Feb-03-2023-bww8-intloss_00000001,1051,0.8858230256898192,0.5388285184203552,0.3767458262572269,0.3895591219332227,0.3767458262572269
qwen,appfr,H30,30,huron,huron__bww8_Feb-03-2023-bww8-intloss_00000002,705,0.8581560283687943,0.2860520094562648,0.3333333333333333,0.30788804071246817,0.3333333333333333
qwen,appfr,H30,30,huron,huron__cory1_Feb-16-2023-cory1-intloss_00000000,1486,0.9380888290713324,0.3187014174668496,0.326769807782466,0.3226851851851852,0.326769807782466
qwen,appfr,H30,30,huron,huron__cory1_Feb-16-2023-cory1-intloss_00000001,2154,0.967966573816156,0.3909409994985793,0.3976122254059217,0.3942434408735913,0.3976122254059217
qwen,appfr,H30,30,huron,huron__cory1_Feb-16-2023-cory1-intloss_00000002,1653,0.9576527525710828,0.3725147989385589,0.351682283741335,0.3562633069545363,0.351682283741335
qwen,appfr,H30,30,huron,huron__soda3_Feb-21-2023-soda3-intloss_00000000,2414,0.9121789560894781,0.30405965202982604,0.3333333333333333,0.31802426343154244,0.3333333333333333
qwen,appfr,H30,30,huron,huron__soda3_Feb-21-2023-soda3-intloss_00000001,1368,0.7741228070175439,0.45128326266747276,0.4360275489616044,0.4386003253927782,0.4360275489616044
qwen,appfr,H30,30,huron,huron__soda3_Feb-21-2023-soda3-intloss_00000002,531,0.9585687382297552,0.5422979797979798,0.3677648846525763,0.3868608868608869,0.3677648846525763
qwen,appfr,H30,30,pal,pal__rosbag2_2025_07_11-13_23_07,2151,0.99581589958159,0.3333333333333333,0.33193863319386335,0.33263452131376664,0.33193863319386335
qwen,appfr,H30,30,pal,pal__rosbag2_2025_07_11-13_37_37,3038,0.6454904542462147,0.3564212405176261,0.3349720797081929,0.2734216676284681,0.3349720797081929
qwen,appfr,H30,30,pal,pal__rosbag2_2025_07_11-13_55_25,4060,0.34704433497536946,0.3083966593279533,0.33430418805576595,0.18413237094627413,0.33430418805576595
qwen,appfr,H32,32,crowdbot,crowdbot__defaced_2021-04-24-11-20-18,1619,0.5021618282890673,0.309666695108347,0.32175736740827227,0.3075087223613519,0.32175736740827227
qwen,appfr,H32,32,crowdbot,crowdbot__defaced_2021-04-24-11-23-43,1032,0.5503875968992248,0.36511589428876556,0.3658996450020293,0.3640839766046396,0.3658996450020293
qwen,appfr,H32,32,crowdbot,crowdbot__defaced_2021-04-24-11-35-54,1211,0.6399669694467383,0.42537603899528936,0.43187483982199854,0.42276662293672507,0.43187483982199854
qwen,appfr,H32,32,crowdbot,crowdbot__defaced_2021-04-24-11-40-33,986,0.5304259634888439,0.3478704475952182,0.37715160418811183,0.3609025914981538,0.37715160418811183
qwen,appfr,H32,32,crowdbot,crowdbot__defaced_2021-04-24-11-43-54,583,0.3670668953687822,0.20950038857483524,0.25502730824238584,0.22058150183150182,0.25502730824238584
qwen,appfr,H32,32,crowdbot,crowdbot__defaced_2021-04-24-11-48-21,1555,0.6321543408360129,0.4210031583281724,0.4287257612970819,0.4248282801029757,0.4287257612970819
qwen,appfr,H32,32,crowdbot,crowdbot__defaced_2021-04-24-11-55-30,1815,0.503030303030303,0.3249782482040331,0.32872909970290903,0.32611669200867777,0.32872909970290903
qwen,appfr,H32,32,huron,huron__bww1_Feb-16-2023-bww1-intloss_00000000,342,0.8918128654970761,0.297270955165692,0.3333333333333333,0.31427099433281813,0.3333333333333333
qwen,appfr,H32,32,huron,huron__bww1_Feb-16-2023-bww1-intloss_00000001,1674,0.8978494623655914,0.2992831541218638,0.3333333333333333,0.3153918791312559,0.3333333333333333
qwen,appfr,H32,32,huron,huron__bww1_Feb-16-2023-bww1-intloss_00000002,334,0.9580838323353293,0.3252032520325203,0.32719836400818,0.3261977573904179,0.32719836400818
qwen,appfr,H32,32,huron,huron__bww2_Feb-20-2023-bww2-intloss_00000000,754,0.9363395225464191,0.3121131741821397,0.3333333333333333,0.3223744292237443,0.3333333333333333
qwen,appfr,H32,32,huron,huron__bww2_Feb-20-2023-bww2-intloss_00000001,819,0.9816849816849816,0.32722832722832723,0.3333333333333333,0.3302526186075169,0.3333333333333333
qwen,appfr,H32,32,huron,huron__bww2_Feb-20-2023-bww2-intloss_00000002,482,0.9585062240663901,0.3195020746887967,0.3333333333333333,0.32627118644067793,0.3333333333333333
qwen,appfr,H32,32,huron,huron__bww8_Feb-03-2023-bww8-intloss_00000000,1095,0.7251141552511415,0.31716799672600776,0.3328821520728071,0.28488507331666396,0.3328821520728071
qwen,appfr,H32,32,huron,huron__bww8_Feb-03-2023-bww8-intloss_00000001,1051,0.8867745004757374,0.5668075684380032,0.36964651948365307,0.3783871744801677,0.36964651948365307
qwen,appfr,H32,32,huron,huron__bww8_Feb-03-2023-bww8-intloss_00000002,705,0.8581560283687943,0.2860520094562648,0.3333333333333333,0.30788804071246817,0.3333333333333333
qwen,appfr,H32,32,huron,huron__cory1_Feb-16-2023-cory1-intloss_00000000,1486,0.9340511440107672,0.3186409550045914,0.32536333802156586,0.321967061006727,0.32536333802156586
qwen,appfr,H32,32,huron,huron__cory1_Feb-16-2023-cory1-intloss_00000001,2154,0.9702878365831012,0.423513085054118,0.43126392868513214,0.4273465066585807,0.43126392868513214
qwen,appfr,H32,32,huron,huron__cory1_Feb-16-2023-cory1-intloss_00000002,1653,0.9582577132486388,0.36154657462006806,0.34500832020787175,0.3473555211558308,0.34500832020787175
qwen,appfr,H32,32,huron,huron__soda3_Feb-21-2023-soda3-intloss_00000000,2414,0.9121789560894781,0.30405965202982604,0.3333333333333333,0.31802426343154244,0.3333333333333333
qwen,appfr,H32,32,huron,huron__soda3_Feb-21-2023-soda3-intloss_00000001,1368,0.7675438596491229,0.4411978630750526,0.4284045571079658,0.4299579311084143,0.4284045571079658
qwen,appfr,H32,32,huron,huron__soda3_Feb-21-2023-soda3-intloss_00000002,531,0.9548022598870056,0.31886792452830187,0.33267716535433073,0.325626204238921,0.33267716535433073
qwen,appfr,H32,32,pal,pal__rosbag2_2025_07_11-13_23_07,2151,0.9962807996280799,0.3333333333333333,0.33209359987602666,0.3327123117528334,0.33209359987602666
qwen,appfr,H32,32,pal,pal__rosbag2_2025_07_11-13_37_37,3038,0.6438446346280448,0.34197823499046603,0.33398309912150964,0.2724137525723885,0.33398309912150964
qwen,appfr,H32,32,pal,pal__rosbag2_2025_07_11-13_55_25,4060,0.3480295566502463,0.3144291091593476,0.3350037869224943,0.1863236636987072,0.3350037869224943
qwen,appod,H02,2,crowdbot,crowdbot__defaced_2021-04-24-11-20-18,1619,0.40827671402100063,0.28392845258755295,0.28801395285146986,0.26358999389399984,0.28801395285146986
qwen,appod,H02,2,crowdbot,crowdbot__defaced_2021-04-24-11-23-43,1032,0.4689922480620155,0.3184273389833087,0.3182343603100966,0.31246993746993745,0.3182343603100966
qwen,appod,H02,2,crowdbot,crowdbot__defaced_2021-04-24-11-35-54,1211,0.5028901734104047,0.3436700767263427,0.3448399384916474,0.3338164446894711,0.3448399384916474
qwen,appod,H02,2,crowdbot,crowdbot__defaced_2021-04-24-11-40-33,986,0.4695740365111562,0.30493444317501767,0.3283163936665301,0.31554046566138216,0.3283163936665301
qwen,appod,H02,2,crowdbot,crowdbot__defaced_2021-04-24-11-43-54,583,0.4099485420240137,0.27358394338127406,0.30047705435732047,0.2857759812050857,0.30047705435732047
qwen,appod,H02,2,crowdbot,crowdbot__defaced_2021-04-24-11-48-21,1555,0.5401929260450161,0.35936832336288854,0.3656876721112505,0.3621742918671342,0.3656876721112505
qwen,appod,H02,2,crowdbot,crowdbot__defaced_2021-04-24-11-55-30,1815,0.4914600550964187,0.3315638187266834,0.3355049025075287,0.3293078841683559,0.3355049025075287
qwen,appod,H02,2,huron,huron__bww1_Feb-16-2023-bww1-intloss_00000000,342,0.8888888888888888,0.4632735118172011,0.45870413739266197,0.460848182921377,0.45870413739266197
qwen,appod,H02,2,huron,huron__bww1_Feb-16-2023-bww1-intloss_00000001,1674,0.8984468339307049,0.47682191673750135,0.4304842695561259,0.44723374078449646,0.4304842695561259
qwen,appod,H02,2,huron,huron__bww1_Feb-16-2023-bww1-intloss_00000002,334,0.9520958083832335,0.43121019108280256,0.5690184049079755,0.4678571428571428,0.5690184049079755
qwen,appod,H02,2,huron,huron__bww2_Feb-20-2023-bww2-intloss_00000000,754,0.8448275862068966,0.3641840882694541,0.3934362003495871,0.36931152632200787,0.3934362003495871
qwen,appod,H02,2,huron,huron__bww2_Feb-20-2023-bww2-intloss_00000001,819,0.8791208791208791,0.3430788826683255,0.3994131904579666,0.3371398035105027,0.3994131904579666
qwen,appod,H02,2,huron,huron__bww2_Feb-20-2023-bww2-intloss_00000002,482,0.8423236514522822,0.33647763003371595,0.3740981240981241,0.3316231555051078,0.3740981240981241
qwen,appod,H02,2,huron,huron__bww8_Feb-03-2023-bww8-intloss_00000000,1095,0.6584474885844749,0.37079204441633284,0.38007849317820114,0.3753750603874951,0.38007849317820114
qwen,appod,H02,2,huron,huron__bww8_Feb-03-2023-bww8-intloss_00000001,1051,0.8658420551855376,0.46122915692139044,0.5034475718514807,0.4784070027730447,0.5034475718514807
qwen,appod,H02,2,huron,huron__bww8_Feb-03-2023-bww8-intloss_00000002,705,0.8226950354609929,0.38518518518518513,0.4024366585186048,0.3936183979442811,0.4024366585186048
qwen,appod,H02,2,huron,huron__cory1_Feb-16-2023-cory1-intloss_00000000,1486,0.9394347240915208,0.3187214611872146,0.3272386310360994,0.32292389544297945,0.3272386310360994
qwen,appod,H02,2,huron,huron__cory1_Feb-16-2023-cory1-intloss_00000001,2154,0.9001857010213556,0.3466541369351002,0.4291308500477555,0.34992981146827296,0.4291308500477555
qwen,appod,H02,2,huron,huron__cory1_Feb-16-2023-cory1-intloss_00000002,1653,0.8747731397459165,0.36164793001844225,0.44692864198190013,0.3692606279382364,0.44692864198190013
qwen,appod,H02,2,huron,huron__soda3_Feb-21-2023-soda3-intloss_00000000,2414,0.8111019055509527,0.3859798115583975,0.44285148699317634,0.39560441747287833,0.44285148699317634
qwen,appod,H02,2,huron,huron__soda3_Feb-21-2023-soda3-intloss_00000001,1368,0.6542397660818714,0.40389670360897983,0.445038607988592,0.40672129049321754,0.445038607988592
qwen,appod,H02,2,huron,huron__soda3_Feb-21-2023-soda3-intloss_00000002,531,0.9548022598870056,0.4305555555555556,0.3495648570244509,0.3559143559143559,0.3495648570244509
qwen,appod,H02,2,pal,pal__rosbag2_2025_07_11-13_23_07,2151,0.8200836820083682,0.3333333333333333,0.2733612273361227,0.3003831417624521,0.2733612273361227
qwen,appod,H02,2,pal,pal__rosbag2_2025_07_11-13_37_37,3038,0.6649111257406188,0.41270456326025257,0.3911390506704877,0.3903075521927981,0.3911390506704877
qwen,appod,H02,2,pal,pal__rosbag2_2025_07_11-13_55_25,4060,0.43103448275862066,0.29961692084241104,0.3881632023338663,0.3226030871108814,0.3881632023338663
qwen,appod,H04,4,crowdbot,crowdbot__defaced_2021-04-24-11-20-18,1619,0.4564546016059296,0.2653542186291922,0.26563245479377023,0.2618773792485712,0.26563245479377023
qwen,appod,H04,4,crowdbot,crowdbot__defaced_2021-04-24-11-23-43,1032,0.5087209302325582,0.3193289830457972,0.3206566691840184,0.317131673185075,0.3206566691840184
qwen,appod,H04,4,crowdbot,crowdbot__defaced_2021-04-24-11-35-54,1211,0.5210569777043765,0.3934673746753478,0.38600568486288767,0.34505050505050505,0.38600568486288767
qwen,appod,H04,4,crowdbot,crowdbot__defaced_2021-04-24-11-40-33,986,0.4239350912778905,0.3064594094300426,0.3336231565411765,0.2897559960459913,0.3336231565411765
qwen,appod,H04,4,crowdbot,crowdbot__defaced_2021-04-24-11-43-54,583,0.4339622641509434,0.2475759657963048,0.3003234754897726,0.2525289848851864,0.3003234754897726
qwen,appod,H04,4,crowdbot,crowdbot__defaced_2021-04-24-11-48-21,1555,0.5376205787781351,0.3681833363697091,0.3691278933296693,0.35387106511819155,0.3691278933296693
qwen,appod,H04,4,crowdbot,crowdbot__defaced_2021-04-24-11-55-30,1815,0.44573002754820934,0.3182978334664648,0.3246994446866687,0.28503128519784177,0.3246994446866687
qwen,appod,H04,4,huron,huron__bww1_Feb-16-2023-bww1-intloss_00000000,342,0.9181286549707602,0.5432738176366362,0.478064012490242,0.5022841143530798,0.478064012490242
qwen,appod,H04,4,huron,huron__bww1_Feb-16-2023-bww1-intloss_00000001,1674,0.9086021505376344,0.5067120756932214,0.4395415518170009,0.46213292243274634,0.4395415518170009
qwen,appod,H04,4,huron,huron__bww1_Feb-16-2023-bww1-intloss_00000002,334,0.9401197604790419,0.42199467199467194,0.6055725971370144,0.46007298818581055,0.6055725971370144
qwen,appod,H04,4,huron,huron__bww2_Feb-20-2023-bww2-intloss_00000000,754,0.7877984084880637,0.3700941627475831,0.4393345789886083,0.3694557943980577,0.4393345789886083
qwen,appod,H04,4,huron,huron__bww2_Feb-20-2023-bww2-intloss_00000001,819,0.8913308913308914,0.3363667464933288,0.35310626355402475,0.3288278140722385,0.35310626355402475
qwen,appod,H04,4,huron,huron__bww2_Feb-20-2023-bww2-intloss_00000002,482,0.8049792531120332,0.31699346405228757,0.27994227994227994,0.2973180076628352,0.27994227994227994
qwen,appod,H04,4,huron,huron__bww8_Feb-03-2023-bww8-intloss_00000000,1095,0.589041095890411,0.3318604346687615,0.34101577589270543,0.33515656889614553,0.34101577589270543
qwen,appod,H04,4,huron,huron__bww8_Feb-03-2023-bww8-intloss_00000001,1051,0.8163653663177926,0.4178443076100377,0.4697049843629649,0.43357345651247853,0.4697049843629649
qwen,appod,H04,4,huron,huron__bww8_Feb-03-2023-bww8-intloss_00000002,705,0.7943262411347518,0.35230955978253853,0.3706980173049315,0.3610502510258012,0.3706980173049315
qwen,appod,H04,4,huron,huron__cory1_Feb-16-2023-cory1-intloss_00000000,1486,0.9441453566621804,0.31879118382185867,0.32887951242381624,0.323756778585439,0.32887951242381624
qwen,appod,H04,4,huron,huron__cory1_Feb-16-2023-cory1-intloss_00000001,2154,0.8667595171773445,0.3367933050399687,0.3957656797198344,0.3312510411460936,0.3957656797198344
qwen,appod,H04,4,huron,huron__cory1_Feb-16-2023-cory1-intloss_00000002,1653,0.8475499092558983,0.34800721352435066,0.4031029481121582,0.34444339115871964,0.4031029481121582
qwen,appod,H04,4,huron,huron__soda3_Feb-21-2023-soda3-intloss_00000000,2414,0.7220381110190555,0.32534346241082673,0.31682386641514704,0.3104419324739937,0.31682386641514704
qwen,appod,H04,4,huron,huron__soda3_Feb-21-2023-soda3-intloss_00000001,1368,0.5862573099415205,0.3824644982920337,0.41704971252597883,0.37050985904041545,0.41704971252597883
qwen,appod,H04,4,huron,huron__soda3_Feb-21-2023-soda3-intloss_00000002,531,0.9529190207156308,0.45059895059895055,0.41645945572592896,0.4297027290448343,0.41645945572592896
qwen,appod,H04,4,pal,pal__rosbag2_2025_07_11-13_23_07,2151,0.601580660158066,0.3333333333333333,0.20052688671935534,0.25041122399612964,0.20052688671935534
qwen,appod,H04,4,pal,pal__rosbag2_2025_07_11-13_37_37,3038,0.5789993416721527,0.3854163054910255,0.39042498926690805,0.37944309361864076,0.39042498926690805
qwen,appod,H04,4,pal,pal__rosbag2_2025_07_11-13_55_25,4060,0.5004926108374385,0.33670603931977033,0.4293946534264636,0.3730031315588925,0.4293946534264636
qwen,appod,H06,6,crowdbot,crowdbot__defaced_2021-04-24-11-20-18,1619,0.4972205064854849,0.2767474456229476,0.2833034240701102,0.27851540569535466,0.2833034240701102
qwen,appod,H06,6,crowdbot,crowdbot__defaced_2021-04-24-11-23-43,1032,0.4951550387596899,0.31028138300483116,0.31222097210877015,0.30894234297349793,0.31222097210877015
qwen,appod,H06,6,crowdbot,crowdbot__defaced_2021-04-24-11-35-54,1211,0.5359207266721717,0.4171335000595451,0.40175846322313086,0.3530766444133933,0.40175846322313086
qwen,appod,H06,6,crowdbot,crowdbot__defaced_2021-04-24-11-40-33,986,0.48782961460446245,0.35063010554093793,0.37788615611143866,0.33556329457166467,0.37788615611143866
qwen,appod,H06,6,crowdbot,crowdbot__defaced_2021-04-24-11-43-54,583,0.4391080617495712,0.24272406280519868,0.30229600406984,0.24533003810112244,0.30229600406984
qwen,appod,H06,6,crowdbot,crowdbot__defaced_2021-04-24-11-48-21,1555,0.5633440514469453,0.3938284170958087,0.3872799409168198,0.36883269843022504,0.3872799409168198
qwen,appod,H06,6,crowdbot,crowdbot__defaced_2021-04-24-11-55-30,1815,0.46611570247933887,0.3430102539154571,0.3422595810983915,0.2932106895103546,0.3422595810983915
qwen,appod,H06,6,huron,huron__bww1_Feb-16-2023-bww1-intloss_00000000,342,0.9035087719298246,0.5365461847389558,0.39672131147540984,0.4197685911971627,0.39672131147540984
qwen,appod,H06,6,huron,huron__bww1_Feb-16-2023-bww1-intloss_00000001,1674,0.9074074074074074,0.529305985827725,0.3915145898678833,0.4134048918910582,0.3915145898678833
qwen,appod,H06,6,huron,huron__bww1_Feb-16-2023-bww1-intloss_00000002,334,0.9341317365269461,0.3780254777070064,0.4409509202453988,0.39330357142857136,0.4409509202453988
qwen,appod,H06,6,huron,huron__bww2_Feb-20-2023-bww2-intloss_00000000,754,0.8885941644562334,0.4144284746418893,0.4685974323428365,0.43187707909076933,0.4685974323428365
qwen,appod,H06,6,huron,huron__bww2_Feb-20-2023-bww2-intloss_00000001,819,0.9584859584859585,0.3671710802858344,0.40113534889654295,0.377727469775059,0.40113534889654295
qwen,appod,H06,6,huron,huron__bww2_Feb-20-2023-bww2-intloss_00000002,482,0.8796680497925311,0.32733785822021116,0.332972582972583,0.3247674154753801,0.332972582972583
qwen,appod,H06,6,huron,huron__bww8_Feb-03-2023-bww8-intloss_00000000,1095,0.6821917808219178,0.37365756891716256,0.3737604103895302,0.3712556451063356,0.3737604103895302
qwen,appod,H06,6,huron,huron__bww8_Feb-03-2023-bww8-intloss_00000001,1051,0.8629876308277831,0.440857258814134,0.43769778297465595,0.4390255921157209,0.43769778297465595
qwen,appod,H06,6,huron,huron__bww8_Feb-03-2023-bww8-intloss_00000002,705,0.826950354609929,0.35258205846441143,0.35436309315950804,0.3495109944818216,0.35436309315950804
qwen,appod,H06,6,huron,huron__cory1_Feb-16-2023-cory1-intloss_00000000,1486,0.9414535666218035,0.3187514240145819,0.32794186591654945,0.32328134026574235,0.32794186591654945
qwen,appod,H06,6,huron,huron__cory1_Feb-16-2023-cory1-intloss_00000001,2154,0.9480037140204272,0.3553349587832346,0.3907672715695638,0.36623226526382907,0.3907672715695638
qwen,appod,H06,6,huron,huron__cory1_Feb-16-2023-cory1-intloss_00000002,1653,0.9165154264972777,0.35601837352542015,0.3856438595086183,0.36357082273112806,0.3856438595086183
qwen,appod,H06,6,huron,huron__soda3_Feb-21-2023-soda3-intloss_00000000,2414,0.8492129246064622,0.35541833294126873,0.3617387456624514,0.3581434539900994,0.3617387456624514
qwen,appod,H06,6,huron,huron__soda3_Feb-21-2023-soda3-intloss_00000001,1368,0.6849415204678363,0.41047283110775173,0.44858083405391463,0.4190246619613538,0.44858083405391463
qwen,appod,H06,6,huron,huron__soda3_Feb-21-2023-soda3-intloss_00000002,531,0.9548022598870056,0.46934865900383144,0.40022793203481144,0.4208044382801665,0.40022793203481144
qwen,appod,H06,6,pal,pal__rosbag2_2025_07_11-13_23_07,2151,0.7117619711761971,0.3333333333333333,0.2372539903920657,0.27720441788882855,0.2372539903920657
qwen,appod,H06,6,pal,pal__rosbag2_2025_07_11-13_37_37,3038,0.6395655036208031,0.39193255304366414,0.38195190402913387,0.38204337536061744,0.38195190402913387
qwen,appod,H06,6,pal,pal__rosbag2_2025_07_11-13_55_25,4060,0.4770935960591133,0.3244367151599856,0.42152598950882214,0.3611920127885478,0.42152598950882214
qwen,appod,H08,8,crowdbot,crowdbot__defaced_2021-04-24-11-20-18,1619,0.49536751080914143,0.2977628398694696,0.306861112912874,0.2965601423441384,0.306861112912874
qwen,appod,H08,8,crowdbot,crowdbot__defaced_2021-04-24-11-23-43,1032,0.4883720930232558,0.31243664251784625,0.31274242354186255,0.31213916905998723,0.31274242354186255
qwen,appod,H08,8,crowdbot,crowdbot__defaced_2021-04-24-11-35-54,1211,0.5119735755573905,0.3841513131074026,0.377964749190373,0.3397333112929443,0.377964749190373
qwen,appod,H08,8,crowdbot,crowdbot__defaced_2021-04-24-11-40-33,986,0.4685598377281947,0.3285372748848248,0.3551733442600014,0.32379536727362807,0.3551733442600014
qwen,appod,H08,8,crowdbot,crowdbot__defaced_2021-04-24-11-43-54,583,0.4288164665523156,0.26513409961685824,0.30094259029957476,0.2695715747222202,0.30094259029957476
qwen,appod,H08,8,crowdbot,crowdbot__defaced_2021-04-24-11-48-21,1555,0.5401929260450161,0.3730783538945696,0.3704211966634034,0.3588311085467378,0.3704211966634034
qwen,appod,H08,8,crowdbot,crowdbot__defaced_2021-04-24-11-55-30,1815,0.47878787878787876,0.34509064055251865,0.34374081096701575,0.3138026041534813,0.34374081096701575
qwen,appod,H08,8,huron,huron__bww1_Feb-16-2023-bww1-intloss_00000000,342,0.8918128654970761,0.4670658682634731,0.36705698672911785,0.3760478460773253,0.36705698672911785
qwen,appod,H08,8,huron,huron__bww1_Feb-16-2023-bww1-intloss_00000001,1674,0.9068100358422939,0.529118484403443,0.38776811456452176,0.4083682911067626,0.38776811456452176
qwen,appod,H08,8,huron,huron__bww1_Feb-16-2023-bww1-intloss_00000002,334,0.937125748502994,0.38067390698969644,0.44197341513292426,0.3964869705899347,0.44197341513292426
qwen,appod,H08,8,huron,huron__bww2_Feb-20-2023-bww2-intloss_00000000,754,0.8779840848806366,0.4036536536536537,0.45820022903984087,0.41962351077997334,0.45820022903984087
qwen,appod,H08,8,huron,huron__bww2_Feb-20-2023-bww2-intloss_00000001,819,0.9511599511599511,0.3504858470637939,0.37342135476463834,0.35618038219536047,0.37342135476463834
qwen,appod,H08,8,huron,huron__bww2_Feb-20-2023-bww2-intloss_00000002,482,0.8630705394190872,0.3180428134556575,0.30014430014430016,0.3088344469190794,0.30014430014430016
qwen,appod,H08,8,huron,huron__bww8_Feb-03-2023-bww8-intloss_00000000,1095,0.6694063926940639,0.37068713450292395,0.37527619400794204,0.3722961171570603,0.37527619400794204
qwen,appod,H08,8,huron,huron__bww8_Feb-03-2023-bww8-intloss_00000001,1051,0.8591817316841104,0.4434613912377771,0.45365962304073054,0.44843814553358124,0.45365962304073054
qwen,appod,H08,8,huron,huron__bww8_Feb-03-2023-bww8-intloss_00000002,705,0.8326241134751773,0.38099509974148243,0.3814301788693594,0.37916698745092003,0.3814301788693594
qwen,appod,H08,8,huron,huron__cory1_Feb-16-2023-cory1-intloss_00000000,1486,0.9387617765814267,0.3187114461960247,0.3270042194092827,0.3228045817424506,0.3270042194092827
qwen,appod,H08,8,huron,huron__cory1_Feb-16-2023-cory1-intloss_00000001,2154,0.9442896935933147,0.35895210543233685,0.41139764406240054,0.37254115046821384,0.41139764406240054
qwen,appod,H08,8,huron,huron__cory1_Feb-16-2023-cory1-intloss_00000002,1653,0.9032062915910466,0.3451185040226136,0.36727711186452744,0.34853350542279693,0.36727711186452744
qwen,appod,H08,8,huron,huron__soda3_Feb-21-2023-soda3-intloss_00000000,2414,0.8347141673570837,0.3467337448162229,0.35332448356971513,0.3489189558289116,0.35332448356971513
qwen,appod,H08,8,huron,huron__soda3_Feb-21-2023-soda3-intloss_00000001,1368,0.6681286549707602,0.41130346572731225,0.45357939289127563,0.41517230775144637,0.45357939289127563
qwen,appod,H08,8,huron,huron__soda3_Feb-21-2023-soda3-intloss_00000002,531,0.96045197740113,0.5301943913320586,0.4190841276419395,0.45000059872352144,0.4190841276419395
qwen,appod,H08,8,pal,pal__rosbag2_2025_07_11-13_23_07,2151,0.6522547652254765,0.3333333333333333,0.21741825507515886,0.2631776402175952,0.21741825507515886
qwen,appod,H08,8,pal,pal__rosbag2_2025_07_11-13_37_37,3038,0.576366030283081,0.3577437924816202,0.35785720133855237,0.3577952353579868,0.35785720133855237
qwen,appod,H08,8,pal,pal__rosbag2_2025_07_11-13_55_25,4060,0.49088669950738917,0.32711260961943905,0.427847064433785,0.3707192273291848,0.427847064433785
qwen,appod,H10,10,crowdbot,crowdbot__defaced_2021-04-24-11-20-18,1619,0.5163681284743669,0.303236148614777,0.3120047854821157,0.3043750012730917,0.3120047854821157
qwen,appod,H10,10,crowdbot,crowdbot__defaced_2021-04-24-11-23-43,1032,0.5203488372093024,0.3329770707761139,0.3315583434798021,0.33067192788475386,0.3315583434798021
qwen,appod,H10,10,crowdbot,crowdbot__defaced_2021-04-24-11-35-54,1211,0.5103220478943022,0.38536512220722746,0.3773677220940798,0.3388634630053395,0.3773677220940798
qwen,appod,H10,10,crowdbot,crowdbot__defaced_2021-04-24-11-40-33,986,0.4827586206896552,0.3415508208587719,0.3675391344613119,0.33435064694323957,0.3675391344613119
qwen,appod,H10,10,crowdbot,crowdbot__defaced_2021-04-24-11-43-54,583,0.44768439108061747,0.2784584980237154,0.3126385809312639,0.27447162386921425,0.3126385809312639
qwen,appod,H10,10,crowdbot,crowdbot__defaced_2021-04-24-11-48-21,1555,0.5543408360128618,0.40263410909636677,0.39173289397169997,0.38150859192525854,0.39173289397169997
qwen,appod,H10,10,crowdbot,crowdbot__defaced_2021-04-24-11-55-30,1815,0.4743801652892562,0.3646663459827753,0.3581571010593652,0.3250354351749298,0.3581571010593652
qwen,appod,H10,10,huron,huron__bww1_Feb-16-2023-bww1-intloss_00000000,342,0.8801169590643275,0.403475956667446,0.3626854020296643,0.3678583946722748,0.3626854020296643
qwen,appod,H10,10,huron,huron__bww1_Feb-16-2023-bww1-intloss_00000001,1674,0.9127837514934289,0.5439960819296497,0.4128964293634952,0.44107305503829314,0.4128964293634952
qwen,appod,H10,10,huron,huron__bww1_Feb-16-2023-bww1-intloss_00000002,334,0.9281437125748503,0.3734459984459984,0.4389059304703477,0.38746081504702196,0.4389059304703477
qwen,appod,H10,10,huron,huron__bww2_Feb-20-2023-bww2-intloss_00000000,754,0.896551724137931,0.39750957854406127,0.4118497980832982,0.4036772864162308,0.4118497980832982
qwen,appod,H10,10,huron,huron__bww2_Feb-20-2023-bww2-intloss_00000001,819,0.9633699633699634,0.3759398496240602,0.4027937236892461,0.3859146654916648,0.4027937236892461
qwen,appod,H10,10,huron,huron__bww2_Feb-20-2023-bww2-intloss_00000002,482,0.8983402489626556,0.318616629874908,0.3124098124098124,0.3154826958105647,0.3124098124098124
qwen,appod,H10,10,huron,huron__bww8_Feb-03-2023-bww8-intloss_00000000,1095,0.691324200913242,0.3910686450543596,0.39346250714627856,0.3913488480017037,0.39346250714627856
qwen,appod,H10,10,huron,huron__bww8_Feb-03-2023-bww8-intloss_00000001,1051,0.8648905803996194,0.4499170200995759,0.45334409829523836,0.4516103670267871,0.45334409829523836
qwen,appod,H10,10,huron,huron__bww8_Feb-03-2023-bww8-intloss_00000002,705,0.826950354609929,0.3665969051243024,0.366794707639778,0.36379052413358365,0.366794707639778
qwen,appod,H10,10,huron,huron__cory1_Feb-16-2023-cory1-intloss_00000000,1486,0.9441453566621804,0.31879118382185867,0.32887951242381624,0.323756778585439,0.32887951242381624
qwen,appod,H10,10,huron,huron__cory1_Feb-16-2023-cory1-intloss_00000001,2154,0.9568245125348189,0.39659631883705576,0.4814071951607768,0.4226171249253084,0.4814071951607768
qwen,appod,H10,10,huron,huron__cory1_Feb-16-2023-cory1-intloss_00000002,1653,0.9098608590441621,0.34161437184693,0.35581124251403756,0.3441600500295934,0.35581124251403756
qwen,appod,H10,10,huron,huron__soda3_Feb-21-2023-soda3-intloss_00000000,2414,0.8608119304059652,0.37651053025274717,0.3862316309182794,0.38082132458104695,0.3862316309182794
qwen,appod,H10,10,huron,huron__soda3_Feb-21-2023-soda3-intloss_00000001,1368,0.6966374269005848,0.4283912475237143,0.47645595351871234,0.4354848915697814,0.47645595351871234
qwen,appod,H10,10,huron,huron__soda3_Feb-21-2023-soda3-intloss_00000002,531,0.9548022598870056,0.45335868187579215,0.36645254869457106,0.3811519449817322,0.36645254869457106
qwen,appod,H10,10,pal,pal__rosbag2_2025_07_11-13_23_07,2151,0.699674569967457,0.3333333333333333,0.23322485665581902,0.27443471918307805,0.23322485665581902
qwen,appod,H10,10,pal,pal__rosbag2_2025_07_11-13_37_37,3038,0.673798551678736,0.4216417257602559,0.3972776983056521,0.39715594953409233,0.3972776983056521
qwen,appod,H10,10,pal,pal__rosbag2_2025_07_11-13_55_25,4060,0.44704433497536944,0.31071454799148124,0.3991716457684648,0.3375319778738766,0.3991716457684648
qwen,appod,H12,12,crowdbot,crowdbot__defaced_2021-04-24-11-20-18,1619,0.5348980852378011,0.2975264275834815,0.30642004136847495,0.3013755025184485,0.30642004136847495
qwen,appod,H12,12,crowdbot,crowdbot__defaced_2021-04-24-11-23-43,1032,0.5232558139534884,0.3317729351627657,0.3288072376431423,0.32575951191685903,0.3288072376431423
qwen,appod,H12,12,crowdbot,crowdbot__defaced_2021-04-24-11-35-54,1211,0.4838976052848885,0.3806758450590328,0.36752696815078867,0.3173422243880398,0.36752696815078867
qwen,appod,H12,12,crowdbot,crowdbot__defaced_2021-04-24-11-40-33,986,0.4746450304259635,0.35050227329332073,0.36912983080321005,0.328154114797499,0.36912983080321005
qwen,appod,H12,12,crowdbot,crowdbot__defaced_2021-04-24-11-43-54,583,0.4322469982847341,0.2636098667866435,0.30045785699887695,0.2588522588522588,0.30045785699887695
qwen,appod,H12,12,crowdbot,crowdbot__defaced_2021-04-24-11-48-21,1555,0.5511254019292604,0.40984123088430363,0.390806570468388,0.37340163558701406,0.390806570468388
qwen,appod,H12,12,crowdbot,crowdbot__defaced_2021-04-24-11-55-30,1815,0.45289256198347105,0.35403463184701506,0.348499955498323,0.3006085722501053,0.348499955498323
qwen,appod,H12,12,huron,huron__bww1_Feb-16-2023-bww1-intloss_00000000,342,0.8830409356725146,0.36439169139465877,0.3384855581576893,0.32923156801661474,0.3384855581576893
qwen,appod,H12,12,huron,huron__bww1_Feb-16-2023-bww1-intloss_00000001,1674,0.9163679808841099,0.5563536401525228,0.4230388429490226,0.4539893846252228,0.4230388429490226
qwen,appod,H12,12,huron,huron__bww1_Feb-16-2023-bww1-intloss_00000002,334,0.9311377245508982,0.3620718462823726,0.39928425357873215,0.37075557096357925,0.39928425357873215
qwen,appod,H12,12,huron,huron__bww2_Feb-20-2023-bww2-intloss_00000000,754,0.9111405835543767,0.4131745285482944,0.4104233218813413,0.4117529574435397,0.4104233218813413
qwen,appod,H12,12,huron,huron__bww2_Feb-20-2023-bww2-intloss_00000001,819,0.9719169719169719,0.3608982282653482,0.3552430156907769,0.35756579242926584,0.3552430156907769
qwen,appod,H12,12,huron,huron__bww2_Feb-20-2023-bww2-intloss_00000002,482,0.9294605809128631,0.3190883190883191,0.32323232323232326,0.3211469534050179,0.32323232323232326
qwen,appod,H12,12,huron,huron__bww8_Feb-03-2023-bww8-intloss_00000000,1095,0.6958904109589041,0.3873370577281192,0.38328775166488976,0.3818734457032329,0.38328775166488976
qwen,appod,H12,12,huron,huron__bww8_Feb-03-2023-bww8-intloss_00000001,1051,0.8629876308277831,0.44039205515571983,0.42774947335207925,0.4328772585669782,0.42774947335207925
qwen,appod,H12,12,huron,huron__bww8_Feb-03-2023-bww8-intloss_00000002,705,0.8397163120567376,0.3825068103021298,0.3634656423388818,0.3623734496153476,0.3634656423388818
qwen,appod,H12,12,huron,huron__cory1_Feb-16-2023-cory1-intloss_00000000,1486,0.9448183041722745,0.3188010899182561,0.32911392405063294,0.3238754325259516,0.32911392405063294
qwen,appod,H12,12,huron,huron__cory1_Feb-16-2023-cory1-intloss_00000001,2154,0.9610027855153204,0.3973094395502346,0.46093600764087866,0.4193221928763607,0.46093600764087866
qwen,appod,H12,12,huron,huron__cory1_Feb-16-2023-cory1-intloss_00000002,1653,0.9219600725952813,0.35334184759472115,0.3737597551100314,0.3596322186535676,0.3737597551100314
qwen,appod,H12,12,huron,huron__soda3_Feb-21-2023-soda3-intloss_00000000,2414,0.867854183927092,0.38191355478705963,0.38880504902303265,0.38518075160301707,0.38880504902303265
qwen,appod,H12,12,huron,huron__soda3_Feb-21-2023-soda3-intloss_00000001,1368,0.7046783625730995,0.433002477654447,0.48316873738982685,0.44164837312934524,0.48316873738982685
qwen,appod,H12,12,huron,huron__soda3_Feb-21-2023-soda3-intloss_00000002,531,0.9472693032015066,0.3669574700109051,0.3469401851084404,0.3499304313257802,0.3469401851084404
qwen,appod,H12,12,pal,pal__rosbag2_2025_07_11-13_23_07,2151,0.7215248721524872,0.3333333333333333,0.24050829071749572,0.2794130884868125,0.24050829071749572
qwen,appod,H12,12,pal,pal__rosbag2_2025_07_11-13_37_37,3038,0.6458196181698486,0.3922384648897441,0.37390877592392086,0.369605806998154,0.37390877592392086
qwen,appod,H12,12,pal,pal__rosbag2_2025_07_11-13_55_25,4060,0.4445812807881773,0.30508331784739234,0.3984815843361665,0.3341286875606963,0.3984815843361665
qwen,appod,H14,14,crowdbot,crowdbot__defaced_2021-04-24-11-20-18,1619,0.5441630636195183,0.30044178102564584,0.3102671653946221,0.3049410967031105,0.3102671653946221
qwen,appod,H14,14,crowdbot,crowdbot__defaced_2021-04-24-11-23-43,1032,0.5193798449612403,0.3300587585901958,0.32826266767360734,0.32618311217533,0.32826266767360734
qwen,appod,H14,14,crowdbot,crowdbot__defaced_2021-04-24-11-35-54,1211,0.4929810074318745,0.382497927370211,0.3718197385895017,0.32412449756182155,0.3718197385895017
qwen,appod,H14,14,crowdbot,crowdbot__defaced_2021-04-24-11-40-33,986,0.49594320486815413,0.35752753921482666,0.3813173963882032,0.34292270229770233,0.3813173963882032
qwen,appod,H14,14,crowdbot,crowdbot__defaced_2021-04-24-11-43-54,583,0.45969125214408235,0.28229020488352513,0.31688119714727253,0.25823562255723065,0.31688119714727253
qwen,appod,H14,14,crowdbot,crowdbot__defaced_2021-04-24-11-48-21,1555,0.5755627009646302,0.42675886175428723,0.4069616981670638,0.39368095474652853,0.4069616981670638
qwen,appod,H14,14,crowdbot,crowdbot__defaced_2021-04-24-11-55-30,1815,0.4556473829201102,0.3401905616135686,0.33447826571894995,0.2884937440871745,0.33447826571894995
qwen,appod,H14,14,huron,huron__bww1_Feb-16-2023-bww1-intloss_00000000,342,0.8830409356725146,0.36439169139465877,0.3384855581576893,0.32923156801661474,0.3384855581576893
qwen,appod,H14,14,huron,huron__bww1_Feb-16-2023-bww1-intloss_00000001,1674,0.9169653524492234,0.5842558425584256,0.41092418337927317,0.4419824106625001,0.41092418337927317
qwen,appod,H14,14,huron,huron__bww1_Feb-16-2023-bww1-intloss_00000002,334,0.9341317365269461,0.36404125644631974,0.40030674846625763,0.3731927470245227,0.40030674846625763
qwen,appod,H14,14,huron,huron__bww2_Feb-20-2023-bww2-intloss_00000000,754,0.9323607427055703,0.4649752916602985,0.4113575633375525,0.4295782174358587,0.4113575633375525
qwen,appod,H14,14,huron,huron__bww2_Feb-20-2023-bww2-intloss_00000001,819,0.978021978021978,0.3942669942669943,0.35731598418165583,0.36666208854095134,0.35731598418165583
qwen,appod,H14,14,huron,huron__bww2_Feb-20-2023-bww2-intloss_00000002,482,0.9377593360995851,0.3192090395480226,0.3261183261183261,0.3226266952177016,0.3261183261183261
qwen,appod,H14,14,huron,huron__bww8_Feb-03-2023-bww8-intloss_00000000,1095,0.6986301369863014,0.37979055258467026,0.3698264806316538,0.3664046922918735,0.3698264806316538
qwen,appod,H14,14,huron,huron__bww8_Feb-03-2023-bww8-intloss_00000001,1051,0.8696479543292103,0.44152534253137876,0.4054121773991481,0.41639525296503144,0.4054121773991481
qwen,appod,H14,14,huron,huron__bww8_Feb-03-2023-bww8-intloss_00000002,705,0.8312056737588652,0.32578431372549016,0.33529662825437473,0.3232976653696498,0.33529662825437473
qwen,appod,H14,14,huron,huron__cory1_Feb-16-2023-cory1-intloss_00000000,1486,0.9528936742934051,0.31891891891891894,0.33192686357243323,0.32529290144727774,0.33192686357243323
qwen,appod,H14,14,huron,huron__cory1_Feb-16-2023-cory1-intloss_00000001,2154,0.9670380687093779,0.40260230566979033,0.4191977077363897,0.41040004382040934,0.4191977077363897
qwen,appod,H14,14,huron,huron__cory1_Feb-16-2023-cory1-intloss_00000002,1653,0.9249848759830611,0.35524470457944557,0.374805342730274,0.36172281617007723,0.374805342730274
qwen,appod,H14,14,huron,huron__soda3_Feb-21-2023-soda3-intloss_00000000,2414,0.875724937862469,0.39004515674190765,0.39323924637276136,0.3916344232918691,0.39323924637276136
qwen,appod,H14,14,huron,huron__soda3_Feb-21-2023-soda3-intloss_00000001,1368,0.7119883040935673,0.4343877927367608,0.48330526858720546,0.444699754096493,0.48330526858720546
qwen,appod,H14,14,huron,huron__soda3_Feb-21-2023-soda3-intloss_00000002,531,0.9491525423728814,0.40328234544295727,0.3644840447575632,0.37398666043994205,0.3644840447575632
qwen,appod,H14,14,pal,pal__rosbag2_2025_07_11-13_23_07,2151,0.7949790794979079,0.3333333333333333,0.2649930264993026,0.29526029526029524,0.2649930264993026
qwen,appod,H14,14,pal,pal__rosbag2_2025_07_11-13_37_37,3038,0.6454904542462147,0.38810222507055236,0.3641901610921893,0.35291952774426,0.3641901610921893
qwen,appod,H14,14,pal,pal__rosbag2_2025_07_11-13_55_25,4060,0.4044334975369458,0.28226788432267885,0.3689775309265337,0.296258265976902,0.3689775309265337
qwen,appod,H16,16,crowdbot,crowdbot__defaced_2021-04-24-11-20-18,1619,0.5071031500926498,0.2984644879618408,0.3001902661564075,0.29686887130587675,0.3001902661564075
qwen,appod,H16,16,crowdbot,crowdbot__defaced_2021-04-24-11-23-43,1032,0.500968992248062,0.3219701388498834,0.31725053814815385,0.3175341906511533,0.31725053814815385
qwen,appod,H16,16,crowdbot,crowdbot__defaced_2021-04-24-11-35-54,1211,0.48637489677952106,0.38010483454667376,0.362800260944526,0.3257560979992571,0.362800260944526
qwen,appod,H16,16,crowdbot,crowdbot__defaced_2021-04-24-11-40-33,986,0.4766734279918864,0.3716857468530082,0.37109136373671964,0.34621213157518266,0.37109136373671964
qwen,appod,H16,16,crowdbot,crowdbot__defaced_2021-04-24-11-43-54,583,0.4288164665523156,0.28793057490240587,0.3001227919927107,0.24961323238973007,0.3001227919927107
qwen,appod,H16,16,crowdbot,crowdbot__defaced_2021-04-24-11-48-21,1555,0.5627009646302251,0.4124693448546728,0.39776430194907425,0.38509131388625084,0.39776430194907425
qwen,appod,H16,16,crowdbot,crowdbot__defaced_2021-04-24-11-55-30,1815,0.45068870523415977,0.3404468351463099,0.3287966971869307,0.29123536203199735,0.3287966971869307
qwen,appod,H16,16,huron,huron__bww1_Feb-16-2023-bww1-intloss_00000000,342,0.8859649122807017,0.38116370808678496,0.3395784543325527,0.33020962103388235,0.3395784543325527
qwen,appod,H16,16,huron,huron__bww1_Feb-16-2023-bww1-intloss_00000001,1674,0.9175627240143369,0.5855782312925171,0.41290831036340014,0.44458751242432454,0.41290831036340014
qwen,appod,H16,16,huron,huron__bww1_Feb-16-2023-bww1-intloss_00000002,334,0.937125748502994,0.38067390698969644,0.44197341513292426,0.3964869705899347,0.44197341513292426
qwen,appod,H16,16,huron,huron__bww2_Feb-20-2023-bww2-intloss_00000000,754,0.9363395225464191,0.483974358974359,0.41939404898238,0.44089719340478783,0.41939404898238
qwen,appod,H16,16,huron,huron__bww2_Feb-20-2023-bww2-intloss_00000001,819,0.9755799755799756,0.3271908271908272,0.3312603648424544,0.3292130201895344,0.3312603648424544
qwen,appod,H16,16,huron,huron__bww2_Feb-20-2023-bww2-intloss_00000002,482,0.9398340248962656,0.3192389006342495,0.3268398268398269,0.3229946524064171,0.3268398268398269
qwen,appod,H16,16,huron,huron__bww8_Feb-03-2023-bww8-intloss_00000000,1095,0.7178082191780822,0.40443834362846026,0.3851264698156647,0.384291174779285,0.3851264698156647
qwen,appod,H16,16,huron,huron__bww8_Feb-03-2023-bww8-intloss_00000001,1051,0.8715509039010466,0.4447528617077215,0.40364895088022124,0.41548366236829093,0.40364895088022124
qwen,appod,H16,16,huron,huron__bww8_Feb-03-2023-bww8-intloss_00000002,705,0.8468085106382979,0.39941262848751835,0.36207659178209756,0.3614799050503397,0.36207659178209756
qwen,appod,H16,16,huron,huron__cory1_Feb-16-2023-cory1-intloss_00000000,1486,0.9542395693135935,0.31893837156995053,0.33239568682606657,0.3255280073461892,0.33239568682606657
qwen,appod,H16,16,huron,huron__cory1_Feb-16-2023-cory1-intloss_00000001,2154,0.968895078922934,0.4053181650018498,0.4198344476281439,0.4122369878183832,0.4198344476281439
qwen,appod,H16,16,huron,huron__cory1_Feb-16-2023-cory1-intloss_00000002,1653,0.9231699939503932,0.35720060025171846,0.3810610712156402,0.36458794977313497,0.3810610712156402
qwen,appod,H16,16,huron,huron__soda3_Feb-21-2023-soda3-intloss_00000000,2414,0.8620546810273405,0.36800587326903117,0.3726635459605487,0.37026115817844557,0.3726635459605487
qwen,appod,H16,16,huron,huron__soda3_Feb-21-2023-soda3-intloss_00000001,1368,0.7207602339181286,0.4391908225072347,0.48878168661539156,0.45034317330020635,0.48878168661539156
qwen,appod,H16,16,huron,huron__soda3_Feb-21-2023-soda3-intloss_00000002,531,0.9472693032015066,0.39399744572158363,0.36382787677856054,0.3718908922792418,0.36382787677856054
qwen,appod,H16,16,pal,pal__rosbag2_2025_07_11-13_23_07,2151,0.7787075778707578,0.3333333333333333,0.25956919262358596,0.29186269384910263,0.25956919262358596
qwen,appod,H16,16,pal,pal__rosbag2_2025_07_11-13_37_37,3038,0.640223831468071,0.3829361837612746,0.36333436428027,0.3538818292050255,0.36333436428027
qwen,appod,H16,16,pal,pal__rosbag2_2025_07_11-13_55_25,4060,0.4041871921182266,0.2785539849215685,0.3677648741900194,0.29752723181276175,0.3677648741900194
qwen,appod,H18,18,crowdbot,crowdbot__defaced_2021-04-24-11-20-18,1619,0.5423100679431748,0.31079095266183043,0.31523426520507664,0.3123712226943106,0.31523426520507664
qwen,appod,H18,18,crowdbot,crowdbot__defaced_2021-04-24-11-23-43,1032,0.5125968992248062,0.3332244066439392,0.3249926791301265,0.3265938973804556,0.3249926791301265
qwen,appod,H18,18,crowdbot,crowdbot__defaced_2021-04-24-11-35-54,1211,0.4772914946325351,0.3755021744152179,0.36110237412921414,0.3152142692238951,0.36110237412921414
qwen,appod,H18,18,crowdbot,crowdbot__defaced_2021-04-24-11-40-33,986,0.4776876267748479,0.3657794419288672,0.3721401925501773,0.33974830629523783,0.3721401925501773
qwen,appod,H18,18,crowdbot,crowdbot__defaced_2021-04-24-11-43-54,583,0.43739279588336194,0.3147559387885253,0.31202124365465084,0.26940895837039025,0.31202124365465084
qwen,appod,H18,18,crowdbot,crowdbot__defaced_2021-04-24-11-48-21,1555,0.5717041800643087,0.4280638722335517,0.41548807008848576,0.3994164685180038,0.41548807008848576
qwen,appod,H18,18,crowdbot,crowdbot__defaced_2021-04-24-11-55-30,1815,0.43526170798898073,0.3258547555201809,0.3185024453389845,0.27971189625780374,0.3185024453389845
qwen,appod,H18,18,huron,huron__bww1_Feb-16-2023-bww1-intloss_00000000,342,0.8888888888888888,0.29716520039100686,0.33224043715846996,0.31372549019607837,0.33224043715846996
qwen,appod,H18,18,huron,huron__bww1_Feb-16-2023-bww1-intloss_00000001,1674,0.9121863799283154,0.5767383005190237,0.39328881918702274,0.41804689102851594,0.39328881918702274
qwen,appod,H18,18,huron,huron__bww1_Feb-16-2023-bww1-intloss_00000002,334,0.9401197604790419,0.3498511904761905,0.3617075664621677,0.3533164461957032,0.3617075664621677
qwen,appod,H18,18,huron,huron__bww2_Feb-20-2023-bww2-intloss_00000000,754,0.9336870026525199,0.4529050613956274,0.36548932151969943,0.37832037956113246,0.36548932151969943
qwen,appod,H18,18,huron,huron__bww2_Feb-20-2023-bww2-intloss_00000001,819,0.9731379731379731,0.32717569786535305,0.3304311774461028,0.3287953795379538,0.3304311774461028
qwen,appod,H18,18,huron,huron__bww2_Feb-20-2023-bww2-intloss_00000002,482,0.9481327800829875,0.3193570929419986,0.3297258297258297,0.3244586439474619,0.3297258297258297
qwen,appod,H18,18,huron,huron__bww8_Feb-03-2023-bww8-intloss_00000000,1095,0.719634703196347,0.4019435643109703,0.3728827701293283,0.3682257383202385,0.3728827701293283
qwen,appod,H18,18,huron,huron__bww8_Feb-03-2023-bww8-intloss_00000001,1051,0.8667935299714558,0.42980073963680515,0.38940393663520695,0.3993242356003191,0.38940393663520695
qwen,appod,H18,18,huron,huron__bww8_Feb-03-2023-bww8-intloss_00000002,705,0.8468085106382979,0.37983179686236457,0.3496449773018275,0.3429227397641493,0.3496449773018275
qwen,appod,H18,18,huron,huron__cory1_Feb-16-2023-cory1-intloss_00000000,1486,0.9569313593539704,0.3189771197846568,0.3333333333333333,0.32599724896836313,0.3333333333333333
qwen,appod,H18,18,huron,huron__cory1_Feb-16-2023-cory1-intloss_00000001,2154,0.968895078922934,0.4089550171412741,0.441738299904489,0.4230306966591562,0.441738299904489
qwen,appod,H18,18,huron,huron__cory1_Feb-16-2023-cory1-intloss_00000002,1653,0.9286146400483969,0.3536778693722258,0.3691769668170533,0.3591849920391352,0.3691769668170533
qwen,appod,H18,18,huron,huron__soda3_Feb-21-2023-soda3-intloss_00000000,2414,0.8811101905550953,0.37857716185889556,0.3718367917277999,0.3742461430424529,0.3718367917277999
qwen,appod,H18,18,huron,huron__soda3_Feb-21-2023-soda3-intloss_00000001,1368,0.7280701754385965,0.44163145232663953,0.49048074151610305,0.4542642187037025,0.49048074151610305
qwen,appod,H18,18,huron,huron__soda3_Feb-21-2023-soda3-intloss_00000002,531,0.9472693032015066,0.39399744572158363,0.36382787677856054,0.3718908922792418,0.36382787677856054
qwen,appod,H18,18,pal,pal__rosbag2_2025_07_11-13_23_07,2151,0.8888888888888888,0.3333333333333333,0.2962962962962963,0.3137254901960784,0.2962962962962963
qwen,appod,H18,18,pal,pal__rosbag2_2025_07_11-13_37_37,3038,0.6342988808426596,0.3655862371246987,0.3473171545927894,0.32414141188112416,0.3473171545927894
qwen,appod,H18,18,pal,pal__rosbag2_2025_07_11-13_55_25,4060,0.3896551724137931,0.28631495982340877,0.35966955594827343,0.2773220658479245,0.35966955594827343
qwen,appod,H20,20,crowdbot,crowdbot__defaced_2021-04-24-11-20-18,1619,0.5386040765904879,0.3366686795586728,0.3337554863678623,0.33255644454840777,0.3337554863678623
qwen,appod,H20,20,crowdbot,crowdbot__defaced_2021-04-24-11-23-43,1032,0.49224806201550386,0.3344210481225829,0.3145508068369219,0.3230367364234275,0.3145508068369219
qwen,appod,H20,20,crowdbot,crowdbot__defaced_2021-04-24-11-35-54,1211,0.4649050371593724,0.3737922284883226,0.346965937419911,0.31752653780188195,0.346965937419911
qwen,appod,H20,20,crowdbot,crowdbot__defaced_2021-04-24-11-40-33,986,0.4462474645030426,0.3445189779860975,0.3479632738039458,0.32120505254782344,0.3479632738039458
qwen,appod,H20,20,crowdbot,crowdbot__defaced_2021-04-24-11-43-54,583,0.41337907375643224,0.3157102338857036,0.3118751304264978,0.2852580853370431,0.3118751304264978
qwen,appod,H20,20,crowdbot,crowdbot__defaced_2021-04-24-11-48-21,1555,0.5459807073954984,0.4197080850028671,0.42011960581769764,0.39292859763897187,0.42011960581769764
qwen,appod,H20,20,crowdbot,crowdbot__defaced_2021-04-24-11-55-30,1815,0.41597796143250687,0.3329963478276916,0.34855206189225635,0.28950344016800944,0.34855206189225635
qwen,appod,H20,20,huron,huron__bww1_Feb-16-2023-bww1-intloss_00000000,342,0.9005847953216374,0.5673590504451038,0.3703356752537081,0.3823468328141226,0.3703356752537081
qwen,appod,H20,20,huron,huron__bww1_Feb-16-2023-bww1-intloss_00000001,1674,0.9223416965352449,0.6083143053894385,0.4234942812787124,0.45950154398081194,0.4234942812787124
qwen,appod,H20,20,huron,huron__bww1_Feb-16-2023-bww1-intloss_00000002,334,0.9401197604790419,0.3836146272855134,0.4429959100204499,0.39987219426471765,0.4429959100204499
qwen,appod,H20,20,huron,huron__bww2_Feb-20-2023-bww2-intloss_00000000,754,0.9310344827586207,0.4485013623978202,0.38440519960621217,0.4008982863460475,0.38440519960621217
qwen,appod,H20,20,huron,huron__bww2_Feb-20-2023-bww2-intloss_00000001,819,0.9694749694749695,0.3271528636176349,0.32918739635157546,0.32816697664806777,0.32918739635157546
qwen,appod,H20,20,huron,huron__bww2_Feb-20-2023-bww2-intloss_00000002,482,0.946058091286307,0.319327731092437,0.329004329004329,0.32409381663113007,0.329004329004329
qwen,appod,H20,20,huron,huron__bww8_Feb-03-2023-bww8-intloss_00000000,1095,0.7041095890410959,0.38088692852076766,0.36497319179839,0.35942844284428443,0.36497319179839
qwen,appod,H20,20,huron,huron__bww8_Feb-03-2023-bww8-intloss_00000001,1051,0.873453853472883,0.4424132030689408,0.39691156955000606,0.40855915976301205,0.39691156955000606
qwen,appod,H20,20,huron,huron__bww8_Feb-03-2023-bww8-intloss_00000002,705,0.8397163120567376,0.3740303725554463,0.3551778993520351,0.3515941060757896,0.3551778993520351
qwen,appod,H20,20,huron,huron__cory1_Feb-16-2023-cory1-intloss_00000000,1486,0.9562584118438762,0.31896745230078566,0.3330989217065166,0.32588005962618966,0.3330989217065166
qwen,appod,H20,20,huron,huron__cory1_Feb-16-2023-cory1-intloss_00000001,2154,0.9661095636025998,0.3947718631178707,0.4407831900668577,0.4122201048118151,0.4407831900668577
qwen,appod,H20,20,huron,huron__cory1_Feb-16-2023-cory1-intloss_00000002,1653,0.925589836660617,0.3552707645870105,0.37501446025432245,0.3617167493273688,0.37501446025432245
qwen,appod,H20,20,huron,huron__soda3_Feb-21-2023-soda3-intloss_00000000,2414,0.8666114333057167,0.3822783153133582,0.3899089405901395,0.38585702430593405,0.3899089405901395
qwen,appod,H20,20,huron,huron__soda3_Feb-21-2023-soda3-intloss_00000001,1368,0.7149122807017544,0.4409426110388864,0.494766304100487,0.4504703391750775,0.494766304100487
qwen,appod,H20,20,huron,huron__soda3_Feb-21-2023-soda3-intloss_00000002,531,0.9472693032015066,0.39399744572158363,0.36382787677856054,0.3718908922792418,0.36382787677856054
qwen,appod,H20,20,pal,pal__rosbag2_2025_07_11-13_23_07,2151,0.8019525801952581,0.3333333333333333,0.2673175267317527,0.29669762641898867,0.2673175267317527
qwen,appod,H20,20,pal,pal__rosbag2_2025_07_11-13_37_37,3038,0.6260697827518104,0.3591842884046274,0.3466480684472752,0.3287297421522841,0.3466480684472752
qwen,appod,H20,20,pal,pal__rosbag2_2025_07_11-13_55_25,4060,0.3832512315270936,0.2699752628324057,0.3524536452635418,0.2753985765678086,0.3524536452635418
qwen,appod,H22,22,crowdbot,crowdbot__defaced_2021-04-24-11-20-18,1619,0.5843113032736257,0.3318249817637822,0.33880060250949534,0.3352726214965705,0.33880060250949534
qwen,appod,H22,22,crowdbot,crowdbot__defaced_2021-04-24-11-23-43,1032,0.5329457364341085,0.34106459948320417,0.33058993367548767,0.3254546805943866,0.33058993367548767
qwen,appod,H22,22,crowdbot,crowdbot__defaced_2021-04-24-11-35-54,1211,0.4731626754748142,0.39261928656144507,0.3689802194729852,0.3048105589038819,0.3689802194729852
qwen,appod,H22,22,crowdbot,crowdbot__defaced_2021-04-24-11-40-33,986,0.4290060851926978,0.33793397281049437,0.3439701781913033,0.29300497328020264,0.3439701781913033
qwen,appod,H22,22,crowdbot,crowdbot__defaced_2021-04-24-11-43-54,583,0.4236706689536878,0.3107981220657277,0.30622932951092596,0.26206020677475045,0.30622932951092596
qwen,appod,H22,22,crowdbot,crowdbot__defaced_2021-04-24-11-48-21,1555,0.5710610932475885,0.4423002637101854,0.4162495102982539,0.39441422581392227,0.4162495102982539
qwen,appod,H22,22,crowdbot,crowdbot__defaced_2021-04-24-11-55-30,1815,0.44352617079889806,0.3375842534951001,0.32920397202816115,0.2738857989165868,0.32920397202816115
qwen,appod,H22,22,huron,huron__bww1_Feb-16-2023-bww1-intloss_00000000,342,0.8976608187134503,0.6323529411764706,0.3523809523809524,0.3512815140722118,0.3523809523809524
qwen,appod,H22,22,huron,huron__bww1_Feb-16-2023-bww1-intloss_00000001,1674,0.9145758661887694,0.6377075739165654,0.3888888888888889,0.4134343480167551,0.3888888888888889
qwen,appod,H22,22,huron,huron__bww1_Feb-16-2023-bww1-intloss_00000002,334,0.9461077844311377,0.3747023809523809,0.4043967280163599,0.3846514682427995,0.4043967280163599
qwen,appod,H22,22,huron,huron__bww2_Feb-20-2023-bww2-intloss_00000000,754,0.9190981432360743,0.4009543702345169,0.373535852771583,0.38220705003677785,0.373535852771583
qwen,appod,H22,22,huron,huron__bww2_Feb-20-2023-bww2-intloss_00000001,819,0.9706959706959707,0.3271604938271605,0.32960199004975127,0.3283767038413879,0.32960199004975127
qwen,appod,H22,22,huron,huron__bww2_Feb-20-2023-bww2-intloss_00000002,482,0.9522821576763485,0.31941544885177453,0.33116883116883117,0.32518597236981933,0.33116883116883117
qwen,appod,H22,22,huron,huron__bww8_Feb-03-2023-bww8-intloss_00000000,1095,0.6977168949771689,0.35532806138427814,0.34652265949721106,0.3324975587898783,0.34652265949721106
qwen,appod,H22,22,huron,huron__bww8_Feb-03-2023-bww8-intloss_00000001,1051,0.8744053282588011,0.44498600462455884,0.3922993401820763,0.40427347316745715,0.3922993401820763
qwen,appod,H22,22,huron,huron__bww8_Feb-03-2023-bww8-intloss_00000002,705,0.8368794326241135,0.3336814257866889,0.337500485003686,0.32533364814877275,0.337500485003686
qwen,appod,H22,22,huron,huron__cory1_Feb-16-2023-cory1-intloss_00000000,1486,0.9562584118438762,0.31896745230078566,0.3330989217065166,0.32588005962618966,0.3330989217065166
qwen,appod,H22,22,huron,huron__cory1_Feb-16-2023-cory1-intloss_00000001,2154,0.9661095636025998,0.3920638401840715,0.4188793377905126,0.40361748974155526,0.4188793377905126
qwen,appod,H22,22,huron,huron__cory1_Feb-16-2023-cory1-intloss_00000002,1653,0.926194797338173,0.36230787116051505,0.3889897398933946,0.37090987513072465,0.3889897398933946
qwen,appod,H22,22,huron,huron__soda3_Feb-21-2023-soda3-intloss_00000000,2414,0.875724937862469,0.38771377048530603,0.3885651738512774,0.3881124036844615,0.3885651738512774
qwen,appod,H22,22,huron,huron__soda3_Feb-21-2023-soda3-intloss_00000001,1368,0.7002923976608187,0.43343830859448634,0.4858993613373989,0.44114063924476943,0.4858993613373989
qwen,appod,H22,22,huron,huron__soda3_Feb-21-2023-soda3-intloss_00000002,531,0.9529190207156308,0.40275142314990514,0.34890868904544825,0.35426731078904994,0.34890868904544825
qwen,appod,H22,22,pal,pal__rosbag2_2025_07_11-13_23_07,2151,0.8172942817294282,0.3333333333333333,0.27243142724314273,0.2998209260680481,0.27243142724314273
qwen,appod,H22,22,pal,pal__rosbag2_2025_07_11-13_37_37,3038,0.6356155365371955,0.37122414575633794,0.35184255239023704,0.3335191216053335,0.35184255239023704
qwen,appod,H22,22,pal,pal__rosbag2_2025_07_11-13_55_25,4060,0.3812807881773399,0.2753986784765614,0.3530028892816068,0.26843661985299777,0.3530028892816068
qwen,appod,H24,24,crowdbot,crowdbot__defaced_2021-04-24-11-20-18,1619,0.5626930203829524,0.33610366216645543,0.3377027884081785,0.3338880422608472,0.3377027884081785
qwen,appod,H24,24,crowdbot,crowdbot__defaced_2021-04-24-11-23-43,1032,0.5310077519379846,0.33845493086536066,0.3330559108960231,0.330066264396319,0.3330559108960231
qwen,appod,H24,24,crowdbot,crowdbot__defaced_2021-04-24-11-35-54,1211,0.48967795210569776,0.3870954839741853,0.3735088884229165,0.3200881021027085,0.3735088884229165
qwen,appod,H24,24,crowdbot,crowdbot__defaced_2021-04-24-11-40-33,986,0.4695740365111562,0.35500848202424024,0.367822295066676,0.3234591567465251,0.367822295066676
qwen,appod,H24,24,crowdbot,crowdbot__defaced_2021-04-24-11-43-54,583,0.451114922813036,0.2818583991546218,0.3115059367830986,0.25738396624472576,0.3115059367830986
qwen,appod,H24,24,crowdbot,crowdbot__defaced_2021-04-24-11-48-21,1555,0.5781350482315113,0.42801007011287623,0.40867980498624745,0.3952222289258536,0.40867980498624745
qwen,appod,H24,24,crowdbot,crowdbot__defaced_2021-04-24-11-55-30,1815,0.46831955922865015,0.3677245696400626,0.35794923879599866,0.31462566427622596,0.35794923879599866
qwen,appod,H24,24,huron,huron__bww1_Feb-16-2023-bww1-intloss_00000000,342,0.8976608187134503,0.549802761341223,0.3608118657298985,0.3664712684930414,0.3608118657298985
qwen,appod,H24,24,huron,huron__bww1_Feb-16-2023-bww1-intloss_00000001,1674,0.9157706093189965,0.6380778588807786,0.39285714285714285,0.4194085757479466,0.39285714285714285
qwen,appod,H24,24,huron,huron__bww1_Feb-16-2023-bww1-intloss_00000002,334,0.9491017964071856,0.3251282051282051,0.3241308793456033,0.32462877624167946,0.3241308793456033
qwen,appod,H24,24,huron,huron__bww2_Feb-20-2023-bww2-intloss_00000000,754,0.9230769230769231,0.3971389645776567,0.36171217326663047,0.369658651188502,0.36171217326663047
qwen,appod,H24,24,huron,huron__bww2_Feb-20-2023-bww2-intloss_00000001,819,0.9768009768009768,0.32719836400818,0.33167495854063017,0.3294214535721639,0.33167495854063017
qwen,appod,H24,24,huron,huron__bww2_Feb-20-2023-bww2-intloss_00000002,482,0.9543568464730291,0.3194444444444445,0.3318903318903319,0.3255484784147205,0.3318903318903319
qwen,appod,H24,24,huron,huron__bww8_Feb-03-2023-bww8-intloss_00000000,1095,0.7031963470319634,0.35615079365079366,0.3449388896614596,0.3275362902954947,0.3449388896614596
qwen,appod,H24,24,huron,huron__bww8_Feb-03-2023-bww8-intloss_00000001,1051,0.8820171265461465,0.47336663336663337,0.4001688985402341,0.41631409397645913,0.4001688985402341
qwen,appod,H24,24,huron,huron__bww8_Feb-03-2023-bww8-intloss_00000002,705,0.8382978723404255,0.28509406657018815,0.3256198347107438,0.30401234567901236,0.3256198347107438
qwen,appod,H24,24,huron,huron__cory1_Feb-16-2023-cory1-intloss_00000000,1486,0.9569313593539704,0.3189771197846568,0.3333333333333333,0.32599724896836313,0.3333333333333333
qwen,appod,H24,24,huron,huron__cory1_Feb-16-2023-cory1-intloss_00000001,2154,0.968430826369545,0.40426744256531494,0.4306271887933779,0.41593410944800824,0.4306271887933779
qwen,appod,H24,24,huron,huron__cory1_Feb-16-2023-cory1-intloss_00000002,1653,0.9249848759830611,0.3614144641301191,0.38857150484529757,0.3699482958742218,0.38857150484529757
qwen,appod,H24,24,huron,huron__soda3_Feb-21-2023-soda3-intloss_00000000,2414,0.8819386909693455,0.38225211460014186,0.3752555951466033,0.37784566774479345,0.3752555951466033
qwen,appod,H24,24,huron,huron__soda3_Feb-21-2023-soda3-intloss_00000001,1368,0.7083333333333334,0.43768311062742854,0.49104962150518067,0.4463732229372746,0.49104962150518067
qwen,appod,H24,24,huron,huron__soda3_Feb-21-2023-soda3-intloss_00000002,531,0.9548022598870056,0.4305555555555556,0.3495648570244509,0.3559143559143559,0.3495648570244509
qwen,appod,H24,24,pal,pal__rosbag2_2025_07_11-13_23_07,2151,0.8126452812645282,0.3333333333333333,0.2708817604215094,0.29888005471488416,0.2708817604215094
qwen,appod,H24,24,pal,pal__rosbag2_2025_07_11-13_37_37,3038,0.6290322580645161,0.3645152242155143,0.3498820112111916,0.3336791269564438,0.3498820112111916
qwen,appod,H24,24,pal,pal__rosbag2_2025_07_11-13_55_25,4060,0.388423645320197,0.27807526252118225,0.3591974529439816,0.2745048120575978,0.3591974529439816
qwen,appod,H26,26,crowdbot,crowdbot__defaced_2021-04-24-11-20-18,1619,0.5985176034589252,0.34629534985486043,0.3550748452285717,0.35054608999563125,0.3550748452285717
qwen,appod,H26,26,crowdbot,crowdbot__defaced_2021-04-24-11-23-43,1032,0.5271317829457365,0.33794467691264846,0.32893053650416904,0.32591983180218476,0.32893053650416904
qwen,appod,H26,26,crowdbot,crowdbot__defaced_2021-04-24-11-35-54,1211,0.4962840627580512,0.4106825781159922,0.3825283660678922,0.3239774787670579,0.3825283660678922
qwen,appod,H26,26,crowdbot,crowdbot__defaced_2021-04-24-11-40-33,986,0.4827586206896552,0.3727353883316704,0.3775830076986371,0.33413403348043874,0.3775830076986371
qwen,appod,H26,26,crowdbot,crowdbot__defaced_2021-04-24-11-43-54,583,0.45969125214408235,0.3929840409515206,0.33342718708572366,0.29790659845452944,0.33342718708572366
qwen,appod,H26,26,crowdbot,crowdbot__defaced_2021-04-24-11-48-21,1555,0.5942122186495177,0.44793105867351857,0.43080217848780095,0.4168057712518754,0.43080217848780095
qwen,appod,H26,26,crowdbot,crowdbot__defaced_2021-04-24-11-55-30,1815,0.4809917355371901,0.3803942030975553,0.3667183224107065,0.3221702001834865,0.3667183224107065
qwen,appod,H26,26,huron,huron__bww1_Feb-16-2023-bww1-intloss_00000000,342,0.8947368421052632,0.5211406096361849,0.351288056206089,0.3497875122589081,0.351288056206089
qwen,appod,H26,26,huron,huron__bww1_Feb-16-2023-bww1-intloss_00000001,1674,0.910394265232975,0.6364186327888687,0.375,0.39156456837065196,0.375
qwen,appod,H26,26,huron,huron__bww1_Feb-16-2023-bww1-intloss_00000002,334,0.9520958083832335,0.35946502057613167,0.36579754601226994,0.36216524216524215,0.36579754601226994
qwen,appod,H26,26,huron,huron__bww2_Feb-20-2023-bww2-intloss_00000000,754,0.9190981432360743,0.3941289437585734,0.36691579772165633,0.37471931862175767,0.36691579772165633
qwen,appod,H26,26,huron,huron__bww2_Feb-20-2023-bww2-intloss_00000001,819,0.9804639804639804,0.32722086389568056,0.33291873963515756,0.3300452116728319,0.33291873963515756
qwen,appod,H26,26,huron,huron__bww2_Feb-20-2023-bww2-intloss_00000002,482,0.941908713692946,0.3192686357243319,0.32756132756132755,0.32336182336182334,0.32756132756132755
qwen,appod,H26,26,huron,huron__bww8_Feb-03-2023-bww8-intloss_00000000,1095,0.6894977168949772,0.34083771614514363,0.34031582688236844,0.3249176066265003,0.34031582688236844
qwen,appod,H26,26,huron,huron__bww8_Feb-03-2023-bww8-intloss_00000001,1051,0.8801141769743102,0.46743873783148704,0.40690627987044925,0.4225625715280888,0.40690627987044925
qwen,appod,H26,26,huron,huron__bww8_Feb-03-2023-bww8-intloss_00000002,705,0.8382978723404255,0.30627116594097725,0.3297637062041671,0.31162986255455477,0.3297637062041671
qwen,appod,H26,26,huron,huron__cory1_Feb-16-2023-cory1-intloss_00000000,1486,0.9569313593539704,0.3189771197846568,0.3333333333333333,0.32599724896836313,0.3333333333333333
qwen,appod,H26,26,huron,huron__cory1_Feb-16-2023-cory1-intloss_00000001,2154,0.968430826369545,0.406577417173766,0.4087233365170328,0.4076099110427271,0.4087233365170328
qwen,appod,H26,26,huron,huron__cory1_Feb-16-2023-cory1-intloss_00000002,1653,0.9237749546279492,0.3692664846927853,0.40880251296973585,0.38092765163536346,0.40880251296973585
qwen,appod,H26,26,huron,huron__soda3_Feb-21-2023-soda3-intloss_00000000,2414,0.8769676884838442,0.3669467787114846,0.3625328955029228,0.3639207172125343,0.3625328955029228
qwen,appod,H26,26,huron,huron__soda3_Feb-21-2023-soda3-intloss_00000001,1368,0.6944444444444444,0.4306544908521808,0.48250883660249705,0.4374426266990175,0.48250883660249705
qwen,appod,H26,26,huron,huron__soda3_Feb-21-2023-soda3-intloss_00000002,531,0.9510357815442562,0.38605830164765526,0.3482525210664456,0.35272942187835804,0.3482525210664456
qwen,appod,H26,26,pal,pal__rosbag2_2025_07_11-13_23_07,2151,0.8182240818224081,0.3333333333333333,0.2727413606074694,0.3000085229694025,0.2727413606074694
qwen,appod,H26,26,pal,pal__rosbag2_2025_07_11-13_37_37,3038,0.6405529953917051,0.38100647914972213,0.35937036539071543,0.346171324698932,0.35937036539071543
qwen,appod,H26,26,pal,pal__rosbag2_2025_07_11-13_55_25,4060,0.41674876847290643,0.2940865141516577,0.38051810709977846,0.3049128226449144,0.38051810709977846
qwen,appod,H28,28,crowdbot,crowdbot__defaced_2021-04-24-11-20-18,1619,0.5997529339098209,0.3706631196663496,0.36920300822324564,0.3687181828970925,0.36920300822324564
qwen,appod,H28,28,crowdbot,crowdbot__defaced_2021-04-24-11-23-43,1032,0.5310077519379846,0.34362859362859366,0.3324240042332609,0.33096161411791153,0.3324240042332609
qwen,appod,H28,28,crowdbot,crowdbot__defaced_2021-04-24-11-35-54,1211,0.49380677126341865,0.4040502369155632,0.37802882039095076,0.3250484502369872,0.37802882039095076
qwen,appod,H28,28,crowdbot,crowdbot__defaced_2021-04-24-11-40-33,986,0.47565922920892495,0.38297327415448074,0.37429554445218366,0.3371108610855955,0.37429554445218366
qwen,appod,H28,28,crowdbot,crowdbot__defaced_2021-04-24-11-43-54,583,0.451114922813036,0.40043691137996745,0.3372108442322781,0.3083267185714366,0.3372108442322781
qwen,appod,H28,28,crowdbot,crowdbot__defaced_2021-04-24-11-48-21,1555,0.5942122186495177,0.448754850615281,0.44173882355442906,0.42544086851666574,0.44173882355442906
qwen,appod,H28,28,crowdbot,crowdbot__defaced_2021-04-24-11-55-30,1815,0.4738292011019284,0.38686348328189707,0.39188204915013064,0.33694041740559805,0.39188204915013064
qwen,appod,H28,28,huron,huron__bww1_Feb-16-2023-bww1-intloss_00000000,342,0.8976608187134503,0.549802761341223,0.3608118657298985,0.3664712684930414,0.3608118657298985
qwen,appod,H28,28,huron,huron__bww1_Feb-16-2023-bww1-intloss_00000001,1674,0.9074074074074074,0.6024989923417977,0.36860406171783416,0.3807973724943107,0.36860406171783416
qwen,appod,H28,28,huron,huron__bww1_Feb-16-2023-bww1-intloss_00000002,334,0.9491017964071856,0.3251282051282051,0.3241308793456033,0.32462877624167946,0.3241308793456033
qwen,appod,H28,28,huron,huron__bww2_Feb-20-2023-bww2-intloss_00000000,754,0.9217506631299734,0.3718040811982866,0.34799991963514354,0.3509543197043197,0.34799991963514354
qwen,appod,H28,28,huron,huron__bww2_Feb-20-2023-bww2-intloss_00000001,819,0.978021978021978,0.3272058823529412,0.332089552238806,0.32962962962962966,0.332089552238806
qwen,appod,H28,28,huron,huron__bww2_Feb-20-2023-bww2-intloss_00000002,482,0.9564315352697096,0.3194733194733195,0.33261183261183264,0.3259102156238954,0.33261183261183264
qwen,appod,H28,28,huron,huron__bww8_Feb-03-2023-bww8-intloss_00000000,1095,0.6986301369863014,0.3395114942528736,0.33794867040590865,0.31650338636005676,0.33794867040590865
qwen,appod,H28,28,huron,huron__bww8_Feb-03-2023-bww8-intloss_00000001,1051,0.8877259752616555,0.4936089936089936,0.4122887608229628,0.4318848619329388,0.4122887608229628
qwen,appod,H28,28,huron,huron__bww8_Feb-03-2023-bww8-intloss_00000002,705,0.8524822695035461,0.3416785884597044,0.3352733480774454,0.31540647491567736,0.3352733480774454
qwen,appod,H28,28,huron,huron__cory1_Feb-16-2023-cory1-intloss_00000000,1486,0.9569313593539704,0.3189771197846568,0.3333333333333333,0.32599724896836313,0.3333333333333333
qwen,appod,H28,28,huron,huron__cory1_Feb-16-2023-cory1-intloss_00000001,2154,0.9661095636025998,0.40534938480416544,0.42983126392868515,0.4163429742443296,0.42983126392868515
qwen,appod,H28,28,huron,huron__cory1_Feb-16-2023-cory1-intloss_00000002,1653,0.9274047186932849,0.36324319402713284,0.3894079749414916,0.37189385218239845,0.3894079749414916
qwen,appod,H28,28,huron,huron__soda3_Feb-21-2023-soda3-intloss_00000000,2414,0.87986743993372,0.37888070800256246,0.3729406832949067,0.37512614936084326,0.3729406832949067
qwen,appod,H28,28,huron,huron__soda3_Feb-21-2023-soda3-intloss_00000001,1368,0.7046783625730995,0.43545941741182453,0.488637570351492,0.44413821861686814,0.488637570351492
qwen,appod,H28,28,huron,huron__soda3_Feb-21-2023-soda3-intloss_00000002,531,0.9548022598870056,0.45335868187579215,0.36645254869457106,0.3811519449817322,0.36645254869457106
qwen,appod,H28,28,pal,pal__rosbag2_2025_07_11-13_23_07,2151,0.8042770804277081,0.3333333333333333,0.2680923601425694,0.2971742678003951,0.2680923601425694
qwen,appod,H28,28,pal,pal__rosbag2_2025_07_11-13_37_37,3038,0.6342988808426596,0.371409264170906,0.3533032980958521,0.3375168739323131,0.3533032980958521
qwen,appod,H28,28,pal,pal__rosbag2_2025_07_11-13_55_25,4060,0.4064039408866995,0.28290758840199715,0.3716474515414177,0.2961319055571929,0.3716474515414177
qwen,appod,H30,30,crowdbot,crowdbot__defaced_2021-04-24-11-20-18,1619,0.5836936380481779,0.36406357027903985,0.3747160421756646,0.36559406050200066,0.3747160421756646
qwen,appod,H30,30,crowdbot,crowdbot__defaced_2021-04-24-11-23-43,1032,0.5213178294573644,0.34158119658119657,0.3333795704062184,0.33595852440310886,0.3333795704062184
qwen,appod,H30,30,crowdbot,crowdbot__defaced_2021-04-24-11-35-54,1211,0.5317919075144508,0.40699743370402053,0.39262540481349456,0.35641125217964104,0.39262540481349456
qwen,appod,H30,30,crowdbot,crowdbot__defaced_2021-04-24-11-40-33,986,0.49594320486815413,0.375111864510316,0.37584293387796736,0.35356672313194054,0.37584293387796736
qwen,appod,H30,30,crowdbot,crowdbot__defaced_2021-04-24-11-43-54,583,0.4425385934819897,0.385557496652535,0.3300637387850987,0.3145905789639239,0.3300637387850987
qwen,appod,H30,30,crowdbot,crowdbot__defaced_2021-04-24-11-48-21,1555,0.6263665594855305,0.46324193626711935,0.46216832163365323,0.45319571761410504,0.46216832163365323
qwen,appod,H30,30,crowdbot,crowdbot__defaced_2021-04-24-11-55-30,1815,0.4953168044077135,0.37235032024505704,0.36801619410392217,0.34152342556402476,0.36801619410392217
qwen,appod,H30,30,huron,huron__bww1_Feb-16-2023-bww1-intloss_00000000,342,0.8918128654970761,0.46470588235294114,0.34176424668227945,0.3322299043229276,0.34176424668227945
qwen,appod,H30,30,huron,huron__bww1_Feb-16-2023-bww1-intloss_00000001,1674,0.910394265232975,0.5998785670916819,0.3802870449577036,0.3995115995115995,0.3802870449577036
qwen,appod,H30,30,huron,huron__bww1_Feb-16-2023-bww1-intloss_00000002,334,0.9491017964071856,0.3251282051282051,0.3241308793456033,0.32462877624167946,0.3241308793456033
qwen,appod,H30,30,huron,huron__bww2_Feb-20-2023-bww2-intloss_00000000,754,0.9190981432360743,0.4009543702345169,0.373535852771583,0.38220705003677785,0.373535852771583
qwen,appod,H30,30,huron,huron__bww2_Feb-20-2023-bww2-intloss_00000001,819,0.9804639804639804,0.32722086389568056,0.33291873963515756,0.3300452116728319,0.33291873963515756
qwen,appod,H30,30,huron,huron__bww2_Feb-20-2023-bww2-intloss_00000002,482,0.9522821576763485,0.31941544885177453,0.33116883116883117,0.32518597236981933,0.33116883116883117
qwen,appod,H30,30,huron,huron__bww8_Feb-03-2023-bww8-intloss_00000000,1095,0.6858447488584475,0.33759421627441927,0.3386470742749424,0.32344426087640626,0.3386470742749424
qwen,appod,H30,30,huron,huron__bww8_Feb-03-2023-bww8-intloss_00000001,1051,0.8839200761179828,0.4792967124427799,0.4307376782946815,0.4466703796528358,0.4307376782946815
qwen,appod,H30,30,huron,huron__bww8_Feb-03-2023-bww8-intloss_00000002,705,0.851063829787234,0.377652606759235,0.34301012687696425,0.3307797743104452,0.34301012687696425
qwen,appod,H30,30,huron,huron__cory1_Feb-16-2023-cory1-intloss_00000000,1486,0.9569313593539704,0.3189771197846568,0.3333333333333333,0.32599724896836313,0.3333333333333333
qwen,appod,H30,30,huron,huron__cory1_Feb-16-2023-cory1-intloss_00000001,2154,0.9675023212627669,0.3885428526778738,0.375549188156638,0.38033742004017124,0.375549188156638
qwen,appod,H30,30,huron,huron__cory1_Feb-16-2023-cory1-intloss_00000002,1653,0.9213551119177253,0.36743721828718606,0.4079660428735417,0.3788382845988729,0.4079660428735417
qwen,appod,H30,30,huron,huron__soda3_Feb-21-2023-soda3-intloss_00000000,2414,0.896023198011599,0.41517988252569743,0.39754069726821767,0.4042379723589849,0.39754069726821767
qwen,appod,H30,30,huron,huron__soda3_Feb-21-2023-soda3-intloss_00000001,1368,0.7090643274853801,0.43445217147171417,0.4851256845522536,0.44455947712418303,0.4851256845522536
qwen,appod,H30,30,huron,huron__soda3_Feb-21-2023-soda3-intloss_00000002,531,0.9585687382297552,0.4879365079365079,0.3846525763226965,0.40655695385608254,0.3846525763226965
qwen,appod,H30,30,pal,pal__rosbag2_2025_07_11-13_23_07,2151,0.8661087866108786,0.3333333333333333,0.28870292887029286,0.30941704035874434,0.28870292887029286
qwen,appod,H30,30,pal,pal__rosbag2_2025_07_11-13_37_37,3038,0.6362738643844634,0.3693435886811347,0.3491880619828736,0.327001343741066,0.3491880619828736
qwen,appod,H30,30,pal,pal__rosbag2_2025_07_11-13_55_25,4060,0.39876847290640394,0.29077652457766767,0.367729249067295,0.28459088410721334,0.367729249067295
qwen,appod,H32,32,crowdbot,crowdbot__defaced_2021-04-24-11-20-18,1619,0.6331068560840025,0.39666202948578405,0.3955880233220183,0.395223712669766,0.3955880233220183
qwen,appod,H32,32,crowdbot,crowdbot__defaced_2021-04-24-11-23-43,1032,0.5436046511627907,0.3558446725551046,0.3421980076959039,0.34260622611511726,0.3421980076959039
qwen,appod,H32,32,crowdbot,crowdbot__defaced_2021-04-24-11-35-54,1211,0.4921552436003303,0.40403769258731087,0.3765668320868572,0.32547175481491625,0.3765668320868572
qwen,appod,H32,32,crowdbot,crowdbot__defaced_2021-04-24-11-40-33,986,0.4847870182555781,0.37846363315110065,0.3730840853745882,0.3408317898506432,0.3730840853745882
qwen,appod,H32,32,crowdbot,crowdbot__defaced_2021-04-24-11-43-54,583,0.4425385934819897,0.4166181728566937,0.34794963324157707,0.33543761901678026,0.34794963324157707
qwen,appod,H32,32,crowdbot,crowdbot__defaced_2021-04-24-11-48-21,1555,0.6090032154340836,0.4475686960508865,0.42862953848217406,0.42012217039871835,0.42862953848217406
qwen,appod,H32,32,crowdbot,crowdbot__defaced_2021-04-24-11-55-30,1815,0.4826446280991736,0.39106880164441854,0.3964668485038987,0.34470269604027187,0.3964668485038987
qwen,appod,H32,32,huron,huron__bww1_Feb-16-2023-bww1-intloss_00000000,342,0.8918128654970761,0.297270955165692,0.3333333333333333,0.31427099433281813,0.3333333333333333
qwen,appod,H32,32,huron,huron__bww1_Feb-16-2023-bww1-intloss_00000001,1674,0.9044205495818399,0.5486178776147964,0.36573282007413743,0.3757604128279444,0.36573282007413743
qwen,appod,H32,32,huron,huron__bww1_Feb-16-2023-bww1-intloss_00000002,334,0.9550898203592815,0.32517838939857285,0.3261758691206544,0.32567636549259826,0.3261758691206544
qwen,appod,H32,32,huron,huron__bww2_Feb-20-2023-bww2-intloss_00000000,754,0.9217506631299734,0.3718040811982866,0.34799991963514354,0.3509543197043197,0.34799991963514354
qwen,appod,H32,32,huron,huron__bww2_Feb-20-2023-bww2-intloss_00000001,819,0.9804639804639804,0.32722086389568056,0.33291873963515756,0.3300452116728319,0.33291873963515756
qwen,appod,H32,32,huron,huron__bww2_Feb-20-2023-bww2-intloss_00000002,482,0.9585062240663901,0.3195020746887967,0.3333333333333333,0.32627118644067793,0.3333333333333333
qwen,appod,H32,32,huron,huron__bww8_Feb-03-2023-bww8-intloss_00000000,1095,0.6922374429223744,0.3150684931506849,0.3293066950972666,0.30274376950905885,0.3293066950972666
qwen,appod,H32,32,huron,huron__bww8_Feb-03-2023-bww8-intloss_00000001,1051,0.8839200761179828,0.49179736396436197,0.4008927494269514,0.4193985832687326,0.4008927494269514
qwen,appod,H32,32,huron,huron__bww8_Feb-03-2023-bww8-intloss_00000002,705,0.8581560283687943,0.4533999048977651,0.3416210763201801,0.32558788497532754,0.3416210763201801
qwen,appod,H32,32,huron,huron__cory1_Feb-16-2023-cory1-intloss_00000000,1486,0.9562584118438762,0.31896745230078566,0.3330989217065166,0.32588005962618966,0.3330989217065166
qwen,appod,H32,32,huron,huron__cory1_Feb-16-2023-cory1-intloss_00000001,2154,0.9712163416898792,0.43634096930029603,0.38777459407831905,0.40276137228653175,0.38777459407831905
qwen,appod,H32,32,huron,huron__cory1_Feb-16-2023-cory1-intloss_00000002,1653,0.9346642468239564,0.3624543823838684,0.3781512231150502,0.3687003934333557,0.3781512231150502
qwen,appod,H32,32,huron,huron__soda3_Feb-21-2023-soda3-intloss_00000000,2414,0.8869096934548467,0.3794122544122544,0.3661659563566921,0.3699574686565507,0.3661659563566921
qwen,appod,H32,32,huron,huron__soda3_Feb-21-2023-soda3-intloss_00000001,1368,0.7185672514619883,0.4355561154502954,0.4831156419241796,0.4475550703127502,0.4831156419241796
qwen,appod,H32,32,huron,huron__soda3_Feb-21-2023-soda3-intloss_00000002,531,0.9510357815442562,0.38605830164765526,0.3482525210664456,0.35272942187835804,0.3482525210664456
qwen,appod,H32,32,pal,pal__rosbag2_2025_07_11-13_23_07,2151,0.901441190144119,0.3333333333333333,0.30048039671470633,0.3160554197229014,0.30048039671470633
qwen,appod,H32,32,pal,pal__rosbag2_2025_07_11-13_37_37,3038,0.6609611586570112,0.4099143573878638,0.36815606034476067,0.35206482780115317,0.36815606034476067
qwen,appod,H32,32,pal,pal__rosbag2_2025_07_11-13_55_25,4060,0.4051724137931034,0.2908573169924318,0.37375915172936125,0.2886856859168648,0.37375915172936125
internvl,appfr,H02,2,crowdbot,crowdbot__defaced_2021-04-24-11-20-18,1619,0.7010500308832612,0.32786221574478913,0.3339459327005542,0.2825186943367845,0.3339459327005542
internvl,appfr,H02,2,crowdbot,crowdbot__defaced_2021-04-24-11-23-43,1032,0.5184108527131783,0.27884189301512136,0.3066416986473088,0.2681393956558613,0.3066416986473088
internvl,appfr,H02,2,crowdbot,crowdbot__defaced_2021-04-24-11-35-54,1211,0.3905862923203964,0.3849006743211227,0.33884054425572563,0.20337474843238026,0.33884054425572563
internvl,appfr,H02,2,crowdbot,crowdbot__defaced_2021-04-24-11-40-33,986,0.3630831643002028,0.28760162601626016,0.3329985375587558,0.178535597050544,0.3329985375587558
internvl,appfr,H02,2,crowdbot,crowdbot__defaced_2021-04-24-11-43-54,583,0.4922813036020583,0.16409376786735277,0.3333333333333333,0.21992337164750955,0.3333333333333333
internvl,appfr,H02,2,crowdbot,crowdbot__defaced_2021-04-24-11-48-21,1555,0.46688102893890676,0.30561005834667215,0.32690173986225374,0.24253945901543159,0.32690173986225374
internvl,appfr,H02,2,crowdbot,crowdbot__defaced_2021-04-24-11-55-30,1815,0.409366391184573,0.27862178276742083,0.3108833639211948,0.23321087505716834,0.3108833639211948
internvl,appfr,H02,2,huron,huron__bww1_Feb-16-2023-bww1-intloss_00000000,342,0.9152046783625731,0.5207023060796646,0.46854020296643245,0.4883786308276881,0.46854020296643245
internvl,appfr,H02,2,huron,huron__bww1_Feb-16-2023-bww1-intloss_00000001,1674,0.8978494623655914,0.47366203118415506,0.4144013560181225,0.4328055520924241,0.4144013560181225
internvl,appfr,H02,2,huron,huron__bww1_Feb-16-2023-bww1-intloss_00000002,334,0.937125748502994,0.4186673100896771,0.6045501022494887,0.45560821484992103,0.6045501022494887
internvl,appfr,H02,2,huron,huron__bww2_Feb-20-2023-bww2-intloss_00000000,754,0.8222811671087533,0.35669864598217327,0.3854097603118157,0.3579849159361757,0.3854097603118157
internvl,appfr,H02,2,huron,huron__bww2_Feb-20-2023-bww2-intloss_00000001,819,0.8351648351648352,0.3498655022083324,0.48539354509503757,0.3388305667713474,0.48539354509503757
internvl,appfr,H02,2,huron,huron__bww2_Feb-20-2023-bww2-intloss_00000002,482,0.8423236514522822,0.34231740481740486,0.4011544011544011,0.3394272141424761,0.4011544011544011
internvl,appfr,H02,2,huron,huron__bww8_Feb-03-2023-bww8-intloss_00000000,1095,0.4465753424657534,0.31324478468211664,0.32007293066950976,0.28761325872695775,0.32007293066950976
internvl,appfr,H02,2,huron,huron__bww8_Feb-03-2023-bww8-intloss_00000001,1051,0.8420551855375833,0.44183118290001294,0.5018606679844465,0.461617153315637,0.5018606679844465
internvl,appfr,H02,2,huron,huron__bww8_Feb-03-2023-bww8-intloss_00000002,705,0.8340425531914893,0.36149322975670284,0.3571179140961471,0.3531271517655388,0.3571179140961471
internvl,appfr,H02,2,huron,huron__cory1_Feb-16-2023-cory1-intloss_00000000,1486,0.901749663526245,0.3181386514719848,0.3141115799343647,0.3161122906345836,0.3141115799343647
internvl,appfr,H02,2,huron,huron__cory1_Feb-16-2023-cory1-intloss_00000001,2154,0.9419684308263695,0.38237917504067376,0.5420248328557784,0.4090172707853314,0.5420248328557784
internvl,appfr,H02,2,huron,huron__cory1_Feb-16-2023-cory1-intloss_00000002,1653,0.8917120387174834,0.3818706892128622,0.5147316621728645,0.4003310838884504,0.5147316621728645
internvl,appfr,H02,2,huron,huron__soda3_Feb-21-2023-soda3-intloss_00000000,2414,0.8653686826843413,0.44448926723924914,0.5592794429306691,0.472184687229315,0.5592794429306691
internvl,appfr,H02,2,huron,huron__soda3_Feb-21-2023-soda3-intloss_00000001,1368,0.6469298245614035,0.4089788049760655,0.45427721901121076,0.40769166998275636,0.45427721901121076
internvl,appfr,H02,2,huron,huron__soda3_Feb-21-2023-soda3-intloss_00000002,531,0.9472693032015066,0.42649676375404527,0.4144909517889211,0.4197737746124843,0.4144909517889211
internvl,appfr,H02,2,pal,pal__rosbag2_2025_07_11-13_23_07,2151,0.9339841933984193,0.3333333333333333,0.31132806446613975,0.3219551282051282,0.31132806446613975
internvl,appfr,H02,2,pal,pal__rosbag2_2025_07_11-13_37_37,3038,0.43219223173140225,0.20888705335291236,0.23026017711700045,0.2180111243767371,0.23026017711700045
internvl,appfr,H02,2,pal,pal__rosbag2_2025_07_11-13_55_25,4060,0.3396551724137931,0.2390792540792541,0.3082173412998962,0.2515393876570404,0.3082173412998962
internvl,appfr,H04,4,crowdbot,crowdbot__defaced_2021-04-24-11-20-18,1619,0.705373687461396,0.23512456248713198,0.3333333333333333,0.2757455028371363,0.3333333333333333
internvl,appfr,H04,4,crowdbot,crowdbot__defaced_2021-04-24-11-23-43,1032,0.42441860465116277,0.22920335472204792,0.2540470282405766,0.23498062015503876,0.2540470282405766
internvl,appfr,H04,4,crowdbot,crowdbot__defaced_2021-04-24-11-35-54,1211,0.3872832369942196,0.4379227053140096,0.3387997716735398,0.19576859698681737,0.3387997716735398
internvl,appfr,H04,4,crowdbot,crowdbot__defaced_2021-04-24-11-40-33,986,0.3630831643002028,0.12102772143340094,0.3333333333333333,0.1775793650793651,0.3333333333333333
internvl,appfr,H04,4,crowdbot,crowdbot__defaced_2021-04-24-11-43-54,583,0.4922813036020583,0.16409376786735277,0.3333333333333333,0.21992337164750955,0.3333333333333333
internvl,appfr,H04,4,crowdbot,crowdbot__defaced_2021-04-24-11-48-21,1555,0.4810289389067524,0.381223536282669,0.3376409093771648,0.23207507488609083,0.3376409093771648
internvl,appfr,H04,4,crowdbot,crowdbot__defaced_2021-04-24-11-55-30,1815,0.40055096418732783,0.22834856414462915,0.3109458915939149,0.20407186149232973,0.3109458915939149
internvl,appfr,H04,4,huron,huron__bww1_Feb-16-2023-bww1-intloss_00000000,342,0.9239766081871345,0.5549242424242424,0.48024980483996876,0.5071345029239765,0.48024980483996876
internvl,appfr,H04,4,huron,huron__bww1_Feb-16-2023-bww1-intloss_00000001,1674,0.8876941457586619,0.42276042672412334,0.3683347590533219,0.37726865891963907,0.3683347590533219
internvl,appfr,H04,4,huron,huron__bww1_Feb-16-2023-bww1-intloss_00000002,334,0.907185628742515,0.40170940170940167,0.6349693251533742,0.43016868240426676,0.6349693251533742
internvl,appfr,H04,4,huron,huron__bww2_Feb-20-2023-bww2-intloss_00000000,754,0.7877984084880637,0.37204973027588334,0.44595463403853497,0.37183488147250676,0.44595463403853497
internvl,appfr,H04,4,huron,huron__bww2_Feb-20-2023-bww2-intloss_00000001,819,0.7814407814407814,0.3471062308829089,0.4923778543181528,0.3227418745275888,0.4923778543181528
internvl,appfr,H04,4,huron,huron__bww2_Feb-20-2023-bww2-intloss_00000002,482,0.6929460580912863,0.3373602892833662,0.4033189033189033,0.298974358974359,0.4033189033189033
internvl,appfr,H04,4,huron,huron__bww8_Feb-03-2023-bww8-intloss_00000000,1095,0.4474885844748858,0.3149317999284591,0.3229422580695005,0.28892150467492933,0.3229422580695005
internvl,appfr,H04,4,huron,huron__bww8_Feb-03-2023-bww8-intloss_00000001,1051,0.8411037107516651,0.43294556481369667,0.47414089107900176,0.4484600258310741,0.47414089107900176
internvl,appfr,H04,4,huron,huron__bww8_Feb-03-2023-bww8-intloss_00000002,705,0.8382978723404255,0.353921568627451,0.3463391921778605,0.3387429744920017,0.3463391921778605
internvl,appfr,H04,4,huron,huron__cory1_Feb-16-2023-cory1-intloss_00000000,1486,0.9071332436069987,0.3182247403210576,0.31598687294889827,0.3171018583862621,0.31598687294889827
internvl,appfr,H04,4,huron,huron__cory1_Feb-16-2023-cory1-intloss_00000001,2154,0.9512534818941504,0.3639446036294174,0.4028334925183063,0.3769075665923804,0.4028334925183063
internvl,appfr,H04,4,huron,huron__cory1_Feb-16-2023-cory1-intloss_00000002,1653,0.8862673926194797,0.3807501719938268,0.5197326855139397,0.3981420765027322,0.5197326855139397
internvl,appfr,H04,4,huron,huron__soda3_Feb-21-2023-soda3-intloss_00000000,2414,0.8653686826843413,0.36714156516654106,0.36920049372365443,0.36816376128220724,0.36920049372365443
internvl,appfr,H04,4,huron,huron__soda3_Feb-21-2023-soda3-intloss_00000001,1368,0.6345029239766082,0.41250014298296783,0.458888939455999,0.40424371352206406,0.458888939455999
internvl,appfr,H04,4,huron,huron__soda3_Feb-21-2023-soda3-intloss_00000002,531,0.943502824858757,0.4228962818003914,0.4300663075010361,0.42641101129815556,0.4300663075010361
internvl,appfr,H04,4,pal,pal__rosbag2_2025_07_11-13_23_07,2151,0.9716410971641097,0.3333333333333333,0.3238803657213699,0.328538866619508,0.3238803657213699
internvl,appfr,H04,4,pal,pal__rosbag2_2025_07_11-13_37_37,3038,0.47333772218564846,0.22092488205160246,0.2512789839012331,0.23261977410059478,0.2512789839012331
internvl,appfr,H04,4,pal,pal__rosbag2_2025_07_11-13_55_25,4060,0.31724137931034485,0.22390960755960587,0.29702432045779686,0.21311662518074115,0.29702432045779686
internvl,appfr,H06,6,crowdbot,crowdbot__defaced_2021-04-24-11-20-18,1619,0.705373687461396,0.23512456248713198,0.3333333333333333,0.2757455028371363,0.3333333333333333
internvl,appfr,H06,6,crowdbot,crowdbot__defaced_2021-04-24-11-23-43,1032,0.5804263565891473,0.36446331109763497,0.3442118890926745,0.3007015772281619,0.3442118890926745
internvl,appfr,H06,6,crowdbot,crowdbot__defaced_2021-04-24-11-35-54,1211,0.41288191577208916,0.40732654051431344,0.34963945388038487,0.2300708984031907,0.34963945388038487
internvl,appfr,H06,6,crowdbot,crowdbot__defaced_2021-04-24-11-40-33,986,0.37018255578093306,0.4180977292543311,0.33717265801194607,0.18766682491955478,0.33717265801194607
internvl,appfr,H06,6,crowdbot,crowdbot__defaced_2021-04-24-11-43-54,583,0.4922813036020583,0.16409376786735277,0.3333333333333333,0.21992337164750955,0.3333333333333333
internvl,appfr,H06,6,crowdbot,crowdbot__defaced_2021-04-24-11-48-21,1555,0.4797427652733119,0.4137662867487697,0.3370094292633496,0.22553789869774998,0.3370094292633496
internvl,appfr,H06,6,crowdbot,crowdbot__defaced_2021-04-24-11-55-30,1815,0.4044077134986226,0.2621686796075466,0.31058846989715044,0.21888526816969153,0.31058846989715044
internvl,appfr,H06,6,huron,huron__bww1_Feb-16-2023-bww1-intloss_00000000,342,0.7777777777777778,0.4116282124250252,0.5014832162373146,0.4212439572151802,0.5014832162373146
internvl,appfr,H06,6,huron,huron__bww1_Feb-16-2023-bww1-intloss_00000001,1674,0.7365591397849462,0.3881648596356733,0.4584996673320026,0.3866657087434442,0.4584996673320026
internvl,appfr,H06,6,huron,huron__bww1_Feb-16-2023-bww1-intloss_00000002,334,0.7335329341317365,0.36082474226804123,0.5756646216768916,0.33143308240999186,0.5756646216768916
internvl,appfr,H06,6,huron,huron__bww2_Feb-20-2023-bww2-intloss_00000000,754,0.44562334217506633,0.3568580571506799,0.43006248367588856,0.24996623634558093,0.43006248367588856
internvl,appfr,H06,6,huron,huron__bww2_Feb-20-2023-bww2-intloss_00000001,819,0.5763125763125763,0.34059899155579854,0.44795254496747033,0.2608761001711318,0.44795254496747033
internvl,appfr,H06,6,huron,huron__bww2_Feb-20-2023-bww2-intloss_00000002,482,0.4170124481327801,0.3408394140954156,0.44264069264069267,0.21774745758413436,0.44264069264069267
internvl,appfr,H06,6,huron,huron__bww8_Feb-03-2023-bww8-intloss_00000000,1095,0.3415525114155251,0.3064486411791801,0.31623479967243007,0.2303057752482848,0.31623479967243007
internvl,appfr,H06,6,huron,huron__bww8_Feb-03-2023-bww8-intloss_00000001,1051,0.6470028544243578,0.3968834058094064,0.4948170420483124,0.371512498604422,0.4948170420483124
internvl,appfr,H06,6,huron,huron__bww8_Feb-03-2023-bww8-intloss_00000002,705,0.574468085106383,0.32463369963369965,0.335025026190199,0.2953342602767375,0.335025026190199
internvl,appfr,H06,6,huron,huron__cory1_Feb-16-2023-cory1-intloss_00000000,1486,0.8257065948855989,0.31680867544539115,0.2876230661040788,0.30151124216734243,0.2876230661040788
internvl,appfr,H06,6,huron,huron__cory1_Feb-16-2023-cory1-intloss_00000001,2154,0.7836583101207056,0.3504529709565681,0.5644062400509392,0.3292306994877374,0.5644062400509392
internvl,appfr,H06,6,huron,huron__cory1_Feb-16-2023-cory1-intloss_00000002,1653,0.7150635208711433,0.3566772704590819,0.5156170746683041,0.32493979298355674,0.5156170746683041
internvl,appfr,H06,6,huron,huron__soda3_Feb-21-2023-soda3-intloss_00000000,2414,0.7949461474730737,0.41760370737607505,0.5569156244905563,0.4294401062100787,0.5569156244905563
internvl,appfr,H06,6,huron,huron__soda3_Feb-21-2023-soda3-intloss_00000001,1368,0.4722222222222222,0.3999166088267523,0.4200761540678712,0.3178792272836031,0.4200761540678712
internvl,appfr,H06,6,huron,huron__soda3_Feb-21-2023-soda3-intloss_00000002,531,0.9303201506591338,0.4100215053763441,0.4592485149882581,0.4280952380952381,0.4592485149882581
internvl,appfr,H06,6,pal,pal__rosbag2_2025_07_11-13_23_07,2151,0.46490004649000466,0.3333333333333333,0.1549666821633349,0.21157304559399134,0.1549666821633349
internvl,appfr,H06,6,pal,pal__rosbag2_2025_07_11-13_37_37,3038,0.27880184331797236,0.19170221162160436,0.17873595136844347,0.17936302966364207,0.17873595136844347
internvl,appfr,H06,6,pal,pal__rosbag2_2025_07_11-13_55_25,4060,0.33620689655172414,0.22172665938027233,0.28844455664955543,0.24945092070236694,0.28844455664955543
internvl,appfr,H08,8,crowdbot,crowdbot__defaced_2021-04-24-11-20-18,1619,0.705373687461396,0.23512456248713198,0.3333333333333333,0.2757455028371363,0.3333333333333333
internvl,appfr,H08,8,crowdbot,crowdbot__defaced_2021-04-24-11-23-43,1032,0.5474806201550387,0.5232022670917463,0.32104711557726984,0.2739420612432876,0.32104711557726984
internvl,appfr,H08,8,crowdbot,crowdbot__defaced_2021-04-24-11-35-54,1211,0.38398018166804293,0.45978924015529676,0.33731739707835323,0.19122745362499163,0.33731739707835323
internvl,appfr,H08,8,crowdbot,crowdbot__defaced_2021-04-24-11-40-33,986,0.3661257606490872,0.45473041709053913,0.3351222420989863,0.18153535321368322,0.3351222420989863
internvl,appfr,H08,8,crowdbot,crowdbot__defaced_2021-04-24-11-43-54,583,0.4922813036020583,0.16409376786735277,0.3333333333333333,0.21992337164750955,0.3333333333333333
internvl,appfr,H08,8,crowdbot,crowdbot__defaced_2021-04-24-11-48-21,1555,0.4758842443729904,0.4249462365591398,0.3345688130120399,0.2179002822442774,0.3345688130120399
internvl,appfr,H08,8,crowdbot,crowdbot__defaced_2021-04-24-11-55-30,1815,0.4044077134986226,0.226380307657664,0.3146020705109356,0.2027727154386878,0.3146020705109356
internvl,appfr,H08,8,huron,huron__bww1_Feb-16-2023-bww1-intloss_00000000,342,0.8304093567251462,0.4297924297924298,0.5042935206869633,0.4484739597196345,0.5042935206869633
internvl,appfr,H08,8,huron,huron__bww1_Feb-16-2023-bww1-intloss_00000001,1674,0.7598566308243727,0.3857027835288705,0.44247615879352403,0.3891942246151589,0.44247615879352403
internvl,appfr,H08,8,huron,huron__bww1_Feb-16-2023-bww1-intloss_00000002,334,0.7544910179640718,0.36296296296296293,0.5828220858895706,0.3398018856665473,0.5828220858895706
internvl,appfr,H08,8,huron,huron__bww2_Feb-20-2023-bww2-intloss_00000000,754,0.46419098143236076,0.3614012421398484,0.4499126032186125,0.25974889464143575,0.4499126032186125
internvl,appfr,H08,8,huron,huron__bww2_Feb-20-2023-bww2-intloss_00000001,819,0.5982905982905983,0.34118357487922707,0.4554152315346345,0.2677424453928752,0.4554152315346345
internvl,appfr,H08,8,huron,huron__bww2_Feb-20-2023-bww2-intloss_00000002,482,0.3091286307053942,0.34492753623188405,0.4321789321789322,0.17488531305677527,0.4321789321789322
internvl,appfr,H08,8,huron,huron__bww8_Feb-03-2023-bww8-intloss_00000000,1095,0.32511415525114157,0.29996649074306775,0.31444707118465987,0.21836178146526075,0.31444707118465987
internvl,appfr,H08,8,huron,huron__bww8_Feb-03-2023-bww8-intloss_00000001,1051,0.6517602283539486,0.3977878464818763,0.49662666926510574,0.3738996121060089,0.49662666926510574
internvl,appfr,H08,8,huron,huron__bww8_Feb-03-2023-bww8-intloss_00000002,705,0.5588652482269504,0.3245433961424415,0.341396034609863,0.29300157563025214,0.341396034609863
internvl,appfr,H08,8,huron,huron__cory1_Feb-16-2023-cory1-intloss_00000000,1486,0.8243606998654105,0.31678303594517715,0.2871542428504454,0.3012418541743514,0.2871542428504454
internvl,appfr,H08,8,huron,huron__cory1_Feb-16-2023-cory1-intloss_00000001,2154,0.7780872794800371,0.34028469919790627,0.46392868513212354,0.31645513837475764,0.46392868513212354
internvl,appfr,H08,8,huron,huron__cory1_Feb-16-2023-cory1-intloss_00000002,1653,0.6890502117362372,0.3528784399853582,0.4928588590191943,0.31341672702923645,0.4928588590191943
internvl,appfr,H08,8,huron,huron__soda3_Feb-21-2023-soda3-intloss_00000000,2414,0.8011599005799502,0.41105233597743734,0.5280258040476024,0.42375746849831475,0.5280258040476024
internvl,appfr,H08,8,huron,huron__soda3_Feb-21-2023-soda3-intloss_00000001,1368,0.4861111111111111,0.4021842355175688,0.425491891563889,0.32638162242665303,0.425491891563889
internvl,appfr,H08,8,huron,huron__soda3_Feb-21-2023-soda3-intloss_00000002,531,0.9227871939736346,0.4001152073732719,0.45662384307224757,0.418818552948699,0.45662384307224757
internvl,appfr,H08,8,pal,pal__rosbag2_2025_07_11-13_23_07,2151,0.5834495583449558,0.3333333333333333,0.19448318611498527,0.24564494030142883,0.19448318611498527
internvl,appfr,H08,8,pal,pal__rosbag2_2025_07_11-13_37_37,3038,0.2893350888742594,0.1917671692373132,0.1781671093720678,0.18142391830455393,0.1781671093720678
internvl,appfr,H08,8,pal,pal__rosbag2_2025_07_11-13_55_25,4060,0.31157635467980294,0.2079653668569658,0.2718864484277259,0.2356391777412237,0.2718864484277259
internvl,appfr,H10,10,crowdbot,crowdbot__defaced_2021-04-24-11-20-18,1619,0.705373687461396,0.23512456248713198,0.3333333333333333,0.2757455028371363,0.3333333333333333
internvl,appfr,H10,10,crowdbot,crowdbot__defaced_2021-04-24-11-23-43,1032,0.5794573643410853,0.19315245478036178,0.3333333333333333,0.2445807770961145,0.3333333333333333
internvl,appfr,H10,10,crowdbot,crowdbot__defaced_2021-04-24-11-35-54,1211,0.37654830718414534,0.1255161023947151,0.3333333333333333,0.18236352729454108,0.3333333333333333
internvl,appfr,H10,10,crowdbot,crowdbot__defaced_2021-04-24-11-40-33,986,0.3630831643002028,0.12102772143340094,0.3333333333333333,0.1775793650793651,0.3333333333333333
internvl,appfr,H10,10,crowdbot,crowdbot__defaced_2021-04-24-11-43-54,583,0.4922813036020583,0.16409376786735277,0.3333333333333333,0.21992337164750955,0.3333333333333333
internvl,appfr,H10,10,crowdbot,crowdbot__defaced_2021-04-24-11-48-21,1555,0.4739549839228296,0.1579849946409432,0.3333333333333333,0.21436881908086095,0.3333333333333333
internvl,appfr,H10,10,crowdbot,crowdbot__defaced_2021-04-24-11-55-30,1815,0.42534435261707987,0.14178145087235997,0.3333333333333333,0.19894343512433962,0.3333333333333333
internvl,appfr,H10,10,huron,huron__bww1_Feb-16-2023-bww1-intloss_00000000,342,0.7309941520467836,0.4113960113960114,0.5261514441842311,0.4083085071168487,0.5261514441842311
internvl,appfr,H10,10,huron,huron__bww1_Feb-16-2023-bww1-intloss_00000001,1674,0.6541218637992832,0.39863445556876215,0.5107245825808701,0.37010824249237717,0.5107245825808701
internvl,appfr,H10,10,huron,huron__bww1_Feb-16-2023-bww1-intloss_00000002,334,0.655688622754491,0.35501355013550134,0.549079754601227,0.302661568131311,0.549079754601227
internvl,appfr,H10,10,huron,huron__bww2_Feb-20-2023-bww2-intloss_00000000,754,0.3859416445623342,0.36216204681731856,0.44191630000200915,0.22682388270623563,0.44191630000200915
internvl,appfr,H10,10,huron,huron__bww2_Feb-20-2023-bww2-intloss_00000001,819,0.4713064713064713,0.33827056848165027,0.4122974869243526,0.22660737688756027,0.4122974869243526
internvl,appfr,H10,10,huron,huron__bww2_Feb-20-2023-bww2-intloss_00000002,482,0.2074688796680498,0.34348561759729274,0.3968253968253968,0.1263711001642036,0.3968253968253968
internvl,appfr,H10,10,huron,huron__bww8_Feb-03-2023-bww8-intloss_00000000,1095,0.30228310502283107,0.3093121693121693,0.3244518611226997,0.19745974753585105,0.3244518611226997
internvl,appfr,H10,10,huron,huron__bww8_Feb-03-2023-bww8-intloss_00000001,1051,0.570884871550904,0.3892598715215847,0.47829839360783993,0.33699132684437094,0.47829839360783993
internvl,appfr,H10,10,huron,huron__bww8_Feb-03-2023-bww8-intloss_00000002,705,0.4921985815602837,0.34172894103975343,0.381802661700229,0.28308411920514914,0.381802661700229
internvl,appfr,H10,10,huron,huron__cory1_Feb-16-2023-cory1-intloss_00000000,1486,0.6897711978465679,0.3137434955616774,0.24027191748710738,0.2721359352183725,0.24027191748710738
internvl,appfr,H10,10,huron,huron__cory1_Feb-16-2023-cory1-intloss_00000001,2154,0.6369545032497679,0.3450194738389183,0.536007640878701,0.28343859940718574,0.536007640878701
internvl,appfr,H10,10,huron,huron__cory1_Feb-16-2023-cory1-intloss_00000002,1653,0.5856019358741682,0.3524566048837894,0.5052813298094806,0.2822948722751312,0.5052813298094806
internvl,appfr,H10,10,huron,huron__soda3_Feb-21-2023-soda3-intloss_00000000,2414,0.723695111847556,0.4033425105568392,0.5495749784578122,0.3941694592842346,0.5495749784578122
internvl,appfr,H10,10,huron,huron__soda3_Feb-21-2023-soda3-intloss_00000001,1368,0.42105263157894735,0.4011215122326233,0.40740150791122437,0.28545097731607355,0.40740150791122437
internvl,appfr,H10,10,huron,huron__soda3_Feb-21-2023-soda3-intloss_00000002,531,0.9265536723163842,0.4047705975416818,0.4579361790302528,0.42330631595045115,0.4579361790302528
internvl,appfr,H10,10,pal,pal__rosbag2_2025_07_11-13_23_07,2151,0.3217108321710832,0.3333333333333333,0.10723694405702773,0.1622699026849572,0.10723694405702773
internvl,appfr,H10,10,pal,pal__rosbag2_2025_07_11-13_37_37,3038,0.2998683344305464,0.21891583587306507,0.24914693495991738,0.1907732294558573,0.24914693495991738
internvl,appfr,H10,10,pal,pal__rosbag2_2025_07_11-13_55_25,4060,0.432512315270936,0.3038443731447556,0.35371707481275766,0.2726311828443409,0.35371707481275766
internvl,appfr,H12,12,crowdbot,crowdbot__defaced_2021-04-24-11-20-18,1619,0.705373687461396,0.23512456248713198,0.3333333333333333,0.2757455028371363,0.3333333333333333
internvl,appfr,H12,12,crowdbot,crowdbot__defaced_2021-04-24-11-23-43,1032,0.5872093023255814,0.5279947916666666,0.33947772657450076,0.257853459130024,0.33947772657450076
internvl,appfr,H12,12,crowdbot,crowdbot__defaced_2021-04-24-11-35-54,1211,0.37654830718414534,0.1255161023947151,0.3333333333333333,0.18236352729454108,0.3333333333333333
internvl,appfr,H12,12,crowdbot,crowdbot__defaced_2021-04-24-11-40-33,986,0.3630831643002028,0.12102772143340094,0.3333333333333333,0.1775793650793651,0.3333333333333333
internvl,appfr,H12,12,crowdbot,crowdbot__defaced_2021-04-24-11-43-54,583,0.4922813036020583,0.16409376786735277,0.3333333333333333,0.21992337164750955,0.3333333333333333
internvl,appfr,H12,12,crowdbot,crowdbot__defaced_2021-04-24-11-48-21,1555,0.4739549839228296,0.1579849946409432,0.3333333333333333,0.21436881908086095,0.3333333333333333
internvl,appfr,H12,12,crowdbot,crowdbot__defaced_2021-04-24-11-55-30,1815,0.42534435261707987,0.30814277746793084,0.3321715015767113,0.20481503887432498,0.3321715015767113
internvl,appfr,H12,12,huron,huron__bww1_Feb-16-2023-bww1-intloss_00000000,342,0.783625730994152,0.43011106089862094,0.5542544886807182,0.4413380736910148,0.5542544886807182
internvl,appfr,H12,12,huron,huron__bww1_Feb-16-2023-bww1-intloss_00000001,1674,0.7144563918757467,0.37632254400908577,0.4344327218578716,0.3697468715911472,0.4344327218578716
internvl,appfr,H12,12,huron,huron__bww1_Feb-16-2023-bww1-intloss_00000002,334,0.6976047904191617,0.3577981651376147,0.5633946830265849,0.3178163504842271,0.5633946830265849
internvl,appfr,H12,12,huron,huron__bww2_Feb-20-2023-bww2-intloss_00000000,754,0.4230769230769231,0.3640612327656123,0.4551363188877504,0.24390530405710667,0.4551363188877504
internvl,appfr,H12,12,huron,huron__bww2_Feb-20-2023-bww2-intloss_00000001,819,0.5042735042735043,0.33894130416631874,0.42349151677509883,0.23768801976228357,0.42349151677509883
internvl,appfr,H12,12,huron,huron__bww2_Feb-20-2023-bww2-intloss_00000002,482,0.21991701244813278,0.34364261168384874,0.4011544011544011,0.13270983213429258,0.4011544011544011
internvl,appfr,H12,12,huron,huron__bww8_Feb-03-2023-bww8-intloss_00000000,1095,0.3050228310502283,0.30979143249656554,0.3265208053276472,0.19949200802433184,0.3265208053276472
internvl,appfr,H12,12,huron,huron__bww8_Feb-03-2023-bww8-intloss_00000001,1051,0.6108468125594672,0.39627925875404507,0.49598633963454813,0.3572278706163947,0.49598633963454813
internvl,appfr,H12,12,huron,huron__bww8_Feb-03-2023-bww8-intloss_00000002,705,0.5517730496453901,0.33437351548806654,0.36764831412718735,0.29916056375734906,0.36764831412718735
internvl,appfr,H12,12,huron,huron__cory1_Feb-16-2023-cory1-intloss_00000000,1486,0.7550471063257066,0.3153456998313659,0.2630098452883263,0.28680981595092025,0.2630098452883263
internvl,appfr,H12,12,huron,huron__cory1_Feb-16-2023-cory1-intloss_00000001,2154,0.7103064066852368,0.34625733968283323,0.5502069404648201,0.30557087200995053,0.5502069404648201
internvl,appfr,H12,12,huron,huron__cory1_Feb-16-2023-cory1-intloss_00000002,1653,0.6418632788868723,0.3508235653921532,0.4834307732009219,0.2976347381398665,0.4834307732009219
internvl,appfr,H12,12,huron,huron__soda3_Feb-21-2023-soda3-intloss_00000000,2414,0.7572493786246893,0.4097002437338572,0.5556044621439716,0.4107588234283494,0.5556044621439716
internvl,appfr,H12,12,huron,huron__soda3_Feb-21-2023-soda3-intloss_00000001,1368,0.43567251461988304,0.4010808845435223,0.41158087956431383,0.29509748458249724,0.41158087956431383
internvl,appfr,H12,12,huron,huron__soda3_Feb-21-2023-soda3-intloss_00000002,531,0.9246704331450094,0.4023750345208506,0.4572800110512502,0.4210269407678588,0.4572800110512502
internvl,appfr,H12,12,pal,pal__rosbag2_2025_07_11-13_23_07,2151,0.4174802417480242,0.3333333333333333,0.13916008058267473,0.19634852957253746,0.13916008058267473
internvl,appfr,H12,12,pal,pal__rosbag2_2025_07_11-13_37_37,3038,0.2445687952600395,0.1776551836343241,0.17210431789399236,0.1625734729669911,0.17210431789399236
internvl,appfr,H12,12,pal,pal__rosbag2_2025_07_11-13_55_25,4060,0.3184729064039409,0.20753661177962404,0.26920166063564194,0.2295158977401968,0.26920166063564194
internvl,appfr,H14,14,crowdbot,crowdbot__defaced_2021-04-24-11-20-18,1619,0.7041383570105003,0.23500309214594928,0.3327495621716287,0.2754621239579558,0.3327495621716287
internvl,appfr,H14,14,crowdbot,crowdbot__defaced_2021-04-24-11-23-43,1032,0.44476744186046513,0.24406987699781313,0.2670165271848301,0.24746450591848634,0.2670165271848301
internvl,appfr,H14,14,crowdbot,crowdbot__defaced_2021-04-24-11-35-54,1211,0.4087530966143683,0.39552065154159394,0.34684944432795134,0.22673268031912022,0.34684944432795134
internvl,appfr,H14,14,crowdbot,crowdbot__defaced_2021-04-24-11-40-33,986,0.43204868154158216,0.42321390028059575,0.3725427489231569,0.2618877496779744,0.3725427489231569
internvl,appfr,H14,14,crowdbot,crowdbot__defaced_2021-04-24-11-43-54,583,0.4922813036020583,0.16409376786735277,0.3333333333333333,0.21992337164750955,0.3333333333333333
internvl,appfr,H14,14,crowdbot,crowdbot__defaced_2021-04-24-11-48-21,1555,0.4733118971061093,0.26897193585337914,0.3328507061928562,0.21490796765274126,0.3328507061928562
internvl,appfr,H14,14,crowdbot,crowdbot__defaced_2021-04-24-11-55-30,1815,0.4214876033057851,0.2980167411053383,0.3222836796014452,0.23208326416662137,0.3222836796014452
internvl,appfr,H14,14,huron,huron__bww1_Feb-16-2023-bww1-intloss_00000000,342,0.8976608187134503,0.48855890944498537,0.453551912568306,0.46755189496933375,0.453551912568306
internvl,appfr,H14,14,huron,huron__bww1_Feb-16-2023-bww1-intloss_00000001,1674,0.8655913978494624,0.31530359355638166,0.32664433038684537,0.3180436654678081,0.32664433038684537
internvl,appfr,H14,14,huron,huron__bww1_Feb-16-2023-bww1-intloss_00000002,334,0.8652694610778443,0.38364779874213834,0.6206543967280164,0.39605333045255264,0.6206543967280164
internvl,appfr,H14,14,huron,huron__bww2_Feb-20-2023-bww2-intloss_00000000,754,0.7241379310344828,0.3761902002819785,0.489492295019388,0.36112298119193814,0.489492295019388
internvl,appfr,H14,14,huron,huron__bww2_Feb-20-2023-bww2-intloss_00000001,819,0.8034188034188035,0.3446924854839619,0.4493876769996173,0.32372347707049964,0.4493876769996173
internvl,appfr,H14,14,huron,huron__bww2_Feb-20-2023-bww2-intloss_00000002,482,0.6970954356846473,0.33537849323710683,0.3777056277056277,0.2965893151227559,0.3777056277056277
internvl,appfr,H14,14,huron,huron__bww8_Feb-03-2023-bww8-intloss_00000000,1095,0.4246575342465753,0.3068583627233872,0.31251255427308827,0.27621309925820764,0.31251255427308827
internvl,appfr,H14,14,huron,huron__bww8_Feb-03-2023-bww8-intloss_00000001,1051,0.8268315889628924,0.4228404388372659,0.46871200942862173,0.43850444071796785,0.46871200942862173
internvl,appfr,H14,14,huron,huron__bww8_Feb-03-2023-bww8-intloss_00000002,705,0.8070921985815603,0.3506990708664215,0.3590812090171885,0.35397214585861586,0.3590812090171885
internvl,appfr,H14,14,huron,huron__cory1_Feb-16-2023-cory1-intloss_00000000,1486,0.882907133243607,0.3178294573643411,0.3075480543834974,0.3126042411246128,0.3075480543834974
internvl,appfr,H14,14,huron,huron__cory1_Feb-16-2023-cory1-intloss_00000001,2154,0.9540389972144847,0.3735602812306004,0.41474052849411014,0.38820817141547775,0.41474052849411014
internvl,appfr,H14,14,huron,huron__cory1_Feb-16-2023-cory1-intloss_00000002,1653,0.8765880217785844,0.3741034683570063,0.5026206430141399,0.3861962853060776,0.5026206430141399
internvl,appfr,H14,14,huron,huron__soda3_Feb-21-2023-soda3-intloss_00000000,2414,0.8707539353769677,0.378593478559734,0.3774004983814248,0.37785563546212636,0.3774004983814248
internvl,appfr,H14,14,huron,huron__soda3_Feb-21-2023-soda3-intloss_00000001,1368,0.6498538011695907,0.42048676384756134,0.4704258256344908,0.4144824311490978,0.4704258256344908
internvl,appfr,H14,14,huron,huron__soda3_Feb-21-2023-soda3-intloss_00000002,531,0.96045197740113,0.5031680031680031,0.45285951098217986,0.4726689408706952,0.45285951098217986
internvl,appfr,H14,14,pal,pal__rosbag2_2025_07_11-13_23_07,2151,0.8349604834960483,0.3333333333333333,0.27832016116534947,0.3033527573684655,0.27832016116534947
internvl,appfr,H14,14,pal,pal__rosbag2_2025_07_11-13_37_37,3038,0.3499012508229098,0.20417675043198727,0.19905463274455337,0.20140687959180928,0.19905463274455337
internvl,appfr,H14,14,pal,pal__rosbag2_2025_07_11-13_55_25,4060,0.3024630541871921,0.19851255682241598,0.2743313977951696,0.2247305177720592,0.2743313977951696
internvl,appfr,H16,16,crowdbot,crowdbot__defaced_2021-04-24-11-20-18,1619,0.7047560222359481,0.23506386485372888,0.333041447752481,0.2756038647342995,0.333041447752481
internvl,appfr,H16,16,crowdbot,crowdbot__defaced_2021-04-24-11-23-43,1032,0.5184108527131783,0.2882870798534385,0.30874805418984946,0.27623918273485126,0.30874805418984946
internvl,appfr,H16,16,crowdbot,crowdbot__defaced_2021-04-24-11-35-54,1211,0.40957886044591246,0.4194809906420393,0.34902204049299873,0.22440246315497814,0.34902204049299873
internvl,appfr,H16,16,crowdbot,crowdbot__defaced_2021-04-24-11-40-33,986,0.3813387423935091,0.43985507246376815,0.34373199015267347,0.20163510723597133,0.34373199015267347
internvl,appfr,H16,16,crowdbot,crowdbot__defaced_2021-04-24-11-43-54,583,0.49056603773584906,0.16380297823596793,0.3321718931475029,0.21940928270042193,0.3321718931475029
internvl,appfr,H16,16,crowdbot,crowdbot__defaced_2021-04-24-11-48-21,1555,0.47138263665594854,0.15753277455405115,0.331524197195839,0.21357808857808858,0.331524197195839
internvl,appfr,H16,16,crowdbot,crowdbot__defaced_2021-04-24-11-55-30,1815,0.4231404958677686,0.3005404457646173,0.3257970588334702,0.22448618791872413,0.3257970588334702
internvl,appfr,H16,16,huron,huron__bww1_Feb-16-2023-bww1-intloss_00000000,342,0.8976608187134503,0.47863247863247865,0.4619828259172521,0.46935128620703986,0.4619828259172521
internvl,appfr,H16,16,huron,huron__bww1_Feb-16-2023-bww1-intloss_00000001,1674,0.8667861409796893,0.3104214491729943,0.32532553939739567,0.31546856166369147,0.32532553939739567
internvl,appfr,H16,16,huron,huron__bww1_Feb-16-2023-bww1-intloss_00000002,334,0.8502994011976048,0.37931034482758624,0.6155419222903885,0.3864559213396423,0.6155419222903885
internvl,appfr,H16,16,huron,huron__bww2_Feb-20-2023-bww2-intloss_00000000,754,0.7068965517241379,0.37647690084576485,0.4965945392080043,0.3564431019373124,0.4965945392080043
internvl,appfr,H16,16,huron,huron__bww2_Feb-20-2023-bww2-intloss_00000001,819,0.7765567765567766,0.34503728617778456,0.46549304758259985,0.31814838516404803,0.46549304758259985
internvl,appfr,H16,16,huron,huron__bww2_Feb-20-2023-bww2-intloss_00000002,482,0.6390041493775933,0.3391675374433995,0.4116161616161616,0.2856956663408276,0.4116161616161616
internvl,appfr,H16,16,huron,huron__bww8_Feb-03-2023-bww8-intloss_00000000,1095,0.39360730593607307,0.30146556623824466,0.3089540938518827,0.2608964927258683,0.3089540938518827
internvl,appfr,H16,16,huron,huron__bww8_Feb-03-2023-bww8-intloss_00000001,1051,0.8287345385347288,0.4285563537481229,0.48187124734356007,0.44597616495426723,0.48187124734356007
internvl,appfr,H16,16,huron,huron__bww8_Feb-03-2023-bww8-intloss_00000002,705,0.8241134751773049,0.3695674300254453,0.36983665075854577,0.3671739035375399,0.36983665075854577
internvl,appfr,H16,16,huron,huron__cory1_Feb-16-2023-cory1-intloss_00000000,1486,0.8855989232839838,0.3178743961352657,0.30848570089076416,0.31310968355936236,0.30848570089076416
internvl,appfr,H16,16,huron,huron__cory1_Feb-16-2023-cory1-intloss_00000001,2154,0.9554317548746518,0.3664529914529915,0.3933142311365807,0.376996336996337,0.3933142311365807
internvl,appfr,H16,16,huron,huron__cory1_Feb-16-2023-cory1-intloss_00000002,1653,0.8802177858439202,0.37114524646250535,0.4832261049858957,0.38338797814207654,0.4832261049858957
internvl,appfr,H16,16,huron,huron__soda3_Feb-21-2023-soda3-intloss_00000000,2414,0.8699254349627175,0.3352986481820837,0.33658911479074966,0.33490194152774255,0.33658911479074966
internvl,appfr,H16,16,huron,huron__soda3_Feb-21-2023-soda3-intloss_00000001,1368,0.6374269005847953,0.4157160582987414,0.46331861830428256,0.40692040267239027,0.46331861830428256
internvl,appfr,H16,16,huron,huron__soda3_Feb-21-2023-soda3-intloss_00000002,531,0.9472693032015066,0.44021526418786694,0.44826633512916153,0.4441592645714334,0.44826633512916153
internvl,appfr,H16,16,pal,pal__rosbag2_2025_07_11-13_23_07,2151,0.8721524872152487,0.3333333333333333,0.29071749573841627,0.31057031702673615,0.29071749573841627
internvl,appfr,H16,16,pal,pal__rosbag2_2025_07_11-13_37_37,3038,0.35055957867017773,0.19798049870890663,0.19540245175334617,0.19665252658200652,0.19540245175334617
internvl,appfr,H16,16,pal,pal__rosbag2_2025_07_11-13_55_25,4060,0.291871921182266,0.18824209229827538,0.267721394709529,0.21232532970610665,0.267721394709529
internvl,appfr,H18,18,crowdbot,crowdbot__defaced_2021-04-24-11-20-18,1619,0.705373687461396,0.23512456248713198,0.3333333333333333,0.2757455028371363,0.3333333333333333
internvl,appfr,H18,18,crowdbot,crowdbot__defaced_2021-04-24-11-23-43,1032,0.5794573643410853,0.3598705501618123,0.3335439688875874,0.2460007964595121,0.3335439688875874
internvl,appfr,H18,18,crowdbot,crowdbot__defaced_2021-04-24-11-35-54,1211,0.37654830718414534,0.1255161023947151,0.3333333333333333,0.18236352729454108,0.3333333333333333
internvl,appfr,H18,18,crowdbot,crowdbot__defaced_2021-04-24-11-40-33,986,0.3630831643002028,0.12102772143340094,0.3333333333333333,0.1775793650793651,0.3333333333333333
internvl,appfr,H18,18,crowdbot,crowdbot__defaced_2021-04-24-11-43-54,583,0.4922813036020583,0.16409376786735277,0.3333333333333333,0.21992337164750955,0.3333333333333333
internvl,appfr,H18,18,crowdbot,crowdbot__defaced_2021-04-24-11-48-21,1555,0.4739549839228296,0.1579849946409432,0.3333333333333333,0.21436881908086095,0.3333333333333333
internvl,appfr,H18,18,crowdbot,crowdbot__defaced_2021-04-24-11-55-30,1815,0.42534435261707987,0.14178145087235997,0.3333333333333333,0.19894343512433962,0.3333333333333333
internvl,appfr,H18,18,huron,huron__bww1_Feb-16-2023-bww1-intloss_00000000,342,0.7923976608187134,0.44090713208360266,0.5828259172521467,0.4540456032963684,0.5828259172521467
internvl,appfr,H18,18,huron,huron__bww1_Feb-16-2023-bww1-intloss_00000001,1674,0.6995221027479092,0.38772462920429307,0.4694222665779552,0.3763917651863322,0.4694222665779552
internvl,appfr,H18,18,huron,huron__bww1_Feb-16-2023-bww1-intloss_00000002,334,0.6407185628742516,0.3541666666666667,0.5439672801635992,0.2973610496830311,0.5439672801635992
internvl,appfr,H18,18,huron,huron__bww2_Feb-20-2023-bww2-intloss_00000000,754,0.4509283819628647,0.36222328396241443,0.45181122295220305,0.2547845103830119,0.45181122295220305
internvl,appfr,H18,18,huron,huron__bww2_Feb-20-2023-bww2-intloss_00000001,819,0.5677655677655677,0.3435580230523203,0.49550325296593956,0.26122761416879064,0.49550325296593956
internvl,appfr,H18,18,huron,huron__bww2_Feb-20-2023-bww2-intloss_00000002,482,0.24688796680497926,0.34400000000000003,0.41053391053391053,0.14603797405121638,0.41053391053391053
internvl,appfr,H18,18,huron,huron__bww8_Feb-03-2023-bww8-intloss_00000000,1095,0.28949771689497716,0.3056837606837607,0.3251502649917335,0.18513167650653395,0.3251502649917335
internvl,appfr,H18,18,huron,huron__bww8_Feb-03-2023-bww8-intloss_00000001,1051,0.566127497621313,0.3926204490952692,0.48643707601362324,0.33678780399761593,0.48643707601362324
internvl,appfr,H18,18,huron,huron__bww8_Feb-03-2023-bww8-intloss_00000002,705,0.4595744680851064,0.31823461091753774,0.3276917704574555,0.2585837117186745,0.3276917704574555
internvl,appfr,H18,18,huron,huron__cory1_Feb-16-2023-cory1-intloss_00000000,1486,0.7012113055181696,0.3140446051838457,0.24425691514299108,0.274789029535865,0.24425691514299108
internvl,appfr,H18,18,huron,huron__cory1_Feb-16-2023-cory1-intloss_00000001,2154,0.6337047353760445,0.34169421720871895,0.49108564151544093,0.2794752318438058,0.49108564151544093
internvl,appfr,H18,18,huron,huron__cory1_Feb-16-2023-cory1-intloss_00000002,1653,0.574107683000605,0.3493017607771706,0.48065885368002353,0.27608431303358866,0.48065885368002353
internvl,appfr,H18,18,huron,huron__soda3_Feb-21-2023-soda3-intloss_00000000,2414,0.748135874067937,0.4057479759278502,0.5460420596660379,0.4039858321498797,0.5460420596660379
internvl,appfr,H18,18,huron,huron__soda3_Feb-21-2023-soda3-intloss_00000001,1368,0.43932748538011696,0.4010392704220025,0.4132116688663359,0.29748405640788195,0.4132116688663359
internvl,appfr,H18,18,huron,huron__soda3_Feb-21-2023-soda3-intloss_00000002,531,0.9209039548022598,0.39797979797979793,0.45596767509324493,0.4166772410042599,0.45596767509324493
internvl,appfr,H18,18,pal,pal__rosbag2_2025_07_11-13_23_07,2151,0.23384472338447235,0.3333333333333333,0.07794824112815744,0.12635016327555892,0.07794824112815744
internvl,appfr,H18,18,pal,pal__rosbag2_2025_07_11-13_37_37,3038,0.2662936142198815,0.19452181283292092,0.19410957144755245,0.17752647925459905,0.19410957144755245
internvl,appfr,H18,18,pal,pal__rosbag2_2025_07_11-13_55_25,4060,0.32733990147783254,0.21506484347139435,0.27579455244186374,0.23419185729847491,0.27579455244186374
internvl,appfr,H20,20,crowdbot,crowdbot__defaced_2021-04-24-11-20-18,1619,0.705373687461396,0.23512456248713198,0.3333333333333333,0.2757455028371363,0.3333333333333333
internvl,appfr,H20,20,crowdbot,crowdbot__defaced_2021-04-24-11-23-43,1032,0.5872093023255814,0.44488188976377946,0.34032026879151706,0.2631309376290789,0.34032026879151706
internvl,appfr,H20,20,crowdbot,crowdbot__defaced_2021-04-24-11-35-54,1211,0.37654830718414534,0.1255161023947151,0.3333333333333333,0.18236352729454108,0.3333333333333333
internvl,appfr,H20,20,crowdbot,crowdbot__defaced_2021-04-24-11-40-33,986,0.3630831643002028,0.12102772143340094,0.3333333333333333,0.1775793650793651,0.3333333333333333
internvl,appfr,H20,20,crowdbot,crowdbot__defaced_2021-04-24-11-43-54,583,0.4922813036020583,0.16409376786735277,0.3333333333333333,0.21992337164750955,0.3333333333333333
internvl,appfr,H20,20,crowdbot,crowdbot__defaced_2021-04-24-11-48-21,1555,0.4739549839228296,0.1579849946409432,0.3333333333333333,0.21436881908086095,0.3333333333333333
internvl,appfr,H20,20,crowdbot,crowdbot__defaced_2021-04-24-11-55-30,1815,0.42534435261707987,0.14178145087235997,0.3333333333333333,0.19894343512433962,0.3333333333333333
internvl,appfr,H20,20,huron,huron__bww1_Feb-16-2023-bww1-intloss_00000000,342,0.8391812865497076,0.4608088761632068,0.600312256049961,0.4860111212918927,0.600312256049961
internvl,appfr,H20,20,huron,huron__bww1_Feb-16-2023-bww1-intloss_00000001,1674,0.7305854241338112,0.38044817010020426,0.4404207458099674,0.37770395431201864,0.4404207458099674
internvl,appfr,H20,20,huron,huron__bww1_Feb-16-2023-bww1-intloss_00000002,334,0.6976047904191617,0.3577981651376147,0.5633946830265849,0.3178163504842271,0.5633946830265849
internvl,appfr,H20,20,huron,huron__bww2_Feb-20-2023-bww2-intloss_00000000,754,0.473474801061008,0.36365431670616344,0.45983766298997447,0.26465592026953416,0.45983766298997447
internvl,appfr,H20,20,huron,huron__bww2_Feb-20-2023-bww2-intloss_00000001,819,0.5982905982905983,0.34440214499160837,0.5058680954203343,0.27103909112922164,0.5058680954203343
internvl,appfr,H20,20,huron,huron__bww2_Feb-20-2023-bww2-intloss_00000002,482,0.24688796680497926,0.34400000000000003,0.41053391053391053,0.14603797405121638,0.41053391053391053
internvl,appfr,H20,20,huron,huron__bww8_Feb-03-2023-bww8-intloss_00000000,1095,0.29406392694063926,0.31162802368764425,0.32805358550039404,0.18867476360638671,0.32805358550039404
internvl,appfr,H20,20,huron,huron__bww8_Feb-03-2023-bww8-intloss_00000001,1051,0.5965746907706946,0.3950178666280361,0.4930445353898123,0.35073440268245465,0.4930445353898123
internvl,appfr,H20,20,huron,huron__bww8_Feb-03-2023-bww8-intloss_00000002,705,0.4808510638297872,0.31008389360935995,0.30280526131998603,0.25894567029222465,0.30280526131998603
internvl,appfr,H20,20,huron,huron__cory1_Feb-16-2023-cory1-intloss_00000000,1486,0.7604306864064603,0.31546621998883306,0.2648851383028598,0.28797145769622834,0.2648851383028598
internvl,appfr,H20,20,huron,huron__cory1_Feb-16-2023-cory1-intloss_00000001,2154,0.7098421541318477,0.340466771490223,0.4843361986628462,0.299736703882776,0.4843361986628462
internvl,appfr,H20,20,huron,huron__cory1_Feb-16-2023-cory1-intloss_00000002,1653,0.616454930429522,0.34910366511087193,0.4746478371908842,0.2887291423977797,0.4746478371908842
internvl,appfr,H20,20,huron,huron__soda3_Feb-21-2023-soda3-intloss_00000000,2414,0.7605633802816901,0.4014876173236513,0.5240969747781737,0.4034152360206576,0.5240969747781737
internvl,appfr,H20,20,huron,huron__soda3_Feb-21-2023-soda3-intloss_00000001,1368,0.46637426900584794,0.40648425836625224,0.4244982478496337,0.31487090581803934,0.4244982478496337
internvl,appfr,H20,20,huron,huron__soda3_Feb-21-2023-soda3-intloss_00000002,531,0.9133709981167608,0.3904955872369314,0.45334300317723447,0.408713798544307,0.45334300317723447
internvl,appfr,H20,20,pal,pal__rosbag2_2025_07_11-13_23_07,2151,0.5062761506276151,0.3333333333333333,0.1687587168758717,0.2240740740740741,0.1687587168758717
internvl,appfr,H20,20,pal,pal__rosbag2_2025_07_11-13_37_37,3038,0.2682685977616853,0.1928992463475222,0.18543346409414527,0.17766947174088923,0.18543346409414527
internvl,appfr,H20,20,pal,pal__rosbag2_2025_07_11-13_55_25,4060,0.3078817733990148,0.2052498788911028,0.2642012398664759,0.229038224840474,0.2642012398664759
internvl,appfr,H22,22,crowdbot,crowdbot__defaced_2021-04-24-11-20-18,1619,0.705373687461396,0.23512456248713198,0.3333333333333333,0.2757455028371363,0.3333333333333333
internvl,appfr,H22,22,crowdbot,crowdbot__defaced_2021-04-24-11-23-43,1032,0.5823643410852714,0.460434923726063,0.3358481163530252,0.25099748846445885,0.3358481163530252
internvl,appfr,H22,22,crowdbot,crowdbot__defaced_2021-04-24-11-35-54,1211,0.3831544178364988,0.40399406913168384,0.33629808252370635,0.19159475807778634,0.33629808252370635
internvl,appfr,H22,22,crowdbot,crowdbot__defaced_2021-04-24-11-40-33,986,0.3630831643002028,0.12102772143340094,0.3333333333333333,0.1775793650793651,0.3333333333333333
internvl,appfr,H22,22,crowdbot,crowdbot__defaced_2021-04-24-11-43-54,583,0.4922813036020583,0.16409376786735277,0.3333333333333333,0.21992337164750955,0.3333333333333333
internvl,appfr,H22,22,crowdbot,crowdbot__defaced_2021-04-24-11-48-21,1555,0.4739549839228296,0.1579849946409432,0.3333333333333333,0.21436881908086095,0.3333333333333333
internvl,appfr,H22,22,crowdbot,crowdbot__defaced_2021-04-24-11-55-30,1815,0.42203856749311297,0.14114612124562373,0.33074265975820377,0.19785612811571743,0.33074265975820377
internvl,appfr,H22,22,huron,huron__bww1_Feb-16-2023-bww1-intloss_00000000,342,0.8304093567251462,0.4587813620071685,0.6054644808743169,0.4819306558363417,0.6054644808743169
internvl,appfr,H22,22,huron,huron__bww1_Feb-16-2023-bww1-intloss_00000001,1674,0.7562724014336918,0.38515954425135807,0.442907835123404,0.3881177497796648,0.442907835123404
internvl,appfr,H22,22,huron,huron__bww1_Feb-16-2023-bww1-intloss_00000002,334,0.6616766467065869,0.35537190082644626,0.5511247443762781,0.3047945041300523,0.5511247443762781
internvl,appfr,H22,22,huron,huron__bww2_Feb-20-2023-bww2-intloss_00000000,754,0.4323607427055703,0.36282475448823265,0.4518212685592591,0.24733197736231102,0.4518212685592591
internvl,appfr,H22,22,huron,huron__bww2_Feb-20-2023-bww2-intloss_00000001,819,0.5836385836385837,0.3455743879472693,0.5261194029850746,0.2679017355810213,0.5261194029850746
internvl,appfr,H22,22,huron,huron__bww2_Feb-20-2023-bww2-intloss_00000002,482,0.24273858921161826,0.3439434129089301,0.4090909090909091,0.14402234282268558,0.4090909090909091
internvl,appfr,H22,22,huron,huron__bww8_Feb-03-2023-bww8-intloss_00000000,1095,0.2876712328767123,0.29518105948625734,0.3161420911942397,0.1860830386889019,0.3161420911942397
internvl,appfr,H22,22,huron,huron__bww8_Feb-03-2023-bww8-intloss_00000001,1051,0.560418648905804,0.390830181359713,0.4817784459478271,0.33345258967588776,0.4817784459478271
internvl,appfr,H22,22,huron,huron__bww8_Feb-03-2023-bww8-intloss_00000002,705,0.47801418439716314,0.32701438346599637,0.3472859193729872,0.2697771621588783,0.3472859193729872
internvl,appfr,H22,22,huron,huron__cory1_Feb-16-2023-cory1-intloss_00000000,1486,0.6857335127860027,0.3136349646044937,0.23886544772620721,0.2711909514304724,0.23886544772620721
internvl,appfr,H22,22,huron,huron__cory1_Feb-16-2023-cory1-intloss_00000001,2154,0.649025069637883,0.3401911376501645,0.48538681948424073,0.28311746000790905,0.48538681948424073
internvl,appfr,H22,22,huron,huron__cory1_Feb-16-2023-cory1-intloss_00000002,1653,0.557773744706594,0.3485706294529824,0.47501268053071355,0.27029886115995766,0.47501268053071355
internvl,appfr,H22,22,huron,huron__soda3_Feb-21-2023-soda3-intloss_00000000,2414,0.7303231151615576,0.396166193471766,0.520836535550432,0.389478736971096,0.520836535550432
internvl,appfr,H22,22,huron,huron__soda3_Feb-21-2023-soda3-intloss_00000001,1368,0.43494152046783624,0.40293927648578814,0.41281724540724224,0.29467418400992,0.41281724540724224
internvl,appfr,H22,22,huron,huron__soda3_Feb-21-2023-soda3-intloss_00000002,531,0.9152542372881356,0.3922243068584532,0.45399917115623706,0.41062068965517246,0.45399917115623706
internvl,appfr,H22,22,pal,pal__rosbag2_2025_07_11-13_23_07,2151,0.3505346350534635,0.3333333333333333,0.1168448783511545,0.17303499713138268,0.1168448783511545
internvl,appfr,H22,22,pal,pal__rosbag2_2025_07_11-13_37_37,3038,0.2685977616853193,0.19693447430973857,0.20284854914410025,0.17861760174442773,0.20284854914410025
internvl,appfr,H22,22,pal,pal__rosbag2_2025_07_11-13_55_25,4060,0.3768472906403941,0.2533179708680739,0.31584167858845974,0.266194439175623,0.31584167858845974
internvl,appfr,H24,24,crowdbot,crowdbot__defaced_2021-04-24-11-20-18,1619,0.705373687461396,0.23512456248713198,0.3333333333333333,0.2757455028371363,0.3333333333333333
internvl,appfr,H24,24,crowdbot,crowdbot__defaced_2021-04-24-11-23-43,1032,0.5862403100775194,0.4673077493841451,0.339130948527863,0.25890212897867787,0.339130948527863
internvl,appfr,H24,24,crowdbot,crowdbot__defaced_2021-04-24-11-35-54,1211,0.38810900082576383,0.39944440196753067,0.33837748421518604,0.1986652286171847,0.33837748421518604
internvl,appfr,H24,24,crowdbot,crowdbot__defaced_2021-04-24-11-40-33,986,0.3630831643002028,0.12102772143340094,0.3333333333333333,0.1775793650793651,0.3333333333333333
internvl,appfr,H24,24,crowdbot,crowdbot__defaced_2021-04-24-11-43-54,583,0.4922813036020583,0.16409376786735277,0.3333333333333333,0.21992337164750955,0.3333333333333333
internvl,appfr,H24,24,crowdbot,crowdbot__defaced_2021-04-24-11-48-21,1555,0.4739549839228296,0.1579849946409432,0.3333333333333333,0.21436881908086095,0.3333333333333333
internvl,appfr,H24,24,crowdbot,crowdbot__defaced_2021-04-24-11-55-30,1815,0.42479338842975206,0.14167585446527012,0.3329015544041451,0.19876256767208045,0.3329015544041451
internvl,appfr,H24,24,huron,huron__bww1_Feb-16-2023-bww1-intloss_00000000,342,0.8245614035087719,0.456140350877193,0.6032786885245902,0.47779635823114086,0.6032786885245902
internvl,appfr,H24,24,huron,huron__bww1_Feb-16-2023-bww1-intloss_00000001,1674,0.7688172043010753,0.36698540645909067,0.3946947375091088,0.36911159525538606,0.3946947375091088
internvl,appfr,H24,24,huron,huron__bww1_Feb-16-2023-bww1-intloss_00000002,334,0.6766467065868264,0.3563218390804597,0.556237218813906,0.31016761543327004,0.556237218813906
internvl,appfr,H24,24,huron,huron__bww2_Feb-20-2023-bww2-intloss_00000000,754,0.4389920424403183,0.3614942528735632,0.4475619311675005,0.2495055237256921,0.4475619311675005
internvl,appfr,H24,24,huron,huron__bww2_Feb-20-2023-bww2-intloss_00000001,819,0.6202686202686203,0.3450850027702446,0.5133307819874985,0.27804406101697504,0.5133307819874985
internvl,appfr,H24,24,huron,huron__bww2_Feb-20-2023-bww2-intloss_00000002,482,0.24481327800829875,0.34397163120567376,0.40981240981240985,0.145031702240937,0.40981240981240985
internvl,appfr,H24,24,huron,huron__bww8_Feb-03-2023-bww8-intloss_00000000,1095,0.291324200913242,0.2943722640026939,0.31372394505477524,0.1901338188964999,0.31372394505477524
internvl,appfr,H24,24,huron,huron__bww8_Feb-03-2023-bww8-intloss_00000001,1051,0.5861084681255947,0.3865719108367925,0.4716538136733576,0.34157858792155843,0.4716538136733576
internvl,appfr,H24,24,huron,huron__bww8_Feb-03-2023-bww8-intloss_00000002,705,0.5049645390070922,0.3191245606090013,0.33289100997167576,0.27441822478803934,0.33289100997167576
internvl,appfr,H24,24,huron,huron__cory1_Feb-16-2023-cory1-intloss_00000000,1486,0.7261103633916555,0.31466899970836976,0.25293014533520863,0.28044184535412603,0.25293014533520863
internvl,appfr,H24,24,huron,huron__cory1_Feb-16-2023-cory1-intloss_00000001,2154,0.6894150417827298,0.3327013021139943,0.3787647246099968,0.28543220223039645,0.3787647246099968
internvl,appfr,H24,24,huron,huron__cory1_Feb-16-2023-cory1-intloss_00000002,1653,0.5614035087719298,0.3449299163880257,0.44185198038744583,0.2682078661253961,0.44185198038744583
internvl,appfr,H24,24,huron,huron__soda3_Feb-21-2023-soda3-intloss_00000000,2414,0.747721623860812,0.38420911497558086,0.47266354596054866,0.3819761383689442,0.47266354596054866
internvl,appfr,H24,24,huron,huron__soda3_Feb-21-2023-soda3-intloss_00000001,1368,0.4517543859649123,0.4034726869619452,0.4179750906415449,0.3055184498771089,0.4179750906415449
internvl,appfr,H24,24,huron,huron__soda3_Feb-21-2023-soda3-intloss_00000002,531,0.9058380414312618,0.3843569161844316,0.45071833126122396,0.40157400760415835,0.45071833126122396
internvl,appfr,H24,24,pal,pal__rosbag2_2025_07_11-13_23_07,2151,0.33147373314737333,0.3333333333333333,0.11049124438245778,0.16596834264432028,0.11049124438245778
internvl,appfr,H24,24,pal,pal__rosbag2_2025_07_11-13_37_37,3038,0.24621461487820934,0.17883468084803714,0.1733783529332024,0.16368180677831065,0.1733783529332024
internvl,appfr,H24,24,pal,pal__rosbag2_2025_07_11-13_55_25,4060,0.30147783251231525,0.20144737761016832,0.2591032006507896,0.2248756816671321,0.2591032006507896
internvl,appfr,H26,26,crowdbot,crowdbot__defaced_2021-04-24-11-20-18,1619,0.705373687461396,0.23512456248713198,0.3333333333333333,0.2757455028371363,0.3333333333333333
internvl,appfr,H26,26,crowdbot,crowdbot__defaced_2021-04-24-11-23-43,1032,0.5562015503875969,0.26166426166426165,0.3218511269002153,0.24980067593788144,0.3218511269002153
internvl,appfr,H26,26,crowdbot,crowdbot__defaced_2021-04-24-11-35-54,1211,0.37654830718414534,0.1255161023947151,0.3333333333333333,0.18236352729454108,0.3333333333333333
internvl,appfr,H26,26,crowdbot,crowdbot__defaced_2021-04-24-11-40-33,986,0.3630831643002028,0.12102772143340094,0.3333333333333333,0.1775793650793651,0.3333333333333333
internvl,appfr,H26,26,crowdbot,crowdbot__defaced_2021-04-24-11-43-54,583,0.4922813036020583,0.16409376786735277,0.3333333333333333,0.21992337164750955,0.3333333333333333
internvl,appfr,H26,26,crowdbot,crowdbot__defaced_2021-04-24-11-48-21,1555,0.4739549839228296,0.1579849946409432,0.3333333333333333,0.21436881908086095,0.3333333333333333
internvl,appfr,H26,26,crowdbot,crowdbot__defaced_2021-04-24-11-55-30,1815,0.42534435261707987,0.14178145087235997,0.3333333333333333,0.19894343512433962,0.3333333333333333
internvl,appfr,H26,26,huron,huron__bww1_Feb-16-2023-bww1-intloss_00000000,342,0.7660818713450293,0.4117514506225001,0.5055425448868073,0.41789479494397525,0.5055425448868073
internvl,appfr,H26,26,huron,huron__bww1_Feb-16-2023-bww1-intloss_00000001,1674,0.6589008363201911,0.3642820269437645,0.41380730602287485,0.34391394346601517,0.41380730602287485
internvl,appfr,H26,26,huron,huron__bww1_Feb-16-2023-bww1-intloss_00000002,334,0.6407185628742516,0.3541666666666667,0.5439672801635992,0.2973610496830311,0.5439672801635992
internvl,appfr,H26,26,huron,huron__bww2_Feb-20-2023-bww2-intloss_00000000,754,0.40848806366047746,0.36511156186612576,0.45656279508970726,0.23796264378822116,0.45656279508970726
internvl,appfr,H26,26,huron,huron__bww2_Feb-20-2023-bww2-intloss_00000001,819,0.5592185592185592,0.34175846224844,0.4673746651358592,0.25697629431748487,0.4673746651358592
internvl,appfr,H26,26,huron,huron__bww2_Feb-20-2023-bww2-intloss_00000002,482,0.2821576763485477,0.34450651769087526,0.4227994227994228,0.1626910186637149,0.4227994227994228
internvl,appfr,H26,26,huron,huron__bww8_Feb-03-2023-bww8-intloss_00000000,1095,0.31689497716894977,0.3066104487738684,0.32295307405862267,0.21064446500154177,0.32295307405862267
internvl,appfr,H26,26,huron,huron__bww8_Feb-03-2023-bww8-intloss_00000001,1051,0.5537583254043768,0.38687838771872385,0.4717837356273839,0.328616914299572,0.4717837356273839
internvl,appfr,H26,26,huron,huron__bww8_Feb-03-2023-bww8-intloss_00000002,705,0.44964539007092197,0.31105126220272655,0.2989717921856206,0.24867202852780965,0.2989717921856206
internvl,appfr,H26,26,huron,huron__cory1_Feb-16-2023-cory1-intloss_00000000,1486,0.7617765814266487,0.3154960981047938,0.2653539615564932,0.2882607588489941,0.2653539615564932
internvl,appfr,H26,26,huron,huron__cory1_Feb-16-2023-cory1-intloss_00000001,2154,0.7525533890436398,0.33400409416090104,0.40041388092964025,0.3027235514488504,0.40041388092964025
internvl,appfr,H26,26,huron,huron__cory1_Feb-16-2023-cory1-intloss_00000002,1653,0.631578947368421,0.6803270408583502,0.486795192373291,0.34258139203614063,0.486795192373291
internvl,appfr,H26,26,huron,huron__soda3_Feb-21-2023-soda3-intloss_00000000,2414,0.7746478873239436,0.4076247484566322,0.5370339318568201,0.41373389405295075,0.5370339318568201
internvl,appfr,H26,26,huron,huron__soda3_Feb-21-2023-soda3-intloss_00000001,1368,0.4451754385964912,0.4030633280959226,0.4158209317495715,0.30130611312523947,0.4158209317495715
internvl,appfr,H26,26,huron,huron__soda3_Feb-21-2023-soda3-intloss_00000002,531,0.935969868173258,0.41929376124207135,0.46121701892526595,0.4359281941199991,0.46121701892526595
internvl,appfr,H26,26,pal,pal__rosbag2_2025_07_11-13_23_07,2151,0.30357973035797303,0.3333333333333333,0.10119324345265768,0.15525439847836423,0.10119324345265768
internvl,appfr,H26,26,pal,pal__rosbag2_2025_07_11-13_37_37,3038,0.2985516787360105,0.2039322554473806,0.19188646344501292,0.1920322212927205,0.19188646344501292
internvl,appfr,H26,26,pal,pal__rosbag2_2025_07_11-13_55_25,4060,0.3221674876847291,0.21658447023840707,0.2764632949030828,0.24014190274756553,0.2764632949030828
internvl,appfr,H28,28,crowdbot,crowdbot__defaced_2021-04-24-11-20-18,1619,0.705373687461396,0.23512456248713198,0.3333333333333333,0.2757455028371363,0.3333333333333333
internvl,appfr,H28,28,crowdbot,crowdbot__defaced_2021-04-24-11-23-43,1032,0.5881782945736435,0.4407440120538266,0.34129895350091705,0.26599961906484526,0.34129895350091705
internvl,appfr,H28,28,crowdbot,crowdbot__defaced_2021-04-24-11-35-54,1211,0.37654830718414534,0.1255161023947151,0.3333333333333333,0.18236352729454108,0.3333333333333333
internvl,appfr,H28,28,crowdbot,crowdbot__defaced_2021-04-24-11-40-33,986,0.3630831643002028,0.12102772143340094,0.3333333333333333,0.1775793650793651,0.3333333333333333
internvl,appfr,H28,28,crowdbot,crowdbot__defaced_2021-04-24-11-43-54,583,0.4922813036020583,0.16409376786735277,0.3333333333333333,0.21992337164750955,0.3333333333333333
internvl,appfr,H28,28,crowdbot,crowdbot__defaced_2021-04-24-11-48-21,1555,0.4739549839228296,0.1579849946409432,0.3333333333333333,0.21436881908086095,0.3333333333333333
internvl,appfr,H28,28,crowdbot,crowdbot__defaced_2021-04-24-11-55-30,1815,0.42534435261707987,0.14178145087235997,0.3333333333333333,0.19894343512433962,0.3333333333333333
internvl,appfr,H28,28,huron,huron__bww1_Feb-16-2023-bww1-intloss_00000000,342,0.7953216374269005,0.4266012871590561,0.5333333333333333,0.4407140953903544,0.5333333333333333
internvl,appfr,H28,28,huron,huron__bww1_Feb-16-2023-bww1-intloss_00000001,1674,0.6875746714456392,0.3531549592618295,0.3803939739568482,0.3398490354668799,0.3803939739568482
internvl,appfr,H28,28,huron,huron__bww1_Feb-16-2023-bww1-intloss_00000002,334,0.6676646706586826,0.3557422969187675,0.5531697341513292,0.30693621707637747,0.5531697341513292
internvl,appfr,H28,28,huron,huron__bww2_Feb-20-2023-bww2-intloss_00000000,754,0.40583554376657827,0.36498316498316496,0.45561850802644005,0.23673976636139415,0.45561850802644005
internvl,appfr,H28,28,huron,huron__bww2_Feb-20-2023-bww2-intloss_00000001,819,0.6007326007326007,0.34607843137254907,0.5319237147595356,0.2734472807402975,0.5319237147595356
internvl,appfr,H28,28,huron,huron__bww2_Feb-20-2023-bww2-intloss_00000002,482,0.2925311203319502,0.3446647780925401,0.4264069264069264,0.16743388266926265,0.4264069264069264
internvl,appfr,H28,28,huron,huron__bww8_Feb-03-2023-bww8-intloss_00000000,1095,0.3178082191780822,0.3064443244526652,0.3225528824611011,0.21147335682043378,0.3225528824611011
internvl,appfr,H28,28,huron,huron__bww8_Feb-03-2023-bww8-intloss_00000001,1051,0.6194100856327307,0.3948075299187607,0.4917824364078436,0.35968011405404204,0.4917824364078436
internvl,appfr,H28,28,huron,huron__bww8_Feb-03-2023-bww8-intloss_00000002,705,0.5120567375886524,0.3212685560053981,0.3273580879214682,0.2755388059956588,0.3273580879214682
internvl,appfr,H28,28,huron,huron__cory1_Feb-16-2023-cory1-intloss_00000000,1486,0.7853297442799462,0.31600324939073926,0.27355836849507736,0.29325292122125896,0.27355836849507736
internvl,appfr,H28,28,huron,huron__cory1_Feb-16-2023-cory1-intloss_00000001,2154,0.797585886722377,0.33564717757589874,0.4158548233046801,0.31569924119387094,0.4158548233046801
internvl,appfr,H28,28,huron,huron__cory1_Feb-16-2023-cory1-intloss_00000002,1653,0.662431941923775,0.34561403508771926,0.442359201615989,0.2984686366262661,0.442359201615989
internvl,appfr,H28,28,huron,huron__soda3_Feb-21-2023-soda3-intloss_00000000,2414,0.8028169014084507,0.4047177986373802,0.5052609515824774,0.4169780609753098,0.5052609515824774
internvl,appfr,H28,28,huron,huron__soda3_Feb-21-2023-soda3-intloss_00000001,1368,0.4546783625730994,0.40426086956521745,0.4200609839348291,0.3074425317547653,0.4200609839348291
internvl,appfr,H28,28,huron,huron__soda3_Feb-21-2023-soda3-intloss_00000002,531,0.928436911487759,0.407314629258517,0.45859234700925544,0.42566089659961964,0.45859234700925544
internvl,appfr,H28,28,pal,pal__rosbag2_2025_07_11-13_23_07,2151,0.44490934449093444,0.3333333333333333,0.14830311483031147,0.20527670527670527,0.14830311483031147
internvl,appfr,H28,28,pal,pal__rosbag2_2025_07_11-13_37_37,3038,0.3206056616194865,0.20372960271021198,0.19239686927862062,0.1961310232324641,0.19239686927862062
internvl,appfr,H28,28,pal,pal__rosbag2_2025_07_11-13_55_25,4060,0.30640394088669953,0.20604584167125858,0.2670487250694269,0.2322900411669416,0.2670487250694269
internvl,appfr,H30,30,crowdbot,crowdbot__defaced_2021-04-24-11-20-18,1619,0.705373687461396,0.23512456248713198,0.3333333333333333,0.2757455028371363,0.3333333333333333
internvl,appfr,H30,30,crowdbot,crowdbot__defaced_2021-04-24-11-23-43,1032,0.5746124031007752,0.24013937282229966,0.3307569008831281,0.24468279815520375,0.3307569008831281
internvl,appfr,H30,30,crowdbot,crowdbot__defaced_2021-04-24-11-35-54,1211,0.37654830718414534,0.1255161023947151,0.3333333333333333,0.18236352729454108,0.3333333333333333
internvl,appfr,H30,30,crowdbot,crowdbot__defaced_2021-04-24-11-40-33,986,0.3630831643002028,0.12102772143340094,0.3333333333333333,0.1775793650793651,0.3333333333333333
internvl,appfr,H30,30,crowdbot,crowdbot__defaced_2021-04-24-11-43-54,583,0.4922813036020583,0.16409376786735277,0.3333333333333333,0.21992337164750955,0.3333333333333333
internvl,appfr,H30,30,crowdbot,crowdbot__defaced_2021-04-24-11-48-21,1555,0.4739549839228296,0.1579849946409432,0.3333333333333333,0.21436881908086095,0.3333333333333333
internvl,appfr,H30,30,crowdbot,crowdbot__defaced_2021-04-24-11-55-30,1815,0.42534435261707987,0.14178145087235997,0.3333333333333333,0.19894343512433962,0.3333333333333333
internvl,appfr,H30,30,huron,huron__bww1_Feb-16-2023-bww1-intloss_00000000,342,0.7982456140350878,0.4080274304154901,0.4754098360655738,0.42163408424996396,0.4754098360655738
internvl,appfr,H30,30,huron,huron__bww1_Feb-16-2023-bww1-intloss_00000001,1674,0.7371565113500598,0.3601326612768942,0.38822751322751325,0.35689667397679337,0.38822751322751325
internvl,appfr,H30,30,huron,huron__bww1_Feb-16-2023-bww1-intloss_00000002,334,0.6856287425149701,0.3569321533923304,0.5593047034764825,0.3134250935480784,0.5593047034764825
internvl,appfr,H30,30,huron,huron__bww2_Feb-20-2023-bww2-intloss_00000000,754,0.4230769230769231,0.3658367911479945,0.46175637393767704,0.24464366020955022,0.46175637393767704
internvl,appfr,H30,30,huron,huron__bww2_Feb-20-2023-bww2-intloss_00000001,819,0.6166056166056166,0.3433411564965545,0.48686056895012114,0.2751587301587302,0.48686056895012114
internvl,appfr,H30,30,huron,huron__bww2_Feb-20-2023-bww2-intloss_00000002,482,0.3278008298755187,0.3452380952380953,0.4386724386724387,0.18307622504537205,0.4386724386724387
internvl,appfr,H30,30,huron,huron__bww8_Feb-03-2023-bww8-intloss_00000000,1095,0.3095890410958904,0.2908417668427173,0.30898963210185576,0.2068480987166108,0.30898963210185576
internvl,appfr,H30,30,huron,huron__bww8_Feb-03-2023-bww8-intloss_00000001,1051,0.5889628924833492,0.38701099203675127,0.47273959000343363,0.3429637890517154,0.47273959000343363
internvl,appfr,H30,30,huron,huron__bww8_Feb-03-2023-bww8-intloss_00000002,705,0.5205673758865248,0.32435442107368545,0.32652000155201183,0.2782859968476682,0.32652000155201183
internvl,appfr,H30,30,huron,huron__cory1_Feb-16-2023-cory1-intloss_00000000,1486,0.7624495289367429,0.315510999721526,0.2655883731833099,0.28840524373170423,0.2655883731833099
internvl,appfr,H30,30,huron,huron__cory1_Feb-16-2023-cory1-intloss_00000001,2154,0.78644382544104,0.3327583640279536,0.3901305316778096,0.30952170713760113,0.3901305316778096
internvl,appfr,H30,30,huron,huron__cory1_Feb-16-2023-cory1-intloss_00000002,1653,0.6606170598911071,0.34413665743305627,0.42796568692882,0.2960586075795837,0.42796568692882
internvl,appfr,H30,30,huron,huron__soda3_Feb-21-2023-soda3-intloss_00000000,2414,0.7924606462303231,0.38313152657067784,0.4469456671091549,0.3899052343118215,0.4469456671091549
internvl,appfr,H30,30,huron,huron__soda3_Feb-21-2023-soda3-intloss_00000001,1368,0.44590643274853803,0.40321454889256564,0.41614708960997593,0.3017810540417757,0.41614708960997593
internvl,appfr,H30,30,huron,huron__soda3_Feb-21-2023-soda3-intloss_00000002,531,0.903954802259887,0.38299039780521266,0.4500621632822213,0.3998993963782696,0.4500621632822213
internvl,appfr,H30,30,pal,pal__rosbag2_2025_07_11-13_23_07,2151,0.43700604370060436,0.3333333333333333,0.1456686812335348,0.20273913512347677,0.1456686812335348
internvl,appfr,H30,30,pal,pal__rosbag2_2025_07_11-13_37_37,3038,0.28867676102699147,0.20785671592571983,0.20177310204015053,0.19171262160826988,0.20177310204015053
internvl,appfr,H30,30,pal,pal__rosbag2_2025_07_11-13_55_25,4060,0.3472906403940887,0.23627115600749962,0.2969715840556537,0.2580909039893515,0.2969715840556537
internvl,appfr,H32,32,crowdbot,crowdbot__defaced_2021-04-24-11-20-18,1619,0.705373687461396,0.23512456248713198,0.3333333333333333,0.2757455028371363,0.3333333333333333
internvl,appfr,H32,32,crowdbot,crowdbot__defaced_2021-04-24-11-23-43,1032,0.5804263565891473,0.4156138645934564,0.3343120180427333,0.24767310971370335,0.3343120180427333
internvl,appfr,H32,32,crowdbot,crowdbot__defaced_2021-04-24-11-35-54,1211,0.37654830718414534,0.1255161023947151,0.3333333333333333,0.18236352729454108,0.3333333333333333
internvl,appfr,H32,32,crowdbot,crowdbot__defaced_2021-04-24-11-40-33,986,0.3630831643002028,0.12102772143340094,0.3333333333333333,0.1775793650793651,0.3333333333333333
internvl,appfr,H32,32,crowdbot,crowdbot__defaced_2021-04-24-11-43-54,583,0.4922813036020583,0.16409376786735277,0.3333333333333333,0.21992337164750955,0.3333333333333333
internvl,appfr,H32,32,crowdbot,crowdbot__defaced_2021-04-24-11-48-21,1555,0.4739549839228296,0.1579849946409432,0.3333333333333333,0.21436881908086095,0.3333333333333333
internvl,appfr,H32,32,crowdbot,crowdbot__defaced_2021-04-24-11-55-30,1815,0.42534435261707987,0.14178145087235997,0.3333333333333333,0.19894343512433962,0.3333333333333333
internvl,appfr,H32,32,huron,huron__bww1_Feb-16-2023-bww1-intloss_00000000,342,0.8011695906432749,0.3998552691090005,0.45120999219359875,0.4118999323867478,0.45120999219359875
internvl,appfr,H32,32,huron,huron__bww1_Feb-16-2023-bww1-intloss_00000001,1674,0.7574671445639187,0.347406156354006,0.3587586731299306,0.3456565290386975,0.3587586731299306
internvl,appfr,H32,32,huron,huron__bww1_Feb-16-2023-bww1-intloss_00000002,334,0.7005988023952096,0.35802469135802467,0.5644171779141104,0.3189238713976345,0.5644171779141104
internvl,appfr,H32,32,huron,huron__bww2_Feb-20-2023-bww2-intloss_00000000,754,0.4323607427055703,0.3663157894736842,0.4650613786591124,0.24885803009380814,0.4650613786591124
internvl,appfr,H32,32,huron,huron__bww2_Feb-20-2023-bww2-intloss_00000001,819,0.6434676434676435,0.3442279488791116,0.4959816303099885,0.28356636505841043,0.4959816303099885
internvl,appfr,H32,32,huron,huron__bww2_Feb-20-2023-bww2-intloss_00000002,482,0.3132780082987552,0.3449951409135083,0.43362193362193363,0.17672267660315752,0.43362193362193363
internvl,appfr,H32,32,huron,huron__bww8_Feb-03-2023-bww8-intloss_00000000,1095,0.2958904109589041,0.2770825509730721,0.29946229082649606,0.19715474386854517,0.29946229082649606
internvl,appfr,H32,32,huron,huron__bww8_Feb-03-2023-bww8-intloss_00000001,1051,0.6327307326355851,0.38954591534913635,0.4769527733697115,0.3611356805084908,0.4769527733697115
internvl,appfr,H32,32,huron,huron__bww8_Feb-03-2023-bww8-intloss_00000002,705,0.6028368794326241,0.3359134997066031,0.3667636674038723,0.3140187059008197,0.3667636674038723
internvl,appfr,H32,32,huron,huron__cory1_Feb-16-2023-cory1-intloss_00000000,1486,0.7779273216689099,0.3158469945355191,0.2709798406000938,0.2916982084279586,0.2709798406000938
internvl,appfr,H32,32,huron,huron__cory1_Feb-16-2023-cory1-intloss_00000001,2154,0.8156917363045497,0.3312633470336226,0.36730340655842086,0.31328330378260494,0.36730340655842086
internvl,appfr,H32,32,huron,huron__cory1_Feb-16-2023-cory1-intloss_00000002,1653,0.6842105263157895,0.34449158249158246,0.42923818930920027,0.302906332784325,0.42923818930920027
internvl,appfr,H32,32,huron,huron__soda3_Feb-21-2023-soda3-intloss_00000000,2414,0.7995028997514498,0.3750554406784741,0.42147465008500434,0.3811107269109044,0.42147465008500434
internvl,appfr,H32,32,huron,huron__soda3_Feb-21-2023-soda3-intloss_00000001,1368,0.44005847953216376,0.3990938565520963,0.411194041171741,0.29785649811181725,0.411194041171741
internvl,appfr,H32,32,huron,huron__soda3_Feb-21-2023-soda3-intloss_00000002,531,0.911487758945386,0.3888501742160279,0.45268683519823183,0.4068581607659764,0.45268683519823183
internvl,appfr,H32,32,pal,pal__rosbag2_2025_07_11-13_23_07,2151,0.5234774523477452,0.3333333333333333,0.1744924841159151,0.2290713050554369,0.1744924841159151
internvl,appfr,H32,32,pal,pal__rosbag2_2025_07_11-13_37_37,3038,0.2847267939433838,0.1988152130625249,0.1873417452902274,0.18550378707777637,0.1873417452902274
internvl,appfr,H32,32,pal,pal__rosbag2_2025_07_11-13_55_25,4060,0.3233990147783251,0.21963691292159435,0.28121349827484643,0.24560547806495495,0.28121349827484643
internvl,appod,H02,2,crowdbot,crowdbot__defaced_2021-04-24-11-20-18,1619,0.670166769610871,0.3060284289298495,0.32838136833077486,0.29540154734662744,0.32838136833077486
internvl,appod,H02,2,crowdbot,crowdbot__defaced_2021-04-24-11-23-43,1032,0.5736434108527132,0.35713389141538493,0.3459971538512913,0.3192812377594986,0.3459971538512913
internvl,appod,H02,2,crowdbot,crowdbot__defaced_2021-04-24-11-35-54,1211,0.39801816680429397,0.32232982607795196,0.32869690827333936,0.23576021337811903,0.32869690827333936
internvl,appod,H02,2,crowdbot,crowdbot__defaced_2021-04-24-11-40-33,986,0.37322515212981744,0.32711191821361313,0.3339396301589364,0.20395602822740388,0.3339396301589364
internvl,appod,H02,2,crowdbot,crowdbot__defaced_2021-04-24-11-43-54,583,0.48713550600343053,0.28438228438228436,0.33071289390579856,0.22784713051453953,0.33071289390579856
internvl,appod,H02,2,crowdbot,crowdbot__defaced_2021-04-24-11-48-21,1555,0.5305466237942122,0.37440566897931243,0.3665498743337398,0.3356164311398948,0.3665498743337398
internvl,appod,H02,2,crowdbot,crowdbot__defaced_2021-04-24-11-55-30,1815,0.40881542699724516,0.25278592375366565,0.3163663648439005,0.21185578702151667,0.3163663648439005
internvl,appod,H02,2,huron,huron__bww1_Feb-16-2023-bww1-intloss_00000000,342,0.8713450292397661,0.45232290868565855,0.49430132708821234,0.46865212082603386,0.49430132708821234
internvl,appod,H02,2,huron,huron__bww1_Feb-16-2023-bww1-intloss_00000001,1674,0.7622461170848268,0.3622468675368862,0.3869681272375883,0.3631609233378487,0.3869681272375883
internvl,appod,H02,2,huron,huron__bww1_Feb-16-2023-bww1-intloss_00000002,334,0.8502994011976048,0.3738009592326139,0.5748977505112475,0.37865618101545256,0.5748977505112475
internvl,appod,H02,2,huron,huron__bww2_Feb-20-2023-bww2-intloss_00000000,754,0.6551724137931034,0.3467727467727468,0.3855001707753199,0.31155772513464636,0.3855001707753199
internvl,appod,H02,2,huron,huron__bww2_Feb-20-2023-bww2-intloss_00000001,819,0.6971916971916972,0.3446321791127798,0.48899732108687327,0.29826743475604434,0.48899732108687327
internvl,appod,H02,2,huron,huron__bww2_Feb-20-2023-bww2-intloss_00000002,482,0.5020746887966805,0.33342516069788797,0.39105339105339104,0.24275493025493022,0.39105339105339104
internvl,appod,H02,2,huron,huron__bww8_Feb-03-2023-bww8-intloss_00000000,1095,0.4100456621004566,0.3284359735174196,0.3393501135678858,0.2746709152110938,0.3393501135678858
internvl,appod,H02,2,huron,huron__bww8_Feb-03-2023-bww8-intloss_00000001,1051,0.6289248334919124,0.38450833167216697,0.463069684568056,0.3558666250880658,0.463069684568056
internvl,appod,H02,2,huron,huron__bww8_Feb-03-2023-bww8-intloss_00000002,705,0.624113475177305,0.32895499618611745,0.3543087727466729,0.31473893605676545,0.3543087727466729
internvl,appod,H02,2,huron,huron__cory1_Feb-16-2023-cory1-intloss_00000000,1486,0.8943472409152086,0.3180186647523331,0.31153305203938114,0.3147424511545293,0.31153305203938114
internvl,appod,H02,2,huron,huron__cory1_Feb-16-2023-cory1-intloss_00000001,2154,0.7804085422469823,0.3503471375380063,0.5632919452403694,0.32808227627595876,0.5632919452403694
internvl,appod,H02,2,huron,huron__cory1_Feb-16-2023-cory1-intloss_00000002,1653,0.7326073805202662,0.35832089350910956,0.5285645639232227,0.3326983392874183,0.5285645639232227
internvl,appod,H02,2,huron,huron__soda3_Feb-21-2023-soda3-intloss_00000000,2414,0.6685998342999171,0.39074088790954736,0.5185355970097114,0.36447689551754303,0.5185355970097114
internvl,appod,H02,2,huron,huron__soda3_Feb-21-2023-soda3-intloss_00000001,1368,0.5051169590643275,0.4033986878242295,0.4331907340827379,0.3378330531712303,0.4331907340827379
internvl,appod,H02,2,huron,huron__soda3_Feb-21-2023-soda3-intloss_00000002,531,0.943502824858757,0.39738639738639736,0.37940323249067553,0.38608674463937614,0.37940323249067553
internvl,appod,H02,2,pal,pal__rosbag2_2025_07_11-13_23_07,2151,0.8131101813110181,0.3333333333333333,0.2710367271036727,0.2989743589743589,0.2710367271036727
internvl,appod,H02,2,pal,pal__rosbag2_2025_07_11-13_37_37,3038,0.5286372613561554,0.2903959145226602,0.2986759379043715,0.2908148172722573,0.2986759379043715
internvl,appod,H02,2,pal,pal__rosbag2_2025_07_11-13_55_25,4060,0.30689655172413793,0.208369954403821,0.28141883362787173,0.2221002043423337,0.28141883362787173
internvl,appod,H04,4,crowdbot,crowdbot__defaced_2021-04-24-11-20-18,1619,0.6991970352069179,0.30892729081361187,0.3325391162713599,0.2804565644134062,0.3325391162713599
internvl,appod,H04,4,crowdbot,crowdbot__defaced_2021-04-24-11-23-43,1032,0.4312015503875969,0.20992906958548985,0.2533149412532302,0.22238014929976083,0.2533149412532302
internvl,appod,H04,4,crowdbot,crowdbot__defaced_2021-04-24-11-35-54,1211,0.38893476465730803,0.3588467993286981,0.3356486335360313,0.20660710962218498,0.3356486335360313
internvl,appod,H04,4,crowdbot,crowdbot__defaced_2021-04-24-11-40-33,986,0.36511156186612576,0.34331065759637186,0.33385634762794697,0.18209893690666737,0.33385634762794697
internvl,appod,H04,4,crowdbot,crowdbot__defaced_2021-04-24-11-43-54,583,0.4939965694682676,0.38659003831417627,0.33492671408414204,0.22535759401799935,0.33492671408414204
internvl,appod,H04,4,crowdbot,crowdbot__defaced_2021-04-24-11-48-21,1555,0.4617363344051447,0.29222818884356555,0.3234048400116792,0.23834614406696786,0.3234048400116792
internvl,appod,H04,4,crowdbot,crowdbot__defaced_2021-04-24-11-55-30,1815,0.42644628099173554,0.32940317195325547,0.33324630157265545,0.20430117204463175,0.33324630157265545
internvl,appod,H04,4,huron,huron__bww1_Feb-16-2023-bww1-intloss_00000000,342,0.8362573099415205,0.41871345029239765,0.46432474629195936,0.43325964136575784,0.46432474629195936
internvl,appod,H04,4,huron,huron__bww1_Feb-16-2023-bww1-intloss_00000001,1674,0.7759856630824373,0.3548980765961898,0.36915850838006525,0.3560375747565301,0.36915850838006525
internvl,appod,H04,4,huron,huron__bww1_Feb-16-2023-bww1-intloss_00000002,334,0.8323353293413174,0.375,0.6094069529652352,0.376087496892866,0.6094069529652352
internvl,appod,H04,4,huron,huron__bww2_Feb-20-2023-bww2-intloss_00000000,754,0.6870026525198939,0.35396135461943645,0.41007172563438005,0.3274533274533274,0.41007172563438005
internvl,appod,H04,4,huron,huron__bww2_Feb-20-2023-bww2-intloss_00000001,819,0.7545787545787546,0.3477223131478451,0.5084832249011354,0.31662056505124475,0.5084832249011354
internvl,appod,H04,4,huron,huron__bww2_Feb-20-2023-bww2-intloss_00000002,482,0.5373443983402489,0.32455361031269053,0.2950937950937951,0.24494358937171798,0.2950937950937951
internvl,appod,H04,4,huron,huron__bww8_Feb-03-2023-bww8-intloss_00000000,1095,0.4182648401826484,0.3240001548272225,0.33329624994205725,0.27818896376241936,0.33329624994205725
internvl,appod,H04,4,huron,huron__bww8_Feb-03-2023-bww8-intloss_00000001,1051,0.7221693625118935,0.3957472116467932,0.47366760396076363,0.39487179487179486,0.47366760396076363
internvl,appod,H04,4,huron,huron__bww8_Feb-03-2023-bww8-intloss_00000002,705,0.699290780141844,0.33601578433980667,0.3627905172079308,0.3363230232995528,0.3627905172079308
internvl,appod,H04,4,huron,huron__cory1_Feb-16-2023-cory1-intloss_00000000,1486,0.8983849259757739,0.318084345961401,0.3129395218002813,0.31549096065225096,0.3129395218002813
internvl,appod,H04,4,huron,huron__cory1_Feb-16-2023-cory1-intloss_00000001,2154,0.8091922005571031,0.3428231123714995,0.4636421521808341,0.32551494425792993,0.4636421521808341
internvl,appod,H04,4,huron,huron__cory1_Feb-16-2023-cory1-intloss_00000002,1653,0.7483363581367211,0.3577912263608884,0.5133523763759488,0.3356520208230767,0.5133523763759488
internvl,appod,H04,4,huron,huron__soda3_Feb-21-2023-soda3-intloss_00000000,2414,0.7311516155758078,0.3986775373615181,0.5289294114907194,0.391977059623221,0.5289294114907194
internvl,appod,H04,4,huron,huron__soda3_Feb-21-2023-soda3-intloss_00000001,1368,0.5080409356725146,0.4048212682673062,0.4352766273760221,0.3397196971728385,0.4352766273760221
internvl,appod,H04,4,huron,huron__soda3_Feb-21-2023-soda3-intloss_00000002,531,0.9378531073446328,0.424901185770751,0.4449854952341483,0.43392504930966463,0.4449854952341483
internvl,appod,H04,4,pal,pal__rosbag2_2025_07_11-13_23_07,2151,0.696420269642027,0.3333333333333333,0.23214008988067567,0.2736822873846716,0.23214008988067567
internvl,appod,H04,4,pal,pal__rosbag2_2025_07_11-13_37_37,3038,0.4631336405529954,0.28879275620052836,0.28593859642038116,0.2865439420455321,0.28593859642038116
internvl,appod,H04,4,pal,pal__rosbag2_2025_07_11-13_55_25,4060,0.29729064039408865,0.20159253809846445,0.26352127689416255,0.22489717353198432,0.26352127689416255
internvl,appod,H06,6,crowdbot,crowdbot__defaced_2021-04-24-11-20-18,1619,0.7010500308832612,0.2718196457326892,0.33182129395400456,0.2763196082837135,0.33182129395400456
internvl,appod,H06,6,crowdbot,crowdbot__defaced_2021-04-24-11-23-43,1032,0.44573643410852715,0.20325192090317915,0.25978042527832146,0.22042905714956418,0.25978042527832146
internvl,appod,H06,6,crowdbot,crowdbot__defaced_2021-04-24-11-35-54,1211,0.3864574731626755,0.37636899747262004,0.3369154959110925,0.19803683345984016,0.3369154959110925
internvl,appod,H06,6,crowdbot,crowdbot__defaced_2021-04-24-11-40-33,986,0.3630831643002028,0.12251882272416154,0.3333333333333333,0.17917917917917917,0.3333333333333333
internvl,appod,H06,6,crowdbot,crowdbot__defaced_2021-04-24-11-43-54,583,0.4922813036020583,0.16409376786735277,0.3333333333333333,0.21992337164750955,0.3333333333333333
internvl,appod,H06,6,crowdbot,crowdbot__defaced_2021-04-24-11-48-21,1555,0.4572347266881029,0.20896506262359918,0.3213918898029988,0.21335494925587076,0.3213918898029988
internvl,appod,H06,6,crowdbot,crowdbot__defaced_2021-04-24-11-55-30,1815,0.4209366391184573,0.14101144333702473,0.3298791018998273,0.19756917507111457,0.3298791018998273
internvl,appod,H06,6,huron,huron__bww1_Feb-16-2023-bww1-intloss_00000000,342,0.7953216374269005,0.4239167443857234,0.5249024199843872,0.4378733572281959,0.5249024199843872
internvl,appod,H06,6,huron,huron__bww1_Feb-16-2023-bww1-intloss_00000001,1674,0.6965352449223416,0.3525941619585688,0.37667126065329654,0.34084851707978786,0.37667126065329654
internvl,appod,H06,6,huron,huron__bww1_Feb-16-2023-bww1-intloss_00000002,334,0.7275449101796407,0.3602693602693603,0.5736196319018405,0.3291074571998156,0.5736196319018405
internvl,appod,H06,6,huron,huron__bww2_Feb-20-2023-bww2-intloss_00000000,754,0.5119363395225465,0.35215207175216473,0.4139493299580093,0.27216861517257485,0.4139493299580093
internvl,appod,H06,6,huron,huron__bww2_Feb-20-2023-bww2-intloss_00000001,819,0.6202686202686203,0.34181950564280245,0.46287791810179874,0.2745471171765577,0.46287791810179874
internvl,appod,H06,6,huron,huron__bww2_Feb-20-2023-bww2-intloss_00000002,482,0.37344398340248963,0.3300931401537552,0.37337662337662336,0.1971123417721519,0.37337662337662336
internvl,appod,H06,6,huron,huron__bww8_Feb-03-2023-bww8-intloss_00000000,1095,0.3515981735159817,0.3263445625006223,0.33635408458103494,0.23643867386163384,0.33635408458103494
internvl,appod,H06,6,huron,huron__bww8_Feb-03-2023-bww8-intloss_00000001,1051,0.570884871550904,0.3852797700982878,0.4683500839852632,0.3347727955166766,0.4683500839852632
internvl,appod,H06,6,huron,huron__bww8_Feb-03-2023-bww8-intloss_00000002,705,0.5390070921985816,0.3211111111111111,0.32953866449385016,0.2837945789188083,0.32953866449385016
internvl,appod,H06,6,huron,huron__cory1_Feb-16-2023-cory1-intloss_00000000,1486,0.8714670255720054,0.317635516311013,0.3035630567276137,0.3104398897279156,0.3035630567276137
internvl,appod,H06,6,huron,huron__cory1_Feb-16-2023-cory1-intloss_00000001,2154,0.6155988857938719,0.3438833843751876,0.5286851321235275,0.2766335943742439,0.5286851321235275
internvl,appod,H06,6,huron,huron__cory1_Feb-16-2023-cory1-intloss_00000002,1653,0.574107683000605,0.3477800871499745,0.46689269156499996,0.27470198077126556,0.46689269156499996
internvl,appod,H06,6,huron,huron__soda3_Feb-21-2023-soda3-intloss_00000000,2414,0.5584092792046396,0.3736631491710558,0.4704790516779617,0.3115467691163768,0.4704790516779617
internvl,appod,H06,6,huron,huron__soda3_Feb-21-2023-soda3-intloss_00000001,1368,0.3991228070175439,0.39995260523119763,0.3999605576540906,0.27046673191807813,0.3999605576540906
internvl,appod,H06,6,huron,huron__soda3_Feb-21-2023-soda3-intloss_00000002,531,0.9416195856873822,0.4181139122315593,0.4294101395220335,0.4235101506221349,0.4294101395220335
internvl,appod,H06,6,pal,pal__rosbag2_2025_07_11-13_23_07,2151,0.4202696420269642,0.3333333333333333,0.14008988067565473,0.19727223131478452,0.14008988067565473
internvl,appod,H06,6,pal,pal__rosbag2_2025_07_11-13_37_37,3038,0.3568136932192232,0.2645202774657351,0.2676021520344257,0.23748726034973855,0.2676021520344257
internvl,appod,H06,6,pal,pal__rosbag2_2025_07_11-13_55_25,4060,0.3204433497536946,0.195217941802913,0.26674633229543604,0.22097614067737173,0.26674633229543604
internvl,appod,H08,8,crowdbot,crowdbot__defaced_2021-04-24-11-20-18,1619,0.7035206917850525,0.3016935150764147,0.3329888362774138,0.2769041971987209,0.3329888362774138
internvl,appod,H08,8,crowdbot,crowdbot__defaced_2021-04-24-11-23-43,1032,0.41569767441860467,0.18960028660627462,0.24207933254216563,0.2079065231645175,0.24207933254216563
internvl,appod,H08,8,crowdbot,crowdbot__defaced_2021-04-24-11-35-54,1211,0.39719240297274977,0.401315261264023,0.34238193425129887,0.210914719826828,0.34238193425129887
internvl,appod,H08,8,crowdbot,crowdbot__defaced_2021-04-24-11-40-33,986,0.3630831643002028,0.12226775956284153,0.3333333333333333,0.17891054472763615,0.3333333333333333
internvl,appod,H08,8,crowdbot,crowdbot__defaced_2021-04-24-11-43-54,583,0.4922813036020583,0.16409376786735277,0.3333333333333333,0.21992337164750955,0.3333333333333333
internvl,appod,H08,8,crowdbot,crowdbot__defaced_2021-04-24-11-48-21,1555,0.46559485530546624,0.2803223984804148,0.32696815118882,0.22286297696648752,0.32696815118882
internvl,appod,H08,8,crowdbot,crowdbot__defaced_2021-04-24-11-55-30,1815,0.42534435261707987,0.25294334069168506,0.3332277122645495,0.1995668151727957,0.3332277122645495
internvl,appod,H08,8,huron,huron__bww1_Feb-16-2023-bww1-intloss_00000000,342,0.7514619883040936,0.41149664214902465,0.5169398907103825,0.4145811757405733,0.5169398907103825
internvl,appod,H08,8,huron,huron__bww1_Feb-16-2023-bww1-intloss_00000001,1674,0.6899641577060932,0.3539540797921186,0.3795187402971834,0.34052819534517265,0.3795187402971834
internvl,appod,H08,8,huron,huron__bww1_Feb-16-2023-bww1-intloss_00000002,334,0.7005988023952096,0.35802469135802467,0.5644171779141104,0.3189238713976345,0.5644171779141104
internvl,appod,H08,8,huron,huron__bww2_Feb-20-2023-bww2-intloss_00000000,754,0.48143236074270557,0.35291828054985946,0.4163301388302895,0.26161985153998035,0.4163301388302895
internvl,appod,H08,8,huron,huron__bww2_Feb-20-2023-bww2-intloss_00000001,819,0.5982905982905983,0.33956622836800626,0.43018879959178463,0.26606272389814356,0.43018879959178463
internvl,appod,H08,8,huron,huron__bww2_Feb-20-2023-bww2-intloss_00000002,482,0.3506224066390041,0.3346026373316409,0.4195526695526695,0.19068841893252772,0.4195526695526695
internvl,appod,H08,8,huron,huron__bww8_Feb-03-2023-bww8-intloss_00000000,1095,0.33059360730593607,0.31248868874623403,0.32594137733895767,0.22133929878495096,0.32594137733895767
internvl,appod,H08,8,huron,huron__bww8_Feb-03-2023-bww8-intloss_00000001,1051,0.5737392959086585,0.3876793218374149,0.4744100151266275,0.3372819683739501,0.4744100151266275
internvl,appod,H08,8,huron,huron__bww8_Feb-03-2023-bww8-intloss_00000002,705,0.5092198581560283,0.3058833799835224,0.2848174446125791,0.2616963923045678,0.2848174446125791
internvl,appod,H08,8,huron,huron__cory1_Feb-16-2023-cory1-intloss_00000000,1486,0.8499327052489906,0.3172569706103994,0.29606188466947964,0.30629319752637324,0.29606188466947964
internvl,appod,H08,8,huron,huron__cory1_Feb-16-2023-cory1-intloss_00000001,2154,0.6072423398328691,0.5063595171786825,0.47106017191977084,0.29075703507521694,0.47106017191977084
internvl,appod,H08,8,huron,huron__cory1_Feb-16-2023-cory1-intloss_00000002,1653,0.5547489413188142,0.3484397444759846,0.47396709291047107,0.269224807848691,0.47396709291047107
internvl,appod,H08,8,huron,huron__soda3_Feb-21-2023-soda3-intloss_00000000,2414,0.5915492957746479,0.3737514227792392,0.47012506113323554,0.32384644741703206,0.47012506113323554
internvl,appod,H08,8,huron,huron__soda3_Feb-21-2023-soda3-intloss_00000001,1368,0.39985380116959063,0.4025189786059351,0.40184923921782795,0.27092723873236607,0.40184923921782795
internvl,appod,H08,8,huron,huron__soda3_Feb-21-2023-soda3-intloss_00000002,531,0.943502824858757,0.4352399737015122,0.4638416908412764,0.4478405315614618,0.4638416908412764
internvl,appod,H08,8,pal,pal__rosbag2_2025_07_11-13_23_07,2151,0.398884239888424,0.3333333333333333,0.13296141329614133,0.19009637753406447,0.13296141329614133
internvl,appod,H08,8,pal,pal__rosbag2_2025_07_11-13_37_37,3038,0.40256747860434494,0.29164257910355723,0.2908485010015705,0.2682829688416952,0.2908485010015705
internvl,appod,H08,8,pal,pal__rosbag2_2025_07_11-13_55_25,4060,0.31354679802955665,0.19008580889610596,0.2602395579118629,0.21391903139235988,0.2602395579118629
internvl,appod,H10,10,crowdbot,crowdbot__defaced_2021-04-24-11-20-18,1619,0.7041383570105003,0.401165713751213,0.3720553789827968,0.360851672047118,0.3720553789827968
internvl,appod,H10,10,crowdbot,crowdbot__defaced_2021-04-24-11-23-43,1032,0.47771317829457366,0.29264648535913174,0.2975535450991272,0.2914426697831451,0.2975535450991272
internvl,appod,H10,10,crowdbot,crowdbot__defaced_2021-04-24-11-35-54,1211,0.4269199009083402,0.3706089974491067,0.34938025675077466,0.2562923796235098,0.34938025675077466
internvl,appod,H10,10,crowdbot,crowdbot__defaced_2021-04-24-11-40-33,986,0.39655172413793105,0.35013835459269754,0.3439718438419231,0.2375138233952556,0.3439718438419231
internvl,appod,H10,10,crowdbot,crowdbot__defaced_2021-04-24-11-43-54,583,0.5128644939965694,0.4056628056628056,0.3515900212130811,0.27028532887598605,0.3515900212130811
internvl,appod,H10,10,crowdbot,crowdbot__defaced_2021-04-24-11-48-21,1555,0.5157556270096463,0.3740842911877395,0.35796792790936,0.31121889047941936,0.35796792790936
internvl,appod,H10,10,crowdbot,crowdbot__defaced_2021-04-24-11-55-30,1815,0.4418732782369146,0.33314614144177496,0.33435152043640937,0.2539889682536958,0.33435152043640937
internvl,appod,H10,10,huron,huron__bww1_Feb-16-2023-bww1-intloss_00000000,342,0.7865497076023392,0.41490694345025053,0.5047619047619047,0.426497180893097,0.5047619047619047
internvl,appod,H10,10,huron,huron__bww1_Feb-16-2023-bww1-intloss_00000001,1674,0.7246117084826762,0.3528416692394772,0.3747584196685993,0.3470020079291735,0.3747584196685993
internvl,appod,H10,10,huron,huron__bww1_Feb-16-2023-bww1-intloss_00000002,334,0.7155688622754491,0.3592233009708738,0.5695296523517382,0.32452919706061534,0.5695296523517382
internvl,appod,H10,10,huron,huron__bww2_Feb-20-2023-bww2-intloss_00000000,754,0.4920424403183024,0.35372471166572134,0.4201072870833585,0.26603869264700775,0.4201072870833585
internvl,appod,H10,10,huron,huron__bww2_Feb-20-2023-bww2-intloss_00000001,819,0.608058608058608,0.3463073852295409,0.5344112769485904,0.2758164294194056,0.5344112769485904
internvl,appod,H10,10,huron,huron__bww2_Feb-20-2023-bww2-intloss_00000002,482,0.3630705394190871,0.33804771409561835,0.4509379509379509,0.19722582809468936,0.4509379509379509
internvl,appod,H10,10,huron,huron__bww8_Feb-03-2023-bww8-intloss_00000000,1095,0.3406392694063927,0.31065611777661856,0.3231740292649763,0.22929190288341242,0.3231740292649763
internvl,appod,H10,10,huron,huron__bww8_Feb-03-2023-bww8-intloss_00000001,1051,0.6089438629876308,0.3898354591774898,0.4828271017196099,0.35335655852897235,0.4828271017196099
internvl,appod,H10,10,huron,huron__bww8_Feb-03-2023-bww8-intloss_00000002,705,0.5446808510638298,0.316495319847396,0.31516703526946804,0.2807070047520586,0.31516703526946804
internvl,appod,H10,10,huron,huron__cory1_Feb-16-2023-cory1-intloss_00000000,1486,0.8808882907133243,0.3177955814518087,0.3068448195030474,0.31222420989862854,0.3068448195030474
internvl,appod,H10,10,huron,huron__cory1_Feb-16-2023-cory1-intloss_00000001,2154,0.6323119777158774,0.3434675516765069,0.5344157911493155,0.2816914950485849,0.5344157911493155
internvl,appod,H10,10,huron,huron__cory1_Feb-16-2023-cory1-intloss_00000002,1653,0.5807622504537205,0.34535861708491583,0.4416606600994865,0.27422650268173127,0.4416606600994865
internvl,appod,H10,10,huron,huron__soda3_Feb-21-2023-soda3-intloss_00000000,2414,0.5654515327257663,0.3779341819922187,0.4855166631733389,0.317142294755288,0.4855166631733389
internvl,appod,H10,10,huron,huron__soda3_Feb-21-2023-soda3-intloss_00000001,1368,0.42616959064327486,0.397513196092026,0.4081220892307225,0.2888183066900876,0.4081220892307225
internvl,appod,H10,10,huron,huron__soda3_Feb-21-2023-soda3-intloss_00000002,531,0.9585687382297552,0.4903288201160542,0.45220334300317727,0.4679182064547918,0.45220334300317727
internvl,appod,H10,10,pal,pal__rosbag2_2025_07_11-13_23_07,2151,0.5411436541143654,0.3333333333333333,0.1803812180381218,0.2340874811463047,0.1803812180381218
internvl,appod,H10,10,pal,pal__rosbag2_2025_07_11-13_37_37,3038,0.44140882159315337,0.29077524250555714,0.2867376990689647,0.2837762801527927,0.2867376990689647
internvl,appod,H10,10,pal,pal__rosbag2_2025_07_11-13_55_25,4060,0.3133004926108374,0.20627937807367921,0.27037869224943195,0.2340159086579402,0.27037869224943195
internvl,appod,H12,12,crowdbot,crowdbot__defaced_2021-04-24-11-20-18,1619,0.7096973440395306,0.41291453636185843,0.3794627863902042,0.370895713791701,0.3794627863902042
internvl,appod,H12,12,crowdbot,crowdbot__defaced_2021-04-24-11-23-43,1032,0.4748062015503876,0.29133862829269425,0.29609193985070564,0.29039931116133894,0.29609193985070564
internvl,appod,H12,12,crowdbot,crowdbot__defaced_2021-04-24-11-35-54,1211,0.4508670520231214,0.3859497445105798,0.3610645138743273,0.27979257390295315,0.3610645138743273
internvl,appod,H12,12,crowdbot,crowdbot__defaced_2021-04-24-11-40-33,986,0.3945233265720081,0.32756645577859356,0.33775730137949184,0.24371828822902433,0.33775730137949184
internvl,appod,H12,12,crowdbot,crowdbot__defaced_2021-04-24-11-43-54,583,0.5077186963979416,0.37807916415511356,0.3478897303731006,0.26640989729225023,0.3478897303731006
internvl,appod,H12,12,crowdbot,crowdbot__defaced_2021-04-24-11-48-21,1555,0.5311897106109325,0.37933367923847133,0.3673966187474595,0.332792852012806,0.3673966187474595
internvl,appod,H12,12,crowdbot,crowdbot__defaced_2021-04-24-11-55-30,1815,0.428099173553719,0.3097157588866313,0.3241907736194059,0.24578038099493574,0.3241907736194059
internvl,appod,H12,12,huron,huron__bww1_Feb-16-2023-bww1-intloss_00000000,342,0.7807017543859649,0.421070460704607,0.5278688524590164,0.4316648425485931,0.5278688524590164
internvl,appod,H12,12,huron,huron__bww1_Feb-16-2023-bww1-intloss_00000001,1674,0.7060931899641577,0.3479026987479212,0.36612093273769925,0.33823515844086666,0.36612093273769925
internvl,appod,H12,12,huron,huron__bww1_Feb-16-2023-bww1-intloss_00000002,334,0.7125748502994012,0.358974358974359,0.5685071574642127,0.32339842411784864,0.5685071574642127
internvl,appod,H12,12,huron,huron__bww2_Feb-20-2023-bww2-intloss_00000000,754,0.5013262599469496,0.35444046196734375,0.4234122918047938,0.26988892392865904,0.4234122918047938
internvl,appod,H12,12,huron,huron__bww2_Feb-20-2023-bww2-intloss_00000001,819,0.6019536019536019,0.34451120660288687,0.5071118765148616,0.2722091387099163,0.5071118765148616
internvl,appod,H12,12,huron,huron__bww2_Feb-20-2023-bww2-intloss_00000002,482,0.3215767634854772,0.33620333705621547,0.4365079365079365,0.1795955322736601,0.4365079365079365
internvl,appod,H12,12,huron,huron__bww8_Feb-03-2023-bww8-intloss_00000000,1095,0.3378995433789954,0.3159448107901716,0.32927888255380955,0.22667865178295746,0.32927888255380955
internvl,appod,H12,12,huron,huron__bww8_Feb-03-2023-bww8-intloss_00000001,1051,0.6117982873453853,0.3912702453690234,0.48639995545533005,0.35537125223592403,0.48639995545533005
internvl,appod,H12,12,huron,huron__bww8_Feb-03-2023-bww8-intloss_00000002,705,0.5361702127659574,0.31063126608109304,0.29942963566523106,0.27319258533754126,0.29942963566523106
internvl,appod,H12,12,huron,huron__cory1_Feb-16-2023-cory1-intloss_00000000,1486,0.873485868102288,0.3176700930004895,0.3042662916080638,0.31082375478927204,0.3042662916080638
internvl,appod,H12,12,huron,huron__cory1_Feb-16-2023-cory1-intloss_00000001,2154,0.6522748375116063,0.3396405821250436,0.4865011142948106,0.28395693418988416,0.4865011142948106
internvl,appod,H12,12,huron,huron__cory1_Feb-16-2023-cory1-intloss_00000002,1653,0.5843920145190563,0.3485871330046326,0.47044768947382476,0.27835228990765937,0.47044768947382476
internvl,appod,H12,12,huron,huron__soda3_Feb-21-2023-soda3-intloss_00000000,2414,0.5878210439105219,0.3799384976509679,0.4921330259204919,0.32694582668963873,0.4921330259204919
internvl,appod,H12,12,huron,huron__soda3_Feb-21-2023-soda3-intloss_00000001,1368,0.43494152046783624,0.40779764438768273,0.41906734022057374,0.2948064023744686,0.41906734022057374
internvl,appod,H12,12,huron,huron__soda3_Feb-21-2023-soda3-intloss_00000002,531,0.9585687382297552,0.4909385113268609,0.46909103467329744,0.47887166596844016,0.46909103467329744
internvl,appod,H12,12,pal,pal__rosbag2_2025_07_11-13_23_07,2151,0.5555555555555556,0.3333333333333333,0.1851851851851852,0.2380952380952381,0.1851851851851852
internvl,appod,H12,12,pal,pal__rosbag2_2025_07_11-13_37_37,3038,0.41441737985516786,0.2724870434539062,0.2667271932287532,0.26509406537124885,0.2667271932287532
internvl,appod,H12,12,pal,pal__rosbag2_2025_07_11-13_55_25,4060,0.28891625615763544,0.19074060274262963,0.24923027293893232,0.21603565313791448,0.24923027293893232
internvl,appod,H14,14,crowdbot,crowdbot__defaced_2021-04-24-11-20-18,1619,0.7035206917850525,0.36878636741479637,0.33564463471060085,0.2845905733014255,0.33564463471060085
internvl,appod,H14,14,crowdbot,crowdbot__defaced_2021-04-24-11-23-43,1032,0.47674418604651164,0.2343718061849708,0.2797240160494017,0.24057940152581292,0.2797240160494017
internvl,appod,H14,14,crowdbot,crowdbot__defaced_2021-04-24-11-35-54,1211,0.40132122213047067,0.43099226981376026,0.344306982595932,0.21737307446905474,0.344306982595932
internvl,appod,H14,14,crowdbot,crowdbot__defaced_2021-04-24-11-40-33,986,0.36511156186612576,0.3436193059794281,0.334525939177102,0.1803491135932799,0.334525939177102
internvl,appod,H14,14,crowdbot,crowdbot__defaced_2021-04-24-11-43-54,583,0.4957118353344768,0.4979919678714859,0.33608815426997246,0.22589458840119866,0.33608815426997246
internvl,appod,H14,14,crowdbot,crowdbot__defaced_2021-04-24-11-48-21,1555,0.4630225080385852,0.3020952770952771,0.32476455467197957,0.23037397229283207,0.32476455467197957
internvl,appod,H14,14,crowdbot,crowdbot__defaced_2021-04-24-11-55-30,1815,0.42424242424242425,0.2843439534087016,0.3321529122686054,0.20021169715324227,0.3321529122686054
internvl,appod,H14,14,huron,huron__bww1_Feb-16-2023-bww1-intloss_00000000,342,0.9064327485380117,0.5017286963595687,0.5411397345823575,0.5187284393783543,0.5411397345823575
internvl,appod,H14,14,huron,huron__bww1_Feb-16-2023-bww1-intloss_00000001,1674,0.8548387096774194,0.3702819559461439,0.3614239774419415,0.3642906860808548,0.3614239774419415
internvl,appod,H14,14,huron,huron__bww1_Feb-16-2023-bww1-intloss_00000002,334,0.8353293413173652,0.37566137566137564,0.6104294478527607,0.37774160316449223,0.6104294478527607
internvl,appod,H14,14,huron,huron__bww2_Feb-20-2023-bww2-intloss_00000000,754,0.7877984084880637,0.3619312764854509,0.4128543587889016,0.35944912012241775,0.4128543587889016
internvl,appod,H14,14,huron,huron__bww2_Feb-20-2023-bww2-intloss_00000001,819,0.8144078144078144,0.3504275148972746,0.5035718841688991,0.3345210389749351,0.5035718841688991
internvl,appod,H14,14,huron,huron__bww2_Feb-20-2023-bww2-intloss_00000002,482,0.6887966804979253,0.33711132854968473,0.4018759018759019,0.2976639912016328,0.4018759018759019
internvl,appod,H14,14,huron,huron__bww8_Feb-03-2023-bww8-intloss_00000000,1095,0.43105022831050227,0.3234760216143195,0.3325978460730234,0.2844199813978917,0.3325978460730234
internvl,appod,H14,14,huron,huron__bww8_Feb-03-2023-bww8-intloss_00000001,1051,0.7602283539486203,0.41047146239798454,0.498092931317687,0.4196868717402466,0.498092931317687
internvl,appod,H14,14,huron,huron__bww8_Feb-03-2023-bww8-intloss_00000002,705,0.7460992907801418,0.33973123236387,0.3643968494160556,0.3471687843968305,0.3643968494160556
internvl,appod,H14,14,huron,huron__cory1_Feb-16-2023-cory1-intloss_00000000,1486,0.9004037685060565,0.3181169757489301,0.3136427566807314,0.31586402266288954,0.3136427566807314
internvl,appod,H14,14,huron,huron__cory1_Feb-16-2023-cory1-intloss_00000001,2154,0.8426183844011143,0.3425206560611666,0.45319961795606495,0.33407914363428975,0.45319961795606495
internvl,appod,H14,14,huron,huron__cory1_Feb-16-2023-cory1-intloss_00000002,1653,0.7713248638838476,0.35402972568416263,0.47311727488721006,0.3362844357701864,0.47311727488721006
internvl,appod,H14,14,huron,huron__soda3_Feb-21-2023-soda3-intloss_00000000,2414,0.7589063794531897,0.373269930937343,0.4346840867276835,0.37263768535988606,0.4346840867276835
internvl,appod,H14,14,huron,huron__soda3_Feb-21-2023-soda3-intloss_00000001,1368,0.570906432748538,0.4077590734444536,0.4492634900408077,0.37399926785401644,0.4492634900408077
internvl,appod,H14,14,huron,huron__soda3_Feb-21-2023-soda3-intloss_00000002,531,0.9529190207156308,0.40275142314990514,0.34890868904544825,0.35426731078904994,0.34890868904544825
internvl,appod,H14,14,pal,pal__rosbag2_2025_07_11-13_23_07,2151,0.7336122733612274,0.3333333333333333,0.24453742445374246,0.28211316706891926,0.24453742445374246
internvl,appod,H14,14,pal,pal__rosbag2_2025_07_11-13_37_37,3038,0.4660961158657011,0.2662632311831897,0.2677934552447881,0.26644313570995243,0.2677934552447881
internvl,appod,H14,14,pal,pal__rosbag2_2025_07_11-13_55_25,4060,0.2692118226600985,0.18450463106272597,0.24002468512440744,0.20384330690285712,0.24002468512440744
internvl,appod,H16,16,crowdbot,crowdbot__defaced_2021-04-24-11-20-18,1619,0.7041383570105003,0.346283667424399,0.33381188154490354,0.27862222045591367,0.33381188154490354
internvl,appod,H16,16,crowdbot,crowdbot__defaced_2021-04-24-11-23-43,1032,0.45930232558139533,0.20757575757575755,0.26716294458229944,0.22374775845187408,0.26716294458229944
internvl,appod,H16,16,crowdbot,crowdbot__defaced_2021-04-24-11-35-54,1211,0.39801816680429397,0.4434200254735199,0.34282460800074555,0.21326449896015043,0.34282460800074555
internvl,appod,H16,16,crowdbot,crowdbot__defaced_2021-04-24-11-40-33,986,0.3620689655172414,0.4540522210918956,0.332067438862294,0.17817282766947196,0.332067438862294
internvl,appod,H16,16,crowdbot,crowdbot__defaced_2021-04-24-11-43-54,583,0.4922813036020583,0.49741824440619625,0.3335493036158225,0.22240554259670145,0.3335493036158225
internvl,appod,H16,16,crowdbot,crowdbot__defaced_2021-04-24-11-48-21,1555,0.46881028938906755,0.3235034239010382,0.3291385420423773,0.22604293480053286,0.3291385420423773
internvl,appod,H16,16,crowdbot,crowdbot__defaced_2021-04-24-11-55-30,1815,0.4209366391184573,0.18852394143252868,0.32977348083104346,0.1980350208712566,0.32977348083104346
internvl,appod,H16,16,huron,huron__bww1_Feb-16-2023-bww1-intloss_00000000,342,0.8888888888888888,0.47698785742264005,0.5177205308352849,0.49388193888101456,0.5177205308352849
internvl,appod,H16,16,huron,huron__bww1_Feb-16-2023-bww1-intloss_00000001,1674,0.8249701314217444,0.34119635508524393,0.3415233026011469,0.3413437861199055,0.3415233026011469
internvl,appod,H16,16,huron,huron__bww1_Feb-16-2023-bww1-intloss_00000002,334,0.7904191616766467,0.36752136752136755,0.5950920245398773,0.35525719917952,0.5950920245398773
internvl,appod,H16,16,huron,huron__bww2_Feb-20-2023-bww2-intloss_00000000,754,0.7559681697612732,0.3649630447016068,0.43462318927932814,0.35664010133766616,0.43462318927932814
internvl,appod,H16,16,huron,huron__bww2_Feb-20-2023-bww2-intloss_00000001,819,0.7655677655677655,0.3524966412897447,0.5626674320704171,0.3257694314032342,0.5626674320704171
internvl,appod,H16,16,huron,huron__bww2_Feb-20-2023-bww2-intloss_00000002,482,0.6286307053941909,0.3339041414611447,0.38095238095238093,0.2788676175045027,0.38095238095238093
internvl,appod,H16,16,huron,huron__bww8_Feb-03-2023-bww8-intloss_00000000,1095,0.3926940639269406,0.3162437345740017,0.32488450068758784,0.26306273838483946,0.32488450068758784
internvl,appod,H16,16,huron,huron__bww8_Feb-03-2023-bww8-intloss_00000001,1051,0.7326355851569933,0.40353535353535347,0.492571248271574,0.40614183254331476,0.492571248271574
internvl,appod,H16,16,huron,huron__bww8_Feb-03-2023-bww8-intloss_00000002,705,0.7219858156028369,0.3323291896518121,0.35503045823148255,0.3366760196819975,0.35503045823148255
internvl,appod,H16,16,huron,huron__cory1_Feb-16-2023-cory1-intloss_00000000,1486,0.8977119784656796,0.3180734382451121,0.31270511017346464,0.3153664302600473,0.31270511017346464
internvl,appod,H16,16,huron,huron__cory1_Feb-16-2023-cory1-intloss_00000001,2154,0.8430826369545033,0.34043085941105883,0.4314549506526584,0.33073523210492506,0.4314549506526584
internvl,appod,H16,16,huron,huron__cory1_Feb-16-2023-cory1-intloss_00000002,1653,0.7434966727162734,0.35590161031253914,0.4979132740685371,0.3315134964596581,0.4979132740685371
internvl,appod,H16,16,huron,huron__soda3_Feb-21-2023-soda3-intloss_00000000,2414,0.7618061309030655,0.5434942590254142,0.4629903159475206,0.41201074270247534,0.4629903159475206
internvl,appod,H16,16,huron,huron__soda3_Feb-21-2023-soda3-intloss_00000001,1368,0.5219298245614035,0.3972959202241875,0.42897343709704333,0.34582219129456676,0.42897343709704333
internvl,appod,H16,16,huron,huron__soda3_Feb-21-2023-soda3-intloss_00000002,531,0.9510357815442562,0.43167305236270753,0.38202790440668605,0.39634766527970405,0.38202790440668605
internvl,appod,H16,16,pal,pal__rosbag2_2025_07_11-13_23_07,2151,0.704323570432357,0.3333333333333333,0.23477452347745234,0.2755046372067649,0.23477452347745234
internvl,appod,H16,16,pal,pal__rosbag2_2025_07_11-13_37_37,3038,0.44733377221856485,0.27186941028999595,0.26527024824917184,0.26852419107906383,0.26527024824917184
internvl,appod,H16,16,pal,pal__rosbag2_2025_07_11-13_55_25,4060,0.25911330049261083,0.17611715990853627,0.22897809195208843,0.19678691896889697,0.22897809195208843
internvl,appod,H18,18,crowdbot,crowdbot__defaced_2021-04-24-11-20-18,1619,0.679431747992588,0.3620445060292638,0.3540060395090556,0.3390305402641563,0.3540060395090556
internvl,appod,H18,18,crowdbot,crowdbot__defaced_2021-04-24-11-23-43,1032,0.4680232558139535,0.28151750705726797,0.2888198757763975,0.2802197181768442,0.2888198757763975
internvl,appod,H18,18,crowdbot,crowdbot__defaced_2021-04-24-11-35-54,1211,0.4384805945499587,0.40064562410329985,0.35961417487942965,0.2618709631627511,0.35961417487942965
internvl,appod,H18,18,crowdbot,crowdbot__defaced_2021-04-24-11-40-33,986,0.3843813387423935,0.32161236729070425,0.33849018765219885,0.22153116247545576,0.33849018765219885
internvl,appod,H18,18,crowdbot,crowdbot__defaced_2021-04-24-11-43-54,583,0.5077186963979416,0.43333333333333335,0.3463779383956767,0.25257089979596636,0.3463779383956767
internvl,appod,H18,18,crowdbot,crowdbot__defaced_2021-04-24-11-48-21,1555,0.5003215434083601,0.3547998716839853,0.3474468852515329,0.2999460564776134,0.3474468852515329
internvl,appod,H18,18,crowdbot,crowdbot__defaced_2021-04-24-11-55-30,1815,0.4319559228650138,0.3174401827320003,0.3279525736052104,0.24517561839931012,0.3279525736052104
internvl,appod,H18,18,huron,huron__bww1_Feb-16-2023-bww1-intloss_00000000,342,0.8216374269005848,0.4356552162849872,0.5347384855581577,0.4551695933338446,0.5347384855581577
internvl,appod,H18,18,huron,huron__bww1_Feb-16-2023-bww1-intloss_00000001,1674,0.7240143369175627,0.35427364740933553,0.378061337642176,0.3484742910917545,0.378061337642176
internvl,appod,H18,18,huron,huron__bww1_Feb-16-2023-bww1-intloss_00000002,334,0.7275449101796407,0.3602693602693603,0.5736196319018405,0.3291074571998156,0.5736196319018405
internvl,appod,H18,18,huron,huron__bww2_Feb-20-2023-bww2-intloss_00000000,754,0.596816976127321,0.3627139384676185,0.4574066260824141,0.3091293664071934,0.4574066260824141
internvl,appod,H18,18,huron,huron__bww2_Feb-20-2023-bww2-intloss_00000001,819,0.6495726495726496,0.3477777777777778,0.5485074626865671,0.28921586383932346,0.5485074626865671
internvl,appod,H18,18,huron,huron__bww2_Feb-20-2023-bww2-intloss_00000002,482,0.4024896265560166,0.34139594139594137,0.4646464646464647,0.21342216753450075,0.4646464646464647
internvl,appod,H18,18,huron,huron__bww8_Feb-03-2023-bww8-intloss_00000000,1095,0.3452054794520548,0.31320378057914716,0.3252599700242587,0.23250753812815006,0.3252599700242587
internvl,appod,H18,18,huron,huron__bww8_Feb-03-2023-bww8-intloss_00000001,1051,0.6070409134157945,0.3857035337533535,0.4721549412103158,0.34995130523544987,0.4721549412103158
internvl,appod,H18,18,huron,huron__bww8_Feb-03-2023-bww8-intloss_00000002,705,0.5588652482269504,0.3162396057378021,0.32482054863616966,0.2870497827019566,0.32482054863616966
internvl,appod,H18,18,huron,huron__cory1_Feb-16-2023-cory1-intloss_00000000,1486,0.870121130551817,0.31761238025055266,0.3030942334739803,0.3101835192515293,0.3030942334739803
internvl,appod,H18,18,huron,huron__cory1_Feb-16-2023-cory1-intloss_00000001,2154,0.6420612813370473,0.33953864706111175,0.47204711875198985,0.28031598490271653,0.47204711875198985
internvl,appod,H18,18,huron,huron__cory1_Feb-16-2023-cory1-intloss_00000002,1653,0.5819721718088324,0.3500004457639056,0.48337738149265413,0.27891421417574047,0.48337738149265413
internvl,appod,H18,18,huron,huron__soda3_Feb-21-2023-soda3-intloss_00000000,2414,0.6329743164871583,0.38092281397975963,0.4914949113859195,0.3439255394101526,0.4914949113859195
internvl,appod,H18,18,huron,huron__soda3_Feb-21-2023-soda3-intloss_00000001,1368,0.4780701754385965,0.4071280747093891,0.43049803546777105,0.3224149966484062,0.43049803546777105
internvl,appod,H18,18,huron,huron__soda3_Feb-21-2023-soda3-intloss_00000002,531,0.9548022598870056,0.4723846653671215,0.46777869871529215,0.46996849935145724,0.46777869871529215
internvl,appod,H18,18,pal,pal__rosbag2_2025_07_11-13_23_07,2151,0.5258019525801952,0.3333333333333333,0.17526731752673175,0.22973796465569776,0.17526731752673175
internvl,appod,H18,18,pal,pal__rosbag2_2025_07_11-13_37_37,3038,0.43449637919684003,0.28011702671178074,0.2752010702844511,0.2748161103461963,0.2752010702844511
internvl,appod,H18,18,pal,pal__rosbag2_2025_07_11-13_55_25,4060,0.28054187192118224,0.18475225664004155,0.24184352997279027,0.2092905384964283,0.24184352997279027
internvl,appod,H20,20,crowdbot,crowdbot__defaced_2021-04-24-11-20-18,1619,0.7047560222359481,0.40106176858095016,0.347382759291691,0.3135822702100539,0.347382759291691
internvl,appod,H20,20,crowdbot,crowdbot__defaced_2021-04-24-11-23-43,1032,0.47674418604651164,0.27333166192805486,0.2883600737738185,0.2705509937744474,0.2883600737738185
internvl,appod,H20,20,crowdbot,crowdbot__defaced_2021-04-24-11-35-54,1211,0.4046242774566474,0.3928400383141763,0.3449243959833182,0.2218930010858163,0.3449243959833182
internvl,appod,H20,20,crowdbot,crowdbot__defaced_2021-04-24-11-40-33,986,0.3772819472616633,0.3543938863980837,0.3386684122685162,0.20337356807608523,0.3386684122685162
internvl,appod,H20,20,crowdbot,crowdbot__defaced_2021-04-24-11-43-54,583,0.4957118353344768,0.364630599185573,0.33695203539992896,0.2352528608342562,0.33695203539992896
internvl,appod,H20,20,crowdbot,crowdbot__defaced_2021-04-24-11-48-21,1555,0.5022508038585209,0.3715100864876378,0.34995677538658837,0.286479294969861,0.34995677538658837
internvl,appod,H20,20,crowdbot,crowdbot__defaced_2021-04-24-11-55-30,1815,0.4286501377410468,0.32052026132118994,0.3307485745380557,0.22413968398011955,0.3307485745380557
internvl,appod,H20,20,huron,huron__bww1_Feb-16-2023-bww1-intloss_00000000,342,0.8157894736842105,0.42754467754467756,0.5156908665105386,0.445090750734871,0.5156908665105386
internvl,appod,H20,20,huron,huron__bww1_Feb-16-2023-bww1-intloss_00000001,1674,0.7281959378733572,0.3560718328702274,0.38137613661565756,0.351185020023018,0.38137613661565756
internvl,appod,H20,20,huron,huron__bww1_Feb-16-2023-bww1-intloss_00000002,334,0.718562874251497,0.35947712418300654,0.5705521472392637,0.3256652546975128,0.5705521472392637
internvl,appod,H20,20,huron,huron__bww2_Feb-20-2023-bww2-intloss_00000000,754,0.6007957559681698,0.36003923820461287,0.44558294657746167,0.3081982460802551,0.44558294657746167
internvl,appod,H20,20,huron,huron__bww2_Feb-20-2023-bww2-intloss_00000001,819,0.6398046398046398,0.3474025974025974,0.5451907131011609,0.2860610655074249,0.5451907131011609
internvl,appod,H20,20,huron,huron__bww2_Feb-20-2023-bww2-intloss_00000002,482,0.3796680497925311,0.3395625872498837,0.4296536796536796,0.20299897147187787,0.4296536796536796
internvl,appod,H20,20,huron,huron__bww8_Feb-03-2023-bww8-intloss_00000000,1095,0.3406392694063927,0.32085909534656687,0.3337999660068913,0.22830301700092362,0.3337999660068913
internvl,appod,H20,20,huron,huron__bww8_Feb-03-2023-bww8-intloss_00000001,1051,0.5965746907706946,0.3838809027449898,0.4656866839277263,0.3442345276872964,0.4656866839277263
internvl,appod,H20,20,huron,huron__bww8_Feb-03-2023-bww8-intloss_00000002,705,0.5361702127659574,0.3076901631483278,0.29942963566523106,0.2726335923271925,0.29942963566523106
internvl,appod,H20,20,huron,huron__cory1_Feb-16-2023-cory1-intloss_00000000,1486,0.857335127860027,0.31738913801694074,0.2986404125644632,0.30772946859903383,0.2986404125644632
internvl,appod,H20,20,huron,huron__cory1_Feb-16-2023-cory1-intloss_00000001,2154,0.6773444753946146,0.33814496072006633,0.45128939828080233,0.28834680089666304,0.45128939828080233
internvl,appod,H20,20,huron,huron__cory1_Feb-16-2023-cory1-intloss_00000002,1653,0.5898366606170599,0.3480781632980574,0.4654466661327496,0.279530343852907,0.4654466661327496
internvl,appod,H20,20,huron,huron__soda3_Feb-21-2023-soda3-intloss_00000000,2414,0.6690140845070423,0.3850159954745453,0.4999906844593493,0.3595896272874443,0.4999906844593493
internvl,appod,H20,20,huron,huron__soda3_Feb-21-2023-soda3-intloss_00000001,1368,0.47149122807017546,0.4035192837465565,0.42443756731746535,0.3178787909015039,0.42443756731746535
internvl,appod,H20,20,huron,huron__soda3_Feb-21-2023-soda3-intloss_00000002,531,0.9472693032015066,0.4505135387488329,0.4651540267992817,0.4574983628028815,0.4651540267992817
internvl,appod,H20,20,pal,pal__rosbag2_2025_07_11-13_23_07,2151,0.5471873547187355,0.3333333333333333,0.18239578490624517,0.2357772435897436,0.18239578490624517
internvl,appod,H20,20,pal,pal__rosbag2_2025_07_11-13_37_37,3038,0.4292297564186965,0.28071256814616313,0.27562801850890234,0.2741108690667064,0.27562801850890234
internvl,appod,H20,20,pal,pal__rosbag2_2025_07_11-13_55_25,4060,0.2751231527093596,0.22880303015961925,0.23700250752762742,0.20563524337972028,0.23700250752762742
internvl,appod,H22,22,crowdbot,crowdbot__defaced_2021-04-24-11-20-18,1619,0.7134033353922175,0.42592226331669775,0.3987423695343524,0.39703352997274055,0.3987423695343524
internvl,appod,H22,22,crowdbot,crowdbot__defaced_2021-04-24-11-23-43,1032,0.4738372093023256,0.29946402803545663,0.2974302462381004,0.2955940478326347,0.2974302462381004
internvl,appod,H22,22,crowdbot,crowdbot__defaced_2021-04-24-11-35-54,1211,0.47894302229562347,0.4098376408217363,0.376980382563314,0.30417636197210524,0.376980382563314
internvl,appod,H22,22,crowdbot,crowdbot__defaced_2021-04-24-11-40-33,986,0.41379310344827586,0.3676628831268007,0.35310460619022394,0.25735433699355265,0.35310460619022394
internvl,appod,H22,22,crowdbot,crowdbot__defaced_2021-04-24-11-43-54,583,0.5128644939965694,0.37427141963727334,0.3539656943204615,0.28866243456955115,0.3539656943204615
internvl,appod,H22,22,crowdbot,crowdbot__defaced_2021-04-24-11-48-21,1555,0.5607717041800643,0.40125708918831055,0.3866238428112601,0.36081669943436534,0.3866238428112601
internvl,appod,H22,22,crowdbot,crowdbot__defaced_2021-04-24-11-55-30,1815,0.45454545454545453,0.3470998805293732,0.34016321412517025,0.27195804008790564,0.34016321412517025
internvl,appod,H22,22,huron,huron__bww1_Feb-16-2023-bww1-intloss_00000000,342,0.8538011695906432,0.45895061728395065,0.5636221701795473,0.48561289448733574,0.5636221701795473
internvl,appod,H22,22,huron,huron__bww1_Feb-16-2023-bww1-intloss_00000001,1674,0.7873357228195937,0.35477296079235515,0.3663229097360834,0.356599590597809,0.3663229097360834
internvl,appod,H22,22,huron,huron__bww1_Feb-16-2023-bww1-intloss_00000002,334,0.7365269461077845,0.3611111111111111,0.5766871165644172,0.3326059283506092,0.5766871165644172
internvl,appod,H22,22,huron,huron__bww2_Feb-20-2023-bww2-intloss_00000000,754,0.6379310344827587,0.36246179631272796,0.45218291041327624,0.3220457773105369,0.45218291041327624
internvl,appod,H22,22,huron,huron__bww2_Feb-20-2023-bww2-intloss_00000001,819,0.6837606837606838,0.349264705882353,0.5601160862354893,0.3003328701719757,0.5601160862354893
internvl,appod,H22,22,huron,huron__bww2_Feb-20-2023-bww2-intloss_00000002,482,0.43983402489626555,0.3358833988396032,0.4235209235209236,0.22430504818564515,0.4235209235209236
internvl,appod,H22,22,huron,huron__bww8_Feb-03-2023-bww8-intloss_00000000,1095,0.3378995433789954,0.30543450397334015,0.3186529458118945,0.22757804591096886,0.3186529458118945
internvl,appod,H22,22,huron,huron__bww8_Feb-03-2023-bww8-intloss_00000001,1051,0.6146527117031398,0.38213900006352836,0.46012788032332014,0.34971434200157603,0.46012788032332014
internvl,appod,H22,22,huron,huron__bww8_Feb-03-2023-bww8-intloss_00000002,705,0.5617021276595745,0.3153302313997192,0.31349086253055525,0.28426685840865384,0.31349086253055525
internvl,appod,H22,22,huron,huron__cory1_Feb-16-2023-cory1-intloss_00000000,1486,0.8559892328398385,0.31736526946107785,0.2981715893108298,0.3074691805656273,0.2981715893108298
internvl,appod,H22,22,huron,huron__cory1_Feb-16-2023-cory1-intloss_00000001,2154,0.7042711234911792,0.3373890763654543,0.4386182744348934,0.2943933530998208,0.4386182744348934
internvl,appod,H22,22,huron,huron__cory1_Feb-16-2023-cory1-intloss_00000002,1653,0.6104053236539625,0.34598997493734335,0.44502433772035205,0.28357804100412826,0.44502433772035205
internvl,appod,H22,22,huron,huron__soda3_Feb-21-2023-soda3-intloss_00000000,2414,0.6731565865782932,0.37111924065651575,0.4516476862525909,0.34842794378008146,0.4516476862525909
internvl,appod,H22,22,huron,huron__soda3_Feb-21-2023-soda3-intloss_00000001,1368,0.48903508771929827,0.3994834563683322,0.42523399930217387,0.3279453331032038,0.42523399930217387
internvl,appod,H22,22,huron,huron__soda3_Feb-21-2023-soda3-intloss_00000002,531,0.9510357815442562,0.45568475452196383,0.4326909794170466,0.4425168504901961,0.4326909794170466
internvl,appod,H22,22,pal,pal__rosbag2_2025_07_11-13_23_07,2151,0.4941887494188749,0.3333333333333333,0.16472958313962496,0.22049367351171956,0.16472958313962496
internvl,appod,H22,22,pal,pal__rosbag2_2025_07_11-13_37_37,3038,0.43548387096774194,0.2861502635126854,0.2808399224461853,0.27921514848917944,0.2808399224461853
internvl,appod,H22,22,pal,pal__rosbag2_2025_07_11-13_55_25,4060,0.2881773399014778,0.18930195949223436,0.24792196134533928,0.21443484939377208,0.24792196134533928
internvl,appod,H24,24,crowdbot,crowdbot__defaced_2021-04-24-11-20-18,1619,0.7263743051266214,0.44554054157394446,0.40062268923915156,0.3987335793689431,0.40062268923915156
internvl,appod,H24,24,crowdbot,crowdbot__defaced_2021-04-24-11-23-43,1032,0.47189922480620156,0.291589285031908,0.29315588572250567,0.28789170162982775,0.29315588572250567
internvl,appod,H24,24,crowdbot,crowdbot__defaced_2021-04-24-11-35-54,1211,0.4558216350123865,0.39490332353203245,0.36429719717620745,0.28418647272389835,0.36429719717620745
internvl,appod,H24,24,crowdbot,crowdbot__defaced_2021-04-24-11-40-33,986,0.40365111561866124,0.3736692094894794,0.35082433049173334,0.24044846103990583,0.35082433049173334
internvl,appod,H24,24,crowdbot,crowdbot__defaced_2021-04-24-11-43-54,583,0.516295025728988,0.3879097093382808,0.3558566341271441,0.2871309481478973,0.3558566341271441
internvl,appod,H24,24,crowdbot,crowdbot__defaced_2021-04-24-11-48-21,1555,0.5633440514469453,0.408850433148271,0.38888812554030766,0.35901181813200417,0.38888812554030766
internvl,appod,H24,24,crowdbot,crowdbot__defaced_2021-04-24-11-55-30,1815,0.4633608815426997,0.3715128582001647,0.3489728562302911,0.27068249923881865,0.3489728562302911
internvl,appod,H24,24,huron,huron__bww1_Feb-16-2023-bww1-intloss_00000000,342,0.8654970760233918,0.47367475292003597,0.6017174082747854,0.5040309106098579,0.6017174082747854
internvl,appod,H24,24,huron,huron__bww1_Feb-16-2023-bww1-intloss_00000001,1674,0.7658303464755077,0.3488098159899031,0.3601012261191902,0.34815575524176295,0.3601012261191902
internvl,appod,H24,24,huron,huron__bww1_Feb-16-2023-bww1-intloss_00000002,334,0.718562874251497,0.3552421652421653,0.5299079754601227,0.32059082892416224,0.5299079754601227
internvl,appod,H24,24,huron,huron__bww2_Feb-20-2023-bww2-intloss_00000000,754,0.6021220159151194,0.36170940170940175,0.452675145159022,0.31003742124958555,0.452675145159022
internvl,appod,H24,24,huron,huron__bww2_Feb-20-2023-bww2-intloss_00000001,819,0.6776556776556777,0.34726604278074863,0.5328166858017604,0.29632377184305975,0.5328166858017604
internvl,appod,H24,24,huron,huron__bww2_Feb-20-2023-bww2-intloss_00000002,482,0.4315352697095436,0.33440756068210503,0.39357864357864364,0.21966179539987787,0.39357864357864364
internvl,appod,H24,24,huron,huron__bww8_Feb-03-2023-bww8-intloss_00000000,1095,0.33972602739726027,0.31570746418698165,0.3268437398600102,0.22830428584271975,0.3268437398600102
internvl,appod,H24,24,huron,huron__bww8_Feb-03-2023-bww8-intloss_00000001,1051,0.6060894386298763,0.38300310899469353,0.46184470614438045,0.3469062904990794,0.46184470614438045
internvl,appod,H24,24,huron,huron__bww8_Feb-03-2023-bww8-intloss_00000002,705,0.5843971631205673,0.31826620342080303,0.32645016102122376,0.29418026418026416,0.32645016102122376
internvl,appod,H24,24,huron,huron__cory1_Feb-16-2023-cory1-intloss_00000000,1486,0.847913862718708,0.3172205438066465,0.29535864978902954,0.3058994901675164,0.29535864978902954
internvl,appod,H24,24,huron,huron__cory1_Feb-16-2023-cory1-intloss_00000001,2154,0.7005571030640668,0.3360267754549115,0.4154409423750398,0.2915267687624819,0.4154409423750398
internvl,appod,H24,24,huron,huron__cory1_Feb-16-2023-cory1-intloss_00000002,1653,0.6019358741681791,0.3478946733425831,0.4627459355562082,0.2829820452771272,0.4627459355562082
internvl,appod,H24,24,huron,huron__soda3_Feb-21-2023-soda3-intloss_00000000,2414,0.6628003314001657,0.37037447207929813,0.4509792962109038,0.3446530804586192,0.4509792962109038
internvl,appod,H24,24,huron,huron__soda3_Feb-21-2023-soda3-intloss_00000001,1368,0.472953216374269,0.4031653788297613,0.4250898830382743,0.31878939053795624,0.4250898830382743
internvl,appod,H24,24,huron,huron__soda3_Feb-21-2023-soda3-intloss_00000002,531,0.9416195856873822,0.4249400890106128,0.44629783119215366,0.43460192475940507,0.44629783119215366
internvl,appod,H24,24,pal,pal__rosbag2_2025_07_11-13_23_07,2151,0.49372384937238495,0.3333333333333333,0.16457461645746166,0.2203548085901027,0.16457461645746166
internvl,appod,H24,24,pal,pal__rosbag2_2025_07_11-13_37_37,3038,0.41441737985516786,0.27718363106151883,0.2705754283378649,0.2678904230079003,0.2705754283378649
internvl,appod,H24,24,pal,pal__rosbag2_2025_07_11-13_55_25,4060,0.29064039408866993,0.19130391047403497,0.25005217537658836,0.21632692811208817,0.25005217537658836
internvl,appod,H26,26,crowdbot,crowdbot__defaced_2021-04-24-11-20-18,1619,0.7430512662137122,0.5067379549182818,0.39628692712950353,0.3912921848376186,0.39628692712950353
internvl,appod,H26,26,crowdbot,crowdbot__defaced_2021-04-24-11-23-43,1032,0.49612403100775193,0.29858674463937623,0.3049848702022615,0.2937628308117999,0.3049848702022615
internvl,appod,H26,26,crowdbot,crowdbot__defaced_2021-04-24-11-35-54,1211,0.4649050371593724,0.44653406998158385,0.3781045409007246,0.2813344796716981,0.3781045409007246
internvl,appod,H26,26,crowdbot,crowdbot__defaced_2021-04-24-11-40-33,986,0.3945233265720081,0.3833699968781536,0.34947515348970465,0.22236164736164735,0.34947515348970465
internvl,appod,H26,26,crowdbot,crowdbot__defaced_2021-04-24-11-43-54,583,0.5128644939965694,0.44532940019665684,0.35051016980063543,0.2606837606837607,0.35051016980063543
internvl,appod,H26,26,crowdbot,crowdbot__defaced_2021-04-24-11-48-21,1555,0.5234726688102894,0.39933781216792336,0.36406288465612097,0.3072147097771856,0.36406288465612097
internvl,appod,H26,26,crowdbot,crowdbot__defaced_2021-04-24-11-55-30,1815,0.4573002754820937,0.39433496798937306,0.34908185717327606,0.2518130076101554,0.34908185717327606
internvl,appod,H26,26,huron,huron__bww1_Feb-16-2023-bww1-intloss_00000000,342,0.6900584795321637,0.3900954078033931,0.4771272443403591,0.3768802138692949,0.4771272443403591
internvl,appod,H26,26,huron,huron__bww1_Feb-16-2023-bww1-intloss_00000001,1674,0.5692951015531661,0.3371002310240209,0.3452935399043184,0.29449512588787924,0.3452935399043184
internvl,appod,H26,26,huron,huron__bww1_Feb-16-2023-bww1-intloss_00000002,334,0.5508982035928144,0.3426166426166426,0.4320040899795501,0.25921046210901283,0.4320040899795501
internvl,appod,H26,26,huron,huron__bww2_Feb-20-2023-bww2-intloss_00000000,754,0.5954907161803713,0.34394715896958045,0.37749382195166054,0.29231872717788215,0.37749382195166054
internvl,appod,H26,26,huron,huron__bww2_Feb-20-2023-bww2-intloss_00000001,819,0.5677655677655677,0.34514078110808355,0.5207296849087893,0.2627220918538384,0.5207296849087893
internvl,appod,H26,26,huron,huron__bww2_Feb-20-2023-bww2-intloss_00000002,482,0.4190871369294606,0.3403493699885452,0.4704184704184704,0.21975609756097558,0.4704184704184704
internvl,appod,H26,26,huron,huron__bww8_Feb-03-2023-bww8-intloss_00000000,1095,0.3780821917808219,0.32367403407007367,0.3312875662479334,0.2548741488112124,0.3312875662479334
internvl,appod,H26,26,huron,huron__bww8_Feb-03-2023-bww8-intloss_00000001,1051,0.538534728829686,0.37870886291076394,0.45107046409978,0.31804877303192186,0.45107046409978
internvl,appod,H26,26,huron,huron__bww8_Feb-03-2023-bww8-intloss_00000002,705,0.49361702127659574,0.3038532169730063,0.28290071004539635,0.25678953478729577,0.28290071004539635
internvl,appod,H26,26,huron,huron__cory1_Feb-16-2023-cory1-intloss_00000000,1486,0.8781965006729475,0.31775018261504745,0.3059071729957806,0.31171623074166965,0.3059071729957806
internvl,appod,H26,26,huron,huron__cory1_Feb-16-2023-cory1-intloss_00000001,2154,0.5269266480965645,0.33318398318016257,0.3997134670487106,0.2427876544852182,0.3997134670487106
internvl,appod,H26,26,huron,huron__cory1_Feb-16-2023-cory1-intloss_00000002,1653,0.47126436781609193,0.3432853451458103,0.4313427124767524,0.2378348601880127,0.4313427124767524
internvl,appod,H26,26,huron,huron__soda3_Feb-21-2023-soda3-intloss_00000000,2414,0.4212924606462303,0.3614759126506159,0.4203730874030602,0.24928393028773824,0.4203730874030602
internvl,appod,H26,26,huron,huron__soda3_Feb-21-2023-soda3-intloss_00000001,1368,0.347953216374269,0.4062549262129094,0.3857233877941109,0.23295979021403268,0.3857233877941109
internvl,appod,H26,26,huron,huron__soda3_Feb-21-2023-soda3-intloss_00000002,531,0.96045197740113,0.8456705818082492,0.48487360132615004,0.5624412444975005,0.48487360132615004
internvl,appod,H26,26,pal,pal__rosbag2_2025_07_11-13_23_07,2151,0.7229195722919572,0.3333333333333333,0.24097319076398574,0.27972656952689334,0.24097319076398574
internvl,appod,H26,26,pal,pal__rosbag2_2025_07_11-13_37_37,3038,0.5681369321922317,0.35506784070349545,0.3556203157041407,0.35516999220526824,0.3556203157041407
internvl,appod,H26,26,pal,pal__rosbag2_2025_07_11-13_55_25,4060,0.35960591133004927,0.24223509385968386,0.31376448147213104,0.2733484627317454,0.31376448147213104
internvl,appod,H28,28,crowdbot,crowdbot__defaced_2021-04-24-11-20-18,1619,0.7381099444101297,0.5116492146596858,0.3870467665563988,0.3773691975939166,0.3870467665563988
internvl,appod,H28,28,crowdbot,crowdbot__defaced_2021-04-24-11-23-43,1032,0.4874031007751938,0.28972926112067854,0.2980724278059481,0.2851484855874029,0.2980724278059481
internvl,appod,H28,28,crowdbot,crowdbot__defaced_2021-04-24-11-35-54,1211,0.45664739884393063,0.445739370590669,0.3739661238088581,0.2730236009681737,0.3739661238088581
internvl,appod,H28,28,crowdbot,crowdbot__defaced_2021-04-24-11-40-33,986,0.3843813387423935,0.37553992348512893,0.3435121242708615,0.21035587072877246,0.3435121242708615
internvl,appod,H28,28,crowdbot,crowdbot__defaced_2021-04-24-11-43-54,583,0.5077186963979416,0.43333333333333335,0.3463779383956767,0.25257089979596636,0.3463779383956767
internvl,appod,H28,28,crowdbot,crowdbot__defaced_2021-04-24-11-48-21,1555,0.5163987138263666,0.40004322264513764,0.3596946224000825,0.2959865561069515,0.3596946224000825
internvl,appod,H28,28,crowdbot,crowdbot__defaced_2021-04-24-11-55-30,1815,0.45013774104683196,0.3871406371406372,0.34515866819436986,0.24244377770957448,0.34515866819436986
internvl,appod,H28,28,huron,huron__bww1_Feb-16-2023-bww1-intloss_00000000,342,0.6988304093567251,0.3978987866232613,0.4972677595628416,0.38636154102080006,0.4972677595628416
internvl,appod,H28,28,huron,huron__bww1_Feb-16-2023-bww1-intloss_00000001,1674,0.5471923536439666,0.33144222848723215,0.33003833602635996,0.2834628493524199,0.33003833602635996
internvl,appod,H28,28,huron,huron__bww1_Feb-16-2023-bww1-intloss_00000002,334,0.5538922155688623,0.3465248993812699,0.4736707566462168,0.2636133552005507,0.4736707566462168
internvl,appod,H28,28,huron,huron__bww2_Feb-20-2023-bww2-intloss_00000000,754,0.5795755968169761,0.3502715837621498,0.40492837482169053,0.2931683919782791,0.40492837482169053
internvl,appod,H28,28,huron,huron__bww2_Feb-20-2023-bww2-intloss_00000001,819,0.5543345543345544,0.3447971781305115,0.5161691542288557,0.25830996620754115,0.5161691542288557
internvl,appod,H28,28,huron,huron__bww2_Feb-20-2023-bww2-intloss_00000002,482,0.36721991701244816,0.33822333969790347,0.4523809523809524,0.19894185054248448,0.4523809523809524
internvl,appod,H28,28,huron,huron__bww8_Feb-03-2023-bww8-intloss_00000000,1095,0.3634703196347032,0.324382816945746,0.3336037330613885,0.24528250254410497,0.3336037330613885
internvl,appod,H28,28,huron,huron__bww8_Feb-03-2023-bww8-intloss_00000001,1051,0.5214081826831589,0.37389750079860323,0.4370945739023915,0.30825084552157417,0.4370945739023915
internvl,appod,H28,28,huron,huron__bww8_Feb-03-2023-bww8-intloss_00000002,705,0.47801418439716314,0.30313531619733863,0.285127846971637,0.2529436576057405,0.285127846971637
internvl,appod,H28,28,huron,huron__cory1_Feb-16-2023-cory1-intloss_00000000,1486,0.8633916554508748,0.31749566938876517,0.3007501172058134,0.3088961117130131,0.3007501172058134
internvl,appod,H28,28,huron,huron__cory1_Feb-16-2023-cory1-intloss_00000001,2154,0.5222841225626741,0.33218657156737236,0.38716969118115246,0.24071700495098333,0.38716969118115246
internvl,appod,H28,28,huron,huron__cory1_Feb-16-2023-cory1-intloss_00000002,1653,0.46098003629764067,0.34369068214482484,0.43467079562543937,0.23454486944749606,0.43467079562543937
internvl,appod,H28,28,huron,huron__soda3_Feb-21-2023-soda3-intloss_00000000,2414,0.427920463960232,0.3626849099462704,0.42591117631989567,0.2527269165816266,0.42591117631989567
internvl,appod,H28,28,huron,huron__soda3_Feb-21-2023-soda3-intloss_00000001,1368,0.347953216374269,0.40973290405825086,0.38728591149744385,0.23245499248787435,0.38728591149744385
internvl,appod,H28,28,huron,huron__soda3_Feb-21-2023-soda3-intloss_00000002,531,0.9585687382297552,0.8218390804597702,0.4842174333471474,0.5583123576651084,0.4842174333471474
internvl,appod,H28,28,pal,pal__rosbag2_2025_07_11-13_23_07,2151,0.7271036727103672,0.3333333333333333,0.24236789090345576,0.28066397487662625,0.24236789090345576
internvl,appod,H28,28,pal,pal__rosbag2_2025_07_11-13_37_37,3038,0.5780118499012509,0.36587031584029783,0.3673978155010394,0.36592080888388506,0.3673978155010394
internvl,appod,H28,28,pal,pal__rosbag2_2025_07_11-13_55_25,4060,0.35172413793103446,0.2446717891457858,0.3057766666905773,0.2681978664556959,0.3057766666905773
internvl,appod,H30,30,crowdbot,crowdbot__defaced_2021-04-24-11-20-18,1619,0.7381099444101297,0.5012869927343612,0.3891714053029484,0.380769521265389,0.3891714053029484
internvl,appod,H30,30,crowdbot,crowdbot__defaced_2021-04-24-11-23-43,1032,0.5048449612403101,0.3070840858920329,0.31147604149006675,0.30146940525694527,0.31147604149006675
internvl,appod,H30,30,crowdbot,crowdbot__defaced_2021-04-24-11-35-54,1211,0.46160198183319573,0.4177862881650847,0.3722973602665362,0.28328888031963323,0.3722973602665362
internvl,appod,H30,30,crowdbot,crowdbot__defaced_2021-04-24-11-40-33,986,0.41379310344827586,0.39746325272641064,0.3598005216817741,0.2458683185928773,0.3598005216817741
internvl,appod,H30,30,crowdbot,crowdbot__defaced_2021-04-24-11-43-54,583,0.5368782161234992,0.4468845917740945,0.37065779748706573,0.30291378279073744,0.37065779748706573
internvl,appod,H30,30,crowdbot,crowdbot__defaced_2021-04-24-11-48-21,1555,0.5942122186495177,0.44247484839619783,0.4100819263864796,0.37989308006885203,0.4100819263864796
internvl,appod,H30,30,crowdbot,crowdbot__defaced_2021-04-24-11-55-30,1815,0.47603305785123967,0.40327596713526237,0.3590093926704048,0.2760976058242675,0.3590093926704048
internvl,appod,H30,30,huron,huron__bww1_Feb-16-2023-bww1-intloss_00000000,342,0.7076023391812866,0.37818462850442386,0.4415300546448087,0.3716259619040128,0.4415300546448087
internvl,appod,H30,30,huron,huron__bww1_Feb-16-2023-bww1-intloss_00000001,1674,0.6182795698924731,0.33626037958284144,0.34233121059468363,0.3066778132441607,0.34233121059468363
internvl,appod,H30,30,huron,huron__bww1_Feb-16-2023-bww1-intloss_00000002,334,0.6017964071856288,0.33275674049561915,0.32745398773006135,0.2639158994165726,0.32745398773006135
internvl,appod,H30,30,huron,huron__bww2_Feb-20-2023-bww2-intloss_00000000,754,0.6511936339522546,0.3413027108433735,0.36422357503063907,0.3048017426327351,0.36422357503063907
internvl,appod,H30,30,huron,huron__bww2_Feb-20-2023-bww2-intloss_00000001,819,0.6312576312576312,0.34545412452066154,0.5170621252710805,0.28153733277135146,0.5170621252710805
internvl,appod,H30,30,huron,huron__bww2_Feb-20-2023-bww2-intloss_00000002,482,0.504149377593361,0.3386825536213418,0.44588744588744583,0.2477319981725453,0.44588744588744583
internvl,appod,H30,30,huron,huron__bww8_Feb-03-2023-bww8-intloss_00000000,1095,0.445662100456621,0.5083270067363195,0.3672063964095671,0.31981436031067884,0.3672063964095671
internvl,appod,H30,30,huron,huron__bww8_Feb-03-2023-bww8-intloss_00000001,1051,0.5956232159847764,0.3783865126868316,0.4504022940505026,0.33996625563954486,0.4504022940505026
internvl,appod,H30,30,huron,huron__bww8_Feb-03-2023-bww8-intloss_00000002,705,0.5702127659574469,0.31070183653295874,0.3043650331742522,0.28260542951910966,0.3043650331742522
internvl,appod,H30,30,huron,huron__cory1_Feb-16-2023-cory1-intloss_00000000,1486,0.8970390309555855,0.3180625149129086,0.31247069854664794,0.31524181151708647,0.31247069854664794
internvl,appod,H30,30,huron,huron__cory1_Feb-16-2023-cory1-intloss_00000001,2154,0.5863509749303621,0.3355455324549776,0.42008914358484556,0.2613401371997945,0.42008914358484556
internvl,appod,H30,30,huron,huron__cory1_Feb-16-2023-cory1-intloss_00000002,1653,0.5081669691470054,0.34393333206276044,0.4303327193286883,0.2502473504198158,0.4303327193286883
internvl,appod,H30,30,huron,huron__soda3_Feb-21-2023-soda3-intloss_00000000,2414,0.504142502071251,0.3525034095829542,0.39455972425999675,0.27761189948869386,0.39455972425999675
internvl,appod,H30,30,huron,huron__soda3_Feb-21-2023-soda3-intloss_00000001,1368,0.375,0.4003079492666632,0.39232239566741,0.2535014005602241,0.39232239566741
internvl,appod,H30,30,huron,huron__soda3_Feb-21-2023-soda3-intloss_00000002,531,0.9642184557438794,0.9879822896900695,0.4692982456140351,0.5514565949348559,0.4692982456140351
internvl,appod,H30,30,pal,pal__rosbag2_2025_07_11-13_23_07,2151,0.7824267782426778,0.3333333333333333,0.2608089260808926,0.2926447574334898,0.2608089260808926
internvl,appod,H30,30,pal,pal__rosbag2_2025_07_11-13_37_37,3038,0.5892034233048058,0.37177017292442915,0.3731536983518943,0.3720661348132732,0.3731536983518943
internvl,appod,H30,30,pal,pal__rosbag2_2025_07_11-13_55_25,4060,0.4125615763546798,0.40911052441132717,0.35821732905297665,0.3131929348932277,0.35821732905297665
internvl,appod,H32,32,crowdbot,crowdbot__defaced_2021-04-24-11-20-18,1619,0.7121680049413218,0.47200508716421613,0.3466361087688194,0.3058389101122581,0.3466361087688194
internvl,appod,H32,32,crowdbot,crowdbot__defaced_2021-04-24-11-23-43,1032,0.5067829457364341,0.2803142206424256,0.3020590909791471,0.27163882236828446,0.3020590909791471
internvl,appod,H32,32,crowdbot,crowdbot__defaced_2021-04-24-11-35-54,1211,0.4161849710982659,0.4109553023663453,0.3514101488781715,0.23355760459123312,0.3514101488781715
internvl,appod,H32,32,crowdbot,crowdbot__defaced_2021-04-24-11-40-33,986,0.37322515212981744,0.39282646048109965,0.33829197522844395,0.19328531517373845,0.33829197522844395
internvl,appod,H32,32,crowdbot,crowdbot__defaced_2021-04-24-11-43-54,583,0.4974271012006861,0.377039627039627,0.3383294458682485,0.2380805575622603,0.3383294458682485
internvl,appod,H32,32,crowdbot,crowdbot__defaced_2021-04-24-11-48-21,1555,0.5106109324758843,0.40417169509768747,0.3562916144249981,0.2835225796866246,0.3562916144249981
internvl,appod,H32,32,crowdbot,crowdbot__defaced_2021-04-24-11-55-30,1815,0.4369146005509642,0.3830461073318216,0.3385983323700692,0.2213891112262034,0.3385983323700692
internvl,appod,H32,32,huron,huron__bww1_Feb-16-2023-bww1-intloss_00000000,342,0.7017543859649122,0.3736275450378424,0.43091334894613587,0.3656655436259793,0.43091334894613587
internvl,appod,H32,32,huron,huron__bww1_Feb-16-2023-bww1-intloss_00000001,1674,0.6117084826762246,0.32904392603248067,0.32403051040775593,0.29808300007581373,0.32403051040775593
internvl,appod,H32,32,huron,huron__bww1_Feb-16-2023-bww1-intloss_00000002,334,0.6017964071856288,0.33275674049561915,0.32745398773006135,0.2639158994165726,0.32745398773006135
internvl,appod,H32,32,huron,huron__bww2_Feb-20-2023-bww2-intloss_00000000,754,0.6339522546419099,0.3378887273864548,0.3514656540694754,0.29683593075673204,0.3514656540694754
internvl,appod,H32,32,huron,huron__bww2_Feb-20-2023-bww2-intloss_00000001,819,0.6166056166056166,0.3449662618083671,0.5120870008929711,0.2768787058226433,0.5120870008929711
internvl,appod,H32,32,huron,huron__bww2_Feb-20-2023-bww2-intloss_00000002,482,0.491701244813278,0.3381365232029692,0.44155844155844154,0.24328858752078797,0.44155844155844154
internvl,appod,H32,32,huron,huron__bww8_Feb-03-2023-bww8-intloss_00000000,1095,0.4182648401826484,0.33243509677935906,0.3439221866839722,0.2799951835000473,0.3439221866839722
internvl,appod,H32,32,huron,huron__bww8_Feb-03-2023-bww8-intloss_00000001,1051,0.5946717411988582,0.38157110675096284,0.4575016008240764,0.3414335718489608,0.4575016008240764
internvl,appod,H32,32,huron,huron__bww8_Feb-03-2023-bww8-intloss_00000002,705,0.5617021276595745,0.31209276076137704,0.30934699103713187,0.2824465157970579,0.30934699103713187
internvl,appod,H32,32,huron,huron__cory1_Feb-16-2023-cory1-intloss_00000000,1486,0.873485868102288,0.3176700930004895,0.3042662916080638,0.31082375478927204,0.3042662916080638
internvl,appod,H32,32,huron,huron__cory1_Feb-16-2023-cory1-intloss_00000001,2154,0.5882079851439183,0.33190888810782504,0.35501432664756444,0.2580003063324707,0.35501432664756444
internvl,appod,H32,32,huron,huron__cory1_Feb-16-2023-cory1-intloss_00000002,1653,0.5051421657592257,0.3434139430615684,0.4292871317084457,0.24907417916156993,0.4292871317084457
internvl,appod,H32,32,huron,huron__soda3_Feb-21-2023-soda3-intloss_00000000,2414,0.5124275062137531,0.3732291124497466,0.4030215230087004,0.2998129896329054,0.4030215230087004
internvl,appod,H32,32,huron,huron__soda3_Feb-21-2023-soda3-intloss_00000001,1368,0.37280701754385964,0.40549759126156065,0.3944689694928625,0.251451126202836,0.3944689694928625
internvl,appod,H32,32,huron,huron__soda3_Feb-21-2023-soda3-intloss_00000002,531,0.96045197740113,0.8456705818082492,0.48487360132615004,0.5624412444975005,0.48487360132615004
internvl,appod,H32,32,pal,pal__rosbag2_2025_07_11-13_23_07,2151,0.7749883774988378,0.3333333333333333,0.25832945916627925,0.2910773528898201,0.25832945916627925
internvl,appod,H32,32,pal,pal__rosbag2_2025_07_11-13_37_37,3038,0.5947992100065833,0.3793021637542666,0.38187525605412104,0.37944534500842114,0.38187525605412104
internvl,appod,H32,32,pal,pal__rosbag2_2025_07_11-13_55_25,4060,0.40344827586206894,0.3242897201991728,0.34926812991695594,0.30613079756909095,0.34926812991695594
llava,appfr,H02,2,crowdbot,crowdbot__defaced_2021-04-24-11-20-18,1619,0.5892526250772081,0.27421105473095814,0.29917407191195866,0.2835670375496025,0.29917407191195866
llava,appfr,H02,2,crowdbot,crowdbot__defaced_2021-04-24-11-23-43,1032,0.5193798449612403,0.33503832291978153,0.33500300540973754,0.3347650171179583,0.33500300540973754
llava,appfr,H02,2,crowdbot,crowdbot__defaced_2021-04-24-11-35-54,1211,0.47811725846407926,0.4378136200716846,0.38316907807367023,0.2960593276305464,0.38316907807367023
llava,appfr,H02,2,crowdbot,crowdbot__defaced_2021-04-24-11-40-33,986,0.43103448275862066,0.31745540777399733,0.34951512910457955,0.2885097550850976,0.34951512910457955
llava,appfr,H02,2,crowdbot,crowdbot__defaced_2021-04-24-11-43-54,583,0.48713550600343053,0.1637831603229527,0.32984901277584205,0.21888246628131022,0.32984901277584205
llava,appfr,H02,2,crowdbot,crowdbot__defaced_2021-04-24-11-48-21,1555,0.5376205787781351,0.38623504567233463,0.3716463711362635,0.33849179501314786,0.3716463711362635
llava,appfr,H02,2,crowdbot,crowdbot__defaced_2021-04-24-11-55-30,1815,0.4209366391184573,0.2976596594750753,0.3135078362383352,0.2560692683735189,0.3135078362383352
llava,appfr,H02,2,huron,huron__bww1_Feb-16-2023-bww1-intloss_00000000,342,0.8128654970760234,0.4116366725062377,0.47244340359094456,0.42578298287640853,0.47244340359094456
llava,appfr,H02,2,huron,huron__bww1_Feb-16-2023-bww1-intloss_00000001,1674,0.7210274790919953,0.34058462451528576,0.34875487120996107,0.33267521660325905,0.34875487120996107
llava,appfr,H02,2,huron,huron__bww1_Feb-16-2023-bww1-intloss_00000002,334,0.7005988023952096,0.35802469135802467,0.5644171779141104,0.3189238713976345,0.5644171779141104
llava,appfr,H02,2,huron,huron__bww2_Feb-20-2023-bww2-intloss_00000000,754,0.5411140583554377,0.354560705780218,0.4243364876539489,0.28401519424663335,0.4243364876539489
llava,appfr,H02,2,huron,huron__bww2_Feb-20-2023-bww2-intloss_00000001,819,0.6190476190476191,0.33683550324750494,0.38678402857507327,0.26876785463400926,0.38678402857507327
llava,appfr,H02,2,huron,huron__bww2_Feb-20-2023-bww2-intloss_00000002,482,0.24688796680497926,0.3379409859720753,0.41053391053391053,0.1457062493840077,0.41053391053391053
llava,appfr,H02,2,huron,huron__bww8_Feb-03-2023-bww8-intloss_00000000,1095,0.4703196347031963,0.3145517508273727,0.32111126562524145,0.29667674282281714,0.32111126562524145
llava,appfr,H02,2,huron,huron__bww8_Feb-03-2023-bww8-intloss_00000001,1051,0.7773549000951475,0.40144319600499373,0.462327273402192,0.412067585058879,0.462327273402192
llava,appfr,H02,2,huron,huron__bww8_Feb-03-2023-bww8-intloss_00000002,705,0.7432624113475177,0.32305071526794327,0.3384316920808598,0.32865204921824404,0.3384316920808598
llava,appfr,H02,2,huron,huron__cory1_Feb-16-2023-cory1-intloss_00000000,1486,0.873485868102288,0.31790350232672054,0.3042662916080638,0.310935441370224,0.3042662916080638
llava,appfr,H02,2,huron,huron__cory1_Feb-16-2023-cory1-intloss_00000001,2154,0.8806870937790158,0.35961724782005056,0.5538681948424069,0.3656438167295753,0.5538681948424069
llava,appfr,H02,2,huron,huron__cory1_Feb-16-2023-cory1-intloss_00000002,1653,0.809437386569873,0.3494640917124743,0.4312270304421723,0.3398765012463177,0.4312270304421723
llava,appfr,H02,2,huron,huron__soda3_Feb-21-2023-soda3-intloss_00000000,2414,0.8537696768848384,0.3637361772954994,0.37119401942290225,0.3670315826289296,0.37119401942290225
llava,appfr,H02,2,huron,huron__soda3_Feb-21-2023-soda3-intloss_00000001,1368,0.46710526315789475,0.3998045217875683,0.41935557274837304,0.3148300453788703,0.41935557274837304
llava,appfr,H02,2,huron,huron__soda3_Feb-21-2023-soda3-intloss_00000002,531,0.9548022598870056,0.4723846653671215,0.46777869871529215,0.46996849935145724,0.46777869871529215
llava,appfr,H02,2,pal,pal__rosbag2_2025_07_11-13_23_07,2151,0.5467224546722455,0.3333333333333333,0.1822408182240818,0.23564773068830777,0.1822408182240818
llava,appfr,H02,2,pal,pal__rosbag2_2025_07_11-13_37_37,3038,0.6668861092824226,0.41695994032257094,0.40597993565054097,0.408046487526834,0.40597993565054097
llava,appfr,H02,2,pal,pal__rosbag2_2025_07_11-13_55_25,4060,0.3480295566502463,0.23152881497012098,0.31073297988723386,0.2627030491816183,0.31073297988723386
llava,appfr,H04,4,crowdbot,crowdbot__defaced_2021-04-24-11-20-18,1619,0.38727609635577515,0.2551426067680583,0.24993837971070895,0.2398323085901978,0.24993837971070895
llava,appfr,H04,4,crowdbot,crowdbot__defaced_2021-04-24-11-23-43,1032,0.48546511627906974,0.3255834069839599,0.32539340042846354,0.3223602923505379,0.32539340042846354
llava,appfr,H04,4,crowdbot,crowdbot__defaced_2021-04-24-11-35-54,1211,0.550784475639967,0.39289856347972346,0.39329232776496353,0.3674582205111811,0.39329232776496353
llava,appfr,H04,4,crowdbot,crowdbot__defaced_2021-04-24-11-40-33,986,0.5223123732251521,0.3378713438237248,0.3636764906740222,0.35028004240146476,0.3636764906740222
llava,appfr,H04,4,crowdbot,crowdbot__defaced_2021-04-24-11-43-54,583,0.38421955403087477,0.23510293575489452,0.2700972346205162,0.2436167590021258,0.2700972346205162
llava,appfr,H04,4,crowdbot,crowdbot__defaced_2021-04-24-11-48-21,1555,0.580064308681672,0.388931411319471,0.3952767806536936,0.3897180762852404,0.3952767806536936
llava,appfr,H04,4,crowdbot,crowdbot__defaced_2021-04-24-11-55-30,1815,0.45289256198347105,0.30701877604532474,0.3107726730411094,0.3036632084144661,0.3107726730411094
llava,appfr,H04,4,huron,huron__bww1_Feb-16-2023-bww1-intloss_00000000,342,0.868421052631579,0.4362582781456954,0.4510538641686183,0.443053267435475,0.4510538641686183
llava,appfr,H04,4,huron,huron__bww1_Feb-16-2023-bww1-intloss_00000001,1674,0.7706093189964157,0.34515300280231015,0.353063713842157,0.34444599348191973,0.353063713842157
llava,appfr,H04,4,huron,huron__bww1_Feb-16-2023-bww1-intloss_00000002,334,0.7574850299401198,0.35418536892668717,0.5025562372188138,0.3293875642823749,0.5025562372188138
llava,appfr,H04,4,huron,huron__bww2_Feb-20-2023-bww2-intloss_00000000,754,0.7480106100795756,0.3559397710540066,0.4053101078898198,0.3442663962136579,0.4053101078898198
llava,appfr,H04,4,huron,huron__bww2_Feb-20-2023-bww2-intloss_00000001,819,0.7326007326007326,0.33409256418599603,0.34966194667687206,0.2935961003368271,0.34966194667687206
llava,appfr,H04,4,huron,huron__bww2_Feb-20-2023-bww2-intloss_00000002,482,0.5767634854771784,0.34692522711390633,0.49819624819624825,0.27590749414519905,0.49819624819624825
llava,appfr,H04,4,huron,huron__bww8_Feb-03-2023-bww8-intloss_00000000,1095,0.5844748858447488,0.3161757541846566,0.3233996198952394,0.3195318082252756,0.3233996198952394
llava,appfr,H04,4,huron,huron__bww8_Feb-03-2023-bww8-intloss_00000001,1051,0.8201712654614652,0.4045267489711934,0.4313594476460925,0.4150083810829262,0.4313594476460925
llava,appfr,H04,4,huron,huron__bww8_Feb-03-2023-bww8-intloss_00000002,705,0.7843971631205674,0.28881492859987484,0.30882706708570984,0.29832696390658175,0.30882706708570984
llava,appfr,H04,4,huron,huron__cory1_Feb-16-2023-cory1-intloss_00000000,1486,0.9044414535666218,0.3181818181818182,0.3150492264416315,0.3166077738515901,0.3150492264416315
llava,appfr,H04,4,huron,huron__cory1_Feb-16-2023-cory1-intloss_00000001,2154,0.9108635097493036,0.3616008105369808,0.5094555873925501,0.37572692793931733,0.5094555873925501
llava,appfr,H04,4,huron,huron__cory1_Feb-16-2023-cory1-intloss_00000002,1653,0.8457350272232305,0.34691761638506113,0.4024755955400126,0.3438884428271882,0.4024755955400126
llava,appfr,H04,4,huron,huron__soda3_Feb-21-2023-soda3-intloss_00000000,2414,0.8616404308202155,0.3291632783094123,0.3320035399054473,0.33008723295023074,0.3320035399054473
llava,appfr,H04,4,huron,huron__soda3_Feb-21-2023-soda3-intloss_00000001,1368,0.506578947368421,0.39587419241515853,0.4236866457318831,0.3370697745721582,0.4236866457318831
llava,appfr,H04,4,huron,huron__soda3_Feb-21-2023-soda3-intloss_00000002,531,0.9585687382297552,0.4903288201160542,0.45220334300317727,0.4679182064547918,0.45220334300317727
llava,appfr,H04,4,pal,pal__rosbag2_2025_07_11-13_23_07,2151,0.7633658763365876,0.3333333333333333,0.25445529211219586,0.28860181035240356,0.25445529211219586
llava,appfr,H04,4,pal,pal__rosbag2_2025_07_11-13_37_37,3038,0.6754443712969058,0.4286876193145262,0.3834438473609421,0.3746820350381402,0.3834438473609421
llava,appfr,H04,4,pal,pal__rosbag2_2025_07_11-13_55_25,4060,0.3689655172413793,0.24238278629122792,0.3407422368088866,0.2622017113313752,0.3407422368088866
llava,appfr,H06,6,crowdbot,crowdbot__defaced_2021-04-24-11-20-18,1619,0.3248919085855466,0.24940020688123823,0.24701592037649636,0.21616085287589426,0.24701592037649636
llava,appfr,H06,6,crowdbot,crowdbot__defaced_2021-04-24-11-23-43,1032,0.45155038759689925,0.31309453151317795,0.31388807545890296,0.30024089129780185,0.31388807545890296
llava,appfr,H06,6,crowdbot,crowdbot__defaced_2021-04-24-11-35-54,1211,0.5499587118084228,0.3597976222538571,0.36199937093730344,0.35853084113987577,0.36199937093730344
llava,appfr,H06,6,crowdbot,crowdbot__defaced_2021-04-24-11-40-33,986,0.5567951318458418,0.35478927203065136,0.37323732523160874,0.3598044037840408,0.37323732523160874
llava,appfr,H06,6,crowdbot,crowdbot__defaced_2021-04-24-11-43-54,583,0.3567753001715266,0.2365733528458355,0.2605849435117728,0.2479362479362479,0.2605849435117728
llava,appfr,H06,6,crowdbot,crowdbot__defaced_2021-04-24-11-48-21,1555,0.5954983922829582,0.39667391009703085,0.4034310610354441,0.3997641057545573,0.4034310610354441
llava,appfr,H06,6,crowdbot,crowdbot__defaced_2021-04-24-11-55-30,1815,0.4826446280991736,0.3153985161776591,0.3190905434499728,0.31723378791561124,0.3190905434499728
llava,appfr,H06,6,huron,huron__bww1_Feb-16-2023-bww1-intloss_00000000,342,0.8538011695906432,0.41844909387882084,0.43715846994535523,0.42650138676628746,0.43715846994535523
llava,appfr,H06,6,huron,huron__bww1_Feb-16-2023-bww1-intloss_00000001,1674,0.7795698924731183,0.3489612489892393,0.3581527421347781,0.3494927191928226,0.3581527421347781
llava,appfr,H06,6,huron,huron__bww1_Feb-16-2023-bww1-intloss_00000002,334,0.7634730538922155,0.34498221229420034,0.4233128834355828,0.31866052057161326,0.4233128834355828
llava,appfr,H06,6,huron,huron__bww2_Feb-20-2023-bww2-intloss_00000000,754,0.7891246684350133,0.35111540703918503,0.38022622707090187,0.34628385159492897,0.38022622707090187
llava,appfr,H06,6,huron,huron__bww2_Feb-20-2023-bww2-intloss_00000001,819,0.7741147741147741,0.33604590505998955,0.36375813241484883,0.30487721679431523,0.36375813241484883
llava,appfr,H06,6,huron,huron__bww2_Feb-20-2023-bww2-intloss_00000002,482,0.6659751037344398,0.3481948825797407,0.5292207792207791,0.30672865158624824,0.5292207792207791
llava,appfr,H06,6,huron,huron__bww8_Feb-03-2023-bww8-intloss_00000000,1095,0.6073059360730594,0.33343100036518974,0.3420031211854324,0.33754728132387707,0.3420031211854324
llava,appfr,H06,6,huron,huron__bww8_Feb-03-2023-bww8-intloss_00000001,1051,0.813510941960038,0.392822224217573,0.4114164277030727,0.40065927397109125,0.4114164277030727
llava,appfr,H06,6,huron,huron__bww8_Feb-03-2023-bww8-intloss_00000002,705,0.798581560283688,0.29098473387429513,0.3143367089589881,0.3017423357831353,0.3143367089589881
llava,appfr,H06,6,huron,huron__cory1_Feb-16-2023-cory1-intloss_00000000,1486,0.9084791386271871,0.31824611032531824,0.3164556962025316,0.31734837799717913,0.3164556962025316
llava,appfr,H06,6,huron,huron__cory1_Feb-16-2023-cory1-intloss_00000001,2154,0.9178272980501393,0.3594675324675325,0.47898758357211085,0.3738397655105032,0.47898758357211085
llava,appfr,H06,6,huron,huron__cory1_Feb-16-2023-cory1-intloss_00000002,1653,0.8487598306110102,0.34330242191877414,0.3828719399877199,0.33855417985191555,0.3828719399877199
llava,appfr,H06,6,huron,huron__soda3_Feb-21-2023-soda3-intloss_00000000,2414,0.8595691797845899,0.3340064241122686,0.3359207247490626,0.33464445990923103,0.3359207247490626
llava,appfr,H06,6,huron,huron__soda3_Feb-21-2023-soda3-intloss_00000001,1368,0.5036549707602339,0.3921551370063956,0.41847570503193315,0.33464061827504255,0.41847570503193315
llava,appfr,H06,6,huron,huron__soda3_Feb-21-2023-soda3-intloss_00000002,531,0.9585687382297552,0.4903288201160542,0.45220334300317727,0.4679182064547918,0.45220334300317727
llava,appfr,H06,6,pal,pal__rosbag2_2025_07_11-13_23_07,2151,0.8558809855880986,0.3333333333333333,0.2852936618626995,0.30744822979291914,0.2852936618626995
llava,appfr,H06,6,pal,pal__rosbag2_2025_07_11-13_37_37,3038,0.6563528637261357,0.4043523284029613,0.3588021568486787,0.3338414375003542,0.3588021568486787
llava,appfr,H06,6,pal,pal__rosbag2_2025_07_11-13_55_25,4060,0.36305418719211824,0.2368327875317361,0.33806951106622907,0.2505746830943209,0.33806951106622907
llava,appfr,H08,8,crowdbot,crowdbot__defaced_2021-04-24-11-20-18,1619,0.28721432983323036,0.24436241765329159,0.2552377245897386,0.1958230325813036,0.2552377245897386
llava,appfr,H08,8,crowdbot,crowdbot__defaced_2021-04-24-11-23-43,1032,0.42441860465116277,0.30179080179080175,0.3094441790093964,0.27062829085505696,0.3094441790093964
llava,appfr,H08,8,crowdbot,crowdbot__defaced_2021-04-24-11-35-54,1211,0.573905862923204,0.3561689433192024,0.35494280189184785,0.35418416528935576,0.35494280189184785
llava,appfr,H08,8,crowdbot,crowdbot__defaced_2021-04-24-11-40-33,986,0.5831643002028397,0.3768836648583484,0.3780277364141207,0.35862460850351324,0.3780277364141207
llava,appfr,H08,8,crowdbot,crowdbot__defaced_2021-04-24-11-43-54,583,0.3670668953687822,0.24284495915252716,0.28029583129361396,0.2478812415654521,0.28029583129361396
llava,appfr,H08,8,crowdbot,crowdbot__defaced_2021-04-24-11-48-21,1555,0.5903536977491961,0.39685022832042355,0.39753705580268967,0.39021914951836983,0.39753705580268967
llava,appfr,H08,8,crowdbot,crowdbot__defaced_2021-04-24-11-55-30,1815,0.509090909090909,0.3212986401982465,0.3255570877651934,0.3180871227126833,0.3255570877651934
llava,appfr,H08,8,huron,huron__bww1_Feb-16-2023-bww1-intloss_00000000,342,0.847953216374269,0.4171174420002404,0.44340359094457454,0.42750677506775064,0.44340359094457454
llava,appfr,H08,8,huron,huron__bww1_Feb-16-2023-bww1-intloss_00000001,1674,0.7771804062126643,0.34713948039276316,0.3555032791559738,0.3472461768425894,0.3555032791559738
llava,appfr,H08,8,huron,huron__bww1_Feb-16-2023-bww1-intloss_00000002,334,0.7844311377245509,0.34676279332767884,0.4304703476482617,0.32585034013605435,0.4304703476482617
llava,appfr,H08,8,huron,huron__bww2_Feb-20-2023-bww2-intloss_00000000,754,0.7904509283819628,0.3513935649578286,0.38069837060253553,0.34684830007689044,0.38069837060253553
llava,appfr,H08,8,huron,huron__bww2_Feb-20-2023-bww2-intloss_00000001,819,0.8095238095238095,0.34517418105079506,0.4514606454904962,0.3257683973998876,0.4514606454904962
llava,appfr,H08,8,huron,huron__bww2_Feb-20-2023-bww2-intloss_00000002,482,0.6970954356846473,0.3503731417938816,0.512987012987013,0.314964528582149,0.512987012987013
llava,appfr,H08,8,huron,huron__bww8_Feb-03-2023-bww8-intloss_00000000,1095,0.5963470319634703,0.33063488802136837,0.3394490026112888,0.33457273888308375,0.3394490026112888
llava,appfr,H08,8,huron,huron__bww8_Feb-03-2023-bww8-intloss_00000001,1051,0.8049476688867745,0.3882856341189675,0.4106461761184888,0.3968887720053235,0.4106461761184888
llava,appfr,H08,8,huron,huron__bww8_Feb-03-2023-bww8-intloss_00000002,705,0.8141843971631205,0.31866490351650506,0.3328289294998642,0.3232579083642913,0.3328289294998642
llava,appfr,H08,8,huron,huron__cory1_Feb-16-2023-cory1-intloss_00000000,1486,0.901749663526245,0.3181386514719848,0.3141115799343647,0.3161122906345836,0.3141115799343647
llava,appfr,H08,8,huron,huron__cory1_Feb-16-2023-cory1-intloss_00000001,2154,0.9187558031569174,0.36007408771137034,0.47930595351798794,0.3752934244306305,0.47930595351798794
llava,appfr,H08,8,huron,huron__cory1_Feb-16-2023-cory1-intloss_00000002,1653,0.8517846339987901,0.3437854340226521,0.3839175276079625,0.3397589758975898,0.3839175276079625
llava,appfr,H08,8,huron,huron__soda3_Feb-21-2023-soda3-intloss_00000000,2414,0.8562551781275891,0.3190230713942319,0.32380353524767697,0.321186579989539,0.32380353524767697
llava,appfr,H08,8,huron,huron__soda3_Feb-21-2023-soda3-intloss_00000001,1368,0.5124269005847953,0.3928960511339163,0.4223895993567863,0.33978543060279137,0.4223895993567863
llava,appfr,H08,8,huron,huron__soda3_Feb-21-2023-soda3-intloss_00000002,531,0.9585687382297552,0.4909385113268609,0.46909103467329744,0.47887166596844016,0.46909103467329744
llava,appfr,H08,8,pal,pal__rosbag2_2025_07_11-13_23_07,2151,0.8698279869827987,0.3333333333333333,0.2899426623275996,0.3101276313608487,0.2899426623275996
llava,appfr,H08,8,pal,pal__rosbag2_2025_07_11-13_37_37,3038,0.6481237656352864,0.38652482269503546,0.3488688009960436,0.3153887634990161,0.3488688009960436
llava,appfr,H08,8,pal,pal__rosbag2_2025_07_11-13_55_25,4060,0.35763546798029555,0.2301380422016963,0.33477236388117476,0.24144036021809415,0.33477236388117476
llava,appfr,H10,10,crowdbot,crowdbot__defaced_2021-04-24-11-20-18,1619,0.30203829524397774,0.2524641148325359,0.26011833978364435,0.2056078099608488,0.26011833978364435
llava,appfr,H10,10,crowdbot,crowdbot__defaced_2021-04-24-11-23-43,1032,0.4273255813953488,0.30337593241314126,0.3096419709322935,0.27486825483547395,0.3096419709322935
llava,appfr,H10,10,crowdbot,crowdbot__defaced_2021-04-24-11-35-54,1211,0.5664739884393064,0.35188875617087206,0.35124705854942806,0.35061159070941733,0.35124705854942806
llava,appfr,H10,10,crowdbot,crowdbot__defaced_2021-04-24-11-40-33,986,0.579107505070994,0.3732193732193732,0.379325278246936,0.36266734151147845,0.379325278246936
llava,appfr,H10,10,crowdbot,crowdbot__defaced_2021-04-24-11-43-54,583,0.36192109777015435,0.2379212612373234,0.27637957017114445,0.24462025316455696,0.27637957017114445
llava,appfr,H10,10,crowdbot,crowdbot__defaced_2021-04-24-11-48-21,1555,0.5967845659163987,0.40067550468878316,0.4020902392525291,0.39530749086304634,0.4020902392525291
llava,appfr,H10,10,crowdbot,crowdbot__defaced_2021-04-24-11-55-30,1815,0.5162534435261708,0.327459587020649,0.33095897170707306,0.3241896843539422,0.33095897170707306
llava,appfr,H10,10,huron,huron__bww1_Feb-16-2023-bww1-intloss_00000000,342,0.847953216374269,0.4205613986208818,0.45183450429352073,0.43244678027286726,0.45183450429352073
llava,appfr,H10,10,huron,huron__bww1_Feb-16-2023-bww1-intloss_00000001,1674,0.7646356033452808,0.3338479253281161,0.3349847923201217,0.3310458645173671,0.3349847923201217
llava,appfr,H10,10,huron,huron__bww1_Feb-16-2023-bww1-intloss_00000002,334,0.7904191616766467,0.35779625779625784,0.513803680981595,0.3422958461666528,0.513803680981595
llava,appfr,H10,10,huron,huron__bww2_Feb-20-2023-bww2-intloss_00000000,754,0.7599469496021221,0.33202920090924987,0.33011873907540235,0.31761252746915003,0.33011873907540235
llava,appfr,H10,10,huron,huron__bww2_Feb-20-2023-bww2-intloss_00000001,819,0.8046398046398047,0.34908148699807606,0.5002551345834928,0.33090538756132787,0.5002551345834928
llava,appfr,H10,10,huron,huron__bww2_Feb-20-2023-bww2-intloss_00000002,482,0.7033195020746889,0.34876637222053003,0.48809523809523814,0.3137709808006439,0.48809523809523814
llava,appfr,H10,10,huron,huron__bww8_Feb-03-2023-bww8-intloss_00000000,1095,0.5917808219178082,0.3335191892989144,0.34308472009765295,0.33715471725697804,0.34308472009765295
llava,appfr,H10,10,huron,huron__bww8_Feb-03-2023-bww8-intloss_00000001,1051,0.8116079923882017,0.39628282144569477,0.420640886438932,0.40580909214449584,0.420640886438932
llava,appfr,H10,10,huron,huron__bww8_Feb-03-2023-bww8-intloss_00000002,705,0.825531914893617,0.3437902526991265,0.34966825747875685,0.34348763252514347,0.34966825747875685
llava,appfr,H10,10,huron,huron__cory1_Feb-16-2023-cory1-intloss_00000000,1486,0.9037685060565276,0.3181710495143331,0.3148148148148148,0.31648403440556144,0.3148148148148148
llava,appfr,H10,10,huron,huron__cory1_Feb-16-2023-cory1-intloss_00000001,2154,0.9136490250696379,0.3595237875141614,0.48850684495383634,0.3738315544252848,0.48850684495383634
llava,appfr,H10,10,huron,huron__cory1_Feb-16-2023-cory1-intloss_00000002,1653,0.8433151845130067,0.346757891463225,0.4016391254438186,0.34279491100358755,0.4016391254438186
llava,appfr,H10,10,huron,huron__soda3_Feb-21-2023-soda3-intloss_00000000,2414,0.8500414250207126,0.31575297286163845,0.3199748480402431,0.317790604043347,0.3199748480402431
llava,appfr,H10,10,huron,huron__soda3_Feb-21-2023-soda3-intloss_00000001,1368,0.506578947368421,0.39328080299891494,0.42134286017688377,0.3366400578676793,0.42134286017688377
llava,appfr,H10,10,huron,huron__soda3_Feb-21-2023-soda3-intloss_00000002,531,0.9529190207156308,0.46456962719298245,0.46712253073628957,0.46584107327141383,0.46712253073628957
llava,appfr,H10,10,pal,pal__rosbag2_2025_07_11-13_23_07,2151,0.8619246861924686,0.3333333333333333,0.2873082287308229,0.3086142322097378,0.2873082287308229
llava,appfr,H10,10,pal,pal__rosbag2_2025_07_11-13_37_37,3038,0.6504279131007241,0.39222133115665553,0.3529043802258993,0.32405255243775005,0.3529043802258993
llava,appfr,H10,10,pal,pal__rosbag2_2025_07_11-13_55_25,4060,0.35714285714285715,0.22911564625850342,0.33387191786585885,0.2426861053266363,0.33387191786585885
llava,appfr,H12,12,crowdbot,crowdbot__defaced_2021-04-24-11-20-18,1619,0.3563928350833848,0.25881512335656415,0.2555281687603151,0.2322917007515025,0.2555281687603151
llava,appfr,H12,12,crowdbot,crowdbot__defaced_2021-04-24-11-23-43,1032,0.43507751937984496,0.3039898590559384,0.30630776423202793,0.28759972341273404,0.30630776423202793
llava,appfr,H12,12,crowdbot,crowdbot__defaced_2021-04-24-11-35-54,1211,0.5317919075144508,0.34575989486703773,0.3470707812026747,0.3447553557259984,0.3470707812026747
llava,appfr,H12,12,crowdbot,crowdbot__defaced_2021-04-24-11-40-33,986,0.550709939148073,0.35024510767698214,0.3693247119257253,0.3559524568484272,0.3693247119257253
llava,appfr,H12,12,crowdbot,crowdbot__defaced_2021-04-24-11-43-54,583,0.40480274442538594,0.2714211076280042,0.3004482583196552,0.28291023828549183,0.3004482583196552
llava,appfr,H12,12,crowdbot,crowdbot__defaced_2021-04-24-11-48-21,1555,0.5787781350482315,0.3859259920989419,0.3931281452347011,0.3893237414920143,0.3931281452347011
llava,appfr,H12,12,crowdbot,crowdbot__defaced_2021-04-24-11-55-30,1815,0.4765840220385675,0.3105499840815027,0.31423535416011816,0.31236538554083265,0.31423535416011816
llava,appfr,H12,12,huron,huron__bww1_Feb-16-2023-bww1-intloss_00000000,342,0.8216374269005848,0.4065011820330969,0.45042935206869633,0.4191278878627574,0.45042935206869633
llava,appfr,H12,12,huron,huron__bww1_Feb-16-2023-bww1-intloss_00000001,1674,0.7335722819593787,0.33147549105321444,0.3305016950226531,0.32417830406518416,0.3305016950226531
llava,appfr,H12,12,huron,huron__bww1_Feb-16-2023-bww1-intloss_00000002,334,0.7634730538922155,0.3639846743295019,0.5858895705521472,0.34351673249441234,0.5858895705521472
llava,appfr,H12,12,huron,huron__bww2_Feb-20-2023-bww2-intloss_00000000,754,0.7320954907161804,0.33749546022838667,0.346683945110803,0.31896035371201004,0.346683945110803
llava,appfr,H12,12,huron,huron__bww2_Feb-20-2023-bww2-intloss_00000001,819,0.7728937728937729,0.3510683760683761,0.539928562316622,0.32563923005099477,0.539928562316622
llava,appfr,H12,12,huron,huron__bww2_Feb-20-2023-bww2-intloss_00000002,482,0.6410788381742739,0.3485405935737061,0.4935064935064935,0.29562972658522396,0.4935064935064935
llava,appfr,H12,12,huron,huron__bww8_Feb-03-2023-bww8-intloss_00000000,1095,0.5488584474885845,0.32640199394694674,0.33573757320106923,0.32523122456529785,0.33573757320106923
llava,appfr,H12,12,huron,huron__bww8_Feb-03-2023-bww8-intloss_00000001,1051,0.7916270218839201,0.39573651516559777,0.43791122618484185,0.4074041360467308,0.43791122618484185
llava,appfr,H12,12,huron,huron__bww8_Feb-03-2023-bww8-intloss_00000002,705,0.8170212765957446,0.3447886858903808,0.3546502153416366,0.34867950118675356,0.3546502153416366
llava,appfr,H12,12,huron,huron__cory1_Feb-16-2023-cory1-intloss_00000000,1486,0.8889636608344549,0.31793020457280385,0.30965775902484766,0.31373946087163046,0.30965775902484766
llava,appfr,H12,12,huron,huron__cory1_Feb-16-2023-cory1-intloss_00000001,2154,0.903899721448468,0.35580269410797866,0.48516396052212674,0.36571829681736046,0.48516396052212674
llava,appfr,H12,12,huron,huron__cory1_Feb-16-2023-cory1-intloss_00000002,1653,0.8257713248638838,0.35575048732943465,0.45752244676401754,0.3517988225691422,0.45752244676401754
llava,appfr,H12,12,huron,huron__soda3_Feb-21-2023-soda3-intloss_00000000,2414,0.8446561723280862,0.3282802289492974,0.3304711334684087,0.3293649302483412,0.3304711334684087
llava,appfr,H12,12,huron,huron__soda3_Feb-21-2023-soda3-intloss_00000001,1368,0.4992690058479532,0.39772296945275215,0.4243313763861709,0.33336239660183314,0.4243313763861709
llava,appfr,H12,12,huron,huron__soda3_Feb-21-2023-soda3-intloss_00000002,531,0.9453860640301318,0.44008901061280387,0.46449785882027905,0.4511311086114236,0.46449785882027905
llava,appfr,H12,12,pal,pal__rosbag2_2025_07_11-13_23_07,2151,0.8698279869827987,0.3333333333333333,0.2899426623275996,0.3101276313608487,0.2899426623275996
llava,appfr,H12,12,pal,pal__rosbag2_2025_07_11-13_37_37,3038,0.6491112574061882,0.3890041645001871,0.3496617274648223,0.3165734384269853,0.3496617274648223
llava,appfr,H12,12,pal,pal__rosbag2_2025_07_11-13_55_25,4060,0.3502463054187192,0.2283153234645772,0.3278310752054756,0.23628934858788322,0.3278310752054756
llava,appfr,H14,14,crowdbot,crowdbot__defaced_2021-04-24-11-20-18,1619,0.35145151327980234,0.25499394185218116,0.251068445366947,0.22879553672945185,0.251068445366947
llava,appfr,H14,14,crowdbot,crowdbot__defaced_2021-04-24-11-23-43,1032,0.43410852713178294,0.30305151409096215,0.30532907952262794,0.28712492191121053,0.30532907952262794
llava,appfr,H14,14,crowdbot,crowdbot__defaced_2021-04-24-11-35-54,1211,0.5227085053674649,0.3400303733979044,0.3410480883483609,0.3387919768275416,0.3410480883483609
llava,appfr,H14,14,crowdbot,crowdbot__defaced_2021-04-24-11-40-33,986,0.5456389452332657,0.34721359620615777,0.36734758464003625,0.35428485703628015,0.36734758464003625
llava,appfr,H14,14,crowdbot,crowdbot__defaced_2021-04-24-11-43-54,583,0.3979416809605489,0.26735498933301133,0.29731428955375744,0.27734854377322615,0.29731428955375744
llava,appfr,H14,14,crowdbot,crowdbot__defaced_2021-04-24-11-48-21,1555,0.5762057877813505,0.3842883363446041,0.3914403815216209,0.3876059817991022,0.3914403815216209
llava,appfr,H14,14,crowdbot,crowdbot__defaced_2021-04-24-11-55-30,1815,0.48044077134986224,0.31279126885377523,0.31651845918294924,0.3146047079850231,0.31651845918294924
llava,appfr,H14,14,huron,huron__bww1_Feb-16-2023-bww1-intloss_00000000,342,0.8187134502923976,0.38971948379795873,0.4156128024980484,0.39814814814814814,0.4156128024980484
llava,appfr,H14,14,huron,huron__bww1_Feb-16-2023-bww1-intloss_00000001,1674,0.7377538829151732,0.33526090483418874,0.33734119063460377,0.32901801394952085,0.33734119063460377
llava,appfr,H14,14,huron,huron__bww1_Feb-16-2023-bww1-intloss_00000002,334,0.7724550898203593,0.36046586656342755,0.5483128834355828,0.3413558887607331,0.5483128834355828
llava,appfr,H14,14,huron,huron__bww2_Feb-20-2023-bww2-intloss_00000000,754,0.726790450928382,0.330506031900251,0.3249352058344886,0.30948811653874764,0.3249352058344886
llava,appfr,H14,14,huron,huron__bww2_Feb-20-2023-bww2-intloss_00000001,819,0.7753357753357754,0.35126664349131204,0.5407577497129736,0.32650779641070904,0.5407577497129736
llava,appfr,H14,14,huron,huron__bww2_Feb-20-2023-bww2-intloss_00000002,482,0.6618257261410788,0.35068288799884667,0.5007215007215007,0.30292405102067266,0.5007215007215007
llava,appfr,H14,14,huron,huron__bww8_Feb-03-2023-bww8-intloss_00000000,1095,0.5634703196347032,0.3384479092841956,0.35140376087393194,0.3382011584732895,0.35140376087393194
llava,appfr,H14,14,huron,huron__bww8_Feb-03-2023-bww8-intloss_00000001,1051,0.8058991436726927,0.40447867636571105,0.445827185240866,0.4175291337795861,0.445827185240866
llava,appfr,H14,14,huron,huron__bww8_Feb-03-2023-bww8-intloss_00000002,705,0.8198581560283688,0.35413436692506456,0.3640398867031389,0.3583796437659033,0.3640398867031389
llava,appfr,H14,14,huron,huron__cory1_Feb-16-2023-cory1-intloss_00000000,1486,0.8876177658142664,0.3179079296215956,0.30918893577121426,0.31348781937017234,0.30918893577121426
llava,appfr,H14,14,huron,huron__cory1_Feb-16-2023-cory1-intloss_00000001,2154,0.9108635097493036,0.36482748473478993,0.5313594396688952,0.38087484975593006,0.5313594396688952
llava,appfr,H14,14,huron,huron__cory1_Feb-16-2023-cory1-intloss_00000002,1653,0.8294010889292196,0.35787487211231767,0.46566023296582043,0.35504437083384444,0.46566023296582043
llava,appfr,H14,14,huron,huron__soda3_Feb-21-2023-soda3-intloss_00000000,2414,0.8450704225352113,0.3329539856249449,0.3352965835254664,0.3340818483250672,0.3352965835254664
llava,appfr,H14,14,huron,huron__soda3_Feb-21-2023-soda3-intloss_00000001,1368,0.5146198830409356,0.40351270832554254,0.4335244770096634,0.34293991404284413,0.4335244770096634
llava,appfr,H14,14,huron,huron__soda3_Feb-21-2023-soda3-intloss_00000002,531,0.9397363465160076,0.4266565118050267,0.4625293548832712,0.44165112792950895,0.4625293548832712
llava,appfr,H14,14,pal,pal__rosbag2_2025_07_11-13_23_07,2151,0.8707577870757787,0.3333333333333333,0.29025259569192624,0.31030483764082173,0.29025259569192624
llava,appfr,H14,14,pal,pal__rosbag2_2025_07_11-13_37_37,3038,0.6494404213298223,0.3899293079600124,0.35111376317327686,0.32022813437828007,0.35111376317327686
llava,appfr,H14,14,pal,pal__rosbag2_2025_07_11-13_55_25,4060,0.34753694581280786,0.22999192511970157,0.32571656988975844,0.23276711826330151,0.32571656988975844
llava,appfr,H16,16,crowdbot,crowdbot__defaced_2021-04-24-11-20-18,1619,0.33662754786905497,0.26090823738696445,0.2626537804588009,0.22537452369218677,0.2626537804588009
llava,appfr,H16,16,crowdbot,crowdbot__defaced_2021-04-24-11-23-43,1032,0.43410852713178294,0.3081268358815998,0.3127013239215202,0.28126354884875554,0.3127013239215202
llava,appfr,H16,16,crowdbot,crowdbot__defaced_2021-04-24-11-35-54,1211,0.5425268373245252,0.3353687907370937,0.3358146361920738,0.3350222106573983,0.3358146361920738
llava,appfr,H16,16,crowdbot,crowdbot__defaced_2021-04-24-11-40-33,986,0.5415821501014199,0.336788507001273,0.3525749292931312,0.33454449873214176,0.3525749292931312
llava,appfr,H16,16,crowdbot,crowdbot__defaced_2021-04-24-11-43-54,583,0.39451114922813035,0.2666711307530914,0.2997427553968574,0.2689424828185785,0.2997427553968574
llava,appfr,H16,16,crowdbot,crowdbot__defaced_2021-04-24-11-48-21,1555,0.580064308681672,0.3868556204697294,0.3918480096639931,0.3872601587047984,0.3918480096639931
llava,appfr,H16,16,crowdbot,crowdbot__defaced_2021-04-24-11-55-30,1815,0.509641873278237,0.3257255143133812,0.32936874089546386,0.32484733276145206,0.32936874089546386
llava,appfr,H16,16,huron,huron__bww1_Feb-16-2023-bww1-intloss_00000000,342,0.8391812865497076,0.393968253968254,0.4064012490241999,0.39937032664305394,0.4064012490241999
llava,appfr,H16,16,huron,huron__bww1_Feb-16-2023-bww1-intloss_00000001,1674,0.7610513739545998,0.3250917459725073,0.3213176820961252,0.3207499122700777,0.3213176820961252
llava,appfr,H16,16,huron,huron__bww1_Feb-16-2023-bww1-intloss_00000002,334,0.7904191616766467,0.35266468758835173,0.47315950920245403,0.3353174603174603,0.47315950920245403
llava,appfr,H16,16,huron,huron__bww2_Feb-20-2023-bww2-intloss_00000000,754,0.7824933687002652,0.3297432190133108,0.32490506901332045,0.3186676924724456,0.32490506901332045
llava,appfr,H16,16,huron,huron__bww2_Feb-20-2023-bww2-intloss_00000001,819,0.8131868131868132,0.345477329687856,0.4527044265850236,0.3270137736779674,0.4527044265850236
llava,appfr,H16,16,huron,huron__bww2_Feb-20-2023-bww2-intloss_00000002,482,0.7302904564315352,0.350159065284989,0.49747474747474746,0.32333574273282595,0.49747474747474746
llava,appfr,H16,16,huron,huron__bww8_Feb-03-2023-bww8-intloss_00000000,1095,0.6027397260273972,0.3508125472411187,0.3644385729074924,0.35480501921179886,0.3644385729074924
llava,appfr,H16,16,huron,huron__bww8_Feb-03-2023-bww8-intloss_00000001,1051,0.8230256898192198,0.41431305779973737,0.4498547658156779,0.4274254570673184,0.4498547658156779
llava,appfr,H16,16,huron,huron__bww8_Feb-03-2023-bww8-intloss_00000002,705,0.8326241134751773,0.3575795562006554,0.3607108214022427,0.3561343719571568,0.3607108214022427
llava,appfr,H16,16,huron,huron__cory1_Feb-16-2023-cory1-intloss_00000000,1486,0.8983849259757739,0.318084345961401,0.3129395218002813,0.31549096065225096,0.3129395218002813
llava,appfr,H16,16,huron,huron__cory1_Feb-16-2023-cory1-intloss_00000001,2154,0.9350046425255338,0.38182529410506905,0.5505889843998726,0.409683426443203,0.5505889843998726
llava,appfr,H16,16,huron,huron__cory1_Feb-16-2023-cory1-intloss_00000002,1653,0.837870538415003,0.3570378627227086,0.4548217161874761,0.35555211611549636,0.4548217161874761
llava,appfr,H16,16,huron,huron__soda3_Feb-21-2023-soda3-intloss_00000000,2414,0.855840927920464,0.33040430464280396,0.33300030275507114,0.33161226977934927,0.33300030275507114
llava,appfr,H16,16,huron,huron__soda3_Feb-21-2023-soda3-intloss_00000001,1368,0.5343567251461988,0.40443194478410915,0.4376431681305845,0.35373949915149977,0.4376431681305845
llava,appfr,H16,16,huron,huron__soda3_Feb-21-2023-soda3-intloss_00000002,531,0.9397363465160076,0.4266565118050267,0.4625293548832712,0.44165112792950895,0.4625293548832712
llava,appfr,H16,16,pal,pal__rosbag2_2025_07_11-13_23_07,2151,0.8833100883310089,0.3333333333333333,0.2944366961103363,0.3126799967086316,0.2944366961103363
llava,appfr,H16,16,pal,pal__rosbag2_2025_07_11-13_37_37,3038,0.6563528637261357,0.40704763231453445,0.35495392173956697,0.3237986270022883,0.35495392173956697
llava,appfr,H16,16,pal,pal__rosbag2_2025_07_11-13_55_25,4060,0.3263546798029557,0.22433716475095786,0.3094891862324329,0.2031467738644235,0.3094891862324329
llava,appfr,H18,18,crowdbot,crowdbot__defaced_2021-04-24-11-20-18,1619,0.3378628783199506,0.25706494153096093,0.257394795067494,0.22474513987671882,0.257394795067494
llava,appfr,H18,18,crowdbot,crowdbot__defaced_2021-04-24-11-23-43,1032,0.4312015503875969,0.30798700205579727,0.31418861643265567,0.27515692632823896,0.31418861643265567
llava,appfr,H18,18,crowdbot,crowdbot__defaced_2021-04-24-11-35-54,1211,0.5516102394715111,0.34171485685728564,0.3418373290463876,0.3411159328347466,0.3418373290463876
llava,appfr,H18,18,crowdbot,crowdbot__defaced_2021-04-24-11-40-33,986,0.5618661257606491,0.3521217073165501,0.36148782575961996,0.3397037987542439,0.36148782575961996
llava,appfr,H18,18,crowdbot,crowdbot__defaced_2021-04-24-11-43-54,583,0.4099485420240137,0.276604402051515,0.3134352713066682,0.2754741841717524,0.3134352713066682
llava,appfr,H18,18,crowdbot,crowdbot__defaced_2021-04-24-11-48-21,1555,0.5691318327974276,0.37951900034234853,0.3844019259284704,0.37979756647855467,0.3844019259284704
llava,appfr,H18,18,crowdbot,crowdbot__defaced_2021-04-24-11-55-30,1815,0.512396694214876,0.32703146121309906,0.33057704592235077,0.3256246708408918,0.33057704592235077
llava,appfr,H18,18,huron,huron__bww1_Feb-16-2023-bww1-intloss_00000000,342,0.8362573099415205,0.3964085297418631,0.4137392661982826,0.4034330011074197,0.4137392661982826
llava,appfr,H18,18,huron,huron__bww1_Feb-16-2023-bww1-intloss_00000001,1674,0.7628434886499402,0.32036320653341926,0.31493362481386433,0.31591143151390316,0.31493362481386433
llava,appfr,H18,18,huron,huron__bww1_Feb-16-2023-bww1-intloss_00000002,334,0.7964071856287425,0.3585665818490246,0.5158486707566462,0.34478458049886623,0.5158486707566462
llava,appfr,H18,18,huron,huron__bww2_Feb-20-2023-bww2-intloss_00000000,754,0.7917771883289124,0.3309865164703874,0.3282100737347558,0.3217016259877905,0.3282100737347558
llava,appfr,H18,18,huron,huron__bww2_Feb-20-2023-bww2-intloss_00000001,819,0.8327228327228328,0.3473046883313116,0.45933792575583626,0.33393538029299613,0.45933792575583626
llava,appfr,H18,18,huron,huron__bww2_Feb-20-2023-bww2-intloss_00000002,482,0.7510373443983402,0.34559498730621724,0.45057720057720063,0.32249209653789807,0.45057720057720063
llava,appfr,H18,18,huron,huron__bww8_Feb-03-2023-bww8-intloss_00000000,1095,0.5945205479452055,0.34731647591958015,0.360683879540784,0.35065924386635533,0.360683879540784
llava,appfr,H18,18,huron,huron__bww8_Feb-03-2023-bww8-intloss_00000001,1051,0.8239771646051379,0.41129580226645684,0.44275545904210395,0.4232450373580023,0.44275545904210395
llava,appfr,H18,18,huron,huron__bww8_Feb-03-2023-bww8-intloss_00000002,705,0.8382978723404255,0.36533940640611223,0.362914678151554,0.3593239896431386,0.362914678151554
llava,appfr,H18,18,huron,huron__cory1_Feb-16-2023-cory1-intloss_00000000,1486,0.8970390309555855,0.3180625149129086,0.31247069854664794,0.31524181151708647,0.31247069854664794
llava,appfr,H18,18,huron,huron__cory1_Feb-16-2023-cory1-intloss_00000001,2154,0.9373259052924791,0.3842405125677674,0.5513849092645654,0.4133883094833859,0.5513849092645654
llava,appfr,H18,18,huron,huron__cory1_Feb-16-2023-cory1-intloss_00000002,1653,0.8469449485783425,0.3576043699536984,0.4510753979906921,0.3580794351412806,0.4510753979906921
llava,appfr,H18,18,huron,huron__soda3_Feb-21-2023-soda3-intloss_00000000,2414,0.8583264291632146,0.3276910569105691,0.3307925196208575,0.32905244927634164,0.3307925196208575
llava,appfr,H18,18,huron,huron__soda3_Feb-21-2023-soda3-intloss_00000001,1368,0.5431286549707602,0.4092510137911726,0.4446821098621035,0.3595054494157222,0.4446821098621035
llava,appfr,H18,18,huron,huron__soda3_Feb-21-2023-soda3-intloss_00000002,531,0.9397363465160076,0.4266565118050267,0.4625293548832712,0.44165112792950895,0.4625293548832712
llava,appfr,H18,18,pal,pal__rosbag2_2025_07_11-13_23_07,2151,0.8819153881915388,0.3333333333333333,0.29397179606384627,0.31241765480895917,0.29397179606384627
llava,appfr,H18,18,pal,pal__rosbag2_2025_07_11-13_37_37,3038,0.6576695194206715,0.40887386060871506,0.35734141114306356,0.3289240536639096,0.35734141114306356
llava,appfr,H18,18,pal,pal__rosbag2_2025_07_11-13_55_25,4060,0.32733990147783254,0.22188528182270248,0.3097652108053522,0.20697095661231238,0.3097652108053522
llava,appfr,H20,20,crowdbot,crowdbot__defaced_2021-04-24-11-20-18,1619,0.34465719579987647,0.25607519559089037,0.2537004605305831,0.22684508268589845,0.2537004605305831
llava,appfr,H20,20,crowdbot,crowdbot__defaced_2021-04-24-11-23-43,1032,0.436046511627907,0.3103673031209263,0.3148693288945743,0.2816734931959054,0.3148693288945743
llava,appfr,H20,20,crowdbot,crowdbot__defaced_2021-04-24-11-35-54,1211,0.5433526011560693,0.34181431664026407,0.3423120383961231,0.3420479064481034,0.3423120383961231
llava,appfr,H20,20,crowdbot,crowdbot__defaced_2021-04-24-11-40-33,986,0.5598377281947262,0.35223245508348566,0.36431276921078143,0.34589796401946665,0.36431276921078143
llava,appfr,H20,20,crowdbot,crowdbot__defaced_2021-04-24-11-43-54,583,0.41680960548885077,0.28139001050943085,0.3178650617675008,0.2818666206035158,0.3178650617675008
llava,appfr,H20,20,crowdbot,crowdbot__defaced_2021-04-24-11-48-21,1555,0.5678456591639871,0.37813057502545777,0.3840738768756906,0.3801464173305324,0.3840738768756906
llava,appfr,H20,20,crowdbot,crowdbot__defaced_2021-04-24-11-55-30,1815,0.5107438016528926,0.32798241620969276,0.3314997515792462,0.32784229681330673,0.3314997515792462
llava,appfr,H20,20,huron,huron__bww1_Feb-16-2023-bww1-intloss_00000000,342,0.8333333333333334,0.39866780045351474,0.42107728337236533,0.4071444375163425,0.42107728337236533
llava,appfr,H20,20,huron,huron__bww1_Feb-16-2023-bww1-intloss_00000001,1674,0.7520908004778972,0.3131625688791922,0.3038922155688623,0.3069264069264069,0.3038922155688623
llava,appfr,H20,20,huron,huron__bww1_Feb-16-2023-bww1-intloss_00000002,334,0.7964071856287425,0.3684210526315789,0.5971370143149284,0.35801261143726903,0.5971370143149284
llava,appfr,H20,20,huron,huron__bww2_Feb-20-2023-bww2-intloss_00000000,754,0.7891246684350133,0.32776924389827616,0.3206457316215619,0.31730398851419966,0.3206457316215619
llava,appfr,H20,20,huron,huron__bww2_Feb-20-2023-bww2-intloss_00000001,819,0.8315018315018315,0.3471787276061504,0.45892333205766045,0.3334870194353809,0.45892333205766045
llava,appfr,H20,20,huron,huron__bww2_Feb-20-2023-bww2-intloss_00000002,482,0.7614107883817427,0.3506459040705616,0.48124098124098125,0.33074310496205267,0.48124098124098125
llava,appfr,H20,20,huron,huron__bww8_Feb-03-2023-bww8-intloss_00000000,1095,0.5707762557077626,0.33648424784933734,0.34820222809375917,0.33767999385327513,0.34820222809375917
llava,appfr,H20,20,huron,huron__bww8_Feb-03-2023-bww8-intloss_00000001,1051,0.8192197906755471,0.40963477331908926,0.4434329092309548,0.4220397777150437,0.4434329092309548
llava,appfr,H20,20,huron,huron__bww8_Feb-03-2023-bww8-intloss_00000002,705,0.8425531914893617,0.38389724310776946,0.3728553137003841,0.3721028114728902,0.3728553137003841
llava,appfr,H20,20,huron,huron__cory1_Feb-16-2023-cory1-intloss_00000000,1486,0.8990578734858681,0.3180952380952381,0.313173933427098,0.31561540278762107,0.313173933427098
llava,appfr,H20,20,huron,huron__cory1_Feb-16-2023-cory1-intloss_00000001,2154,0.9336118848653667,0.37918060200668896,0.5391595033428844,0.40565808644973284,0.5391595033428844
llava,appfr,H20,20,huron,huron__cory1_Feb-16-2023-cory1-intloss_00000002,1653,0.8415003024803388,0.3577651231883656,0.4560764213317672,0.3572853505525369,0.4560764213317672
llava,appfr,H20,20,huron,huron__soda3_Feb-21-2023-soda3-intloss_00000000,2414,0.852112676056338,0.3221610285890401,0.3254058082395957,0.323731877710616,0.3254058082395957
llava,appfr,H20,20,huron,huron__soda3_Feb-21-2023-soda3-intloss_00000001,1368,0.5409356725146199,0.41011640125184107,0.4452661599842231,0.35852909366212415,0.4452661599842231
llava,appfr,H20,20,huron,huron__soda3_Feb-21-2023-soda3-intloss_00000002,531,0.9378531073446328,0.42283950617283955,0.46187318690426854,0.4387351778656126,0.46187318690426854
llava,appfr,H20,20,pal,pal__rosbag2_2025_07_11-13_23_07,2151,0.8721524872152487,0.3333333333333333,0.29071749573841627,0.31057031702673615,0.29071749573841627
llava,appfr,H20,20,pal,pal__rosbag2_2025_07_11-13_37_37,3038,0.6596445029624753,0.41193118271203916,0.3602100091169916,0.3345365455080643,0.3602100091169916
llava,appfr,H20,20,pal,pal__rosbag2_2025_07_11-13_55_25,4060,0.3288177339901478,0.22699963728350847,0.3100521753765884,0.21260955012574967,0.3100521753765884
llava,appfr,H22,22,crowdbot,crowdbot__defaced_2021-04-24-11-20-18,1619,0.3329215565163681,0.25317538897507097,0.25134159261421374,0.22097575755615292,0.25134159261421374
llava,appfr,H22,22,crowdbot,crowdbot__defaced_2021-04-24-11-23-43,1032,0.44089147286821706,0.3179230399890253,0.32207974353836905,0.2801268550407547,0.32207974353836905
llava,appfr,H22,22,crowdbot,crowdbot__defaced_2021-04-24-11-35-54,1211,0.5466556564822461,0.3354051161118219,0.3357214417185061,0.3343325226986487,0.3357214417185061
llava,appfr,H22,22,crowdbot,crowdbot__defaced_2021-04-24-11-40-33,986,0.552738336713996,0.3436478300555971,0.35612109946266113,0.3349726428635744,0.35612109946266113
llava,appfr,H22,22,crowdbot,crowdbot__defaced_2021-04-24-11-43-54,583,0.40308747855917665,0.26983041310126704,0.3092214511283247,0.2684794142673926,0.3092214511283247
llava,appfr,H22,22,crowdbot,crowdbot__defaced_2021-04-24-11-48-21,1555,0.5614147909967846,0.37419912854180354,0.3790048606220909,0.37412339836542685,0.3790048606220909
llava,appfr,H22,22,crowdbot,crowdbot__defaced_2021-04-24-11-55-30,1815,0.5041322314049587,0.32053566053122723,0.324628467328446,0.31928748541819263,0.324628467328446
llava,appfr,H22,22,huron,huron__bww1_Feb-16-2023-bww1-intloss_00000000,342,0.8362573099415205,0.40468064358849337,0.4306010928961748,0.4143441099962839,0.4306010928961748
llava,appfr,H22,22,huron,huron__bww1_Feb-16-2023-bww1-intloss_00000001,1674,0.7514934289127837,0.3064694474610587,0.2948586953077971,0.299668082346153,0.2948586953077971
llava,appfr,H22,22,huron,huron__bww1_Feb-16-2023-bww1-intloss_00000002,334,0.781437125748503,0.3662551440329218,0.5920245398773006,0.3512319445253019,0.5920245398773006
llava,appfr,H22,22,huron,huron__bww2_Feb-20-2023-bww2-intloss_00000000,754,0.7970822281167109,0.32575757575757575,0.31685853776143696,0.31608481838543184,0.31685853776143696
llava,appfr,H22,22,huron,huron__bww2_Feb-20-2023-bww2-intloss_00000001,819,0.8449328449328449,0.34866814399421125,0.46348386273759407,0.3385595800026882,0.46348386273759407
llava,appfr,H22,22,huron,huron__bww2_Feb-20-2023-bww2-intloss_00000002,482,0.7987551867219918,0.34812176165803105,0.4401154401154401,0.33499301187980435,0.4401154401154401
llava,appfr,H22,22,huron,huron__bww8_Feb-03-2023-bww8-intloss_00000000,1095,0.5607305936073059,0.32824917248720453,0.3378915001776912,0.32885142980930043,0.3378915001776912
llava,appfr,H22,22,huron,huron__bww8_Feb-03-2023-bww8-intloss_00000001,1051,0.8249286393910561,0.4156577504538999,0.45057861670239524,0.42872888059024133,0.45057861670239524
llava,appfr,H22,22,huron,huron__bww8_Feb-03-2023-bww8-intloss_00000002,705,0.8482269503546099,0.4058280028429282,0.3792030419431187,0.38187692687137753,0.3792030419431187
llava,appfr,H22,22,huron,huron__cory1_Feb-16-2023-cory1-intloss_00000000,1486,0.9024226110363391,0.3181494661921708,0.3143459915611814,0.3162362928899894,0.3143459915611814
llava,appfr,H22,22,huron,huron__cory1_Feb-16-2023-cory1-intloss_00000001,2154,0.9377901578458682,0.38560988862826723,0.551544094237504,0.41562937442599246,0.551544094237504
llava,appfr,H22,22,huron,huron__cory1_Feb-16-2023-cory1-intloss_00000002,1653,0.8396854204476709,0.35739751912970147,0.4554490687596216,0.3564142177988106,0.4554490687596216
llava,appfr,H22,22,huron,huron__soda3_Feb-21-2023-soda3-intloss_00000000,2414,0.8512841756420878,0.3122415604927217,0.31731293229930835,0.31470146414841915,0.31731293229930835
llava,appfr,H22,22,huron,huron__soda3_Feb-21-2023-soda3-intloss_00000001,1368,0.5402046783625731,0.4033797426089139,0.43790864545882063,0.356663047723957,0.43790864545882063
llava,appfr,H22,22,huron,huron__soda3_Feb-21-2023-soda3-intloss_00000002,531,0.9340866290018832,0.4159912075834593,0.4605608509462633,0.4332233223322332,0.4605608509462633
llava,appfr,H22,22,pal,pal__rosbag2_2025_07_11-13_23_07,2151,0.8758716875871687,0.3333333333333333,0.2919572291957229,0.311276332094176,0.2919572291957229
llava,appfr,H22,22,pal,pal__rosbag2_2025_07_11-13_37_37,3038,0.6603028308097433,0.4136308446003866,0.36040606323489605,0.3344573631582695,0.36040606323489605
llava,appfr,H22,22,pal,pal__rosbag2_2025_07_11-13_55_25,4060,0.32241379310344825,0.21674972216310798,0.30503885101966394,0.20422741911872352,0.30503885101966394
llava,appfr,H24,24,crowdbot,crowdbot__defaced_2021-04-24-11-20-18,1619,0.33106856084002473,0.2654927401915354,0.26905652490396603,0.22365664458411186,0.26905652490396603
llava,appfr,H24,24,crowdbot,crowdbot__defaced_2021-04-24-11-23-43,1032,0.4437984496124031,0.3301366843033509,0.33154549984844517,0.2694779811211196,0.33154549984844517
llava,appfr,H24,24,crowdbot,crowdbot__defaced_2021-04-24-11-35-54,1211,0.5615194054500413,0.3339282166102073,0.3341749959227418,0.32778112248310926,0.3341749959227418
llava,appfr,H24,24,crowdbot,crowdbot__defaced_2021-04-24-11-40-33,986,0.577079107505071,0.3662330665245215,0.362732066772602,0.3305450336700337,0.362732066772602
llava,appfr,H24,24,crowdbot,crowdbot__defaced_2021-04-24-11-43-54,583,0.3979416809605489,0.2646029226197745,0.30660101170078996,0.2614975500399959,0.30660101170078996
llava,appfr,H24,24,crowdbot,crowdbot__defaced_2021-04-24-11-48-21,1555,0.5588424437299035,0.37397390954403525,0.37604268645266187,0.36810411077894534,0.37604268645266187
llava,appfr,H24,24,crowdbot,crowdbot__defaced_2021-04-24-11-55-30,1815,0.5146005509641873,0.32434387872988457,0.3282905610253186,0.31987687842142826,0.3282905610253186
llava,appfr,H24,24,huron,huron__bww1_Feb-16-2023-bww1-intloss_00000000,342,0.8362573099415205,0.40468064358849337,0.4306010928961748,0.4143441099962839,0.4306010928961748
llava,appfr,H24,24,huron,huron__bww1_Feb-16-2023-bww1-intloss_00000001,1674,0.7514934289127837,0.30230103788808677,0.28957165035009347,0.29525651356432986,0.28957165035009347
llava,appfr,H24,24,huron,huron__bww1_Feb-16-2023-bww1-intloss_00000002,334,0.7874251497005988,0.3670886075949367,0.5940695296523518,0.35390164929009965,0.5940695296523518
llava,appfr,H24,24,huron,huron__bww2_Feb-20-2023-bww2-intloss_00000000,754,0.8156498673740054,0.32117969138875063,0.3102284371044542,0.3133525748139146,0.3102284371044542
llava,appfr,H24,24,huron,huron__bww2_Feb-20-2023-bww2-intloss_00000001,819,0.8595848595848596,0.35060332564869773,0.4684589871157035,0.34451457367770383,0.4684589871157035
llava,appfr,H24,24,huron,huron__bww2_Feb-20-2023-bww2-intloss_00000002,482,0.8360995850622407,0.3566472031818566,0.4801587301587302,0.3567017363784107,0.4801587301587302
llava,appfr,H24,24,huron,huron__bww8_Feb-03-2023-bww8-intloss_00000000,1095,0.5442922374429223,0.3195220483094574,0.32711259444676216,0.31862478252052046,0.32711259444676216
llava,appfr,H24,24,huron,huron__bww8_Feb-03-2023-bww8-intloss_00000001,1051,0.8277830637488106,0.41364938229384857,0.4417160834098945,0.4249140375218676,0.4417160834098945
llava,appfr,H24,24,huron,huron__bww8_Feb-03-2023-bww8-intloss_00000002,705,0.8453900709219858,0.4108946608946609,0.3781011135684631,0.38180430897737083,0.3781011135684631
llava,appfr,H24,24,huron,huron__cory1_Feb-16-2023-cory1-intloss_00000000,1486,0.9037685060565276,0.3181710495143331,0.3148148148148148,0.31648403440556144,0.3148148148148148
llava,appfr,H24,24,huron,huron__cory1_Feb-16-2023-cory1-intloss_00000001,2154,0.9456824512534819,0.3956062162430829,0.5542502387774594,0.42950923750872966,0.5542502387774594
llava,appfr,H24,24,huron,huron__cory1_Feb-16-2023-cory1-intloss_00000002,1653,0.8402903811252269,0.3575191570881226,0.4556581862836701,0.35670357773505795,0.4556581862836701
llava,appfr,H24,24,huron,huron__soda3_Feb-21-2023-soda3-intloss_00000000,2414,0.8541839270919636,0.31872122739174763,0.32304664756980833,0.32075896386163744,0.32304664756980833
llava,appfr,H24,24,huron,huron__soda3_Feb-21-2023-soda3-intloss_00000001,1368,0.543859649122807,0.3976023153102464,0.43094555439251203,0.35683500569496657,0.43094555439251203
llava,appfr,H24,24,huron,huron__soda3_Feb-21-2023-soda3-intloss_00000002,531,0.935969868173258,0.42217813051146386,0.46121701892526595,0.4380764163372859,0.46121701892526595
llava,appfr,H24,24,pal,pal__rosbag2_2025_07_11-13_23_07,2151,0.8749418874941888,0.3333333333333333,0.29164729583139626,0.3111000909166047,0.29164729583139626
llava,appfr,H24,24,pal,pal__rosbag2_2025_07_11-13_37_37,3038,0.6579986833443054,0.40804663173084227,0.35950608298283515,0.33419025627373083,0.35950608298283515
llava,appfr,H24,24,pal,pal__rosbag2_2025_07_11-13_55_25,4060,0.32315270935960594,0.2075018829594533,0.3056270863137816,0.20575205931022186,0.3056270863137816
llava,appfr,H26,26,crowdbot,crowdbot__defaced_2021-04-24-11-20-18,1619,0.3211859172328598,0.26526764823992516,0.27288491059652764,0.21835175710239227,0.27288491059652764
llava,appfr,H26,26,crowdbot,crowdbot__defaced_2021-04-24-11-23-43,1032,0.4418604651162791,0.3363117137951575,0.3346433837317428,0.2581897144113685,0.3346433837317428
llava,appfr,H26,26,crowdbot,crowdbot__defaced_2021-04-24-11-35-54,1211,0.5631709331131296,0.3328792279959068,0.3333304210060343,0.3255988513806805,0.3333304210060343
llava,appfr,H26,26,crowdbot,crowdbot__defaced_2021-04-24-11-40-33,986,0.5821501014198783,0.3753501400560224,0.36370480673455857,0.3278771110150612,0.36370480673455857
llava,appfr,H26,26,crowdbot,crowdbot__defaced_2021-04-24-11-43-54,583,0.37735849056603776,0.2443667805736771,0.2920158186233574,0.2445814020611555,0.2920158186233574
llava,appfr,H26,26,crowdbot,crowdbot__defaced_2021-04-24-11-48-21,1555,0.5459807073954984,0.36487953332481005,0.3667239178102582,0.35642916430738375,0.3667239178102582
llava,appfr,H26,26,crowdbot,crowdbot__defaced_2021-04-24-11-55-30,1815,0.5201101928374655,0.3252420989064693,0.329228476116119,0.3174392263229005,0.329228476116119
llava,appfr,H26,26,huron,huron__bww1_Feb-16-2023-bww1-intloss_00000000,342,0.8508771929824561,0.41590400650803333,0.4360655737704919,0.42439000496812707,0.4360655737704919
llava,appfr,H26,26,huron,huron__bww1_Feb-16-2023-bww1-intloss_00000001,1674,0.7562724014336918,0.30130498474097483,0.2895835313499984,0.29494907959482985,0.2895835313499984
llava,appfr,H26,26,huron,huron__bww1_Feb-16-2023-bww1-intloss_00000002,334,0.7664670658682635,0.3643410852713178,0.5869120654396728,0.34477475473842883,0.5869120654396728
llava,appfr,H26,26,huron,huron__bww2_Feb-20-2023-bww2-intloss_00000000,754,0.8381962864721485,0.31954992967651197,0.31163482209229904,0.3147094544632561,0.31163482209229904
llava,appfr,H26,26,huron,huron__bww2_Feb-20-2023-bww2-intloss_00000001,819,0.8693528693528694,0.35212533208313795,0.4717757367011098,0.34879851621525787,0.4717757367011098
llava,appfr,H26,26,huron,huron__bww2_Feb-20-2023-bww2-intloss_00000002,482,0.8692946058091287,0.3542073302971156,0.4375901875901876,0.3591314629689348,0.4375901875901876
llava,appfr,H26,26,huron,huron__bww8_Feb-03-2023-bww8-intloss_00000000,1095,0.5168949771689497,0.3016561721577571,0.3047883928985306,0.29872482376511006,0.3047883928985306
llava,appfr,H26,26,huron,huron__bww8_Feb-03-2023-bww8-intloss_00000001,1051,0.8325404376784015,0.41197828703058104,0.4310903235984669,0.42040776139136793,0.4310903235984669
llava,appfr,H26,26,huron,huron__bww8_Feb-03-2023-bww8-intloss_00000002,705,0.8482269503546099,0.4087254901960784,0.3667714274628487,0.36807717250324257,0.3667714274628487
llava,appfr,H26,26,huron,huron__cory1_Feb-16-2023-cory1-intloss_00000000,1486,0.9030955585464334,0.3181602655286866,0.3145804031879981,0.3163602074493163,0.3145804031879981
llava,appfr,H26,26,huron,huron__cory1_Feb-16-2023-cory1-intloss_00000001,2154,0.9442896935933147,0.38716650438169425,0.520916905444126,0.41631926414954384,0.520916905444126
llava,appfr,H26,26,huron,huron__cory1_Feb-16-2023-cory1-intloss_00000002,1653,0.8445251058681186,0.35839622977792535,0.4571220089520098,0.3587581063085923,0.4571220089520098
llava,appfr,H26,26,huron,huron__soda3_Feb-21-2023-soda3-intloss_00000000,2414,0.8574979287489644,0.3195437266649546,0.3242576678543981,0.3216974352178434,0.3242576678543981
llava,appfr,H26,26,huron,huron__soda3_Feb-21-2023-soda3-intloss_00000001,1368,0.5409356725146199,0.39247039195671024,0.4241720899892292,0.3538300192969209,0.4241720899892292
llava,appfr,H26,26,huron,huron__soda3_Feb-21-2023-soda3-intloss_00000002,531,0.9322033898305084,0.4153271969592893,0.45990468296726067,0.43256325632563253,0.45990468296726067
llava,appfr,H26,26,pal,pal__rosbag2_2025_07_11-13_23_07,2151,0.8758716875871687,0.3333333333333333,0.2919572291957229,0.311276332094176,0.2919572291957229
llava,appfr,H26,26,pal,pal__rosbag2_2025_07_11-13_37_37,3038,0.6576695194206715,0.4072178120034029,0.35947931953701456,0.33440619293006346,0.35947931953701456
llava,appfr,H26,26,pal,pal__rosbag2_2025_07_11-13_55_25,4060,0.32487684729064037,0.20958292091217856,0.30657606103958035,0.20976877159492646,0.30657606103958035
llava,appfr,H28,28,crowdbot,crowdbot__defaced_2021-04-24-11-20-18,1619,0.32612723903644225,0.2688149186299129,0.27734463398989573,0.22171646655494234,0.27734463398989573
llava,appfr,H28,28,crowdbot,crowdbot__defaced_2021-04-24-11-23-43,1032,0.4312015503875969,0.31746993164316,0.3255629363623754,0.25471289130437,0.3255629363623754
llava,appfr,H28,28,crowdbot,crowdbot__defaced_2021-04-24-11-35-54,1211,0.5656482246077622,0.3374265682638904,0.3369650054751753,0.33074032091968325,0.3369650054751753
llava,appfr,H28,28,crowdbot,crowdbot__defaced_2021-04-24-11-40-33,986,0.5831643002028397,0.3792293020060744,0.3629619265581329,0.324743169920411,0.3629619265581329
llava,appfr,H28,28,crowdbot,crowdbot__defaced_2021-04-24-11-43-54,583,0.37564322469982847,0.24509833238639192,0.28977452702508133,0.24625523727320134,0.28977452702508133
llava,appfr,H28,28,crowdbot,crowdbot__defaced_2021-04-24-11-48-21,1555,0.5485530546623795,0.3665025758587883,0.36829030909892424,0.3572457898999674,0.36829030909892424
llava,appfr,H28,28,crowdbot,crowdbot__defaced_2021-04-24-11-55-30,1815,0.5267217630853994,0.33025659308992855,0.333247991509756,0.32105100961004646,0.333247991509756
llava,appfr,H28,28,huron,huron__bww1_Feb-16-2023-bww1-intloss_00000000,342,0.868421052631579,0.43843615130743846,0.4510538641686183,0.44434566145092463,0.4510538641686183
llava,appfr,H28,28,huron,huron__bww1_Feb-16-2023-bww1-intloss_00000001,1674,0.7664277180406213,0.30226022722710666,0.29335376865316987,0.2974827763975403,0.29335376865316987
llava,appfr,H28,28,huron,huron__bww1_Feb-16-2023-bww1-intloss_00000002,334,0.781437125748503,0.3662551440329218,0.5920245398773006,0.3512319445253019,0.5920245398773006
llava,appfr,H28,28,huron,huron__bww2_Feb-20-2023-bww2-intloss_00000000,754,0.8607427055702918,0.31679474863912904,0.3130412070801439,0.31480195816644413,0.3130412070801439
llava,appfr,H28,28,huron,huron__bww2_Feb-20-2023-bww2-intloss_00000001,819,0.8803418803418803,0.3539066111881646,0.47550707998469194,0.3541731895830256,0.47550707998469194
llava,appfr,H28,28,huron,huron__bww2_Feb-20-2023-bww2-intloss_00000002,482,0.8817427385892116,0.351126472094214,0.4148629148629148,0.357688492063492,0.4148629148629148
llava,appfr,H28,28,huron,huron__bww8_Feb-03-2023-bww8-intloss_00000000,1095,0.5050228310502283,0.296881539651124,0.2985475671750182,0.29260839787155574,0.2985475671750182
llava,appfr,H28,28,huron,huron__bww8_Feb-03-2023-bww8-intloss_00000001,1051,0.8392007611798288,0.416703523514669,0.4311367242963334,0.4234257748776509,0.4311367242963334
llava,appfr,H28,28,huron,huron__bww8_Feb-03-2023-bww8-intloss_00000002,705,0.8524822695035461,0.4218978102189781,0.36428044853140884,0.365068006928472,0.36428044853140884
llava,appfr,H28,28,huron,huron__cory1_Feb-16-2023-cory1-intloss_00000000,1486,0.9084791386271871,0.31824611032531824,0.3164556962025316,0.31734837799717913,0.3164556962025316
llava,appfr,H28,28,huron,huron__cory1_Feb-16-2023-cory1-intloss_00000001,2154,0.9489322191272052,0.3914349203555399,0.5115568290353391,0.4208849413298566,0.5115568290353391
llava,appfr,H28,28,huron,huron__cory1_Feb-16-2023-cory1-intloss_00000002,1653,0.8463399879007865,0.3587864424375726,0.45774936152415524,0.35965478206587154,0.45774936152415524
llava,appfr,H28,28,huron,huron__soda3_Feb-21-2023-soda3-intloss_00000000,2414,0.8641259320629661,0.31915039397053785,0.32512168424974963,0.3217072667263195,0.32512168424974963
llava,appfr,H28,28,huron,huron__soda3_Feb-21-2023-soda3-intloss_00000001,1368,0.5358187134502924,0.38501523179386016,0.4140763664497338,0.3489167734733534,0.4140763664497338
llava,appfr,H28,28,huron,huron__soda3_Feb-21-2023-soda3-intloss_00000002,531,0.9322033898305084,0.4153271969592893,0.45990468296726067,0.43256325632563253,0.45990468296726067
llava,appfr,H28,28,pal,pal__rosbag2_2025_07_11-13_23_07,2151,0.8781961878196188,0.3333333333333333,0.2927320626065396,0.3117161716171617,0.2927320626065396
llava,appfr,H28,28,pal,pal__rosbag2_2025_07_11-13_37_37,3038,0.6589861751152074,0.41004950956738934,0.36029900945161386,0.33532849911990364,0.36029900945161386
llava,appfr,H28,28,pal,pal__rosbag2_2025_07_11-13_55_25,4060,0.32019704433497537,0.20054440183472444,0.30246935397907376,0.20592546701124603,0.30246935397907376
llava,appfr,H30,30,crowdbot,crowdbot__defaced_2021-04-24-11-20-18,1619,0.33662754786905497,0.27495569784331064,0.2833690082376597,0.22857585990764542,0.2833690082376597
llava,appfr,H30,30,crowdbot,crowdbot__defaced_2021-04-24-11-23-43,1032,0.4321705426356589,0.3184390364575281,0.3259097144090131,0.2561420658194852,0.3259097144090131
llava,appfr,H30,30,crowdbot,crowdbot__defaced_2021-04-24-11-35-54,1211,0.5681255161023947,0.3397970854354158,0.33886966752871556,0.33289997585995285,0.33886966752871556
llava,appfr,H30,30,crowdbot,crowdbot__defaced_2021-04-24-11-40-33,986,0.5811359026369168,0.37579111441214313,0.3614345249397867,0.32285136561827105,0.3614345249397867
llava,appfr,H30,30,crowdbot,crowdbot__defaced_2021-04-24-11-43-54,583,0.379073756432247,0.24842767295597482,0.2920974073967422,0.24936595788613727,0.2920974073967422
llava,appfr,H30,30,crowdbot,crowdbot__defaced_2021-04-24-11-48-21,1555,0.547266881028939,0.36431601344643366,0.36768917209121255,0.35773442368721037,0.36768917209121255
llava,appfr,H30,30,crowdbot,crowdbot__defaced_2021-04-24-11-55-30,1815,0.5410468319559228,0.34275856861023796,0.34320679084324485,0.3319322070433541,0.34320679084324485
llava,appfr,H30,30,huron,huron__bww1_Feb-16-2023-bww1-intloss_00000000,342,0.8801169590643275,0.4556195539802097,0.463856362217018,0.4596235579842138,0.463856362217018
llava,appfr,H30,30,huron,huron__bww1_Feb-16-2023-bww1-intloss_00000001,1674,0.7753882915173238,0.30149135745341316,0.29491810030732185,0.29804725826275763,0.29491810030732185
llava,appfr,H30,30,huron,huron__bww1_Feb-16-2023-bww1-intloss_00000002,334,0.7754491017964071,0.3654618473895583,0.5899795501022495,0.34861383561556875,0.5899795501022495
llava,appfr,H30,30,huron,huron__bww2_Feb-20-2023-bww2-intloss_00000000,754,0.8713527851458885,0.31790123456790126,0.3168183553332128,0.3173400673400673,0.3168183553332128
llava,appfr,H30,30,huron,huron__bww2_Feb-20-2023-bww2-intloss_00000001,819,0.8815628815628815,0.3471222488817797,0.425468809797168,0.3438648415340979,0.425468809797168
llava,appfr,H30,30,huron,huron__bww2_Feb-20-2023-bww2-intloss_00000002,482,0.9087136929460581,0.36260151627634923,0.42424242424242425,0.376858966540635,0.42424242424242425
llava,appfr,H30,30,huron,huron__bww8_Feb-03-2023-bww8-intloss_00000000,1095,0.4885844748858447,0.2894971181758263,0.28858604119346715,0.2832896006092263,0.28858604119346715
llava,appfr,H30,30,huron,huron__bww8_Feb-03-2023-bww8-intloss_00000001,1051,0.8487155090390105,0.42819363488654827,0.43973013354120843,0.4337450205103144,0.43973013354120843
llava,appfr,H30,30,huron,huron__bww8_Feb-03-2023-bww8-intloss_00000002,705,0.8539007092198582,0.42898061480231187,0.36483141271873665,0.3659982213041857,0.36483141271873665
llava,appfr,H30,30,huron,huron__cory1_Feb-16-2023-cory1-intloss_00000000,1486,0.9111709286675639,0.31828866948754114,0.3173933427097984,0.31784037558685446,0.3173933427097984
llava,appfr,H30,30,huron,huron__cory1_Feb-16-2023-cory1-intloss_00000001,2154,0.9498607242339833,0.3929385392769856,0.5118751989812161,0.42270515391031055,0.5118751989812161
llava,appfr,H30,30,huron,huron__cory1_Feb-16-2023-cory1-intloss_00000002,1653,0.8469449485783425,0.3576043699536984,0.4510753979906921,0.3580794351412806,0.4510753979906921
llava,appfr,H30,30,huron,huron__soda3_Feb-21-2023-soda3-intloss_00000000,2414,0.8624689312344657,0.3116470961599492,0.31984210158597076,0.31546816872311756,0.31984210158597076
llava,appfr,H30,30,huron,huron__soda3_Feb-21-2023-soda3-intloss_00000001,1368,0.5328947368421053,0.3848328373884124,0.4135529968597824,0.3474788745473117,0.4135529968597824
llava,appfr,H30,30,huron,huron__soda3_Feb-21-2023-soda3-intloss_00000002,531,0.9303201506591338,0.41224218230206255,0.4592485149882581,0.4299535473257688,0.4592485149882581
llava,appfr,H30,30,pal,pal__rosbag2_2025_07_11-13_23_07,2151,0.8860994886099489,0.3333333333333333,0.2953664962033163,0.3132035165557473,0.2953664962033163
llava,appfr,H30,30,pal,pal__rosbag2_2025_07_11-13_37_37,3038,0.6593153390388413,0.4101179925624718,0.36132346348127814,0.33758783214282406,0.36132346348127814
llava,appfr,H30,30,pal,pal__rosbag2_2025_07_11-13_55_25,4060,0.31724137931034485,0.20523033774913477,0.3004552722376504,0.19995903529949344,0.3004552722376504
llava,appfr,H32,32,crowdbot,crowdbot__defaced_2021-04-24-11-20-18,1619,0.3403335392217418,0.28486307699790847,0.29893047357534613,0.23191647428590287,0.29893047357534613
llava,appfr,H32,32,crowdbot,crowdbot__defaced_2021-04-24-11-23-43,1032,0.43992248062015504,0.337008281573499,0.3347923698554835,0.25301072808094255,0.3347923698554835
llava,appfr,H32,32,crowdbot,crowdbot__defaced_2021-04-24-11-35-54,1211,0.5672997522708505,0.33504296455424276,0.3349671489480674,0.32653232469276056,0.3349671489480674
llava,appfr,H32,32,crowdbot,crowdbot__defaced_2021-04-24-11-40-33,986,0.59026369168357,0.39976025132275134,0.3654620681384355,0.32331144657175587,0.3654620681384355
llava,appfr,H32,32,crowdbot,crowdbot__defaced_2021-04-24-11-43-54,583,0.3876500857632933,0.2546897546897547,0.29898445973834004,0.25407639459161707,0.29898445973834004
llava,appfr,H32,32,crowdbot,crowdbot__defaced_2021-04-24-11-48-21,1555,0.5466237942122186,0.36395576619273307,0.36690311388969993,0.3554439705000661,0.36690311388969993
llava,appfr,H32,32,crowdbot,crowdbot__defaced_2021-04-24-11-55-30,1815,0.5382920110192837,0.3380899373683999,0.3390410958904109,0.32418952618453867,0.3390410958904109
llava,appfr,H32,32,huron,huron__bww1_Feb-16-2023-bww1-intloss_00000000,342,0.8801169590643275,0.4565826330532213,0.4554254488680718,0.4559661441709814,0.4554254488680718
llava,appfr,H32,32,huron,huron__bww1_Feb-16-2023-bww1-intloss_00000001,1674,0.7825567502986858,0.3021754769938495,0.2975794442860311,0.2997894629483929,0.2975794442860311
llava,appfr,H32,32,huron,huron__bww1_Feb-16-2023-bww1-intloss_00000002,334,0.7874251497005988,0.3670886075949367,0.5940695296523518,0.35390164929009965,0.5940695296523518
llava,appfr,H32,32,huron,huron__bww2_Feb-20-2023-bww2-intloss_00000000,754,0.883289124668435,0.319519401650694,0.32106764711791536,0.32027496798139005,0.32106764711791536
llava,appfr,H32,32,huron,huron__bww2_Feb-20-2023-bww2-intloss_00000001,819,0.8901098901098901,0.34467120181405897,0.4031445337415487,0.3415481557399927,0.4031445337415487
llava,appfr,H32,32,huron,huron__bww2_Feb-20-2023-bww2-intloss_00000002,482,0.9107883817427386,0.3539852871701424,0.39790764790764793,0.3635077448469326,0.39790764790764793
llava,appfr,H32,32,huron,huron__bww8_Feb-03-2023-bww8-intloss_00000000,1095,0.4639269406392694,0.2804384551468327,0.2765045813439639,0.2712448926041159,0.2765045813439639
llava,appfr,H32,32,huron,huron__bww8_Feb-03-2023-bww8-intloss_00000001,1051,0.8591817316841104,0.44187552213868003,0.44868546822944216,0.4452494433356724,0.44868546822944216
llava,appfr,H32,32,huron,huron__bww8_Feb-03-2023-bww8-intloss_00000002,705,0.8595744680851064,0.4666666666666666,0.36703526946804793,0.3698662117266769,0.36703526946804793
llava,appfr,H32,32,huron,huron__cory1_Feb-16-2023-cory1-intloss_00000000,1486,0.9138627187079408,0.31833098921706515,0.31833098921706515,0.31833098921706515,0.31833098921706515
llava,appfr,H32,32,huron,huron__cory1_Feb-16-2023-cory1-intloss_00000001,2154,0.9484679665738162,0.3799169808174471,0.4675899395097103,0.4028520961566318,0.4675899395097103
llava,appfr,H32,32,huron,huron__cory1_Feb-16-2023-cory1-intloss_00000002,1653,0.8445251058681186,0.3570947055957763,0.450238927894498,0.3569025298574548,0.450238927894498
llava,appfr,H32,32,huron,huron__soda3_Feb-21-2023-soda3-intloss_00000000,2414,0.8591549295774648,0.3066022484780741,0.315515032953725,0.3109372871019675,0.315515032953725
llava,appfr,H32,32,huron,huron__soda3_Feb-21-2023-soda3-intloss_00000001,1368,0.5307017543859649,0.38303440664090377,0.4110119995752363,0.34583325688353944,0.4110119995752363
llava,appfr,H32,32,huron,huron__soda3_Feb-21-2023-soda3-intloss_00000002,531,0.928436911487759,0.4031689334615561,0.4417046553391352,0.41801430143014295,0.4417046553391352
llava,appfr,H32,32,pal,pal__rosbag2_2025_07_11-13_23_07,2151,0.8809855880985588,0.3333333333333333,0.2936618626995196,0.31224254407645413,0.2936618626995196
llava,appfr,H32,32,pal,pal__rosbag2_2025_07_11-13_37_37,3038,0.6649111257406188,0.4197784730437047,0.36676689497944676,0.34620751254560506,0.36676689497944676
llava,appfr,H32,32,pal,pal__rosbag2_2025_07_11-13_55_25,4060,0.31527093596059114,0.20577803181799073,0.2986325002103846,0.19840066779883547,0.2986325002103846
llava,appod,H02,2,crowdbot,crowdbot__defaced_2021-04-24-11-20-18,1619,0.36936380481778874,0.2639979960437358,0.2611266062715761,0.23928661049581787,0.2611266062715761
llava,appod,H02,2,crowdbot,crowdbot__defaced_2021-04-24-11-23-43,1032,0.4573643410852713,0.3200585067482215,0.32102399704082735,0.3028311330198123,0.32102399704082735
llava,appod,H02,2,crowdbot,crowdbot__defaced_2021-04-24-11-35-54,1211,0.48224607762180016,0.33125607634565113,0.3317548519372801,0.32039702196951203,0.3317548519372801
llava,appod,H02,2,crowdbot,crowdbot__defaced_2021-04-24-11-40-33,986,0.5172413793103449,0.3279244892492756,0.35065110282727535,0.3380575315766585,0.35065110282727535
llava,appod,H02,2,crowdbot,crowdbot__defaced_2021-04-24-11-43-54,583,0.4236706689536878,0.2809238416586049,0.30933663527898564,0.29435471206031405,0.30933663527898564
llava,appod,H02,2,crowdbot,crowdbot__defaced_2021-04-24-11-48-21,1555,0.5292604501607717,0.35234474438211255,0.3587574211794881,0.355495251017639,0.3587574211794881
llava,appod,H02,2,crowdbot,crowdbot__defaced_2021-04-24-11-55-30,1815,0.47988980716253443,0.3209350126825855,0.32432512361889887,0.3205293741211081,0.32432512361889887
llava,appod,H02,2,huron,huron__bww1_Feb-16-2023-bww1-intloss_00000000,342,0.8391812865497076,0.4295698924731182,0.49071038251366117,0.4474638000411196,0.49071038251366117
llava,appod,H02,2,huron,huron__bww1_Feb-16-2023-bww1-intloss_00000001,1674,0.7359617682198327,0.3412023908576862,0.3490122928745683,0.33568654850235435,0.3490122928745683
llava,appod,H02,2,huron,huron__bww1_Feb-16-2023-bww1-intloss_00000002,334,0.7275449101796407,0.3602693602693603,0.5736196319018405,0.3291074571998156,0.5736196319018405
llava,appod,H02,2,huron,huron__bww2_Feb-20-2023-bww2-intloss_00000000,754,0.5915119363395226,0.3529507541201851,0.41579772165631973,0.2991862574976032,0.41579772165631973
llava,appod,H02,2,huron,huron__bww2_Feb-20-2023-bww2-intloss_00000001,819,0.608058608058608,0.33655556527571223,0.3830526852914913,0.2655316805671871,0.3830526852914913
llava,appod,H02,2,huron,huron__bww2_Feb-20-2023-bww2-intloss_00000002,482,0.21991701244813278,0.336751583189407,0.4011544011544011,0.13240635675390092,0.4011544011544011
llava,appod,H02,2,huron,huron__bww8_Feb-03-2023-bww8-intloss_00000000,1095,0.4520547945205479,0.3100310325518306,0.316037021585624,0.2882233182313471,0.316037021585624
llava,appod,H02,2,huron,huron__bww8_Feb-03-2023-bww8-intloss_00000001,1051,0.7783063748810657,0.40369371618809824,0.46766335365683903,0.4153134991840382,0.46766335365683903
llava,appod,H02,2,huron,huron__bww8_Feb-03-2023-bww8-intloss_00000002,705,0.7262411347517731,0.3128329723084129,0.32353237884607927,0.31594096447776615,0.32353237884607927
llava,appod,H02,2,huron,huron__cory1_Feb-16-2023-cory1-intloss_00000000,1486,0.8963660834454913,0.31805157593123207,0.31223628691983124,0.31511710432931156,0.31223628691983124
llava,appod,H02,2,huron,huron__cory1_Feb-16-2023-cory1-intloss_00000001,2154,0.8955431754874652,0.36640588492440346,0.5808659662527857,0.3779872229310432,0.5808659662527857
llava,appod,H02,2,huron,huron__cory1_Feb-16-2023-cory1-intloss_00000002,1653,0.8112522686025408,0.35434070729149153,0.459386707244365,0.3470432776447317,0.459386707244365
llava,appod,H02,2,huron,huron__soda3_Feb-21-2023-soda3-intloss_00000000,2414,0.8703396851698426,0.394908711572197,0.40373553180092686,0.39906723431553653,0.40373553180092686
llava,appod,H02,2,huron,huron__soda3_Feb-21-2023-soda3-intloss_00000001,1368,0.47149122807017546,0.39440865171053646,0.4158436869491345,0.31696607407177035,0.4158436869491345
llava,appod,H02,2,huron,huron__soda3_Feb-21-2023-soda3-intloss_00000002,531,0.9510357815442562,0.4423659673659674,0.3989155960768062,0.4137916126242975,0.3989155960768062
llava,appod,H02,2,pal,pal__rosbag2_2025_07_11-13_23_07,2151,0.5332403533240353,0.3333333333333333,0.1777467844413451,0.23185769153022032,0.1777467844413451
llava,appod,H02,2,pal,pal__rosbag2_2025_07_11-13_37_37,3038,0.6346280447662936,0.39195004482585444,0.3862538508085174,0.38724784667586415,0.3862538508085174
llava,appod,H02,2,pal,pal__rosbag2_2025_07_11-13_55_25,4060,0.33029556650246306,0.22089006299532618,0.2949633930825549,0.248892661546832,0.2949633930825549
llava,appod,H04,4,crowdbot,crowdbot__defaced_2021-04-24-11-20-18,1619,0.34403953057442865,0.2541239884259551,0.24862813776999415,0.22515577900774245,0.24862813776999415
llava,appod,H04,4,crowdbot,crowdbot__defaced_2021-04-24-11-23-43,1032,0.46124031007751937,0.3165876777251185,0.3167239492625187,0.3074449703252949,0.3167239492625187
llava,appod,H04,4,crowdbot,crowdbot__defaced_2021-04-24-11-35-54,1211,0.5276630883567299,0.35238809634216195,0.3540836653386454,0.34747991497640235,0.3540836653386454
llava,appod,H04,4,crowdbot,crowdbot__defaced_2021-04-24-11-40-33,986,0.4847870182555781,0.3054042423669931,0.3278866558066246,0.3157925443762723,0.3278866558066246
llava,appod,H04,4,crowdbot,crowdbot__defaced_2021-04-24-11-43-54,583,0.37221269296740994,0.24208759077180128,0.268230291511888,0.25420240475041606,0.268230291511888
llava,appod,H04,4,crowdbot,crowdbot__defaced_2021-04-24-11-48-21,1555,0.5466237942122186,0.3644554728425697,0.37115114874419614,0.36764057753693846,0.37115114874419614
llava,appod,H04,4,crowdbot,crowdbot__defaced_2021-04-24-11-55-30,1815,0.4584022038567493,0.3066208581166012,0.309809408893801,0.30618145215131626,0.309809408893801
llava,appod,H04,4,huron,huron__bww1_Feb-16-2023-bww1-intloss_00000000,342,0.8801169590643275,0.4504357298474946,0.4554254488680718,0.4529018080111877,0.4554254488680718
llava,appod,H04,4,huron,huron__bww1_Feb-16-2023-bww1-intloss_00000001,1674,0.7670250896057348,0.3354838709677419,0.33763425529892593,0.3332175395204284,0.33763425529892593
llava,appod,H04,4,huron,huron__bww1_Feb-16-2023-bww1-intloss_00000002,334,0.7514970059880239,0.35362278374982553,0.5005112474437627,0.32715471051100703,0.5005112474437627
llava,appod,H04,4,huron,huron__bww2_Feb-20-2023-bww2-intloss_00000000,754,0.7506631299734748,0.35445893957363106,0.39963433990316033,0.3430768738369249,0.39963433990316033
llava,appod,H04,4,huron,huron__bww2_Feb-20-2023-bww2-intloss_00000001,819,0.6984126984126984,0.3330988241037201,0.33805332312794995,0.2844977228787067,0.33805332312794995
llava,appod,H04,4,huron,huron__bww2_Feb-20-2023-bww2-intloss_00000002,482,0.46265560165975106,0.3435858092714,0.48556998556998554,0.23665821358129055,0.48556998556998554
llava,appod,H04,4,huron,huron__bww8_Feb-03-2023-bww8-intloss_00000000,1095,0.5461187214611872,0.30829432765772485,0.31323413526166966,0.3085622059909002,0.31323413526166966
llava,appod,H04,4,huron,huron__bww8_Feb-03-2023-bww8-intloss_00000001,1051,0.8192197906755471,0.40300083632188466,0.4285104447970897,0.4130941164678761,0.4285104447970897
llava,appod,H04,4,huron,huron__bww8_Feb-03-2023-bww8-intloss_00000002,705,0.7787234042553192,0.30917751716071046,0.32319869631009196,0.31598296242233265,0.32319869631009196
llava,appod,H04,4,huron,huron__cory1_Feb-16-2023-cory1-intloss_00000000,1486,0.9185733512786003,0.3184044786564031,0.319971870604782,0.3191862504384427,0.319971870604782
llava,appod,H04,4,huron,huron__cory1_Feb-16-2023-cory1-intloss_00000001,2154,0.9280408542246983,0.3747478967921096,0.5482012098057943,0.3971998879327736,0.5482012098057943
llava,appod,H04,4,huron,huron__cory1_Feb-16-2023-cory1-intloss_00000002,1653,0.8493647912885662,0.34941755393094875,0.41061338174181555,0.3474467206423297,0.41061338174181555
llava,appod,H04,4,huron,huron__soda3_Feb-21-2023-soda3-intloss_00000000,2414,0.8782104391052196,0.3551544465789401,0.3489648105451921,0.3497284840633991,0.3489648105451921
llava,appod,H04,4,huron,huron__soda3_Feb-21-2023-soda3-intloss_00000001,1368,0.5219298245614035,0.4007073662072149,0.4328797463553755,0.34657239881812546,0.4328797463553755
llava,appod,H04,4,huron,huron__soda3_Feb-21-2023-soda3-intloss_00000002,531,0.9548022598870056,0.46934865900383144,0.40022793203481144,0.4208044382801665,0.40022793203481144
llava,appod,H04,4,pal,pal__rosbag2_2025_07_11-13_23_07,2151,0.7703393770339377,0.3333333333333333,0.25677979234464593,0.29009103641456585,0.25677979234464593
llava,appod,H04,4,pal,pal__rosbag2_2025_07_11-13_37_37,3038,0.6494404213298223,0.3941141220146745,0.370212411492572,0.3621469278304115,0.370212411492572
llava,appod,H04,4,pal,pal__rosbag2_2025_07_11-13_55_25,4060,0.3258620689655172,0.21774733514485156,0.3034211338326461,0.22462744293961143,0.3034211338326461
llava,appod,H06,6,crowdbot,crowdbot__defaced_2021-04-24-11-20-18,1619,0.36936380481778874,0.26592465930877246,0.26272008533148833,0.23993688720063241,0.26272008533148833
llava,appod,H06,6,crowdbot,crowdbot__defaced_2021-04-24-11-23-43,1032,0.4476744186046512,0.3096499742745148,0.3103946077298111,0.29789560263200127,0.3103946077298111
llava,appod,H06,6,crowdbot,crowdbot__defaced_2021-04-24-11-35-54,1211,0.49793559042113955,0.3386759294854193,0.33958901237156636,0.3299775355686829,0.33958901237156636
llava,appod,H06,6,crowdbot,crowdbot__defaced_2021-04-24-11-40-33,986,0.48782961460446245,0.3104522729915126,0.3336931138672077,0.3216253363261799,0.3336931138672077
llava,appod,H06,6,crowdbot,crowdbot__defaced_2021-04-24-11-43-54,583,0.4236706689536878,0.2815163010610809,0.309984546126453,0.29486247425178724,0.309984546126453
llava,appod,H06,6,crowdbot,crowdbot__defaced_2021-04-24-11-48-21,1555,0.5363344051446945,0.35814727161033993,0.36461249563460035,0.36080425654726006,0.36461249563460035
llava,appod,H06,6,crowdbot,crowdbot__defaced_2021-04-24-11-55-30,1815,0.44077134986225897,0.29676087621054553,0.29958359949842667,0.29503423095413084,0.29958359949842667
llava,appod,H06,6,huron,huron__bww1_Feb-16-2023-bww1-intloss_00000000,342,0.868421052631579,0.4362582781456954,0.4510538641686183,0.443053267435475,0.4510538641686183
llava,appod,H06,6,huron,huron__bww1_Feb-16-2023-bww1-intloss_00000001,1674,0.7682198327359617,0.34341898308622376,0.3504142508633527,0.34225930304361674,0.3504142508633527
llava,appod,H06,6,huron,huron__bww1_Feb-16-2023-bww1-intloss_00000002,334,0.7395209580838323,0.3432608931701491,0.4151329243353783,0.3107926885276017,0.4151329243353783
llava,appod,H06,6,huron,huron__bww2_Feb-20-2023-bww2-intloss_00000000,754,0.7625994694960212,0.3483395342428001,0.3774034114881562,0.33810436292005536,0.3774034114881562
llava,appod,H06,6,huron,huron__bww2_Feb-20-2023-bww2-intloss_00000001,819,0.7484737484737485,0.3392892137390429,0.405504528638857,0.3037270911780817,0.405504528638857
llava,appod,H06,6,huron,huron__bww2_Feb-20-2023-bww2-intloss_00000002,482,0.5746887966804979,0.3449106055041593,0.5245310245310245,0.27689308430044635,0.5245310245310245
llava,appod,H06,6,huron,huron__bww8_Feb-03-2023-bww8-intloss_00000000,1095,0.5716894977168949,0.3251955116440312,0.3339065807568102,0.3275572293050742,0.3339065807568102
llava,appod,H06,6,huron,huron__bww8_Feb-03-2023-bww8-intloss_00000001,1051,0.8201712654614652,0.40017507802390195,0.4189240606178717,0.4082653329823637,0.4189240606178717
llava,appod,H06,6,huron,huron__bww8_Feb-03-2023-bww8-intloss_00000002,705,0.774468085106383,0.30791161268346146,0.3215458037481085,0.3145691474648266,0.3215458037481085
llava,appod,H06,6,huron,huron__cory1_Feb-16-2023-cory1-intloss_00000000,1486,0.9152086137281292,0.31835205992509363,0.31879981247069855,0.31857577887092997,0.31879981247069855
llava,appod,H06,6,huron,huron__cory1_Feb-16-2023-cory1-intloss_00000001,2154,0.9303621169916435,0.36772146093592356,0.4942375039796243,0.3868767912531588,0.4942375039796243
llava,appod,H06,6,huron,huron__cory1_Feb-16-2023-cory1-intloss_00000002,1653,0.8433151845130067,0.3408187134502924,0.37410680121377154,0.33426922420628946,0.37410680121377154
llava,appod,H06,6,huron,huron__soda3_Feb-21-2023-soda3-intloss_00000000,2414,0.8806959403479702,0.3598921918469154,0.35143109993246235,0.3528158204197324,0.35143109993246235
llava,appod,H06,6,huron,huron__soda3_Feb-21-2023-soda3-intloss_00000001,1368,0.5241228070175439,0.39851397945755024,0.4307331725299231,0.347262833008447,0.4307331725299231
llava,appod,H06,6,huron,huron__soda3_Feb-21-2023-soda3-intloss_00000002,531,0.96045197740113,0.5224568138195776,0.4359718193120597,0.46446164672765655,0.4359718193120597
llava,appod,H06,6,pal,pal__rosbag2_2025_07_11-13_23_07,2151,0.8363551836355184,0.3333333333333333,0.2787850612118395,0.30362869198312237,0.2787850612118395
llava,appod,H06,6,pal,pal__rosbag2_2025_07_11-13_37_37,3038,0.6425279789335089,0.38045923845652113,0.3549700748252102,0.33560332621890954,0.3549700748252102
llava,appod,H06,6,pal,pal__rosbag2_2025_07_11-13_55_25,4060,0.33275862068965517,0.22431793075943562,0.31306235799040644,0.21820648718109326,0.31306235799040644
llava,appod,H08,8,crowdbot,crowdbot__defaced_2021-04-24-11-20-18,1619,0.34156886967263744,0.275817688531161,0.2814548153913789,0.23126287192586356,0.2814548153913789
llava,appod,H08,8,crowdbot,crowdbot__defaced_2021-04-24-11-23-43,1032,0.437015503875969,0.3069431814427095,0.30973958253060635,0.28756735567431546,0.30973958253060635
llava,appod,H08,8,crowdbot,crowdbot__defaced_2021-04-24-11-35-54,1211,0.5136251032204789,0.33137771259041965,0.33185387106544584,0.33055555555555555,0.33185387106544584
llava,appod,H08,8,crowdbot,crowdbot__defaced_2021-04-24-11-40-33,986,0.5354969574036511,0.3367117812095002,0.3590409849991505,0.34543325526932084,0.3590409849991505
llava,appod,H08,8,crowdbot,crowdbot__defaced_2021-04-24-11-43-54,583,0.411663807890223,0.2779290204425085,0.30898148414778126,0.2857774943716409,0.30898148414778126
llava,appod,H08,8,crowdbot,crowdbot__defaced_2021-04-24-11-48-21,1555,0.5434083601286174,0.3610851395381782,0.36700845599390847,0.3624823565358622,0.36700845599390847
llava,appod,H08,8,crowdbot,crowdbot__defaced_2021-04-24-11-55-30,1815,0.46170798898071624,0.29996858223599726,0.30363353375987345,0.3017525800406472,0.30363353375987345
llava,appod,H08,8,huron,huron__bww1_Feb-16-2023-bww1-intloss_00000000,342,0.8508771929824561,0.41590400650803333,0.4360655737704919,0.42439000496812707,0.4360655737704919
llava,appod,H08,8,huron,huron__bww1_Feb-16-2023-bww1-intloss_00000001,1674,0.7610513739545998,0.34042549759279384,0.34599055856540883,0.3381453550843043,0.34599055856540883
llava,appod,H08,8,huron,huron__bww1_Feb-16-2023-bww1-intloss_00000002,334,0.7634730538922155,0.34498221229420034,0.4233128834355828,0.31866052057161326,0.4233128834355828
llava,appod,H08,8,huron,huron__bww2_Feb-20-2023-bww2-intloss_00000000,754,0.7586206896551724,0.3497698882314267,0.38260703594318207,0.33906867104646604,0.38260703594318207
llava,appod,H08,8,huron,huron__bww2_Feb-20-2023-bww2-intloss_00000001,819,0.7509157509157509,0.3434924694515487,0.4567865799209083,0.31002396849854474,0.4567865799209083
llava,appod,H08,8,huron,huron__bww2_Feb-20-2023-bww2-intloss_00000002,482,0.5705394190871369,0.3428837642674121,0.468975468975469,0.2711098100442363,0.468975468975469
llava,appod,H08,8,huron,huron__bww8_Feb-03-2023-bww8-intloss_00000000,1095,0.5780821917808219,0.33032928545209833,0.34009641681731795,0.3331414916110951,0.34009641681731795
llava,appod,H08,8,huron,huron__bww8_Feb-03-2023-bww8-intloss_00000001,1051,0.813510941960038,0.3978298238074774,0.42136473732564933,0.4072469380839425,0.42136473732564933
llava,appod,H08,8,huron,huron__bww8_Feb-03-2023-bww8-intloss_00000002,705,0.7829787234042553,0.3105942049604022,0.32485158887207544,0.3174713075316263,0.32485158887207544
llava,appod,H08,8,huron,huron__cory1_Feb-16-2023-cory1-intloss_00000000,1486,0.9125168236877523,0.31830985915492954,0.3178621659634318,0.3180858550316678,0.3178621659634318
llava,appod,H08,8,huron,huron__cory1_Feb-16-2023-cory1-intloss_00000001,2154,0.9294336118848654,0.3701630548811558,0.5048710601719198,0.3914684039400593,0.5048710601719198
llava,appod,H08,8,huron,huron__cory1_Feb-16-2023-cory1-intloss_00000002,1653,0.8421052631578947,0.3479800660533145,0.4081039714532333,0.3443332186184231,0.4081039714532333
llava,appod,H08,8,huron,huron__soda3_Feb-21-2023-soda3-intloss_00000000,2414,0.8811101905550953,0.36554444287927873,0.35625654998952,0.3583842539994473,0.35625654998952
llava,appod,H08,8,huron,huron__soda3_Feb-21-2023-soda3-intloss_00000001,1368,0.533625730994152,0.400617952929531,0.43731701027018005,0.3532921601230672,0.43731701027018005
llava,appod,H08,8,huron,huron__soda3_Feb-21-2023-soda3-intloss_00000002,531,0.9623352165725048,0.5288090288090288,0.47040337063130266,0.49350227420402853,0.47040337063130266
llava,appod,H08,8,pal,pal__rosbag2_2025_07_11-13_23_07,2151,0.8544862854486286,0.3333333333333333,0.28482876181620953,0.3071780730341773,0.28482876181620953
llava,appod,H08,8,pal,pal__rosbag2_2025_07_11-13_37_37,3038,0.6445029624753127,0.38097084771432416,0.35142494761728527,0.3256249064511301,0.35142494761728527
llava,appod,H08,8,pal,pal__rosbag2_2025_07_11-13_55_25,4060,0.32561576354679805,0.21492374587634908,0.30843501921512523,0.20475921972285294,0.30843501921512523
llava,appod,H10,10,crowdbot,crowdbot__defaced_2021-04-24-11-20-18,1619,0.4002470660901791,0.2750419657844923,0.2746585659409166,0.25550280247555823,0.2746585659409166
llava,appod,H10,10,crowdbot,crowdbot__defaced_2021-04-24-11-23-43,1032,0.45542635658914726,0.31074980187642204,0.31064120545186463,0.30359575320512827,0.31064120545186463
llava,appod,H10,10,crowdbot,crowdbot__defaced_2021-04-24-11-35-54,1211,0.4962840627580512,0.3439595564253099,0.3447583933272757,0.33043522695749933,0.3447583933272757
llava,appod,H10,10,crowdbot,crowdbot__defaced_2021-04-24-11-40-33,986,0.49290060851926976,0.3222011132220111,0.3480576848122645,0.33362385550153656,0.3480576848122645
llava,appod,H10,10,crowdbot,crowdbot__defaced_2021-04-24-11-43-54,583,0.41680960548885077,0.2754942397951927,0.30361102312321825,0.2888699918873217,0.30361102312321825
llava,appod,H10,10,crowdbot,crowdbot__defaced_2021-04-24-11-48-21,1555,0.5176848874598071,0.34820423896054153,0.3534989036406002,0.34673181788991053,0.3534989036406002
llava,appod,H10,10,crowdbot,crowdbot__defaced_2021-04-24-11-55-30,1815,0.4666666666666667,0.3155203180854707,0.3190322406200041,0.3127735312671533,0.3190322406200041
llava,appod,H10,10,huron,huron__bww1_Feb-16-2023-bww1-intloss_00000000,342,0.8508771929824561,0.4195064629847239,0.4444964871194379,0.42961319611347343,0.4444964871194379
llava,appod,H10,10,huron,huron__bww1_Feb-16-2023-bww1-intloss_00000001,1674,0.7431302270011948,0.3321810699588477,0.33228780534169755,0.3265710890547391,0.33228780534169755
llava,appod,H10,10,huron,huron__bww1_Feb-16-2023-bww1-intloss_00000002,334,0.7694610778443114,0.35538964524471767,0.5066462167689162,0.33394785016139156,0.5066462167689162
llava,appod,H10,10,huron,huron__bww2_Feb-20-2023-bww2-intloss_00000000,754,0.7175066312997348,0.33774545900834557,0.34811042131275993,0.3162420055106531,0.34811042131275993
llava,appod,H10,10,huron,huron__bww2_Feb-20-2023-bww2-intloss_00000001,819,0.7216117216117216,0.34765902533095544,0.522515626993239,0.3083136123136124,0.522515626993239
llava,appod,H10,10,huron,huron__bww2_Feb-20-2023-bww2-intloss_00000002,482,0.5186721991701245,0.34578146611341637,0.47799422799422797,0.25563320757828767,0.47799422799422797
llava,appod,H10,10,huron,huron__bww8_Feb-03-2023-bww8-intloss_00000000,1095,0.547945205479452,0.3307859112823428,0.3418594230442374,0.3288964055665174,0.3418594230442374
llava,appod,H10,10,huron,huron__bww8_Feb-03-2023-bww8-intloss_00000001,1051,0.8068506184586108,0.40220359433542896,0.43872787846729216,0.4144922974304783,0.43872787846729216
llava,appod,H10,10,huron,huron__bww8_Feb-03-2023-bww8-intloss_00000002,705,0.8,0.3465588483582886,0.3604702595739728,0.35335174891154847,0.3604702595739728
llava,appod,H10,10,huron,huron__cory1_Feb-16-2023-cory1-intloss_00000000,1486,0.9084791386271871,0.31824611032531824,0.3164556962025316,0.31734837799717913,0.3164556962025316
llava,appod,H10,10,huron,huron__cory1_Feb-16-2023-cory1-intloss_00000001,2154,0.9187558031569174,0.36692609388405445,0.5231136580706781,0.38523985985035897,0.5231136580706781
llava,appod,H10,10,huron,huron__cory1_Feb-16-2023-cory1-intloss_00000002,1653,0.822141560798548,0.34794072763846984,0.41496925527465583,0.33982574888503403,0.41496925527465583
llava,appod,H10,10,huron,huron__soda3_Feb-21-2023-soda3-intloss_00000000,2414,0.8661971830985915,0.33898704358068316,0.3399007894920702,0.33888250679854875,0.3399007894920702
llava,appod,H10,10,huron,huron__soda3_Feb-21-2023-soda3-intloss_00000001,1368,0.5073099415204678,0.3973613851560402,0.42713785099895324,0.3380272691404078,0.42713785099895324
llava,appod,H10,10,huron,huron__soda3_Feb-21-2023-soda3-intloss_00000002,531,0.96045197740113,0.5020671834625322,0.4697472026523,0.4836856617647059,0.4697472026523
llava,appod,H10,10,pal,pal__rosbag2_2025_07_11-13_23_07,2151,0.8396094839609484,0.3333333333333333,0.2798698279869828,0.30427091230730346,0.2798698279869828
llava,appod,H10,10,pal,pal__rosbag2_2025_07_11-13_37_37,3038,0.6445029624753127,0.38238068863553215,0.3539904376900264,0.3318639335831313,0.3539904376900264
llava,appod,H10,10,pal,pal__rosbag2_2025_07_11-13_55_25,4060,0.3275862068965517,0.21611068669892197,0.30907178321972567,0.21147457772150835,0.30907178321972567
llava,appod,H12,12,crowdbot,crowdbot__defaced_2021-04-24-11-20-18,1619,0.3662754786905497,0.2583126902552347,0.2527621024410283,0.23501882286194212,0.2527621024410283
llava,appod,H12,12,crowdbot,crowdbot__defaced_2021-04-24-11-23-43,1032,0.45445736434108525,0.31181994278105796,0.3119795118392594,0.3029302512372802,0.3119795118392594
llava,appod,H12,12,crowdbot,crowdbot__defaced_2021-04-24-11-35-54,1211,0.48637489677952106,0.32784136041334183,0.3279134922299108,0.3209477860213154,0.3279134922299108
llava,appod,H12,12,crowdbot,crowdbot__defaced_2021-04-24-11-40-33,986,0.486815415821501,0.3143144076307348,0.33845354333856353,0.3257340654094056,0.33845354333856353
llava,appod,H12,12,crowdbot,crowdbot__defaced_2021-04-24-11-43-54,583,0.43567753001715265,0.29221833427904925,0.3217861222295812,0.3045264028484517,0.3217861222295812
llava,appod,H12,12,crowdbot,crowdbot__defaced_2021-04-24-11-48-21,1555,0.5279742765273312,0.35350692275226314,0.3595520670525394,0.3549226077886412,0.3595520670525394
llava,appod,H12,12,crowdbot,crowdbot__defaced_2021-04-24-11-55-30,1815,0.46115702479338844,0.30883847223437666,0.3121795456773099,0.30823150312030195,0.3121795456773099
llava,appod,H12,12,huron,huron__bww1_Feb-16-2023-bww1-intloss_00000000,342,0.8333333333333334,0.410108024691358,0.4463700234192038,0.4222672755177445,0.4463700234192038
llava,appod,H12,12,huron,huron__bww1_Feb-16-2023-bww1-intloss_00000001,1674,0.7186379928315412,0.33038914490527393,0.3284819250388113,0.32080940120155804,0.3284819250388113
llava,appod,H12,12,huron,huron__bww1_Feb-16-2023-bww1-intloss_00000002,334,0.7634730538922155,0.35944562563981414,0.5452453987730062,0.337715443353592,0.5452453987730062
llava,appod,H12,12,huron,huron__bww2_Feb-20-2023-bww2-intloss_00000000,754,0.7002652519893899,0.3318641431164117,0.32873244530166956,0.30566746221161495,0.32873244530166956
llava,appod,H12,12,huron,huron__bww2_Feb-20-2023-bww2-intloss_00000001,819,0.7264957264957265,0.35161744022503516,0.5746268656716418,0.3146089466089466,0.5746268656716418
llava,appod,H12,12,huron,huron__bww2_Feb-20-2023-bww2-intloss_00000002,482,0.5,0.3425006892748828,0.4444444444444445,0.2469053934571176,0.4444444444444445
llava,appod,H12,12,huron,huron__bww8_Feb-03-2023-bww8-intloss_00000000,1095,0.5424657534246575,0.33130846630191324,0.3426258131306108,0.3280833518055503,0.3426258131306108
llava,appod,H12,12,huron,huron__bww8_Feb-03-2023-bww8-intloss_00000001,1051,0.7925784966698383,0.3991668547355751,0.44573438384513303,0.4112800838400206,0.44573438384513303
llava,appod,H12,12,huron,huron__bww8_Feb-03-2023-bww8-intloss_00000002,705,0.7872340425531915,0.3394468186134853,0.35551158188802234,0.34717999229155067,0.35551158188802234
llava,appod,H12,12,huron,huron__cory1_Feb-16-2023-cory1-intloss_00000000,1486,0.901749663526245,0.3181386514719848,0.3141115799343647,0.3161122906345836,0.3141115799343647
llava,appod,H12,12,huron,huron__cory1_Feb-16-2023-cory1-intloss_00000001,2154,0.9094707520891365,0.3626409651193286,0.519929958611907,0.3770401371336871,0.519929958611907
llava,appod,H12,12,huron,huron__cory1_Feb-16-2023-cory1-intloss_00000002,1653,0.8124621899576527,0.35021396953936496,0.43227261806241496,0.3410627502298587,0.43227261806241496
llava,appod,H12,12,huron,huron__soda3_Feb-21-2023-soda3-intloss_00000000,2414,0.859983429991715,0.33559916184552124,0.3376301264584643,0.3364448683765077,0.3376301264584643
llava,appod,H12,12,huron,huron__soda3_Feb-21-2023-soda3-intloss_00000001,1368,0.5116959064327485,0.40504441235050354,0.4345636311230449,0.3415762349062866,0.4345636311230449
llava,appod,H12,12,huron,huron__soda3_Feb-21-2023-soda3-intloss_00000002,531,0.9566854990583804,0.49029126213592233,0.4684348666942948,0.4782199878974072,0.4684348666942948
llava,appod,H12,12,pal,pal__rosbag2_2025_07_11-13_23_07,2151,0.8563458856345886,0.3333333333333333,0.28544862854486286,0.3075381918357125,0.28544862854486286
llava,appod,H12,12,pal,pal__rosbag2_2025_07_11-13_37_37,3038,0.6448321263989467,0.3812451320480224,0.35102412938431565,0.32432418601675944,0.35102412938431565
llava,appod,H12,12,pal,pal__rosbag2_2025_07_11-13_55_25,4060,0.31945812807881774,0.21056267882055282,0.3025588375550506,0.20110598741033522,0.3025588375550506
llava,appod,H14,14,crowdbot,crowdbot__defaced_2021-04-24-11-20-18,1619,0.390982087708462,0.26302557949976646,0.25647013037555944,0.24457191277736237,0.25647013037555944
llava,appod,H14,14,crowdbot,crowdbot__defaced_2021-04-24-11-23-43,1032,0.4331395348837209,0.29378331631536264,0.29318671043776234,0.28846103849933075,0.29318671043776234
llava,appod,H14,14,crowdbot,crowdbot__defaced_2021-04-24-11-35-54,1211,0.518579686209744,0.3557508432037501,0.3572872253675357,0.34466648058881066,0.3572872253675357
llava,appod,H14,14,crowdbot,crowdbot__defaced_2021-04-24-11-40-33,986,0.46247464503042596,0.3034762015170083,0.32715543518453744,0.3132864954193062,0.32715543518453744
llava,appod,H14,14,crowdbot,crowdbot__defaced_2021-04-24-11-43-54,583,0.41337907375643224,0.2735672929221316,0.3012881427515574,0.2867259707382652,0.3012881427515574
llava,appod,H14,14,crowdbot,crowdbot__defaced_2021-04-24-11-48-21,1555,0.5041800643086817,0.3391346294435062,0.3446381441469293,0.33690398609753447,0.3446381441469293
llava,appod,H14,14,crowdbot,crowdbot__defaced_2021-04-24-11-55-30,1815,0.45234159779614325,0.3080063917199379,0.31181958907489465,0.30329682884536363,0.31181958907489465
llava,appod,H14,14,huron,huron__bww1_Feb-16-2023-bww1-intloss_00000000,342,0.8304093567251462,0.4046049052251311,0.4368462138953942,0.4155443322109989,0.4368462138953942
llava,appod,H14,14,huron,huron__bww1_Feb-16-2023-bww1-intloss_00000001,1674,0.7162485065710872,0.3300979544033807,0.32759481037924154,0.3199563128003495,0.32759481037924154
llava,appod,H14,14,huron,huron__bww1_Feb-16-2023-bww1-intloss_00000002,334,0.7784431137724551,0.3658536585365854,0.591002044989775,0.3499166987056261,0.591002044989775
llava,appod,H14,14,huron,huron__bww2_Feb-20-2023-bww2-intloss_00000000,754,0.6989389920424404,0.331729055258467,0.328260301770036,0.305227074715998,0.328260301770036
llava,appod,H14,14,huron,huron__bww2_Feb-20-2023-bww2-intloss_00000001,819,0.717948717948718,0.3510928961748634,0.5717247097844113,0.3117016503810634,0.5717247097844113
llava,appod,H14,14,huron,huron__bww2_Feb-20-2023-bww2-intloss_00000002,482,0.524896265560166,0.34600725536116084,0.4801587301587302,0.2578508026440038,0.4801587301587302
llava,appod,H14,14,huron,huron__bww8_Feb-03-2023-bww8-intloss_00000000,1095,0.5424657534246575,0.33774070226280634,0.35161699037376964,0.3330705240835918,0.35161699037376964
llava,appod,H14,14,huron,huron__bww8_Feb-03-2023-bww8-intloss_00000001,1051,0.7992388201712655,0.4046752295258374,0.45324201675993203,0.41807435386283354,0.45324201675993203
llava,appod,H14,14,huron,huron__bww8_Feb-03-2023-bww8-intloss_00000002,705,0.7886524822695036,0.3461321711688019,0.36435028906219685,0.35465495469242186,0.36435028906219685
llava,appod,H14,14,huron,huron__cory1_Feb-16-2023-cory1-intloss_00000000,1486,0.8997308209959624,0.31810611467999045,0.3134083450539147,0.3157397567599481,0.3134083450539147
llava,appod,H14,14,huron,huron__cory1_Feb-16-2023-cory1-intloss_00000001,2154,0.9099350046425255,0.36590715318914757,0.5419929958611908,0.38197465899766936,0.5419929958611908
llava,appod,H14,14,huron,huron__cory1_Feb-16-2023-cory1-intloss_00000002,1653,0.8124621899576527,0.3546843697025736,0.45980494229246194,0.3475318887469629,0.45980494229246194
llava,appod,H14,14,huron,huron__soda3_Feb-21-2023-soda3-intloss_00000000,2414,0.8583264291632146,0.33649451486597176,0.3385826404899974,0.3374520884858145,0.3385826404899974
llava,appod,H14,14,huron,huron__soda3_Feb-21-2023-soda3-intloss_00000001,1368,0.5190058479532164,0.41118089184826473,0.44251278083708795,0.34671685908210953,0.44251278083708795
llava,appod,H14,14,huron,huron__soda3_Feb-21-2023-soda3-intloss_00000002,531,0.9472693032015066,0.4505135387488329,0.4651540267992817,0.4574983628028815,0.4651540267992817
llava,appod,H14,14,pal,pal__rosbag2_2025_07_11-13_23_07,2151,0.8586703858670386,0.3333333333333333,0.28622346195567955,0.30798732699683173,0.28622346195567955
llava,appod,H14,14,pal,pal__rosbag2_2025_07_11-13_37_37,3038,0.6428571428571429,0.37775268115578314,0.35015091257807524,0.32386658581891553,0.35015091257807524
llava,appod,H14,14,pal,pal__rosbag2_2025_07_11-13_55_25,4060,0.32019704433497537,0.21003071027350517,0.3032317877079301,0.20175272633060956,0.3032317877079301
llava,appod,H16,16,crowdbot,crowdbot__defaced_2021-04-24-11-20-18,1619,0.3224212476837554,0.28128704204836263,0.29205927079054145,0.2198709862843092,0.29205927079054145
llava,appod,H16,16,crowdbot,crowdbot__defaced_2021-04-24-11-23-43,1032,0.44573643410852715,0.3170924349006541,0.31981155824073076,0.29002673404411433,0.31981155824073076
llava,appod,H16,16,crowdbot,crowdbot__defaced_2021-04-24-11-35-54,1211,0.5772089182493807,0.36144667477696674,0.36074998252603624,0.3605235788998882,0.36074998252603624
llava,appod,H16,16,crowdbot,crowdbot__defaced_2021-04-24-11-40-33,986,0.5040567951318459,0.3057913795921176,0.32883774231052393,0.31212318607276596,0.32883774231052393
llava,appod,H16,16,crowdbot,crowdbot__defaced_2021-04-24-11-43-54,583,0.4099485420240137,0.2813371813371814,0.3095478062218639,0.2824490153844467,0.3095478062218639
llava,appod,H16,16,crowdbot,crowdbot__defaced_2021-04-24-11-48-21,1555,0.5196141479099678,0.34466063096629224,0.3497581139183255,0.3425956194834914,0.3497581139183255
llava,appod,H16,16,crowdbot,crowdbot__defaced_2021-04-24-11-55-30,1815,0.49421487603305786,0.3124962647846614,0.3178070362221118,0.31227879890021865,0.3178070362221118
llava,appod,H16,16,huron,huron__bww1_Feb-16-2023-bww1-intloss_00000000,342,0.8508771929824561,0.42290249433106575,0.4529274004683841,0.4345797212221172,0.4529274004683841
llava,appod,H16,16,huron,huron__bww1_Feb-16-2023-bww1-intloss_00000001,1674,0.7317801672640383,0.32495605803318733,0.3192622691125685,0.31678048037653583,0.3192622691125685
llava,appod,H16,16,huron,huron__bww1_Feb-16-2023-bww1-intloss_00000002,334,0.7874251497005988,0.35742599742599745,0.5127811860940695,0.34107026396183016,0.5127811860940695
llava,appod,H16,16,huron,huron__bww2_Feb-20-2023-bww2-intloss_00000000,754,0.7281167108753316,0.3284641396665618,0.3187872943161955,0.30727966137211343,0.3187872943161955
llava,appod,H16,16,huron,huron__bww2_Feb-20-2023-bww2-intloss_00000001,819,0.73992673992674,0.3525073746312684,0.5791873963515755,0.3192495574797159,0.5791873963515755
llava,appod,H16,16,huron,huron__bww2_Feb-20-2023-bww2-intloss_00000002,482,0.558091286307054,0.3475051975051975,0.5187590187590188,0.27149181996827426,0.5187590187590188
llava,appod,H16,16,huron,huron__bww8_Feb-03-2023-bww8-intloss_00000000,1095,0.5515981735159817,0.34053839409088615,0.3549714921429565,0.33734107520515283,0.3549714921429565
llava,appod,H16,16,huron,huron__bww8_Feb-03-2023-bww8-intloss_00000001,1051,0.8125594671741199,0.41273869954073,0.46079605037259763,0.42735205286923234,0.46079605037259763
llava,appod,H16,16,huron,huron__bww8_Feb-03-2023-bww8-intloss_00000002,705,0.7957446808510639,0.3466521076825602,0.3629612385054126,0.35455546529470167,0.3629612385054126
llava,appod,H16,16,huron,huron__cory1_Feb-16-2023-cory1-intloss_00000000,1486,0.9111709286675639,0.31828866948754114,0.3173933427097984,0.31784037558685446,0.3173933427097984
llava,appod,H16,16,huron,huron__cory1_Feb-16-2023-cory1-intloss_00000001,2154,0.9289693593314763,0.37631025841394733,0.5485195797516714,0.4006029049054535,0.5485195797516714
llava,appod,H16,16,huron,huron__cory1_Feb-16-2023-cory1-intloss_00000002,1653,0.822141560798548,0.3513633542183219,0.43561849844719114,0.345131410932892,0.43561849844719114
llava,appod,H16,16,huron,huron__soda3_Feb-21-2023-soda3-intloss_00000000,2414,0.8674399337199669,0.33742734244978795,0.3387968979249633,0.3375563781252007,0.3387968979249633
llava,appod,H16,16,huron,huron__soda3_Feb-21-2023-soda3-intloss_00000001,1368,0.5314327485380117,0.4128737650185281,0.4480574644639634,0.3541672978685761,0.4480574644639634
llava,appod,H16,16,huron,huron__soda3_Feb-21-2023-soda3-intloss_00000002,531,0.9453860640301318,0.43956294846705807,0.4476101671501589,0.44350502839217265,0.4476101671501589
llava,appod,H16,16,pal,pal__rosbag2_2025_07_11-13_23_07,2151,0.8716875871687587,0.3333333333333333,0.2905625290562529,0.31048186785891707,0.2905625290562529
llava,appod,H16,16,pal,pal__rosbag2_2025_07_11-13_37_37,3038,0.6484529295589203,0.3881154075576028,0.3524587450984491,0.324726291430413,0.3524587450984491
llava,appod,H16,16,pal,pal__rosbag2_2025_07_11-13_55_25,4060,0.3211822660098522,0.21482690205707597,0.30482089259165757,0.199020820923873,0.30482089259165757
llava,appod,H18,18,crowdbot,crowdbot__defaced_2021-04-24-11-20-18,1619,0.3996294008647313,0.2821743937874463,0.28233407565962537,0.2585101445235709,0.28233407565962537
llava,appod,H18,18,crowdbot,crowdbot__defaced_2021-04-24-11-23-43,1032,0.46027131782945735,0.3175103865162345,0.31785162009565937,0.30656318822357936,0.31785162009565937
llava,appod,H18,18,crowdbot,crowdbot__defaced_2021-04-24-11-35-54,1211,0.5433526011560693,0.35910106589306107,0.36134118496773143,0.3562623212289023,0.36134118496773143
llava,appod,H18,18,crowdbot,crowdbot__defaced_2021-04-24-11-40-33,986,0.4482758620689655,0.28572243153589666,0.3070893421679442,0.29597495596526446,0.3070893421679442
llava,appod,H18,18,crowdbot,crowdbot__defaced_2021-04-24-11-43-54,583,0.4528301886792453,0.3048003802281369,0.3351282863477985,0.31658362989323846,0.3351282863477985
llava,appod,H18,18,crowdbot,crowdbot__defaced_2021-04-24-11-48-21,1555,0.48617363344051445,0.32436060407439044,0.3303660065609811,0.32705568940170143,0.3303660065609811
llava,appod,H18,18,crowdbot,crowdbot__defaced_2021-04-24-11-55-30,1815,0.47713498622589534,0.3150424198972363,0.31846949156552395,0.31629898659901007,0.31846949156552395
llava,appod,H18,18,huron,huron__bww1_Feb-16-2023-bww1-intloss_00000000,342,0.8421052631578947,0.41949032665230357,0.4580796252927401,0.4329405162738496,0.4580796252927401
llava,appod,H18,18,huron,huron__bww1_Feb-16-2023-bww1-intloss_00000001,1674,0.7168458781362007,0.31616494881259144,0.3031437125748503,0.3048777638348083,0.3031437125748503
llava,appod,H18,18,huron,huron__bww1_Feb-16-2023-bww1-intloss_00000002,334,0.7754491017964071,0.36082239463881977,0.5493353783231084,0.3425898973433467,0.5493353783231084
llava,appod,H18,18,huron,huron__bww2_Feb-20-2023-bww2-intloss_00000000,754,0.7042440318302388,0.3198255770242839,0.2904285455970104,0.29217850930014716,0.2904285455970104
llava,appod,H18,18,huron,huron__bww2_Feb-20-2023-bww2-intloss_00000001,819,0.7252747252747253,0.3515406162464986,0.574212271973466,0.3141916090152027,0.574212271973466
llava,appod,H18,18,huron,huron__bww2_Feb-20-2023-bww2-intloss_00000002,482,0.5394190871369294,0.34790804597701147,0.5122655122655123,0.264996623073617,0.5122655122655123
llava,appod,H18,18,huron,huron__bww8_Feb-03-2023-bww8-intloss_00000000,1095,0.5351598173515981,0.3371659331493324,0.35154900415643003,0.33097424897026095,0.35154900415643003
llava,appod,H18,18,huron,huron__bww8_Feb-03-2023-bww8-intloss_00000001,1051,0.7849666983824929,0.39863564432658993,0.45030021251519625,0.4100986206436996,0.45030021251519625
llava,appod,H18,18,huron,huron__bww8_Feb-03-2023-bww8-intloss_00000002,705,0.7829787234042553,0.33715161243251135,0.35385868932603887,0.3448402948402949,0.35385868932603887
llava,appod,H18,18,huron,huron__cory1_Feb-16-2023-cory1-intloss_00000000,1486,0.9098250336473755,0.3182674199623352,0.316924519456165,0.3175945501526897,0.316924519456165
llava,appod,H18,18,huron,huron__cory1_Feb-16-2023-cory1-intloss_00000001,2154,0.9210770659238626,0.371223330892317,0.545813435211716,0.3917390275018855,0.545813435211716
llava,appod,H18,18,huron,huron__cory1_Feb-16-2023-cory1-intloss_00000002,1653,0.8160919540229885,0.3504277354797696,0.433527323206706,0.3425930983253771,0.433527323206706
llava,appod,H18,18,huron,huron__soda3_Feb-21-2023-soda3-intloss_00000000,2414,0.8595691797845899,0.33717808664426213,0.3390367730967186,0.3379552965715351,0.3390367730967186
llava,appod,H18,18,huron,huron__soda3_Feb-21-2023-soda3-intloss_00000001,1368,0.5168128654970761,0.4132192311000258,0.44465935466254036,0.3458587261638644,0.44465935466254036
llava,appod,H18,18,huron,huron__soda3_Feb-21-2023-soda3-intloss_00000002,531,0.943502824858757,0.4339869281045752,0.44695399917115625,0.4401768172888015,0.44695399917115625
llava,appod,H18,18,pal,pal__rosbag2_2025_07_11-13_23_07,2151,0.8675034867503487,0.3333333333333333,0.2891678289167829,0.3096838436644262,0.2891678289167829
llava,appod,H18,18,pal,pal__rosbag2_2025_07_11-13_37_37,3038,0.6471362738643844,0.38583152165780604,0.352779272993957,0.32672475270013207,0.352779272993957
llava,appod,H18,18,pal,pal__rosbag2_2025_07_11-13_55_25,4060,0.31970443349753697,0.2139437215873173,0.3027549159864232,0.20127284057256242,0.3027549159864232
llava,appod,H20,20,crowdbot,crowdbot__defaced_2021-04-24-11-20-18,1619,0.34403953057442865,0.2965923031249428,0.30864918236002103,0.23461573253728804,0.30864918236002103
llava,appod,H20,20,crowdbot,crowdbot__defaced_2021-04-24-11-23-43,1032,0.46027131782945735,0.33732185417578675,0.33617691331576327,0.29236466874712064,0.33617691331576327
llava,appod,H20,20,crowdbot,crowdbot__defaced_2021-04-24-11-35-54,1211,0.5862923203963666,0.3656683076332085,0.36388947135434874,0.3634413517132982,0.36388947135434874
llava,appod,H20,20,crowdbot,crowdbot__defaced_2021-04-24-11-40-33,986,0.5182555780933062,0.3090023771183192,0.33249884237281924,0.31108783183742444,0.33249884237281924
llava,appod,H20,20,crowdbot,crowdbot__defaced_2021-04-24-11-43-54,583,0.4236706689536878,0.29540716212901647,0.3244545550532247,0.2832179360369272,0.3244545550532247
llava,appod,H20,20,crowdbot,crowdbot__defaced_2021-04-24-11-48-21,1555,0.5080385852090032,0.33627057178571257,0.3411618547080478,0.3311658216158765,0.3411618547080478
llava,appod,H20,20,crowdbot,crowdbot__defaced_2021-04-24-11-55-30,1815,0.5184573002754821,0.3255844756966985,0.3304680449793659,0.32169247166873083,0.3304680449793659
llava,appod,H20,20,huron,huron__bww1_Feb-16-2023-bww1-intloss_00000000,342,0.8391812865497076,0.4174382716049383,0.45698672911787663,0.4308821393157373,0.45698672911787663
llava,appod,H20,20,huron,huron__bww1_Feb-16-2023-bww1-intloss_00000001,1674,0.7132616487455197,0.312521763353994,0.296525995627792,0.3002802491042062,0.296525995627792
llava,appod,H20,20,huron,huron__bww1_Feb-16-2023-bww1-intloss_00000002,334,0.7664670658682635,0.3643410852713178,0.5869120654396728,0.34477475473842883,0.5869120654396728
llava,appod,H20,20,huron,huron__bww2_Feb-20-2023-bww2-intloss_00000000,754,0.6962864721485411,0.3192378497790869,0.28759568440720873,0.2898992481301581,0.28759568440720873
llava,appod,H20,20,huron,huron__bww2_Feb-20-2023-bww2-intloss_00000001,819,0.7155067155067155,0.34732944698282653,0.5204426585023599,0.3063348052230789,0.5204426585023599
llava,appod,H20,20,huron,huron__bww2_Feb-20-2023-bww2-intloss_00000002,482,0.558091286307054,0.3484887834663619,0.4917027417027417,0.2697632327047737,0.4917027417027417
llava,appod,H20,20,huron,huron__bww8_Feb-03-2023-bww8-intloss_00000000,1095,0.5260273972602739,0.33613482147665463,0.3506466416353775,0.32779390176940576,0.3506466416353775
llava,appod,H20,20,huron,huron__bww8_Feb-03-2023-bww8-intloss_00000001,1051,0.7716460513796385,0.39502881210175983,0.4502074111194632,0.4049237372182894,0.4502074111194632
llava,appod,H20,20,huron,huron__bww8_Feb-03-2023-bww8-intloss_00000002,705,0.8,0.3547155776533688,0.37290187405424285,0.36340507973004627,0.37290187405424285
llava,appod,H20,20,huron,huron__cory1_Feb-16-2023-cory1-intloss_00000000,1486,0.9064602960969045,0.3182140326009922,0.31575246132208157,0.3169784680550653,0.31575246132208157
llava,appod,H20,20,huron,huron__cory1_Feb-16-2023-cory1-intloss_00000001,2154,0.9196843082636954,0.3707200596291062,0.5453358802929004,0.3912489515401114,0.5453358802929004
llava,appod,H20,20,huron,huron__cory1_Feb-16-2023-cory1-intloss_00000002,1653,0.8052026618269812,0.3480635384997801,0.42288012671632097,0.33655542004969957,0.42288012671632097
llava,appod,H20,20,huron,huron__soda3_Feb-21-2023-soda3-intloss_00000000,2414,0.855840927920464,0.337075128355105,0.33923239945038314,0.3381162505675522,0.33923239945038314
llava,appod,H20,20,huron,huron__soda3_Feb-21-2023-soda3-intloss_00000001,1368,0.5116959064327485,0.41509446169772257,0.4447200351947087,0.34307888593602875,0.4447200351947087
llava,appod,H20,20,huron,huron__soda3_Feb-21-2023-soda3-intloss_00000002,531,0.9397363465160076,0.4242839210316102,0.44564166321315096,0.4339457567804024,0.44564166321315096
llava,appod,H20,20,pal,pal__rosbag2_2025_07_11-13_23_07,2151,0.8572756857275686,0.3333333333333333,0.2857585619091895,0.30771798080934504,0.2857585619091895
llava,appod,H20,20,pal,pal__rosbag2_2025_07_11-13_37_37,3038,0.6474654377880185,0.38716835662910504,0.35508647205999194,0.33212000070946107,0.35508647205999194
llava,appod,H20,20,pal,pal__rosbag2_2025_07_11-13_55_25,4060,0.3216748768472906,0.21721803932157854,0.30394232657297543,0.20549125251986944,0.30394232657297543
llava,appod,H22,22,crowdbot,crowdbot__defaced_2021-04-24-11-20-18,1619,0.4305126621371217,0.2856022937352661,0.2889609594026796,0.2713317005799221,0.2889609594026796
llava,appod,H22,22,crowdbot,crowdbot__defaced_2021-04-24-11-23-43,1032,0.4738372093023256,0.32597814271673403,0.3260766816166536,0.3157725339692779,0.3260766816166536
llava,appod,H22,22,crowdbot,crowdbot__defaced_2021-04-24-11-35-54,1211,0.5532617671345995,0.3716528767646978,0.3747262412338948,0.3657789234905188,0.3747262412338948
llava,appod,H22,22,crowdbot,crowdbot__defaced_2021-04-24-11-40-33,986,0.4746450304259635,0.3037519978253413,0.32661076743186657,0.3147001843565158,0.32661076743186657
llava,appod,H22,22,crowdbot,crowdbot__defaced_2021-04-24-11-43-54,583,0.4699828473413379,0.3135803340944221,0.3452308962286789,0.32792634051962405,0.3452308962286789
llava,appod,H22,22,crowdbot,crowdbot__defaced_2021-04-24-11-48-21,1555,0.47845659163987136,0.319890715486643,0.3258792344377079,0.3215875845627463,0.3258792344377079
llava,appod,H22,22,crowdbot,crowdbot__defaced_2021-04-24-11-55-30,1815,0.46611570247933887,0.3103582270795386,0.31353065038919253,0.3105914455260976,0.31353065038919253
llava,appod,H22,22,huron,huron__bww1_Feb-16-2023-bww1-intloss_00000000,342,0.8245614035087719,0.4046783625730994,0.44309133489461355,0.41650700073691976,0.44309133489461355
llava,appod,H22,22,huron,huron__bww1_Feb-16-2023-bww1-intloss_00000001,1674,0.7132616487455197,0.312521763353994,0.296525995627792,0.3002802491042062,0.296525995627792
llava,appod,H22,22,huron,huron__bww1_Feb-16-2023-bww1-intloss_00000002,334,0.7544910179640718,0.36296296296296293,0.5828220858895706,0.3398018856665473,0.5828220858895706
llava,appod,H22,22,huron,huron__bww2_Feb-20-2023-bww2-intloss_00000000,754,0.6830238726790451,0.31828877005347594,0.28287424909087255,0.2861061063601221,0.28287424909087255
llava,appod,H22,22,huron,huron__bww2_Feb-20-2023-bww2-intloss_00000001,819,0.7008547008547008,0.3447971781305115,0.49024110218140066,0.29940960323686056,0.49024110218140066
llava,appod,H22,22,huron,huron__bww2_Feb-20-2023-bww2-intloss_00000002,482,0.5518672199170125,0.34563030638612036,0.4624819624819625,0.26528562460765853,0.4624819624819625
llava,appod,H22,22,huron,huron__bww8_Feb-03-2023-bww8-intloss_00000000,1095,0.5031963470319635,0.322224238391903,0.3320431403451846,0.3119612639194987,0.3320431403451846
llava,appod,H22,22,huron,huron__bww8_Feb-03-2023-bww8-intloss_00000001,1051,0.7716460513796385,0.39905098715167364,0.46015572074204,0.40926056946999356,0.46015572074204
llava,appod,H22,22,huron,huron__bww8_Feb-03-2023-bww8-intloss_00000002,705,0.7886524822695036,0.3461321711688019,0.36435028906219685,0.35465495469242186,0.36435028906219685
llava,appod,H22,22,huron,huron__cory1_Feb-16-2023-cory1-intloss_00000000,1486,0.905114401076716,0.3181925715637568,0.3152836380684482,0.3167314258801366,0.3152836380684482
llava,appod,H22,22,huron,huron__cory1_Feb-16-2023-cory1-intloss_00000001,2154,0.9136490250696379,0.37110058223133674,0.5651703279210443,0.39203484705418457,0.5651703279210443
llava,appod,H22,22,huron,huron__cory1_Feb-16-2023-cory1-intloss_00000002,1653,0.7991530550514216,0.34956611388759184,0.43455511359085935,0.3373537102593496,0.43455511359085935
llava,appod,H22,22,huron,huron__soda3_Feb-21-2023-soda3-intloss_00000000,2414,0.8570836785418393,0.33931427053926577,0.34124455623093225,0.3402200420574572,0.34124455623093225
llava,appod,H22,22,huron,huron__soda3_Feb-21-2023-soda3-intloss_00000001,1368,0.5102339181286549,0.4170280841570717,0.4456302431772327,0.342397673188004,0.4456302431772327
llava,appod,H22,22,huron,huron__soda3_Feb-21-2023-soda3-intloss_00000002,531,0.9378531073446328,0.4200361604207758,0.4449854952341483,0.43102302669263376,0.4449854952341483
llava,appod,H22,22,pal,pal__rosbag2_2025_07_11-13_23_07,2151,0.8512319851231985,0.3333333333333333,0.2837439950410662,0.3065461242256822,0.2837439950410662
llava,appod,H22,22,pal,pal__rosbag2_2025_07_11-13_37_37,3038,0.6481237656352864,0.38839941262848754,0.35571010785668666,0.333085532176993,0.35571010785668666
llava,appod,H22,22,pal,pal__rosbag2_2025_07_11-13_55_25,4060,0.31970443349753697,0.21230298011336082,0.30195012482818595,0.2049663956357668,0.30195012482818595
llava,appod,H24,24,crowdbot,crowdbot__defaced_2021-04-24-11-20-18,1619,0.36009882643607166,0.2909766454352442,0.3003034168630588,0.24417891372438572,0.3003034168630588
llava,appod,H24,24,crowdbot,crowdbot__defaced_2021-04-24-11-23-43,1032,0.4689922480620155,0.3386809955767836,0.33761283130147085,0.3039426964677873,0.33761283130147085
llava,appod,H24,24,crowdbot,crowdbot__defaced_2021-04-24-11-35-54,1211,0.5813377374071016,0.3650832527011772,0.36440495328627015,0.3642837952097607,0.36440495328627015
llava,appod,H24,24,crowdbot,crowdbot__defaced_2021-04-24-11-40-33,986,0.48884381338742394,0.295008325008325,0.31922360693310414,0.30326822858853114,0.31922360693310414
llava,appod,H24,24,crowdbot,crowdbot__defaced_2021-04-24-11-43-54,583,0.4339622641509434,0.29697008547008547,0.3266718499534464,0.3002624843791781,0.3266718499534464
llava,appod,H24,24,crowdbot,crowdbot__defaced_2021-04-24-11-48-21,1555,0.48488745980707393,0.3208347597854616,0.32703399000395034,0.32209832972453817,0.32703399000395034
llava,appod,H24,24,crowdbot,crowdbot__defaced_2021-04-24-11-55-30,1815,0.4815426997245179,0.30248971193415636,0.30861546833226866,0.3023674633657026,0.30861546833226866
llava,appod,H24,24,huron,huron__bww1_Feb-16-2023-bww1-intloss_00000000,342,0.8245614035087719,0.40101362052581563,0.4346604215456675,0.41178678678678676,0.4346604215456675
llava,appod,H24,24,huron,huron__bww1_Feb-16-2023-bww1-intloss_00000001,1674,0.7150537634408602,0.3104397713448842,0.29366663498400025,0.29840806645254014,0.29366663498400025
llava,appod,H24,24,huron,huron__bww1_Feb-16-2023-bww1-intloss_00000002,334,0.7514970059880239,0.3626373626373626,0.5817995910020449,0.3385820714467463,0.5817995910020449
llava,appod,H24,24,huron,huron__bww2_Feb-20-2023-bww2-intloss_00000000,754,0.6962864721485411,0.3149371656090581,0.2743555743073554,0.2847425717354951,0.2743555743073554
llava,appod,H24,24,huron,huron__bww2_Feb-20-2023-bww2-intloss_00000001,819,0.6984126984126984,0.3446867814089611,0.4894119147850491,0.29864787350362815,0.4894119147850491
llava,appod,H24,24,huron,huron__bww2_Feb-20-2023-bww2-intloss_00000002,482,0.5622406639004149,0.34601917923965947,0.4660894660894661,0.26886002886002885,0.4660894660894661
llava,appod,H24,24,huron,huron__bww8_Feb-03-2023-bww8-intloss_00000000,1095,0.4849315068493151,0.3163199133562422,0.32451675705743294,0.30286340269480494,0.32451675705743294
llava,appod,H24,24,huron,huron__bww8_Feb-03-2023-bww8-intloss_00000001,1051,0.7773549000951475,0.4013636272080891,0.462327273402192,0.41256569517439085,0.462327273402192
llava,appod,H24,24,huron,huron__bww8_Feb-03-2023-bww8-intloss_00000002,705,0.7943262411347518,0.3580143585165347,0.37898576029177816,0.367723416514002,0.37898576029177816
llava,appod,H24,24,huron,huron__cory1_Feb-16-2023-cory1-intloss_00000000,1486,0.9044414535666218,0.3181818181818182,0.3150492264416315,0.3166077738515901,0.3150492264416315
llava,appod,H24,24,huron,huron__cory1_Feb-16-2023-cory1-intloss_00000001,2154,0.9164345403899722,0.37416299718472534,0.5770773638968482,0.3972238357296414,0.5770773638968482
llava,appod,H24,24,huron,huron__cory1_Feb-16-2023-cory1-intloss_00000002,1653,0.7967332123411979,0.34873455380740864,0.4337186434946653,0.33643200742314355,0.4337186434946653
llava,appod,H24,24,huron,huron__soda3_Feb-21-2023-soda3-intloss_00000000,2414,0.8537696768848384,0.3346283533779914,0.3369174875986865,0.3357466885488072,0.3369174875986865
llava,appod,H24,24,huron,huron__soda3_Feb-21-2023-soda3-intloss_00000001,1368,0.5051169590643275,0.4151769894081978,0.4425658763027352,0.3391540589882484,0.4425658763027352
llava,appod,H24,24,huron,huron__soda3_Feb-21-2023-soda3-intloss_00000002,531,0.9378531073446328,0.4200361604207758,0.4449854952341483,0.43102302669263376,0.4449854952341483
llava,appod,H24,24,pal,pal__rosbag2_2025_07_11-13_23_07,2151,0.8544862854486286,0.3333333333333333,0.28482876181620953,0.3071780730341773,0.28482876181620953
llava,appod,H24,24,pal,pal__rosbag2_2025_07_11-13_37_37,3038,0.6514154048716261,0.394342500613196,0.35854323238763347,0.33721229760548105,0.35854323238763347
llava,appod,H24,24,pal,pal__rosbag2_2025_07_11-13_55_25,4060,0.32068965517241377,0.21286671427257628,0.30286151084181884,0.2056855032218967,0.30286151084181884
llava,appod,H26,26,crowdbot,crowdbot__defaced_2021-04-24-11-20-18,1619,0.342804200123533,0.2945910298851475,0.30806541119831643,0.2337628130555983,0.30806541119831643
llava,appod,H26,26,crowdbot,crowdbot__defaced_2021-04-24-11-23-43,1032,0.47771317829457366,0.3586213399064448,0.35021243366264404,0.30142109764485525,0.35021243366264404
llava,appod,H26,26,crowdbot,crowdbot__defaced_2021-04-24-11-35-54,1211,0.5978530140379852,0.3695143006429042,0.3646088161971995,0.36263189032953863,0.3646088161971995
llava,appod,H26,26,crowdbot,crowdbot__defaced_2021-04-24-11-40-33,986,0.5172413793103449,0.3024935689984234,0.32788499015600486,0.3024954228218017,0.32788499015600486
llava,appod,H26,26,crowdbot,crowdbot__defaced_2021-04-24-11-43-54,583,0.4339622641509434,0.3050314465408805,0.330991255603229,0.2932484053560287,0.330991255603229
llava,appod,H26,26,crowdbot,crowdbot__defaced_2021-04-24-11-48-21,1555,0.47138263665594854,0.3098780671896533,0.316534702780688,0.3072244960777439,0.316534702780688
llava,appod,H26,26,crowdbot,crowdbot__defaced_2021-04-24-11-55-30,1815,0.5129476584022039,0.32010092884956315,0.32551652927478036,0.3150697202900464,0.32551652927478036
llava,appod,H26,26,huron,huron__bww1_Feb-16-2023-bww1-intloss_00000000,342,0.827485380116959,0.40277777777777785,0.43575331772053083,0.4136524117197517,0.43575331772053083
llava,appod,H26,26,huron,huron__bww1_Feb-16-2023-bww1-intloss_00000001,1674,0.7162485065710872,0.3127495075991416,0.2976348889522542,0.3011452525078708,0.2976348889522542
llava,appod,H26,26,huron,huron__bww1_Feb-16-2023-bww1-intloss_00000002,334,0.7365269461077845,0.3611111111111111,0.5766871165644172,0.3326059283506092,0.5766871165644172
llava,appod,H26,26,huron,huron__bww2_Feb-20-2023-bww2-intloss_00000000,754,0.6962864721485411,0.310509112019789,0.26111546420750203,0.2794011629082138,0.26111546420750203
llava,appod,H26,26,huron,huron__bww2_Feb-20-2023-bww2-intloss_00000001,819,0.6947496947496947,0.3391083553111498,0.41248883786197216,0.2907574285125305,0.41248883786197216
llava,appod,H26,26,huron,huron__bww2_Feb-20-2023-bww2-intloss_00000002,482,0.5663900414937759,0.34762765267352425,0.4945887445887445,0.27247175310416416,0.4945887445887445
llava,appod,H26,26,huron,huron__bww8_Feb-03-2023-bww8-intloss_00000000,1095,0.4639269406392694,0.3019999598804437,0.3051128725721967,0.2874076037341344,0.3051128725721967
llava,appod,H26,26,huron,huron__bww8_Feb-03-2023-bww8-intloss_00000001,1051,0.7735490009514748,0.39582569368047915,0.45093126200618056,0.4058511663774822,0.45093126200618056
llava,appod,H26,26,huron,huron__bww8_Feb-03-2023-bww8-intloss_00000002,705,0.8070921985815603,0.36985236985236986,0.388088309471152,0.37869708591185103,0.388088309471152
llava,appod,H26,26,huron,huron__cory1_Feb-16-2023-cory1-intloss_00000000,1486,0.9057873485868102,0.3182033096926714,0.31551804969526487,0.3168549905838041,0.31551804969526487
llava,appod,H26,26,huron,huron__cory1_Feb-16-2023-cory1-intloss_00000001,2154,0.9196843082636954,0.37596868028954833,0.578191658707418,0.40025164639902955,0.578191658707418
llava,appod,H26,26,huron,huron__cory1_Feb-16-2023-cory1-intloss_00000002,1653,0.7961282516636419,0.3475388463298829,0.42662644491310503,0.334653470798957,0.42662644491310503
llava,appod,H26,26,huron,huron__soda3_Feb-21-2023-soda3-intloss_00000000,2414,0.855840927920464,0.32684860555013867,0.32988425440741515,0.3282626627785394,0.32988425440741515
llava,appod,H26,26,huron,huron__soda3_Feb-21-2023-soda3-intloss_00000001,1368,0.5021929824561403,0.41211273137919185,0.4389174593061181,0.33705826276294654,0.4389174593061181
llava,appod,H26,26,huron,huron__soda3_Feb-21-2023-soda3-intloss_00000002,531,0.9378531073446328,0.4200361604207758,0.4449854952341483,0.43102302669263376,0.4449854952341483
llava,appod,H26,26,pal,pal__rosbag2_2025_07_11-13_23_07,2151,0.8572756857275686,0.3333333333333333,0.2857585619091895,0.30771798080934504,0.2857585619091895
llava,appod,H26,26,pal,pal__rosbag2_2025_07_11-13_37_37,3038,0.6524028966425279,0.39609646918938424,0.360333849440256,0.3406119502009913,0.360333849440256
llava,appod,H26,26,pal,pal__rosbag2_2025_07_11-13_55_25,4060,0.3187192118226601,0.21138377726488264,0.30086930909702936,0.20499605793892092,0.30086930909702936
llava,appod,H28,28,crowdbot,crowdbot__defaced_2021-04-24-11-20-18,1619,0.3150092649783817,0.3043870438704387,0.32626898157156964,0.20996702444070867,0.32626898157156964
llava,appod,H28,28,crowdbot,crowdbot__defaced_2021-04-24-11-23-43,1032,0.4748062015503876,0.37343825498722993,0.3542273528248283,0.28871518768379173,0.3542273528248283
llava,appod,H28,28,crowdbot,crowdbot__defaced_2021-04-24-11-35-54,1211,0.5995045417010735,0.35994942448552497,0.35136646396868665,0.340168019960845,0.35136646396868665
llava,appod,H28,28,crowdbot,crowdbot__defaced_2021-04-24-11-40-33,986,0.5283975659229209,0.29397612874594165,0.3250700406085621,0.28411013734517215,0.3250700406085621
llava,appod,H28,28,crowdbot,crowdbot__defaced_2021-04-24-11-43-54,583,0.43567753001715265,0.3148836644189296,0.33625613115635294,0.28380742836188383,0.33625613115635294
llava,appod,H28,28,crowdbot,crowdbot__defaced_2021-04-24-11-48-21,1555,0.5048231511254019,0.3336012942801863,0.33720122059438135,0.31705323757657283,0.33720122059438135
llava,appod,H28,28,crowdbot,crowdbot__defaced_2021-04-24-11-55-30,1815,0.531129476584022,0.32229989697028233,0.32888626385325936,0.3028759615287459,0.32888626385325936
llava,appod,H28,28,huron,huron__bww1_Feb-16-2023-bww1-intloss_00000000,342,0.8450292397660819,0.418310502283105,0.45074160811865727,0.4303478175189674,0.45074160811865727
llava,appod,H28,28,huron,huron__bww1_Feb-16-2023-bww1-intloss_00000001,1674,0.7305854241338112,0.3180902152474059,0.3082446218673764,0.309248603119006,0.3082446218673764
llava,appod,H28,28,huron,huron__bww1_Feb-16-2023-bww1-intloss_00000002,334,0.7425149700598802,0.36170212765957444,0.5787321063394683,0.3349730940668376,0.5787321063394683
llava,appod,H28,28,huron,huron__bww2_Feb-20-2023-bww2-intloss_00000000,754,0.7148541114058355,0.31143610644929276,0.2677254736503727,0.28403859061988906,0.2677254736503727
llava,appod,H28,28,huron,huron__bww2_Feb-20-2023-bww2-intloss_00000001,819,0.7142857142857143,0.3417214029898357,0.44434876897563463,0.2988706108706109,0.44434876897563463
llava,appod,H28,28,huron,huron__bww2_Feb-20-2023-bww2-intloss_00000002,482,0.6078838174273858,0.3468436325579183,0.481962481962482,0.2842794460441519,0.481962481962482
llava,appod,H28,28,huron,huron__bww8_Feb-03-2023-bww8-intloss_00000000,1095,0.4547945205479452,0.2944779459172451,0.2952193328079853,0.27993997103131657,0.2952193328079853
llava,appod,H28,28,huron,huron__bww8_Feb-03-2023-bww8-intloss_00000001,1051,0.7830637488106565,0.39882786986531094,0.4520634390341231,0.4103523614470322,0.4520634390341231
llava,appod,H28,28,huron,huron__bww8_Feb-03-2023-bww8-intloss_00000002,705,0.8127659574468085,0.3661629158283816,0.37786055174019323,0.3717397134095865,0.37786055174019323
llava,appod,H28,28,huron,huron__cory1_Feb-16-2023-cory1-intloss_00000000,1486,0.9071332436069987,0.3182247403210576,0.31598687294889827,0.3171018583862621,0.31598687294889827
llava,appod,H28,28,huron,huron__cory1_Feb-16-2023-cory1-intloss_00000001,2154,0.9285051067780873,0.3778975382568197,0.5593123209169054,0.40326446505070224,0.5593123209169054
llava,appod,H28,28,huron,huron__cory1_Feb-16-2023-cory1-intloss_00000002,1653,0.7931034482758621,0.3449223020189021,0.4118146951778389,0.3303994823334066,0.4118146951778389
llava,appod,H28,28,huron,huron__soda3_Feb-21-2023-soda3-intloss_00000000,2414,0.8637116818558409,0.32565739132000393,0.32964437923565987,0.3272328280984404,0.32964437923565987
llava,appod,H28,28,huron,huron__soda3_Feb-21-2023-soda3-intloss_00000001,1368,0.5058479532163743,0.40967001719189394,0.43742320120147454,0.3388714429517857,0.43742320120147454
llava,appod,H28,28,huron,huron__soda3_Feb-21-2023-soda3-intloss_00000002,531,0.9378531073446328,0.4200361604207758,0.4449854952341483,0.43102302669263376,0.4449854952341483
llava,appod,H28,28,pal,pal__rosbag2_2025_07_11-13_23_07,2151,0.8582054858205486,0.3333333333333333,0.2860684952735162,0.30789758985906096,0.2860684952735162
llava,appod,H28,28,pal,pal__rosbag2_2025_07_11-13_37_37,3038,0.6550362080315998,0.40059060909338173,0.36211575649571787,0.34275911645669505,0.36211575649571787
llava,appod,H28,28,pal,pal__rosbag2_2025_07_11-13_55_25,4060,0.31822660098522165,0.2106212376008384,0.30035007994614155,0.2049334749224531,0.30035007994614155
llava,appod,H30,30,crowdbot,crowdbot__defaced_2021-04-24-11-20-18,1619,0.32365657813465104,0.3017172567583691,0.32610610221040265,0.21761267495452055,0.32610610221040265
llava,appod,H30,30,crowdbot,crowdbot__defaced_2021-04-24-11-23-43,1032,0.47771317829457366,0.37274474852329526,0.3550570514104876,0.293093762267087,0.3550570514104876
llava,appod,H30,30,crowdbot,crowdbot__defaced_2021-04-24-11-35-54,1211,0.6218001651527663,0.3830468486686889,0.3653368980219473,0.35483914667642047,0.3653368980219473
llava,appod,H30,30,crowdbot,crowdbot__defaced_2021-04-24-11-40-33,986,0.5273833671399595,0.29484794690811694,0.32514332923583283,0.2855873982634546,0.32514332923583283
llava,appod,H30,30,crowdbot,crowdbot__defaced_2021-04-24-11-43-54,583,0.4065180102915952,0.28412170485341215,0.3132720937598987,0.2663686530034979,0.3132720937598987
llava,appod,H30,30,crowdbot,crowdbot__defaced_2021-04-24-11-48-21,1555,0.5086816720257235,0.3365576081549146,0.3405824731349009,0.3254862730837353,0.3405824731349009
llava,appod,H30,30,crowdbot,crowdbot__defaced_2021-04-24-11-55-30,1815,0.5366391184573003,0.32995549058960466,0.3336265374202772,0.31037127064393116,0.3336265374202772
llava,appod,H30,30,huron,huron__bww1_Feb-16-2023-bww1-intloss_00000000,342,0.8625730994152047,0.4390589569160998,0.4741608118657299,0.4528699103593003,0.4741608118657299
llava,appod,H30,30,huron,huron__bww1_Feb-16-2023-bww1-intloss_00000001,1674,0.7240143369175627,0.31160192465314457,0.29699331495738684,0.30109835007238445,0.29699331495738684
llava,appod,H30,30,huron,huron__bww1_Feb-16-2023-bww1-intloss_00000002,334,0.7395209580838323,0.36140350877192984,0.5777096114519428,0.3337858349800957,0.5777096114519428
llava,appod,H30,30,huron,huron__bww2_Feb-20-2023-bww2-intloss_00000000,754,0.7175066312997348,0.311569970453935,0.2686697607136399,0.2846973648173949,0.2686697607136399
llava,appod,H30,30,huron,huron__bww2_Feb-20-2023-bww2-intloss_00000001,819,0.7252747252747253,0.3441130877685097,0.4733065442020666,0.304662643021102,0.4733065442020666
llava,appod,H30,30,huron,huron__bww2_Feb-20-2023-bww2-intloss_00000002,482,0.6224066390041494,0.3393948254960372,0.4058441558441559,0.2806114312027584,0.4058441558441559
llava,appod,H30,30,huron,huron__bww8_Feb-03-2023-bww8-intloss_00000000,1095,0.4410958904109589,0.2899298716502084,0.28896151053013797,0.2730118411577451,0.28896151053013797
llava,appod,H30,30,huron,huron__bww8_Feb-03-2023-bww8-intloss_00000001,1051,0.7849666983824929,0.40267011197243757,0.460248522137773,0.41497961329184957,0.460248522137773
llava,appod,H30,30,huron,huron__bww8_Feb-03-2023-bww8-intloss_00000002,705,0.8085106382978723,0.35621472945416605,0.36791991619136305,0.36175980472692276,0.36791991619136305
llava,appod,H30,30,huron,huron__cory1_Feb-16-2023-cory1-intloss_00000000,1486,0.9098250336473755,0.3182674199623352,0.316924519456165,0.3175945501526897,0.316924519456165
llava,appod,H30,30,huron,huron__cory1_Feb-16-2023-cory1-intloss_00000001,2154,0.9340761374187558,0.38195547780138167,0.5612225405921681,0.4096535099024943,0.5612225405921681
llava,appod,H30,30,huron,huron__cory1_Feb-16-2023-cory1-intloss_00000002,1653,0.7894736842105263,0.34451496951496957,0.41055999003354776,0.32907078953388963,0.41055999003354776
llava,appod,H30,30,huron,huron__soda3_Feb-21-2023-soda3-intloss_00000000,2414,0.8645401822700911,0.3259565283918404,0.3299471343068073,0.3275132795808266,0.3299471343068073
llava,appod,H30,30,huron,huron__soda3_Feb-21-2023-soda3-intloss_00000001,1368,0.5087719298245614,0.4102965307784585,0.4387278326430923,0.3406496166554569,0.4387278326430923
llava,appod,H30,30,huron,huron__soda3_Feb-21-2023-soda3-intloss_00000002,531,0.9340866290018832,0.4125158669713125,0.4436731592761431,0.4255200906731014,0.4436731592761431
llava,appod,H30,30,pal,pal__rosbag2_2025_07_11-13_23_07,2151,0.8628544862854486,0.3333333333333333,0.2876181620951495,0.30879294567839616,0.2876181620951495
llava,appod,H30,30,pal,pal__rosbag2_2025_07_11-13_37_37,3038,0.6573403554970375,0.40427499448877285,0.3647260634629397,0.34698944124225556,0.3647260634629397
llava,appod,H30,30,pal,pal__rosbag2_2025_07_11-13_55_25,4060,0.31822660098522165,0.21147137183934048,0.30043479480490337,0.20452737502132945,0.30043479480490337
llava,appod,H32,32,crowdbot,crowdbot__defaced_2021-04-24-11-20-18,1619,0.35145151327980234,0.314240790655885,0.33180471773583275,0.23907262287039246,0.33180471773583275
llava,appod,H32,32,crowdbot,crowdbot__defaced_2021-04-24-11-23-43,1032,0.48255813953488375,0.3633225954901058,0.3534207727756115,0.30496780672219265,0.3534207727756115
llava,appod,H32,32,crowdbot,crowdbot__defaced_2021-04-24-11-35-54,1211,0.6003303055326177,0.36951432825152014,0.3633419538221383,0.36023088023088023,0.3633419538221383
llava,appod,H32,32,crowdbot,crowdbot__defaced_2021-04-24-11-40-33,986,0.5192697768762677,0.29870336959889193,0.32572963825399837,0.29590047371901124,0.32572963825399837
llava,appod,H32,32,crowdbot,crowdbot__defaced_2021-04-24-11-43-54,583,0.43567753001715265,0.30657235045917103,0.3323686660715485,0.2942618578351273,0.3323686660715485
llava,appod,H32,32,crowdbot,crowdbot__defaced_2021-04-24-11-48-21,1555,0.5106109324758843,0.3382222272564803,0.34263721667840313,0.3314697617158224,0.34263721667840313
llava,appod,H32,32,crowdbot,crowdbot__defaced_2021-04-24-11-55-30,1815,0.5201101928374655,0.32284978888310484,0.32785540222192927,0.3140182697381471,0.32785540222192927
llava,appod,H32,32,huron,huron__bww1_Feb-16-2023-bww1-intloss_00000000,342,0.8567251461988304,0.4380432585405296,0.48040593286494926,0.4537745174548671,0.48040593286494926
llava,appod,H32,32,huron,huron__bww1_Feb-16-2023-bww1-intloss_00000001,1674,0.7168458781362007,0.31066772188348774,0.2943319709786776,0.2989447784323848,0.2943319709786776
llava,appod,H32,32,huron,huron__bww1_Feb-16-2023-bww1-intloss_00000002,334,0.7425149700598802,0.36170212765957444,0.5787321063394683,0.3349730940668376,0.5787321063394683
llava,appod,H32,32,huron,huron__bww2_Feb-20-2023-bww2-intloss_00000000,754,0.7175066312997348,0.311569970453935,0.2686697607136399,0.2846973648173949,0.2686697607136399
llava,appod,H32,32,huron,huron__bww2_Feb-20-2023-bww2-intloss_00000001,819,0.702075702075702,0.34304234481786794,0.46542926393672657,0.29752473230589166,0.46542926393672657
llava,appod,H32,32,huron,huron__bww2_Feb-20-2023-bww2-intloss_00000002,482,0.6161825726141079,0.34455659697188173,0.4577922077922078,0.2843448801113533,0.4577922077922078
llava,appod,H32,32,huron,huron__bww8_Feb-03-2023-bww8-intloss_00000000,1095,0.4246575342465753,0.2858004133490842,0.2830868832954774,0.2653796376771617,0.2830868832954774
llava,appod,H32,32,huron,huron__bww8_Feb-03-2023-bww8-intloss_00000001,1051,0.7773549000951475,0.39836894167261,0.4548660411852595,0.40969183033611123,0.4548660411852595
llava,appod,H32,32,huron,huron__bww8_Feb-03-2023-bww8-intloss_00000002,705,0.8042553191489362,0.35647428207520626,0.37041089512280295,0.36327948860772924,0.37041089512280295
llava,appod,H32,32,huron,huron__cory1_Feb-16-2023-cory1-intloss_00000000,1486,0.9131897711978466,0.3183204316209242,0.3180965775902485,0.3182084652362528,0.3180965775902485
llava,appod,H32,32,huron,huron__cory1_Feb-16-2023-cory1-intloss_00000001,2154,0.9294336118848654,0.3787356497157906,0.5596306908627825,0.4047352375126915,0.5596306908627825
llava,appod,H32,32,huron,huron__cory1_Feb-16-2023-cory1-intloss_00000002,1653,0.7858439201451906,0.3466892700438771,0.42307144700428023,0.3307758665147658,0.42307144700428023
llava,appod,H32,32,huron,huron__soda3_Feb-21-2023-soda3-intloss_00000000,2414,0.8603976801988401,0.32650484783194184,0.3299913831248981,0.32799296423528634,0.3299913831248981
llava,appod,H32,32,huron,huron__soda3_Feb-21-2023-soda3-intloss_00000001,1368,0.5029239766081871,0.4139064444198051,0.4408061408698554,0.3377064911767443,0.4408061408698554
llava,appod,H32,32,huron,huron__soda3_Feb-21-2023-soda3-intloss_00000002,531,0.9322033898305084,0.4091710758377425,0.44301699129714045,0.42292490118577075,0.44301699129714045
llava,appod,H32,32,pal,pal__rosbag2_2025_07_11-13_23_07,2151,0.8568107856810786,0.3333333333333333,0.2856035952270262,0.30762810882991154,0.2856035952270262
llava,appod,H32,32,pal,pal__rosbag2_2025_07_11-13_37_37,3038,0.6596445029624753,0.40752823664117743,0.3680490065614784,0.3526682783952206,0.3680490065614784
llava,appod,H32,32,pal,pal__rosbag2_2025_07_11-13_55_25,4060,0.31305418719211825,0.20647004937574978,0.29559707144660435,0.20108930715274745,0.29559707144660435
