metric,case_study,global_bag_id,approach,history,qwen,internvl,llava
accuracy,crowdbot,crowdbot__defaced_2021-04-24-11-20-18,appfr,H02,0.5750463248919085,0.7010500308832612,0.5892526250772081
accuracy,crowdbot,crowdbot__defaced_2021-04-24-11-20-18,appfr,H04,0.41630636195182213,0.705373687461396,0.38727609635577515
accuracy,crowdbot,crowdbot__defaced_2021-04-24-11-20-18,appfr,H06,0.5305744286596664,0.705373687461396,0.3248919085855466
accuracy,crowdbot,crowdbot__defaced_2021-04-24-11-20-18,appfr,H08,0.47745521927115503,0.705373687461396,0.28721432983323036
accuracy,crowdbot,crowdbot__defaced_2021-04-24-11-20-18,appfr,H10,0.58307597282273,0.705373687461396,0.30203829524397774
accuracy,crowdbot,crowdbot__defaced_2021-04-24-11-20-18,appfr,H12,0.5491043854231007,0.705373687461396,0.3563928350833848
accuracy,crowdbot,crowdbot__defaced_2021-04-24-11-20-18,appfr,H14,0.5558987029030266,0.7041383570105003,0.35145151327980234
accuracy,crowdbot,crowdbot__defaced_2021-04-24-11-20-18,appfr,H16,0.5373687461395923,0.7047560222359481,0.33662754786905497
accuracy,crowdbot,crowdbot__defaced_2021-04-24-11-20-18,appfr,H18,0.46077825818406426,0.705373687461396,0.3378628783199506
accuracy,crowdbot,crowdbot__defaced_2021-04-24-11-20-18,appfr,H20,0.45274861025324276,0.705373687461396,0.34465719579987647
accuracy,crowdbot,crowdbot__defaced_2021-04-24-11-20-18,appfr,H22,0.4996911673872761,0.705373687461396,0.3329215565163681
accuracy,crowdbot,crowdbot__defaced_2021-04-24-11-20-18,appfr,H24,0.4830142063001853,0.705373687461396,0.33106856084002473
accuracy,crowdbot,crowdbot__defaced_2021-04-24-11-20-18,appfr,H26,0.5478690549722051,0.705373687461396,0.3211859172328598
accuracy,crowdbot,crowdbot__defaced_2021-04-24-11-20-18,appfr,H28,0.5540457072266831,0.705373687461396,0.32612723903644225
accuracy,crowdbot,crowdbot__defaced_2021-04-24-11-20-18,appfr,H30,0.4990735021618283,0.705373687461396,0.33662754786905497
accuracy,crowdbot,crowdbot__defaced_2021-04-24-11-20-18,appfr,H32,0.5021618282890673,0.705373687461396,0.3403335392217418
accuracy,crowdbot,crowdbot__defaced_2021-04-24-11-20-18,appod,H02,0.40827671402100063,0.670166769610871,0.36936380481778874
accuracy,crowdbot,crowdbot__defaced_2021-04-24-11-20-18,appod,H04,0.4564546016059296,0.6991970352069179,0.34403953057442865
accuracy,crowdbot,crowdbot__defaced_2021-04-24-11-20-18,appod,H06,0.4972205064854849,0.7010500308832612,0.36936380481778874
accuracy,crowdbot,crowdbot__defaced_2021-04-24-11-20-18,appod,H08,0.49536751080914143,0.7035206917850525,0.34156886967263744
accuracy,crowdbot,crowdbot__defaced_2021-04-24-11-20-18,appod,H10,0.5163681284743669,0.7041383570105003,0.4002470660901791
accuracy,crowdbot,crowdbot__defaced_2021-04-24-11-20-18,appod,H12,0.5348980852378011,0.7096973440395306,0.3662754786905497
accuracy,crowdbot,crowdbot__defaced_2021-04-24-11-20-18,appod,H14,0.5441630636195183,0.7035206917850525,0.390982087708462
accuracy,crowdbot,crowdbot__defaced_2021-04-24-11-20-18,appod,H16,0.5071031500926498,0.7041383570105003,0.3224212476837554
accuracy,crowdbot,crowdbot__defaced_2021-04-24-11-20-18,appod,H18,0.5423100679431748,0.679431747992588,0.3996294008647313
accuracy,crowdbot,crowdbot__defaced_2021-04-24-11-20-18,appod,H20,0.5386040765904879,0.7047560222359481,0.34403953057442865
accuracy,crowdbot,crowdbot__defaced_2021-04-24-11-20-18,appod,H22,0.5843113032736257,0.7134033353922175,0.4305126621371217
accuracy,crowdbot,crowdbot__defaced_2021-04-24-11-20-18,appod,H24,0.5626930203829524,0.7263743051266214,0.36009882643607166
accuracy,crowdbot,crowdbot__defaced_2021-04-24-11-20-18,appod,H26,0.5985176034589252,0.7430512662137122,0.342804200123533
accuracy,crowdbot,crowdbot__defaced_2021-04-24-11-20-18,appod,H28,0.5997529339098209,0.7381099444101297,0.3150092649783817
accuracy,crowdbot,crowdbot__defaced_2021-04-24-11-20-18,appod,H30,0.5836936380481779,0.7381099444101297,0.32365657813465104
accuracy,crowdbot,crowdbot__defaced_2021-04-24-11-20-18,appod,H32,0.6331068560840025,0.7121680049413218,0.35145151327980234
accuracy,crowdbot,crowdbot__defaced_2021-04-24-11-23-43,appfr,H02,0.5348837209302325,0.5184108527131783,0.5193798449612403
accuracy,crowdbot,crowdbot__defaced_2021-04-24-11-23-43,appfr,H04,0.5038759689922481,0.42441860465116277,0.48546511627906974
accuracy,crowdbot,crowdbot__defaced_2021-04-24-11-23-43,appfr,H06,0.5125968992248062,0.5804263565891473,0.45155038759689925
accuracy,crowdbot,crowdbot__defaced_2021-04-24-11-23-43,appfr,H08,0.5155038759689923,0.5474806201550387,0.42441860465116277
accuracy,crowdbot,crowdbot__defaced_2021-04-24-11-23-43,appfr,H10,0.5426356589147286,0.5794573643410853,0.4273255813953488
accuracy,crowdbot,crowdbot__defaced_2021-04-24-11-23-43,appfr,H12,0.5397286821705426,0.5872093023255814,0.43507751937984496
accuracy,crowdbot,crowdbot__defaced_2021-04-24-11-23-43,appfr,H14,0.5290697674418605,0.44476744186046513,0.43410852713178294
accuracy,crowdbot,crowdbot__defaced_2021-04-24-11-23-43,appfr,H16,0.5445736434108527,0.5184108527131783,0.43410852713178294
accuracy,crowdbot,crowdbot__defaced_2021-04-24-11-23-43,appfr,H18,0.5581395348837209,0.5794573643410853,0.4312015503875969
accuracy,crowdbot,crowdbot__defaced_2021-04-24-11-23-43,appfr,H20,0.561046511627907,0.5872093023255814,0.436046511627907
accuracy,crowdbot,crowdbot__defaced_2021-04-24-11-23-43,appfr,H22,0.5503875968992248,0.5823643410852714,0.44089147286821706
accuracy,crowdbot,crowdbot__defaced_2021-04-24-11-23-43,appfr,H24,0.5503875968992248,0.5862403100775194,0.4437984496124031
accuracy,crowdbot,crowdbot__defaced_2021-04-24-11-23-43,appfr,H26,0.5397286821705426,0.5562015503875969,0.4418604651162791
accuracy,crowdbot,crowdbot__defaced_2021-04-24-11-23-43,appfr,H28,0.5532945736434108,0.5881782945736435,0.4312015503875969
accuracy,crowdbot,crowdbot__defaced_2021-04-24-11-23-43,appfr,H30,0.5484496124031008,0.5746124031007752,0.4321705426356589
accuracy,crowdbot,crowdbot__defaced_2021-04-24-11-23-43,appfr,H32,0.5503875968992248,0.5804263565891473,0.43992248062015504
accuracy,crowdbot,crowdbot__defaced_2021-04-24-11-23-43,appod,H02,0.4689922480620155,0.5736434108527132,0.4573643410852713
accuracy,crowdbot,crowdbot__defaced_2021-04-24-11-23-43,appod,H04,0.5087209302325582,0.4312015503875969,0.46124031007751937
accuracy,crowdbot,crowdbot__defaced_2021-04-24-11-23-43,appod,H06,0.4951550387596899,0.44573643410852715,0.4476744186046512
accuracy,crowdbot,crowdbot__defaced_2021-04-24-11-23-43,appod,H08,0.4883720930232558,0.41569767441860467,0.437015503875969
accuracy,crowdbot,crowdbot__defaced_2021-04-24-11-23-43,appod,H10,0.5203488372093024,0.47771317829457366,0.45542635658914726
accuracy,crowdbot,crowdbot__defaced_2021-04-24-11-23-43,appod,H12,0.5232558139534884,0.4748062015503876,0.45445736434108525
accuracy,crowdbot,crowdbot__defaced_2021-04-24-11-23-43,appod,H14,0.5193798449612403,0.47674418604651164,0.4331395348837209
accuracy,crowdbot,crowdbot__defaced_2021-04-24-11-23-43,appod,H16,0.500968992248062,0.45930232558139533,0.44573643410852715
accuracy,crowdbot,crowdbot__defaced_2021-04-24-11-23-43,appod,H18,0.5125968992248062,0.4680232558139535,0.46027131782945735
accuracy,crowdbot,crowdbot__defaced_2021-04-24-11-23-43,appod,H20,0.49224806201550386,0.47674418604651164,0.46027131782945735
accuracy,crowdbot,crowdbot__defaced_2021-04-24-11-23-43,appod,H22,0.5329457364341085,0.4738372093023256,0.4738372093023256
accuracy,crowdbot,crowdbot__defaced_2021-04-24-11-23-43,appod,H24,0.5310077519379846,0.47189922480620156,0.4689922480620155
accuracy,crowdbot,crowdbot__defaced_2021-04-24-11-23-43,appod,H26,0.5271317829457365,0.49612403100775193,0.47771317829457366
accuracy,crowdbot,crowdbot__defaced_2021-04-24-11-23-43,appod,H28,0.5310077519379846,0.4874031007751938,0.4748062015503876
accuracy,crowdbot,crowdbot__defaced_2021-04-24-11-23-43,appod,H30,0.5213178294573644,0.5048449612403101,0.47771317829457366
accuracy,crowdbot,crowdbot__defaced_2021-04-24-11-23-43,appod,H32,0.5436046511627907,0.5067829457364341,0.48255813953488375
accuracy,crowdbot,crowdbot__defaced_2021-04-24-11-35-54,appfr,H02,0.6052848885218828,0.3905862923203964,0.47811725846407926
accuracy,crowdbot,crowdbot__defaced_2021-04-24-11-35-54,appfr,H04,0.6242774566473989,0.3872832369942196,0.550784475639967
accuracy,crowdbot,crowdbot__defaced_2021-04-24-11-35-54,appfr,H06,0.5772089182493807,0.41288191577208916,0.5499587118084228
accuracy,crowdbot,crowdbot__defaced_2021-04-24-11-35-54,appfr,H08,0.5664739884393064,0.38398018166804293,0.573905862923204
accuracy,crowdbot,crowdbot__defaced_2021-04-24-11-35-54,appfr,H10,0.578860445912469,0.37654830718414534,0.5664739884393064
accuracy,crowdbot,crowdbot__defaced_2021-04-24-11-35-54,appfr,H12,0.5755573905862923,0.37654830718414534,0.5317919075144508
accuracy,crowdbot,crowdbot__defaced_2021-04-24-11-35-54,appfr,H14,0.5301403798513625,0.4087530966143683,0.5227085053674649
accuracy,crowdbot,crowdbot__defaced_2021-04-24-11-35-54,appfr,H16,0.5177539223781998,0.40957886044591246,0.5425268373245252
accuracy,crowdbot,crowdbot__defaced_2021-04-24-11-35-54,appfr,H18,0.5962014863748968,0.37654830718414534,0.5516102394715111
accuracy,crowdbot,crowdbot__defaced_2021-04-24-11-35-54,appfr,H20,0.5986787778695293,0.37654830718414534,0.5433526011560693
accuracy,crowdbot,crowdbot__defaced_2021-04-24-11-35-54,appfr,H22,0.6036333608587944,0.3831544178364988,0.5466556564822461
accuracy,crowdbot,crowdbot__defaced_2021-04-24-11-35-54,appfr,H24,0.5854665565648225,0.38810900082576383,0.5615194054500413
accuracy,crowdbot,crowdbot__defaced_2021-04-24-11-35-54,appfr,H26,0.6151940545004129,0.37654830718414534,0.5631709331131296
accuracy,crowdbot,crowdbot__defaced_2021-04-24-11-35-54,appfr,H28,0.6143682906688687,0.37654830718414534,0.5656482246077622
accuracy,crowdbot,crowdbot__defaced_2021-04-24-11-35-54,appfr,H30,0.6440957886044592,0.37654830718414534,0.5681255161023947
accuracy,crowdbot,crowdbot__defaced_2021-04-24-11-35-54,appfr,H32,0.6399669694467383,0.37654830718414534,0.5672997522708505
accuracy,crowdbot,crowdbot__defaced_2021-04-24-11-35-54,appod,H02,0.5028901734104047,0.39801816680429397,0.48224607762180016
accuracy,crowdbot,crowdbot__defaced_2021-04-24-11-35-54,appod,H04,0.5210569777043765,0.38893476465730803,0.5276630883567299
accuracy,crowdbot,crowdbot__defaced_2021-04-24-11-35-54,appod,H06,0.5359207266721717,0.3864574731626755,0.49793559042113955
accuracy,crowdbot,crowdbot__defaced_2021-04-24-11-35-54,appod,H08,0.5119735755573905,0.39719240297274977,0.5136251032204789
accuracy,crowdbot,crowdbot__defaced_2021-04-24-11-35-54,appod,H10,0.5103220478943022,0.4269199009083402,0.4962840627580512
accuracy,crowdbot,crowdbot__defaced_2021-04-24-11-35-54,appod,H12,0.4838976052848885,0.4508670520231214,0.48637489677952106
accuracy,crowdbot,crowdbot__defaced_2021-04-24-11-35-54,appod,H14,0.4929810074318745,0.40132122213047067,0.518579686209744
accuracy,crowdbot,crowdbot__defaced_2021-04-24-11-35-54,appod,H16,0.48637489677952106,0.39801816680429397,0.5772089182493807
accuracy,crowdbot,crowdbot__defaced_2021-04-24-11-35-54,appod,H18,0.4772914946325351,0.4384805945499587,0.5433526011560693
accuracy,crowdbot,crowdbot__defaced_2021-04-24-11-35-54,appod,H20,0.4649050371593724,0.4046242774566474,0.5862923203963666
accuracy,crowdbot,crowdbot__defaced_2021-04-24-11-35-54,appod,H22,0.4731626754748142,0.47894302229562347,0.5532617671345995
accuracy,crowdbot,crowdbot__defaced_2021-04-24-11-35-54,appod,H24,0.48967795210569776,0.4558216350123865,0.5813377374071016
accuracy,crowdbot,crowdbot__defaced_2021-04-24-11-35-54,appod,H26,0.4962840627580512,0.4649050371593724,0.5978530140379852
accuracy,crowdbot,crowdbot__defaced_2021-04-24-11-35-54,appod,H28,0.49380677126341865,0.45664739884393063,0.5995045417010735
accuracy,crowdbot,crowdbot__defaced_2021-04-24-11-35-54,appod,H30,0.5317919075144508,0.46160198183319573,0.6218001651527663
accuracy,crowdbot,crowdbot__defaced_2021-04-24-11-35-54,appod,H32,0.4921552436003303,0.4161849710982659,0.6003303055326177
accuracy,crowdbot,crowdbot__defaced_2021-04-24-11-40-33,appfr,H02,0.3995943204868154,0.3630831643002028,0.43103448275862066
accuracy,crowdbot,crowdbot__defaced_2021-04-24-11-40-33,appfr,H04,0.46247464503042596,0.3630831643002028,0.5223123732251521
accuracy,crowdbot,crowdbot__defaced_2021-04-24-11-40-33,appfr,H06,0.5050709939148073,0.37018255578093306,0.5567951318458418
accuracy,crowdbot,crowdbot__defaced_2021-04-24-11-40-33,appfr,H08,0.5212981744421906,0.3661257606490872,0.5831643002028397
accuracy,crowdbot,crowdbot__defaced_2021-04-24-11-40-33,appfr,H10,0.5344827586206896,0.3630831643002028,0.579107505070994
accuracy,crowdbot,crowdbot__defaced_2021-04-24-11-40-33,appfr,H12,0.5294117647058824,0.3630831643002028,0.550709939148073
accuracy,crowdbot,crowdbot__defaced_2021-04-24-11-40-33,appfr,H14,0.5111561866125761,0.43204868154158216,0.5456389452332657
accuracy,crowdbot,crowdbot__defaced_2021-04-24-11-40-33,appfr,H16,0.5182555780933062,0.3813387423935091,0.5415821501014199
accuracy,crowdbot,crowdbot__defaced_2021-04-24-11-40-33,appfr,H18,0.5567951318458418,0.3630831643002028,0.5618661257606491
accuracy,crowdbot,crowdbot__defaced_2021-04-24-11-40-33,appfr,H20,0.563894523326572,0.3630831643002028,0.5598377281947262
accuracy,crowdbot,crowdbot__defaced_2021-04-24-11-40-33,appfr,H22,0.565922920892495,0.3630831643002028,0.552738336713996
accuracy,crowdbot,crowdbot__defaced_2021-04-24-11-40-33,appfr,H24,0.5689655172413793,0.3630831643002028,0.577079107505071
accuracy,crowdbot,crowdbot__defaced_2021-04-24-11-40-33,appfr,H26,0.5669371196754563,0.3630831643002028,0.5821501014198783
accuracy,crowdbot,crowdbot__defaced_2021-04-24-11-40-33,appfr,H28,0.5578093306288032,0.3630831643002028,0.5831643002028397
accuracy,crowdbot,crowdbot__defaced_2021-04-24-11-40-33,appfr,H30,0.5425963488843814,0.3630831643002028,0.5811359026369168
accuracy,crowdbot,crowdbot__defaced_2021-04-24-11-40-33,appfr,H32,0.5304259634888439,0.3630831643002028,0.59026369168357
accuracy,crowdbot,crowdbot__defaced_2021-04-24-11-40-33,appod,H02,0.4695740365111562,0.37322515212981744,0.5172413793103449
accuracy,crowdbot,crowdbot__defaced_2021-04-24-11-40-33,appod,H04,0.4239350912778905,0.36511156186612576,0.4847870182555781
accuracy,crowdbot,crowdbot__defaced_2021-04-24-11-40-33,appod,H06,0.48782961460446245,0.3630831643002028,0.48782961460446245
accuracy,crowdbot,crowdbot__defaced_2021-04-24-11-40-33,appod,H08,0.4685598377281947,0.3630831643002028,0.5354969574036511
accuracy,crowdbot,crowdbot__defaced_2021-04-24-11-40-33,appod,H10,0.4827586206896552,0.39655172413793105,0.49290060851926976
accuracy,crowdbot,crowdbot__defaced_2021-04-24-11-40-33,appod,H12,0.4746450304259635,0.3945233265720081,0.486815415821501
accuracy,crowdbot,crowdbot__defaced_2021-04-24-11-40-33,appod,H14,0.49594320486815413,0.36511156186612576,0.46247464503042596
accuracy,crowdbot,crowdbot__defaced_2021-04-24-11-40-33,appod,H16,0.4766734279918864,0.3620689655172414,0.5040567951318459
accuracy,crowdbot,crowdbot__defaced_2021-04-24-11-40-33,appod,H18,0.4776876267748479,0.3843813387423935,0.4482758620689655
accuracy,crowdbot,crowdbot__defaced_2021-04-24-11-40-33,appod,H20,0.4462474645030426,0.3772819472616633,0.5182555780933062
accuracy,crowdbot,crowdbot__defaced_2021-04-24-11-40-33,appod,H22,0.4290060851926978,0.41379310344827586,0.4746450304259635
accuracy,crowdbot,crowdbot__defaced_2021-04-24-11-40-33,appod,H24,0.4695740365111562,0.40365111561866124,0.48884381338742394
accuracy,crowdbot,crowdbot__defaced_2021-04-24-11-40-33,appod,H26,0.4827586206896552,0.3945233265720081,0.5172413793103449
accuracy,crowdbot,crowdbot__defaced_2021-04-24-11-40-33,appod,H28,0.47565922920892495,0.3843813387423935,0.5283975659229209
accuracy,crowdbot,crowdbot__defaced_2021-04-24-11-40-33,appod,H30,0.49594320486815413,0.41379310344827586,0.5273833671399595
accuracy,crowdbot,crowdbot__defaced_2021-04-24-11-40-33,appod,H32,0.4847870182555781,0.37322515212981744,0.5192697768762677
accuracy,crowdbot,crowdbot__defaced_2021-04-24-11-43-54,appfr,H02,0.4751286449399657,0.4922813036020583,0.48713550600343053
accuracy,crowdbot,crowdbot__defaced_2021-04-24-11-43-54,appfr,H04,0.48198970840480276,0.4922813036020583,0.38421955403087477
accuracy,crowdbot,crowdbot__defaced_2021-04-24-11-43-54,appfr,H06,0.4528301886792453,0.4922813036020583,0.3567753001715266
accuracy,crowdbot,crowdbot__defaced_2021-04-24-11-43-54,appfr,H08,0.3979416809605489,0.4922813036020583,0.3670668953687822
accuracy,crowdbot,crowdbot__defaced_2021-04-24-11-43-54,appfr,H10,0.41337907375643224,0.4922813036020583,0.36192109777015435
accuracy,crowdbot,crowdbot__defaced_2021-04-24-11-43-54,appfr,H12,0.38078902229845624,0.4922813036020583,0.40480274442538594
accuracy,crowdbot,crowdbot__defaced_2021-04-24-11-43-54,appfr,H14,0.4631217838765009,0.4922813036020583,0.3979416809605489
accuracy,crowdbot,crowdbot__defaced_2021-04-24-11-43-54,appfr,H16,0.4648370497427101,0.49056603773584906,0.39451114922813035
accuracy,crowdbot,crowdbot__defaced_2021-04-24-11-43-54,appfr,H18,0.45969125214408235,0.4922813036020583,0.4099485420240137
accuracy,crowdbot,crowdbot__defaced_2021-04-24-11-43-54,appfr,H20,0.4631217838765009,0.4922813036020583,0.41680960548885077
accuracy,crowdbot,crowdbot__defaced_2021-04-24-11-43-54,appfr,H22,0.39451114922813035,0.4922813036020583,0.40308747855917665
accuracy,crowdbot,crowdbot__defaced_2021-04-24-11-43-54,appfr,H24,0.42538593481989706,0.4922813036020583,0.3979416809605489
accuracy,crowdbot,crowdbot__defaced_2021-04-24-11-43-54,appfr,H26,0.36363636363636365,0.4922813036020583,0.37735849056603776
accuracy,crowdbot,crowdbot__defaced_2021-04-24-11-43-54,appfr,H28,0.346483704974271,0.4922813036020583,0.37564322469982847
accuracy,crowdbot,crowdbot__defaced_2021-04-24-11-43-54,appfr,H30,0.3602058319039451,0.4922813036020583,0.379073756432247
accuracy,crowdbot,crowdbot__defaced_2021-04-24-11-43-54,appfr,H32,0.3670668953687822,0.4922813036020583,0.3876500857632933
accuracy,crowdbot,crowdbot__defaced_2021-04-24-11-43-54,appod,H02,0.4099485420240137,0.48713550600343053,0.4236706689536878
accuracy,crowdbot,crowdbot__defaced_2021-04-24-11-43-54,appod,H04,0.4339622641509434,0.4939965694682676,0.37221269296740994
accuracy,crowdbot,crowdbot__defaced_2021-04-24-11-43-54,appod,H06,0.4391080617495712,0.4922813036020583,0.4236706689536878
accuracy,crowdbot,crowdbot__defaced_2021-04-24-11-43-54,appod,H08,0.4288164665523156,0.4922813036020583,0.411663807890223
accuracy,crowdbot,crowdbot__defaced_2021-04-24-11-43-54,appod,H10,0.44768439108061747,0.5128644939965694,0.41680960548885077
accuracy,crowdbot,crowdbot__defaced_2021-04-24-11-43-54,appod,H12,0.4322469982847341,0.5077186963979416,0.43567753001715265
accuracy,crowdbot,crowdbot__defaced_2021-04-24-11-43-54,appod,H14,0.45969125214408235,0.4957118353344768,0.41337907375643224
accuracy,crowdbot,crowdbot__defaced_2021-04-24-11-43-54,appod,H16,0.4288164665523156,0.4922813036020583,0.4099485420240137
accuracy,crowdbot,crowdbot__defaced_2021-04-24-11-43-54,appod,H18,0.43739279588336194,0.5077186963979416,0.4528301886792453
accuracy,crowdbot,crowdbot__defaced_2021-04-24-11-43-54,appod,H20,0.41337907375643224,0.4957118353344768,0.4236706689536878
accuracy,crowdbot,crowdbot__defaced_2021-04-24-11-43-54,appod,H22,0.4236706689536878,0.5128644939965694,0.4699828473413379
accuracy,crowdbot,crowdbot__defaced_2021-04-24-11-43-54,appod,H24,0.451114922813036,0.516295025728988,0.4339622641509434
accuracy,crowdbot,crowdbot__defaced_2021-04-24-11-43-54,appod,H26,0.45969125214408235,0.5128644939965694,0.4339622641509434
accuracy,crowdbot,crowdbot__defaced_2021-04-24-11-43-54,appod,H28,0.451114922813036,0.5077186963979416,0.43567753001715265
accuracy,crowdbot,crowdbot__defaced_2021-04-24-11-43-54,appod,H30,0.4425385934819897,0.5368782161234992,0.4065180102915952
accuracy,crowdbot,crowdbot__defaced_2021-04-24-11-43-54,appod,H32,0.4425385934819897,0.4974271012006861,0.43567753001715265
accuracy,crowdbot,crowdbot__defaced_2021-04-24-11-48-21,appfr,H02,0.5755627009646302,0.46688102893890676,0.5376205787781351
accuracy,crowdbot,crowdbot__defaced_2021-04-24-11-48-21,appfr,H04,0.5736334405144694,0.4810289389067524,0.580064308681672
accuracy,crowdbot,crowdbot__defaced_2021-04-24-11-48-21,appfr,H06,0.5742765273311897,0.4797427652733119,0.5954983922829582
accuracy,crowdbot,crowdbot__defaced_2021-04-24-11-48-21,appfr,H08,0.5871382636655949,0.4758842443729904,0.5903536977491961
accuracy,crowdbot,crowdbot__defaced_2021-04-24-11-48-21,appfr,H10,0.5794212218649518,0.4739549839228296,0.5967845659163987
accuracy,crowdbot,crowdbot__defaced_2021-04-24-11-48-21,appfr,H12,0.5813504823151125,0.4739549839228296,0.5787781350482315
accuracy,crowdbot,crowdbot__defaced_2021-04-24-11-48-21,appfr,H14,0.5929260450160772,0.4733118971061093,0.5762057877813505
accuracy,crowdbot,crowdbot__defaced_2021-04-24-11-48-21,appfr,H16,0.5852090032154341,0.47138263665594854,0.580064308681672
accuracy,crowdbot,crowdbot__defaced_2021-04-24-11-48-21,appfr,H18,0.6218649517684888,0.4739549839228296,0.5691318327974276
accuracy,crowdbot,crowdbot__defaced_2021-04-24-11-48-21,appfr,H20,0.6231511254019293,0.4739549839228296,0.5678456591639871
accuracy,crowdbot,crowdbot__defaced_2021-04-24-11-48-21,appfr,H22,0.6237942122186495,0.4739549839228296,0.5614147909967846
accuracy,crowdbot,crowdbot__defaced_2021-04-24-11-48-21,appfr,H24,0.6192926045016077,0.4739549839228296,0.5588424437299035
accuracy,crowdbot,crowdbot__defaced_2021-04-24-11-48-21,appfr,H26,0.6360128617363344,0.4739549839228296,0.5459807073954984
accuracy,crowdbot,crowdbot__defaced_2021-04-24-11-48-21,appfr,H28,0.6482315112540193,0.4739549839228296,0.5485530546623795
accuracy,crowdbot,crowdbot__defaced_2021-04-24-11-48-21,appfr,H30,0.6347266881028939,0.4739549839228296,0.547266881028939
accuracy,crowdbot,crowdbot__defaced_2021-04-24-11-48-21,appfr,H32,0.6321543408360129,0.4739549839228296,0.5466237942122186
accuracy,crowdbot,crowdbot__defaced_2021-04-24-11-48-21,appod,H02,0.5401929260450161,0.5305466237942122,0.5292604501607717
accuracy,crowdbot,crowdbot__defaced_2021-04-24-11-48-21,appod,H04,0.5376205787781351,0.4617363344051447,0.5466237942122186
accuracy,crowdbot,crowdbot__defaced_2021-04-24-11-48-21,appod,H06,0.5633440514469453,0.4572347266881029,0.5363344051446945
accuracy,crowdbot,crowdbot__defaced_2021-04-24-11-48-21,appod,H08,0.5401929260450161,0.46559485530546624,0.5434083601286174
accuracy,crowdbot,crowdbot__defaced_2021-04-24-11-48-21,appod,H10,0.5543408360128618,0.5157556270096463,0.5176848874598071
accuracy,crowdbot,crowdbot__defaced_2021-04-24-11-48-21,appod,H12,0.5511254019292604,0.5311897106109325,0.5279742765273312
accuracy,crowdbot,crowdbot__defaced_2021-04-24-11-48-21,appod,H14,0.5755627009646302,0.4630225080385852,0.5041800643086817
accuracy,crowdbot,crowdbot__defaced_2021-04-24-11-48-21,appod,H16,0.5627009646302251,0.46881028938906755,0.5196141479099678
accuracy,crowdbot,crowdbot__defaced_2021-04-24-11-48-21,appod,H18,0.5717041800643087,0.5003215434083601,0.48617363344051445
accuracy,crowdbot,crowdbot__defaced_2021-04-24-11-48-21,appod,H20,0.5459807073954984,0.5022508038585209,0.5080385852090032
accuracy,crowdbot,crowdbot__defaced_2021-04-24-11-48-21,appod,H22,0.5710610932475885,0.5607717041800643,0.47845659163987136
accuracy,crowdbot,crowdbot__defaced_2021-04-24-11-48-21,appod,H24,0.5781350482315113,0.5633440514469453,0.48488745980707393
accuracy,crowdbot,crowdbot__defaced_2021-04-24-11-48-21,appod,H26,0.5942122186495177,0.5234726688102894,0.47138263665594854
accuracy,crowdbot,crowdbot__defaced_2021-04-24-11-48-21,appod,H28,0.5942122186495177,0.5163987138263666,0.5048231511254019
accuracy,crowdbot,crowdbot__defaced_2021-04-24-11-48-21,appod,H30,0.6263665594855305,0.5942122186495177,0.5086816720257235
accuracy,crowdbot,crowdbot__defaced_2021-04-24-11-48-21,appod,H32,0.6090032154340836,0.5106109324758843,0.5106109324758843
accuracy,crowdbot,crowdbot__defaced_2021-04-24-11-55-30,appfr,H02,0.4027548209366391,0.409366391184573,0.4209366391184573
accuracy,crowdbot,crowdbot__defaced_2021-04-24-11-55-30,appfr,H04,0.4132231404958678,0.40055096418732783,0.45289256198347105
accuracy,crowdbot,crowdbot__defaced_2021-04-24-11-55-30,appfr,H06,0.4049586776859504,0.4044077134986226,0.4826446280991736
accuracy,crowdbot,crowdbot__defaced_2021-04-24-11-55-30,appfr,H08,0.4440771349862259,0.4044077134986226,0.509090909090909
accuracy,crowdbot,crowdbot__defaced_2021-04-24-11-55-30,appfr,H10,0.41046831955922863,0.42534435261707987,0.5162534435261708
accuracy,crowdbot,crowdbot__defaced_2021-04-24-11-55-30,appfr,H12,0.42644628099173554,0.42534435261707987,0.4765840220385675
accuracy,crowdbot,crowdbot__defaced_2021-04-24-11-55-30,appfr,H14,0.43305785123966944,0.4214876033057851,0.48044077134986224
accuracy,crowdbot,crowdbot__defaced_2021-04-24-11-55-30,appfr,H16,0.4369146005509642,0.4231404958677686,0.509641873278237
accuracy,crowdbot,crowdbot__defaced_2021-04-24-11-55-30,appfr,H18,0.4743801652892562,0.42534435261707987,0.512396694214876
accuracy,crowdbot,crowdbot__defaced_2021-04-24-11-55-30,appfr,H20,0.47052341597796143,0.42534435261707987,0.5107438016528926
accuracy,crowdbot,crowdbot__defaced_2021-04-24-11-55-30,appfr,H22,0.49366391184573005,0.42203856749311297,0.5041322314049587
accuracy,crowdbot,crowdbot__defaced_2021-04-24-11-55-30,appfr,H24,0.49421487603305786,0.42479338842975206,0.5146005509641873
accuracy,crowdbot,crowdbot__defaced_2021-04-24-11-55-30,appfr,H26,0.4721763085399449,0.42534435261707987,0.5201101928374655
accuracy,crowdbot,crowdbot__defaced_2021-04-24-11-55-30,appfr,H28,0.4743801652892562,0.42534435261707987,0.5267217630853994
accuracy,crowdbot,crowdbot__defaced_2021-04-24-11-55-30,appfr,H30,0.4920110192837466,0.42534435261707987,0.5410468319559228
accuracy,crowdbot,crowdbot__defaced_2021-04-24-11-55-30,appfr,H32,0.503030303030303,0.42534435261707987,0.5382920110192837
accuracy,crowdbot,crowdbot__defaced_2021-04-24-11-55-30,appod,H02,0.4914600550964187,0.40881542699724516,0.47988980716253443
accuracy,crowdbot,crowdbot__defaced_2021-04-24-11-55-30,appod,H04,0.44573002754820934,0.42644628099173554,0.4584022038567493
accuracy,crowdbot,crowdbot__defaced_2021-04-24-11-55-30,appod,H06,0.46611570247933887,0.4209366391184573,0.44077134986225897
accuracy,crowdbot,crowdbot__defaced_2021-04-24-11-55-30,appod,H08,0.47878787878787876,0.42534435261707987,0.46170798898071624
accuracy,crowdbot,crowdbot__defaced_2021-04-24-11-55-30,appod,H10,0.4743801652892562,0.4418732782369146,0.4666666666666667
accuracy,crowdbot,crowdbot__defaced_2021-04-24-11-55-30,appod,H12,0.45289256198347105,0.428099173553719,0.46115702479338844
accuracy,crowdbot,crowdbot__defaced_2021-04-24-11-55-30,appod,H14,0.4556473829201102,0.42424242424242425,0.45234159779614325
accuracy,crowdbot,crowdbot__defaced_2021-04-24-11-55-30,appod,H16,0.45068870523415977,0.4209366391184573,0.49421487603305786
accuracy,crowdbot,crowdbot__defaced_2021-04-24-11-55-30,appod,H18,0.43526170798898073,0.4319559228650138,0.47713498622589534
accuracy,crowdbot,crowdbot__defaced_2021-04-24-11-55-30,appod,H20,0.41597796143250687,0.4286501377410468,0.5184573002754821
accuracy,crowdbot,crowdbot__defaced_2021-04-24-11-55-30,appod,H22,0.44352617079889806,0.45454545454545453,0.46611570247933887
accuracy,crowdbot,crowdbot__defaced_2021-04-24-11-55-30,appod,H24,0.46831955922865015,0.4633608815426997,0.4815426997245179
accuracy,crowdbot,crowdbot__defaced_2021-04-24-11-55-30,appod,H26,0.4809917355371901,0.4573002754820937,0.5129476584022039
accuracy,crowdbot,crowdbot__defaced_2021-04-24-11-55-30,appod,H28,0.4738292011019284,0.45013774104683196,0.531129476584022
accuracy,crowdbot,crowdbot__defaced_2021-04-24-11-55-30,appod,H30,0.4953168044077135,0.47603305785123967,0.5366391184573003
accuracy,crowdbot,crowdbot__defaced_2021-04-24-11-55-30,appod,H32,0.4826446280991736,0.4369146005509642,0.5201101928374655
accuracy,huron,huron__bww1_Feb-16-2023-bww1-intloss_00000000,appfr,H02,0.9035087719298246,0.9152046783625731,0.8128654970760234
accuracy,huron,huron__bww1_Feb-16-2023-bww1-intloss_00000000,appfr,H04,0.8947368421052632,0.9239766081871345,0.868421052631579
accuracy,huron,huron__bww1_Feb-16-2023-bww1-intloss_00000000,appfr,H06,0.8918128654970761,0.7777777777777778,0.8538011695906432
accuracy,huron,huron__bww1_Feb-16-2023-bww1-intloss_00000000,appfr,H08,0.8830409356725146,0.8304093567251462,0.847953216374269
accuracy,huron,huron__bww1_Feb-16-2023-bww1-intloss_00000000,appfr,H10,0.8771929824561403,0.7309941520467836,0.847953216374269
accuracy,huron,huron__bww1_Feb-16-2023-bww1-intloss_00000000,appfr,H12,0.8859649122807017,0.783625730994152,0.8216374269005848
accuracy,huron,huron__bww1_Feb-16-2023-bww1-intloss_00000000,appfr,H14,0.8830409356725146,0.8976608187134503,0.8187134502923976
accuracy,huron,huron__bww1_Feb-16-2023-bww1-intloss_00000000,appfr,H16,0.8801169590643275,0.8976608187134503,0.8391812865497076
accuracy,huron,huron__bww1_Feb-16-2023-bww1-intloss_00000000,appfr,H18,0.8888888888888888,0.7923976608187134,0.8362573099415205
accuracy,huron,huron__bww1_Feb-16-2023-bww1-intloss_00000000,appfr,H20,0.8859649122807017,0.8391812865497076,0.8333333333333334
accuracy,huron,huron__bww1_Feb-16-2023-bww1-intloss_00000000,appfr,H22,0.8918128654970761,0.8304093567251462,0.8362573099415205
accuracy,huron,huron__bww1_Feb-16-2023-bww1-intloss_00000000,appfr,H24,0.8918128654970761,0.8245614035087719,0.8362573099415205
accuracy,huron,huron__bww1_Feb-16-2023-bww1-intloss_00000000,appfr,H26,0.8918128654970761,0.7660818713450293,0.8508771929824561
accuracy,huron,huron__bww1_Feb-16-2023-bww1-intloss_00000000,appfr,H28,0.8918128654970761,0.7953216374269005,0.868421052631579
accuracy,huron,huron__bww1_Feb-16-2023-bww1-intloss_00000000,appfr,H30,0.8918128654970761,0.7982456140350878,0.8801169590643275
accuracy,huron,huron__bww1_Feb-16-2023-bww1-intloss_00000000,appfr,H32,0.8918128654970761,0.8011695906432749,0.8801169590643275
accuracy,huron,huron__bww1_Feb-16-2023-bww1-intloss_00000000,appod,H02,0.8888888888888888,0.8713450292397661,0.8391812865497076
accuracy,huron,huron__bww1_Feb-16-2023-bww1-intloss_00000000,appod,H04,0.9181286549707602,0.8362573099415205,0.8801169590643275
accuracy,huron,huron__bww1_Feb-16-2023-bww1-intloss_00000000,appod,H06,0.9035087719298246,0.7953216374269005,0.868421052631579
accuracy,huron,huron__bww1_Feb-16-2023-bww1-intloss_00000000,appod,H08,0.8918128654970761,0.7514619883040936,0.8508771929824561
accuracy,huron,huron__bww1_Feb-16-2023-bww1-intloss_00000000,appod,H10,0.8801169590643275,0.7865497076023392,0.8508771929824561
accuracy,huron,huron__bww1_Feb-16-2023-bww1-intloss_00000000,appod,H12,0.8830409356725146,0.7807017543859649,0.8333333333333334
accuracy,huron,huron__bww1_Feb-16-2023-bww1-intloss_00000000,appod,H14,0.8830409356725146,0.9064327485380117,0.8304093567251462
accuracy,huron,huron__bww1_Feb-16-2023-bww1-intloss_00000000,appod,H16,0.8859649122807017,0.8888888888888888,0.8508771929824561
accuracy,huron,huron__bww1_Feb-16-2023-bww1-intloss_00000000,appod,H18,0.8888888888888888,0.8216374269005848,0.8421052631578947
accuracy,huron,huron__bww1_Feb-16-2023-bww1-intloss_00000000,appod,H20,0.9005847953216374,0.8157894736842105,0.8391812865497076
accuracy,huron,huron__bww1_Feb-16-2023-bww1-intloss_00000000,appod,H22,0.8976608187134503,0.8538011695906432,0.8245614035087719
accuracy,huron,huron__bww1_Feb-16-2023-bww1-intloss_00000000,appod,H24,0.8976608187134503,0.8654970760233918,0.8245614035087719
accuracy,huron,huron__bww1_Feb-16-2023-bww1-intloss_00000000,appod,H26,0.8947368421052632,0.6900584795321637,0.827485380116959
accuracy,huron,huron__bww1_Feb-16-2023-bww1-intloss_00000000,appod,H28,0.8976608187134503,0.6988304093567251,0.8450292397660819
accuracy,huron,huron__bww1_Feb-16-2023-bww1-intloss_00000000,appod,H30,0.8918128654970761,0.7076023391812866,0.8625730994152047
accuracy,huron,huron__bww1_Feb-16-2023-bww1-intloss_00000000,appod,H32,0.8918128654970761,0.7017543859649122,0.8567251461988304
accuracy,huron,huron__bww1_Feb-16-2023-bww1-intloss_00000001,appfr,H02,0.9032258064516129,0.8978494623655914,0.7210274790919953
accuracy,huron,huron__bww1_Feb-16-2023-bww1-intloss_00000001,appfr,H04,0.9020310633213859,0.8876941457586619,0.7706093189964157
accuracy,huron,huron__bww1_Feb-16-2023-bww1-intloss_00000001,appfr,H06,0.8984468339307049,0.7365591397849462,0.7795698924731183
accuracy,huron,huron__bww1_Feb-16-2023-bww1-intloss_00000001,appfr,H08,0.8984468339307049,0.7598566308243727,0.7771804062126643
accuracy,huron,huron__bww1_Feb-16-2023-bww1-intloss_00000001,appfr,H10,0.9056152927120669,0.6541218637992832,0.7646356033452808
accuracy,huron,huron__bww1_Feb-16-2023-bww1-intloss_00000001,appfr,H12,0.9115890083632019,0.7144563918757467,0.7335722819593787
accuracy,huron,huron__bww1_Feb-16-2023-bww1-intloss_00000001,appfr,H14,0.9008363201911589,0.8655913978494624,0.7377538829151732
accuracy,huron,huron__bww1_Feb-16-2023-bww1-intloss_00000001,appfr,H16,0.9038231780167264,0.8667861409796893,0.7610513739545998
accuracy,huron,huron__bww1_Feb-16-2023-bww1-intloss_00000001,appfr,H18,0.9050179211469535,0.6995221027479092,0.7628434886499402
accuracy,huron,huron__bww1_Feb-16-2023-bww1-intloss_00000001,appfr,H20,0.9109916367980884,0.7305854241338112,0.7520908004778972
accuracy,huron,huron__bww1_Feb-16-2023-bww1-intloss_00000001,appfr,H22,0.9044205495818399,0.7562724014336918,0.7514934289127837
accuracy,huron,huron__bww1_Feb-16-2023-bww1-intloss_00000001,appfr,H24,0.9050179211469535,0.7688172043010753,0.7514934289127837
accuracy,huron,huron__bww1_Feb-16-2023-bww1-intloss_00000001,appfr,H26,0.899641577060932,0.6589008363201911,0.7562724014336918
accuracy,huron,huron__bww1_Feb-16-2023-bww1-intloss_00000001,appfr,H28,0.8990442054958184,0.6875746714456392,0.7664277180406213
accuracy,huron,huron__bww1_Feb-16-2023-bww1-intloss_00000001,appfr,H30,0.8978494623655914,0.7371565113500598,0.7753882915173238
accuracy,huron,huron__bww1_Feb-16-2023-bww1-intloss_00000001,appfr,H32,0.8978494623655914,0.7574671445639187,0.7825567502986858
accuracy,huron,huron__bww1_Feb-16-2023-bww1-intloss_00000001,appod,H02,0.8984468339307049,0.7622461170848268,0.7359617682198327
accuracy,huron,huron__bww1_Feb-16-2023-bww1-intloss_00000001,appod,H04,0.9086021505376344,0.7759856630824373,0.7670250896057348
accuracy,huron,huron__bww1_Feb-16-2023-bww1-intloss_00000001,appod,H06,0.9074074074074074,0.6965352449223416,0.7682198327359617
accuracy,huron,huron__bww1_Feb-16-2023-bww1-intloss_00000001,appod,H08,0.9068100358422939,0.6899641577060932,0.7610513739545998
accuracy,huron,huron__bww1_Feb-16-2023-bww1-intloss_00000001,appod,H10,0.9127837514934289,0.7246117084826762,0.7431302270011948
accuracy,huron,huron__bww1_Feb-16-2023-bww1-intloss_00000001,appod,H12,0.9163679808841099,0.7060931899641577,0.7186379928315412
accuracy,huron,huron__bww1_Feb-16-2023-bww1-intloss_00000001,appod,H14,0.9169653524492234,0.8548387096774194,0.7162485065710872
accuracy,huron,huron__bww1_Feb-16-2023-bww1-intloss_00000001,appod,H16,0.9175627240143369,0.8249701314217444,0.7317801672640383
accuracy,huron,huron__bww1_Feb-16-2023-bww1-intloss_00000001,appod,H18,0.9121863799283154,0.7240143369175627,0.7168458781362007
accuracy,huron,huron__bww1_Feb-16-2023-bww1-intloss_00000001,appod,H20,0.9223416965352449,0.7281959378733572,0.7132616487455197
accuracy,huron,huron__bww1_Feb-16-2023-bww1-intloss_00000001,appod,H22,0.9145758661887694,0.7873357228195937,0.7132616487455197
accuracy,huron,huron__bww1_Feb-16-2023-bww1-intloss_00000001,appod,H24,0.9157706093189965,0.7658303464755077,0.7150537634408602
accuracy,huron,huron__bww1_Feb-16-2023-bww1-intloss_00000001,appod,H26,0.910394265232975,0.5692951015531661,0.7162485065710872
accuracy,huron,huron__bww1_Feb-16-2023-bww1-intloss_00000001,appod,H28,0.9074074074074074,0.5471923536439666,0.7305854241338112
accuracy,huron,huron__bww1_Feb-16-2023-bww1-intloss_00000001,appod,H30,0.910394265232975,0.6182795698924731,0.7240143369175627
accuracy,huron,huron__bww1_Feb-16-2023-bww1-intloss_00000001,appod,H32,0.9044205495818399,0.6117084826762246,0.7168458781362007
accuracy,huron,huron__bww1_Feb-16-2023-bww1-intloss_00000002,appfr,H02,0.9730538922155688,0.937125748502994,0.7005988023952096
accuracy,huron,huron__bww1_Feb-16-2023-bww1-intloss_00000002,appfr,H04,0.9610778443113772,0.907185628742515,0.7574850299401198
accuracy,huron,huron__bww1_Feb-16-2023-bww1-intloss_00000002,appfr,H06,0.9580838323353293,0.7335329341317365,0.7634730538922155
accuracy,huron,huron__bww1_Feb-16-2023-bww1-intloss_00000002,appfr,H08,0.9550898203592815,0.7544910179640718,0.7844311377245509
accuracy,huron,huron__bww1_Feb-16-2023-bww1-intloss_00000002,appfr,H10,0.9491017964071856,0.655688622754491,0.7904191616766467
accuracy,huron,huron__bww1_Feb-16-2023-bww1-intloss_00000002,appfr,H12,0.9550898203592815,0.6976047904191617,0.7634730538922155
accuracy,huron,huron__bww1_Feb-16-2023-bww1-intloss_00000002,appfr,H14,0.9580838323353293,0.8652694610778443,0.7724550898203593
accuracy,huron,huron__bww1_Feb-16-2023-bww1-intloss_00000002,appfr,H16,0.9580838323353293,0.8502994011976048,0.7904191616766467
accuracy,huron,huron__bww1_Feb-16-2023-bww1-intloss_00000002,appfr,H18,0.9550898203592815,0.6407185628742516,0.7964071856287425
accuracy,huron,huron__bww1_Feb-16-2023-bww1-intloss_00000002,appfr,H20,0.9580838323353293,0.6976047904191617,0.7964071856287425
accuracy,huron,huron__bww1_Feb-16-2023-bww1-intloss_00000002,appfr,H22,0.9580838323353293,0.6616766467065869,0.781437125748503
accuracy,huron,huron__bww1_Feb-16-2023-bww1-intloss_00000002,appfr,H24,0.9580838323353293,0.6766467065868264,0.7874251497005988
accuracy,huron,huron__bww1_Feb-16-2023-bww1-intloss_00000002,appfr,H26,0.9580838323353293,0.6407185628742516,0.7664670658682635
accuracy,huron,huron__bww1_Feb-16-2023-bww1-intloss_00000002,appfr,H28,0.9580838323353293,0.6676646706586826,0.781437125748503
accuracy,huron,huron__bww1_Feb-16-2023-bww1-intloss_00000002,appfr,H30,0.9580838323353293,0.6856287425149701,0.7754491017964071
accuracy,huron,huron__bww1_Feb-16-2023-bww1-intloss_00000002,appfr,H32,0.9580838323353293,0.7005988023952096,0.7874251497005988
accuracy,huron,huron__bww1_Feb-16-2023-bww1-intloss_00000002,appod,H02,0.9520958083832335,0.8502994011976048,0.7275449101796407
accuracy,huron,huron__bww1_Feb-16-2023-bww1-intloss_00000002,appod,H04,0.9401197604790419,0.8323353293413174,0.7514970059880239
accuracy,huron,huron__bww1_Feb-16-2023-bww1-intloss_00000002,appod,H06,0.9341317365269461,0.7275449101796407,0.7395209580838323
accuracy,huron,huron__bww1_Feb-16-2023-bww1-intloss_00000002,appod,H08,0.937125748502994,0.7005988023952096,0.7634730538922155
accuracy,huron,huron__bww1_Feb-16-2023-bww1-intloss_00000002,appod,H10,0.9281437125748503,0.7155688622754491,0.7694610778443114
accuracy,huron,huron__bww1_Feb-16-2023-bww1-intloss_00000002,appod,H12,0.9311377245508982,0.7125748502994012,0.7634730538922155
accuracy,huron,huron__bww1_Feb-16-2023-bww1-intloss_00000002,appod,H14,0.9341317365269461,0.8353293413173652,0.7784431137724551
accuracy,huron,huron__bww1_Feb-16-2023-bww1-intloss_00000002,appod,H16,0.937125748502994,0.7904191616766467,0.7874251497005988
accuracy,huron,huron__bww1_Feb-16-2023-bww1-intloss_00000002,appod,H18,0.9401197604790419,0.7275449101796407,0.7754491017964071
accuracy,huron,huron__bww1_Feb-16-2023-bww1-intloss_00000002,appod,H20,0.9401197604790419,0.718562874251497,0.7664670658682635
accuracy,huron,huron__bww1_Feb-16-2023-bww1-intloss_00000002,appod,H22,0.9461077844311377,0.7365269461077845,0.7544910179640718
accuracy,huron,huron__bww1_Feb-16-2023-bww1-intloss_00000002,appod,H24,0.9491017964071856,0.718562874251497,0.7514970059880239
accuracy,huron,huron__bww1_Feb-16-2023-bww1-intloss_00000002,appod,H26,0.9520958083832335,0.5508982035928144,0.7365269461077845
accuracy,huron,huron__bww1_Feb-16-2023-bww1-intloss_00000002,appod,H28,0.9491017964071856,0.5538922155688623,0.7425149700598802
accuracy,huron,huron__bww1_Feb-16-2023-bww1-intloss_00000002,appod,H30,0.9491017964071856,0.6017964071856288,0.7395209580838323
accuracy,huron,huron__bww1_Feb-16-2023-bww1-intloss_00000002,appod,H32,0.9550898203592815,0.6017964071856288,0.7425149700598802
accuracy,huron,huron__bww2_Feb-20-2023-bww2-intloss_00000000,appfr,H02,0.903183023872679,0.8222811671087533,0.5411140583554377
accuracy,huron,huron__bww2_Feb-20-2023-bww2-intloss_00000000,appfr,H04,0.9230769230769231,0.7877984084880637,0.7480106100795756
accuracy,huron,huron__bww2_Feb-20-2023-bww2-intloss_00000000,appfr,H06,0.9297082228116711,0.44562334217506633,0.7891246684350133
accuracy,huron,huron__bww2_Feb-20-2023-bww2-intloss_00000000,appfr,H08,0.9336870026525199,0.46419098143236076,0.7904509283819628
accuracy,huron,huron__bww2_Feb-20-2023-bww2-intloss_00000000,appfr,H10,0.9283819628647215,0.3859416445623342,0.7599469496021221
accuracy,huron,huron__bww2_Feb-20-2023-bww2-intloss_00000000,appfr,H12,0.9190981432360743,0.4230769230769231,0.7320954907161804
accuracy,huron,huron__bww2_Feb-20-2023-bww2-intloss_00000000,appfr,H14,0.9350132625994695,0.7241379310344828,0.726790450928382
accuracy,huron,huron__bww2_Feb-20-2023-bww2-intloss_00000000,appfr,H16,0.9336870026525199,0.7068965517241379,0.7824933687002652
accuracy,huron,huron__bww2_Feb-20-2023-bww2-intloss_00000000,appfr,H18,0.9350132625994695,0.4509283819628647,0.7917771883289124
accuracy,huron,huron__bww2_Feb-20-2023-bww2-intloss_00000000,appfr,H20,0.9350132625994695,0.473474801061008,0.7891246684350133
accuracy,huron,huron__bww2_Feb-20-2023-bww2-intloss_00000000,appfr,H22,0.9350132625994695,0.4323607427055703,0.7970822281167109
accuracy,huron,huron__bww2_Feb-20-2023-bww2-intloss_00000000,appfr,H24,0.9363395225464191,0.4389920424403183,0.8156498673740054
accuracy,huron,huron__bww2_Feb-20-2023-bww2-intloss_00000000,appfr,H26,0.9363395225464191,0.40848806366047746,0.8381962864721485
accuracy,huron,huron__bww2_Feb-20-2023-bww2-intloss_00000000,appfr,H28,0.9363395225464191,0.40583554376657827,0.8607427055702918
accuracy,huron,huron__bww2_Feb-20-2023-bww2-intloss_00000000,appfr,H30,0.9363395225464191,0.4230769230769231,0.8713527851458885
accuracy,huron,huron__bww2_Feb-20-2023-bww2-intloss_00000000,appfr,H32,0.9363395225464191,0.4323607427055703,0.883289124668435
accuracy,huron,huron__bww2_Feb-20-2023-bww2-intloss_00000000,appod,H02,0.8448275862068966,0.6551724137931034,0.5915119363395226
accuracy,huron,huron__bww2_Feb-20-2023-bww2-intloss_00000000,appod,H04,0.7877984084880637,0.6870026525198939,0.7506631299734748
accuracy,huron,huron__bww2_Feb-20-2023-bww2-intloss_00000000,appod,H06,0.8885941644562334,0.5119363395225465,0.7625994694960212
accuracy,huron,huron__bww2_Feb-20-2023-bww2-intloss_00000000,appod,H08,0.8779840848806366,0.48143236074270557,0.7586206896551724
accuracy,huron,huron__bww2_Feb-20-2023-bww2-intloss_00000000,appod,H10,0.896551724137931,0.4920424403183024,0.7175066312997348
accuracy,huron,huron__bww2_Feb-20-2023-bww2-intloss_00000000,appod,H12,0.9111405835543767,0.5013262599469496,0.7002652519893899
accuracy,huron,huron__bww2_Feb-20-2023-bww2-intloss_00000000,appod,H14,0.9323607427055703,0.7877984084880637,0.6989389920424404
accuracy,huron,huron__bww2_Feb-20-2023-bww2-intloss_00000000,appod,H16,0.9363395225464191,0.7559681697612732,0.7281167108753316
accuracy,huron,huron__bww2_Feb-20-2023-bww2-intloss_00000000,appod,H18,0.9336870026525199,0.596816976127321,0.7042440318302388
accuracy,huron,huron__bww2_Feb-20-2023-bww2-intloss_00000000,appod,H20,0.9310344827586207,0.6007957559681698,0.6962864721485411
accuracy,huron,huron__bww2_Feb-20-2023-bww2-intloss_00000000,appod,H22,0.9190981432360743,0.6379310344827587,0.6830238726790451
accuracy,huron,huron__bww2_Feb-20-2023-bww2-intloss_00000000,appod,H24,0.9230769230769231,0.6021220159151194,0.6962864721485411
accuracy,huron,huron__bww2_Feb-20-2023-bww2-intloss_00000000,appod,H26,0.9190981432360743,0.5954907161803713,0.6962864721485411
accuracy,huron,huron__bww2_Feb-20-2023-bww2-intloss_00000000,appod,H28,0.9217506631299734,0.5795755968169761,0.7148541114058355
accuracy,huron,huron__bww2_Feb-20-2023-bww2-intloss_00000000,appod,H30,0.9190981432360743,0.6511936339522546,0.7175066312997348
accuracy,huron,huron__bww2_Feb-20-2023-bww2-intloss_00000000,appod,H32,0.9217506631299734,0.6339522546419099,0.7175066312997348
accuracy,huron,huron__bww2_Feb-20-2023-bww2-intloss_00000001,appfr,H02,0.9401709401709402,0.8351648351648352,0.6190476190476191
accuracy,huron,huron__bww2_Feb-20-2023-bww2-intloss_00000001,appfr,H04,0.9755799755799756,0.7814407814407814,0.7326007326007326
accuracy,huron,huron__bww2_Feb-20-2023-bww2-intloss_00000001,appfr,H06,0.9768009768009768,0.5763125763125763,0.7741147741147741
accuracy,huron,huron__bww2_Feb-20-2023-bww2-intloss_00000001,appfr,H08,0.978021978021978,0.5982905982905983,0.8095238095238095
accuracy,huron,huron__bww2_Feb-20-2023-bww2-intloss_00000001,appfr,H10,0.9755799755799756,0.4713064713064713,0.8046398046398047
accuracy,huron,huron__bww2_Feb-20-2023-bww2-intloss_00000001,appfr,H12,0.9804639804639804,0.5042735042735043,0.7728937728937729
accuracy,huron,huron__bww2_Feb-20-2023-bww2-intloss_00000001,appfr,H14,0.9816849816849816,0.8034188034188035,0.7753357753357754
accuracy,huron,huron__bww2_Feb-20-2023-bww2-intloss_00000001,appfr,H16,0.9816849816849816,0.7765567765567766,0.8131868131868132
accuracy,huron,huron__bww2_Feb-20-2023-bww2-intloss_00000001,appfr,H18,0.9804639804639804,0.5677655677655677,0.8327228327228328
accuracy,huron,huron__bww2_Feb-20-2023-bww2-intloss_00000001,appfr,H20,0.9816849816849816,0.5982905982905983,0.8315018315018315
accuracy,huron,huron__bww2_Feb-20-2023-bww2-intloss_00000001,appfr,H22,0.9816849816849816,0.5836385836385837,0.8449328449328449
accuracy,huron,huron__bww2_Feb-20-2023-bww2-intloss_00000001,appfr,H24,0.9816849816849816,0.6202686202686203,0.8595848595848596
accuracy,huron,huron__bww2_Feb-20-2023-bww2-intloss_00000001,appfr,H26,0.9816849816849816,0.5592185592185592,0.8693528693528694
accuracy,huron,huron__bww2_Feb-20-2023-bww2-intloss_00000001,appfr,H28,0.9816849816849816,0.6007326007326007,0.8803418803418803
accuracy,huron,huron__bww2_Feb-20-2023-bww2-intloss_00000001,appfr,H30,0.9816849816849816,0.6166056166056166,0.8815628815628815
accuracy,huron,huron__bww2_Feb-20-2023-bww2-intloss_00000001,appfr,H32,0.9816849816849816,0.6434676434676435,0.8901098901098901
accuracy,huron,huron__bww2_Feb-20-2023-bww2-intloss_00000001,appod,H02,0.8791208791208791,0.6971916971916972,0.608058608058608
accuracy,huron,huron__bww2_Feb-20-2023-bww2-intloss_00000001,appod,H04,0.8913308913308914,0.7545787545787546,0.6984126984126984
accuracy,huron,huron__bww2_Feb-20-2023-bww2-intloss_00000001,appod,H06,0.9584859584859585,0.6202686202686203,0.7484737484737485
accuracy,huron,huron__bww2_Feb-20-2023-bww2-intloss_00000001,appod,H08,0.9511599511599511,0.5982905982905983,0.7509157509157509
accuracy,huron,huron__bww2_Feb-20-2023-bww2-intloss_00000001,appod,H10,0.9633699633699634,0.608058608058608,0.7216117216117216
accuracy,huron,huron__bww2_Feb-20-2023-bww2-intloss_00000001,appod,H12,0.9719169719169719,0.6019536019536019,0.7264957264957265
accuracy,huron,huron__bww2_Feb-20-2023-bww2-intloss_00000001,appod,H14,0.978021978021978,0.8144078144078144,0.717948717948718
accuracy,huron,huron__bww2_Feb-20-2023-bww2-intloss_00000001,appod,H16,0.9755799755799756,0.7655677655677655,0.73992673992674
accuracy,huron,huron__bww2_Feb-20-2023-bww2-intloss_00000001,appod,H18,0.9731379731379731,0.6495726495726496,0.7252747252747253
accuracy,huron,huron__bww2_Feb-20-2023-bww2-intloss_00000001,appod,H20,0.9694749694749695,0.6398046398046398,0.7155067155067155
accuracy,huron,huron__bww2_Feb-20-2023-bww2-intloss_00000001,appod,H22,0.9706959706959707,0.6837606837606838,0.7008547008547008
accuracy,huron,huron__bww2_Feb-20-2023-bww2-intloss_00000001,appod,H24,0.9768009768009768,0.6776556776556777,0.6984126984126984
accuracy,huron,huron__bww2_Feb-20-2023-bww2-intloss_00000001,appod,H26,0.9804639804639804,0.5677655677655677,0.6947496947496947
accuracy,huron,huron__bww2_Feb-20-2023-bww2-intloss_00000001,appod,H28,0.978021978021978,0.5543345543345544,0.7142857142857143
accuracy,huron,huron__bww2_Feb-20-2023-bww2-intloss_00000001,appod,H30,0.9804639804639804,0.6312576312576312,0.7252747252747253
accuracy,huron,huron__bww2_Feb-20-2023-bww2-intloss_00000001,appod,H32,0.9804639804639804,0.6166056166056166,0.702075702075702
accuracy,huron,huron__bww2_Feb-20-2023-bww2-intloss_00000002,appfr,H02,0.9087136929460581,0.8423236514522822,0.24688796680497926
accuracy,huron,huron__bww2_Feb-20-2023-bww2-intloss_00000002,appfr,H04,0.941908713692946,0.6929460580912863,0.5767634854771784
accuracy,huron,huron__bww2_Feb-20-2023-bww2-intloss_00000002,appfr,H06,0.9564315352697096,0.4170124481327801,0.6659751037344398
accuracy,huron,huron__bww2_Feb-20-2023-bww2-intloss_00000002,appfr,H08,0.9585062240663901,0.3091286307053942,0.6970954356846473
accuracy,huron,huron__bww2_Feb-20-2023-bww2-intloss_00000002,appfr,H10,0.9585062240663901,0.2074688796680498,0.7033195020746889
accuracy,huron,huron__bww2_Feb-20-2023-bww2-intloss_00000002,appfr,H12,0.9585062240663901,0.21991701244813278,0.6410788381742739
accuracy,huron,huron__bww2_Feb-20-2023-bww2-intloss_00000002,appfr,H14,0.9585062240663901,0.6970954356846473,0.6618257261410788
accuracy,huron,huron__bww2_Feb-20-2023-bww2-intloss_00000002,appfr,H16,0.9585062240663901,0.6390041493775933,0.7302904564315352
accuracy,huron,huron__bww2_Feb-20-2023-bww2-intloss_00000002,appfr,H18,0.9585062240663901,0.24688796680497926,0.7510373443983402
accuracy,huron,huron__bww2_Feb-20-2023-bww2-intloss_00000002,appfr,H20,0.9585062240663901,0.24688796680497926,0.7614107883817427
accuracy,huron,huron__bww2_Feb-20-2023-bww2-intloss_00000002,appfr,H22,0.9585062240663901,0.24273858921161826,0.7987551867219918
accuracy,huron,huron__bww2_Feb-20-2023-bww2-intloss_00000002,appfr,H24,0.9585062240663901,0.24481327800829875,0.8360995850622407
accuracy,huron,huron__bww2_Feb-20-2023-bww2-intloss_00000002,appfr,H26,0.9585062240663901,0.2821576763485477,0.8692946058091287
accuracy,huron,huron__bww2_Feb-20-2023-bww2-intloss_00000002,appfr,H28,0.9585062240663901,0.2925311203319502,0.8817427385892116
accuracy,huron,huron__bww2_Feb-20-2023-bww2-intloss_00000002,appfr,H30,0.9585062240663901,0.3278008298755187,0.9087136929460581
accuracy,huron,huron__bww2_Feb-20-2023-bww2-intloss_00000002,appfr,H32,0.9585062240663901,0.3132780082987552,0.9107883817427386
accuracy,huron,huron__bww2_Feb-20-2023-bww2-intloss_00000002,appod,H02,0.8423236514522822,0.5020746887966805,0.21991701244813278
accuracy,huron,huron__bww2_Feb-20-2023-bww2-intloss_00000002,appod,H04,0.8049792531120332,0.5373443983402489,0.46265560165975106
accuracy,huron,huron__bww2_Feb-20-2023-bww2-intloss_00000002,appod,H06,0.8796680497925311,0.37344398340248963,0.5746887966804979
accuracy,huron,huron__bww2_Feb-20-2023-bww2-intloss_00000002,appod,H08,0.8630705394190872,0.3506224066390041,0.5705394190871369
accuracy,huron,huron__bww2_Feb-20-2023-bww2-intloss_00000002,appod,H10,0.8983402489626556,0.3630705394190871,0.5186721991701245
accuracy,huron,huron__bww2_Feb-20-2023-bww2-intloss_00000002,appod,H12,0.9294605809128631,0.3215767634854772,0.5
accuracy,huron,huron__bww2_Feb-20-2023-bww2-intloss_00000002,appod,H14,0.9377593360995851,0.6887966804979253,0.524896265560166
accuracy,huron,huron__bww2_Feb-20-2023-bww2-intloss_00000002,appod,H16,0.9398340248962656,0.6286307053941909,0.558091286307054
accuracy,huron,huron__bww2_Feb-20-2023-bww2-intloss_00000002,appod,H18,0.9481327800829875,0.4024896265560166,0.5394190871369294
accuracy,huron,huron__bww2_Feb-20-2023-bww2-intloss_00000002,appod,H20,0.946058091286307,0.3796680497925311,0.558091286307054
accuracy,huron,huron__bww2_Feb-20-2023-bww2-intloss_00000002,appod,H22,0.9522821576763485,0.43983402489626555,0.5518672199170125
accuracy,huron,huron__bww2_Feb-20-2023-bww2-intloss_00000002,appod,H24,0.9543568464730291,0.4315352697095436,0.5622406639004149
accuracy,huron,huron__bww2_Feb-20-2023-bww2-intloss_00000002,appod,H26,0.941908713692946,0.4190871369294606,0.5663900414937759
accuracy,huron,huron__bww2_Feb-20-2023-bww2-intloss_00000002,appod,H28,0.9564315352697096,0.36721991701244816,0.6078838174273858
accuracy,huron,huron__bww2_Feb-20-2023-bww2-intloss_00000002,appod,H30,0.9522821576763485,0.504149377593361,0.6224066390041494
accuracy,huron,huron__bww2_Feb-20-2023-bww2-intloss_00000002,appod,H32,0.9585062240663901,0.491701244813278,0.6161825726141079
accuracy,huron,huron__bww8_Feb-03-2023-bww8-intloss_00000000,appfr,H02,0.7388127853881279,0.4465753424657534,0.4703196347031963
accuracy,huron,huron__bww8_Feb-03-2023-bww8-intloss_00000000,appfr,H04,0.7315068493150685,0.4474885844748858,0.5844748858447488
accuracy,huron,huron__bww8_Feb-03-2023-bww8-intloss_00000000,appfr,H06,0.7360730593607306,0.3415525114155251,0.6073059360730594
accuracy,huron,huron__bww8_Feb-03-2023-bww8-intloss_00000000,appfr,H08,0.730593607305936,0.32511415525114157,0.5963470319634703
accuracy,huron,huron__bww8_Feb-03-2023-bww8-intloss_00000000,appfr,H10,0.7242009132420091,0.30228310502283107,0.5917808219178082
accuracy,huron,huron__bww8_Feb-03-2023-bww8-intloss_00000000,appfr,H12,0.7278538812785388,0.3050228310502283,0.5488584474885845
accuracy,huron,huron__bww8_Feb-03-2023-bww8-intloss_00000000,appfr,H14,0.726027397260274,0.4246575342465753,0.5634703196347032
accuracy,huron,huron__bww8_Feb-03-2023-bww8-intloss_00000000,appfr,H16,0.726027397260274,0.39360730593607307,0.6027397260273972
accuracy,huron,huron__bww8_Feb-03-2023-bww8-intloss_00000000,appfr,H18,0.7278538812785388,0.28949771689497716,0.5945205479452055
accuracy,huron,huron__bww8_Feb-03-2023-bww8-intloss_00000000,appfr,H20,0.7269406392694064,0.29406392694063926,0.5707762557077626
accuracy,huron,huron__bww8_Feb-03-2023-bww8-intloss_00000000,appfr,H22,0.7232876712328767,0.2876712328767123,0.5607305936073059
accuracy,huron,huron__bww8_Feb-03-2023-bww8-intloss_00000000,appfr,H24,0.726027397260274,0.291324200913242,0.5442922374429223
accuracy,huron,huron__bww8_Feb-03-2023-bww8-intloss_00000000,appfr,H26,0.7232876712328767,0.31689497716894977,0.5168949771689497
accuracy,huron,huron__bww8_Feb-03-2023-bww8-intloss_00000000,appfr,H28,0.7223744292237443,0.3178082191780822,0.5050228310502283
accuracy,huron,huron__bww8_Feb-03-2023-bww8-intloss_00000000,appfr,H30,0.7242009132420091,0.3095890410958904,0.4885844748858447
accuracy,huron,huron__bww8_Feb-03-2023-bww8-intloss_00000000,appfr,H32,0.7251141552511415,0.2958904109589041,0.4639269406392694
accuracy,huron,huron__bww8_Feb-03-2023-bww8-intloss_00000000,appod,H02,0.6584474885844749,0.4100456621004566,0.4520547945205479
accuracy,huron,huron__bww8_Feb-03-2023-bww8-intloss_00000000,appod,H04,0.589041095890411,0.4182648401826484,0.5461187214611872
accuracy,huron,huron__bww8_Feb-03-2023-bww8-intloss_00000000,appod,H06,0.6821917808219178,0.3515981735159817,0.5716894977168949
accuracy,huron,huron__bww8_Feb-03-2023-bww8-intloss_00000000,appod,H08,0.6694063926940639,0.33059360730593607,0.5780821917808219
accuracy,huron,huron__bww8_Feb-03-2023-bww8-intloss_00000000,appod,H10,0.691324200913242,0.3406392694063927,0.547945205479452
accuracy,huron,huron__bww8_Feb-03-2023-bww8-intloss_00000000,appod,H12,0.6958904109589041,0.3378995433789954,0.5424657534246575
accuracy,huron,huron__bww8_Feb-03-2023-bww8-intloss_00000000,appod,H14,0.6986301369863014,0.43105022831050227,0.5424657534246575
accuracy,huron,huron__bww8_Feb-03-2023-bww8-intloss_00000000,appod,H16,0.7178082191780822,0.3926940639269406,0.5515981735159817
accuracy,huron,huron__bww8_Feb-03-2023-bww8-intloss_00000000,appod,H18,0.719634703196347,0.3452054794520548,0.5351598173515981
accuracy,huron,huron__bww8_Feb-03-2023-bww8-intloss_00000000,appod,H20,0.7041095890410959,0.3406392694063927,0.5260273972602739
accuracy,huron,huron__bww8_Feb-03-2023-bww8-intloss_00000000,appod,H22,0.6977168949771689,0.3378995433789954,0.5031963470319635
accuracy,huron,huron__bww8_Feb-03-2023-bww8-intloss_00000000,appod,H24,0.7031963470319634,0.33972602739726027,0.4849315068493151
accuracy,huron,huron__bww8_Feb-03-2023-bww8-intloss_00000000,appod,H26,0.6894977168949772,0.3780821917808219,0.4639269406392694
accuracy,huron,huron__bww8_Feb-03-2023-bww8-intloss_00000000,appod,H28,0.6986301369863014,0.3634703196347032,0.4547945205479452
accuracy,huron,huron__bww8_Feb-03-2023-bww8-intloss_00000000,appod,H30,0.6858447488584475,0.445662100456621,0.4410958904109589
accuracy,huron,huron__bww8_Feb-03-2023-bww8-intloss_00000000,appod,H32,0.6922374429223744,0.4182648401826484,0.4246575342465753
accuracy,huron,huron__bww8_Feb-03-2023-bww8-intloss_00000001,appfr,H02,0.89058039961941,0.8420551855375833,0.7773549000951475
accuracy,huron,huron__bww8_Feb-03-2023-bww8-intloss_00000001,appfr,H04,0.89058039961941,0.8411037107516651,0.8201712654614652
accuracy,huron,huron__bww8_Feb-03-2023-bww8-intloss_00000001,appfr,H06,0.879162702188392,0.6470028544243578,0.813510941960038
accuracy,huron,huron__bww8_Feb-03-2023-bww8-intloss_00000001,appfr,H08,0.8820171265461465,0.6517602283539486,0.8049476688867745
accuracy,huron,huron__bww8_Feb-03-2023-bww8-intloss_00000001,appfr,H10,0.8772597526165556,0.570884871550904,0.8116079923882017
accuracy,huron,huron__bww8_Feb-03-2023-bww8-intloss_00000001,appfr,H12,0.8810656517602283,0.6108468125594672,0.7916270218839201
accuracy,huron,huron__bww8_Feb-03-2023-bww8-intloss_00000001,appfr,H14,0.879162702188392,0.8268315889628924,0.8058991436726927
accuracy,huron,huron__bww8_Feb-03-2023-bww8-intloss_00000001,appfr,H16,0.8829686013320647,0.8287345385347288,0.8230256898192198
accuracy,huron,huron__bww8_Feb-03-2023-bww8-intloss_00000001,appfr,H18,0.8829686013320647,0.566127497621313,0.8239771646051379
accuracy,huron,huron__bww8_Feb-03-2023-bww8-intloss_00000001,appfr,H20,0.8858230256898192,0.5965746907706946,0.8192197906755471
accuracy,huron,huron__bww8_Feb-03-2023-bww8-intloss_00000001,appfr,H22,0.8839200761179828,0.560418648905804,0.8249286393910561
accuracy,huron,huron__bww8_Feb-03-2023-bww8-intloss_00000001,appfr,H24,0.8886774500475737,0.5861084681255947,0.8277830637488106
accuracy,huron,huron__bww8_Feb-03-2023-bww8-intloss_00000001,appfr,H26,0.8839200761179828,0.5537583254043768,0.8325404376784015
accuracy,huron,huron__bww8_Feb-03-2023-bww8-intloss_00000001,appfr,H28,0.8915318744053282,0.6194100856327307,0.8392007611798288
accuracy,huron,huron__bww8_Feb-03-2023-bww8-intloss_00000001,appfr,H30,0.8858230256898192,0.5889628924833492,0.8487155090390105
accuracy,huron,huron__bww8_Feb-03-2023-bww8-intloss_00000001,appfr,H32,0.8867745004757374,0.6327307326355851,0.8591817316841104
accuracy,huron,huron__bww8_Feb-03-2023-bww8-intloss_00000001,appod,H02,0.8658420551855376,0.6289248334919124,0.7783063748810657
accuracy,huron,huron__bww8_Feb-03-2023-bww8-intloss_00000001,appod,H04,0.8163653663177926,0.7221693625118935,0.8192197906755471
accuracy,huron,huron__bww8_Feb-03-2023-bww8-intloss_00000001,appod,H06,0.8629876308277831,0.570884871550904,0.8201712654614652
accuracy,huron,huron__bww8_Feb-03-2023-bww8-intloss_00000001,appod,H08,0.8591817316841104,0.5737392959086585,0.813510941960038
accuracy,huron,huron__bww8_Feb-03-2023-bww8-intloss_00000001,appod,H10,0.8648905803996194,0.6089438629876308,0.8068506184586108
accuracy,huron,huron__bww8_Feb-03-2023-bww8-intloss_00000001,appod,H12,0.8629876308277831,0.6117982873453853,0.7925784966698383
accuracy,huron,huron__bww8_Feb-03-2023-bww8-intloss_00000001,appod,H14,0.8696479543292103,0.7602283539486203,0.7992388201712655
accuracy,huron,huron__bww8_Feb-03-2023-bww8-intloss_00000001,appod,H16,0.8715509039010466,0.7326355851569933,0.8125594671741199
accuracy,huron,huron__bww8_Feb-03-2023-bww8-intloss_00000001,appod,H18,0.8667935299714558,0.6070409134157945,0.7849666983824929
accuracy,huron,huron__bww8_Feb-03-2023-bww8-intloss_00000001,appod,H20,0.873453853472883,0.5965746907706946,0.7716460513796385
accuracy,huron,huron__bww8_Feb-03-2023-bww8-intloss_00000001,appod,H22,0.8744053282588011,0.6146527117031398,0.7716460513796385
accuracy,huron,huron__bww8_Feb-03-2023-bww8-intloss_00000001,appod,H24,0.8820171265461465,0.6060894386298763,0.7773549000951475
accuracy,huron,huron__bww8_Feb-03-2023-bww8-intloss_00000001,appod,H26,0.8801141769743102,0.538534728829686,0.7735490009514748
accuracy,huron,huron__bww8_Feb-03-2023-bww8-intloss_00000001,appod,H28,0.8877259752616555,0.5214081826831589,0.7830637488106565
accuracy,huron,huron__bww8_Feb-03-2023-bww8-intloss_00000001,appod,H30,0.8839200761179828,0.5956232159847764,0.7849666983824929
accuracy,huron,huron__bww8_Feb-03-2023-bww8-intloss_00000001,appod,H32,0.8839200761179828,0.5946717411988582,0.7773549000951475
accuracy,huron,huron__bww8_Feb-03-2023-bww8-intloss_00000002,appfr,H02,0.8567375886524823,0.8340425531914893,0.7432624113475177
accuracy,huron,huron__bww8_Feb-03-2023-bww8-intloss_00000002,appfr,H04,0.849645390070922,0.8382978723404255,0.7843971631205674
accuracy,huron,huron__bww8_Feb-03-2023-bww8-intloss_00000002,appfr,H06,0.8453900709219858,0.574468085106383,0.798581560283688
accuracy,huron,huron__bww8_Feb-03-2023-bww8-intloss_00000002,appfr,H08,0.849645390070922,0.5588652482269504,0.8141843971631205
accuracy,huron,huron__bww8_Feb-03-2023-bww8-intloss_00000002,appfr,H10,0.8397163120567376,0.4921985815602837,0.825531914893617
accuracy,huron,huron__bww8_Feb-03-2023-bww8-intloss_00000002,appfr,H12,0.8453900709219858,0.5517730496453901,0.8170212765957446
accuracy,huron,huron__bww8_Feb-03-2023-bww8-intloss_00000002,appfr,H14,0.8468085106382979,0.8070921985815603,0.8198581560283688
accuracy,huron,huron__bww8_Feb-03-2023-bww8-intloss_00000002,appfr,H16,0.849645390070922,0.8241134751773049,0.8326241134751773
accuracy,huron,huron__bww8_Feb-03-2023-bww8-intloss_00000002,appfr,H18,0.8539007092198582,0.4595744680851064,0.8382978723404255
accuracy,huron,huron__bww8_Feb-03-2023-bww8-intloss_00000002,appfr,H20,0.8553191489361702,0.4808510638297872,0.8425531914893617
accuracy,huron,huron__bww8_Feb-03-2023-bww8-intloss_00000002,appfr,H22,0.8581560283687943,0.47801418439716314,0.8482269503546099
accuracy,huron,huron__bww8_Feb-03-2023-bww8-intloss_00000002,appfr,H24,0.8581560283687943,0.5049645390070922,0.8453900709219858
accuracy,huron,huron__bww8_Feb-03-2023-bww8-intloss_00000002,appfr,H26,0.8581560283687943,0.44964539007092197,0.8482269503546099
accuracy,huron,huron__bww8_Feb-03-2023-bww8-intloss_00000002,appfr,H28,0.8581560283687943,0.5120567375886524,0.8524822695035461
accuracy,huron,huron__bww8_Feb-03-2023-bww8-intloss_00000002,appfr,H30,0.8581560283687943,0.5205673758865248,0.8539007092198582
accuracy,huron,huron__bww8_Feb-03-2023-bww8-intloss_00000002,appfr,H32,0.8581560283687943,0.6028368794326241,0.8595744680851064
accuracy,huron,huron__bww8_Feb-03-2023-bww8-intloss_00000002,appod,H02,0.8226950354609929,0.624113475177305,0.7262411347517731
accuracy,huron,huron__bww8_Feb-03-2023-bww8-intloss_00000002,appod,H04,0.7943262411347518,0.699290780141844,0.7787234042553192
accuracy,huron,huron__bww8_Feb-03-2023-bww8-intloss_00000002,appod,H06,0.826950354609929,0.5390070921985816,0.774468085106383
accuracy,huron,huron__bww8_Feb-03-2023-bww8-intloss_00000002,appod,H08,0.8326241134751773,0.5092198581560283,0.7829787234042553
accuracy,huron,huron__bww8_Feb-03-2023-bww8-intloss_00000002,appod,H10,0.826950354609929,0.5446808510638298,0.8
accuracy,huron,huron__bww8_Feb-03-2023-bww8-intloss_00000002,appod,H12,0.8397163120567376,0.5361702127659574,0.7872340425531915
accuracy,huron,huron__bww8_Feb-03-2023-bww8-intloss_00000002,appod,H14,0.8312056737588652,0.7460992907801418,0.7886524822695036
accuracy,huron,huron__bww8_Feb-03-2023-bww8-intloss_00000002,appod,H16,0.8468085106382979,0.7219858156028369,0.7957446808510639
accuracy,huron,huron__bww8_Feb-03-2023-bww8-intloss_00000002,appod,H18,0.8468085106382979,0.5588652482269504,0.7829787234042553
accuracy,huron,huron__bww8_Feb-03-2023-bww8-intloss_00000002,appod,H20,0.8397163120567376,0.5361702127659574,0.8
accuracy,huron,huron__bww8_Feb-03-2023-bww8-intloss_00000002,appod,H22,0.8368794326241135,0.5617021276595745,0.7886524822695036
accuracy,huron,huron__bww8_Feb-03-2023-bww8-intloss_00000002,appod,H24,0.8382978723404255,0.5843971631205673,0.7943262411347518
accuracy,huron,huron__bww8_Feb-03-2023-bww8-intloss_00000002,appod,H26,0.8382978723404255,0.49361702127659574,0.8070921985815603
accuracy,huron,huron__bww8_Feb-03-2023-bww8-intloss_00000002,appod,H28,0.8524822695035461,0.47801418439716314,0.8127659574468085
accuracy,huron,huron__bww8_Feb-03-2023-bww8-intloss_00000002,appod,H30,0.851063829787234,0.5702127659574469,0.8085106382978723
accuracy,huron,huron__bww8_Feb-03-2023-bww8-intloss_00000002,appod,H32,0.8581560283687943,0.5617021276595745,0.8042553191489362
accuracy,huron,huron__cory1_Feb-16-2023-cory1-intloss_00000000,appfr,H02,0.9266487213997309,0.901749663526245,0.873485868102288
accuracy,huron,huron__cory1_Feb-16-2023-cory1-intloss_00000000,appfr,H04,0.9340511440107672,0.9071332436069987,0.9044414535666218
accuracy,huron,huron__cory1_Feb-16-2023-cory1-intloss_00000000,appfr,H06,0.9340511440107672,0.8257065948855989,0.9084791386271871
accuracy,huron,huron__cory1_Feb-16-2023-cory1-intloss_00000000,appfr,H08,0.9300134589502019,0.8243606998654105,0.901749663526245
accuracy,huron,huron__cory1_Feb-16-2023-cory1-intloss_00000000,appfr,H10,0.9306864064602961,0.6897711978465679,0.9037685060565276
accuracy,huron,huron__cory1_Feb-16-2023-cory1-intloss_00000000,appfr,H12,0.923956931359354,0.7550471063257066,0.8889636608344549
accuracy,huron,huron__cory1_Feb-16-2023-cory1-intloss_00000000,appfr,H14,0.933378196500673,0.882907133243607,0.8876177658142664
accuracy,huron,huron__cory1_Feb-16-2023-cory1-intloss_00000000,appfr,H16,0.9300134589502019,0.8855989232839838,0.8983849259757739
accuracy,huron,huron__cory1_Feb-16-2023-cory1-intloss_00000000,appfr,H18,0.9353970390309556,0.7012113055181696,0.8970390309555855
accuracy,huron,huron__cory1_Feb-16-2023-cory1-intloss_00000000,appfr,H20,0.9340511440107672,0.7604306864064603,0.8990578734858681
accuracy,huron,huron__cory1_Feb-16-2023-cory1-intloss_00000000,appfr,H22,0.9367429340511441,0.6857335127860027,0.9024226110363391
accuracy,huron,huron__cory1_Feb-16-2023-cory1-intloss_00000000,appfr,H24,0.9347240915208613,0.7261103633916555,0.9037685060565276
accuracy,huron,huron__cory1_Feb-16-2023-cory1-intloss_00000000,appfr,H26,0.9347240915208613,0.7617765814266487,0.9030955585464334
accuracy,huron,huron__cory1_Feb-16-2023-cory1-intloss_00000000,appfr,H28,0.9327052489905787,0.7853297442799462,0.9084791386271871
accuracy,huron,huron__cory1_Feb-16-2023-cory1-intloss_00000000,appfr,H30,0.9380888290713324,0.7624495289367429,0.9111709286675639
accuracy,huron,huron__cory1_Feb-16-2023-cory1-intloss_00000000,appfr,H32,0.9340511440107672,0.7779273216689099,0.9138627187079408
accuracy,huron,huron__cory1_Feb-16-2023-cory1-intloss_00000000,appod,H02,0.9394347240915208,0.8943472409152086,0.8963660834454913
accuracy,huron,huron__cory1_Feb-16-2023-cory1-intloss_00000000,appod,H04,0.9441453566621804,0.8983849259757739,0.9185733512786003
accuracy,huron,huron__cory1_Feb-16-2023-cory1-intloss_00000000,appod,H06,0.9414535666218035,0.8714670255720054,0.9152086137281292
accuracy,huron,huron__cory1_Feb-16-2023-cory1-intloss_00000000,appod,H08,0.9387617765814267,0.8499327052489906,0.9125168236877523
accuracy,huron,huron__cory1_Feb-16-2023-cory1-intloss_00000000,appod,H10,0.9441453566621804,0.8808882907133243,0.9084791386271871
accuracy,huron,huron__cory1_Feb-16-2023-cory1-intloss_00000000,appod,H12,0.9448183041722745,0.873485868102288,0.901749663526245
accuracy,huron,huron__cory1_Feb-16-2023-cory1-intloss_00000000,appod,H14,0.9528936742934051,0.9004037685060565,0.8997308209959624
accuracy,huron,huron__cory1_Feb-16-2023-cory1-intloss_00000000,appod,H16,0.9542395693135935,0.8977119784656796,0.9111709286675639
accuracy,huron,huron__cory1_Feb-16-2023-cory1-intloss_00000000,appod,H18,0.9569313593539704,0.870121130551817,0.9098250336473755
accuracy,huron,huron__cory1_Feb-16-2023-cory1-intloss_00000000,appod,H20,0.9562584118438762,0.857335127860027,0.9064602960969045
accuracy,huron,huron__cory1_Feb-16-2023-cory1-intloss_00000000,appod,H22,0.9562584118438762,0.8559892328398385,0.905114401076716
accuracy,huron,huron__cory1_Feb-16-2023-cory1-intloss_00000000,appod,H24,0.9569313593539704,0.847913862718708,0.9044414535666218
accuracy,huron,huron__cory1_Feb-16-2023-cory1-intloss_00000000,appod,H26,0.9569313593539704,0.8781965006729475,0.9057873485868102
accuracy,huron,huron__cory1_Feb-16-2023-cory1-intloss_00000000,appod,H28,0.9569313593539704,0.8633916554508748,0.9071332436069987
accuracy,huron,huron__cory1_Feb-16-2023-cory1-intloss_00000000,appod,H30,0.9569313593539704,0.8970390309555855,0.9098250336473755
accuracy,huron,huron__cory1_Feb-16-2023-cory1-intloss_00000000,appod,H32,0.9562584118438762,0.873485868102288,0.9131897711978466
accuracy,huron,huron__cory1_Feb-16-2023-cory1-intloss_00000001,appfr,H02,0.9744661095636026,0.9419684308263695,0.8806870937790158
accuracy,huron,huron__cory1_Feb-16-2023-cory1-intloss_00000001,appfr,H04,0.9753946146703807,0.9512534818941504,0.9108635097493036
accuracy,huron,huron__cory1_Feb-16-2023-cory1-intloss_00000001,appfr,H06,0.9749303621169917,0.7836583101207056,0.9178272980501393
accuracy,huron,huron__cory1_Feb-16-2023-cory1-intloss_00000001,appfr,H08,0.9749303621169917,0.7780872794800371,0.9187558031569174
accuracy,huron,huron__cory1_Feb-16-2023-cory1-intloss_00000001,appfr,H10,0.9744661095636026,0.6369545032497679,0.9136490250696379
accuracy,huron,huron__cory1_Feb-16-2023-cory1-intloss_00000001,appfr,H12,0.9744661095636026,0.7103064066852368,0.903899721448468
accuracy,huron,huron__cory1_Feb-16-2023-cory1-intloss_00000001,appfr,H14,0.9749303621169917,0.9540389972144847,0.9108635097493036
accuracy,huron,huron__cory1_Feb-16-2023-cory1-intloss_00000001,appfr,H16,0.9726090993500465,0.9554317548746518,0.9350046425255338
accuracy,huron,huron__cory1_Feb-16-2023-cory1-intloss_00000001,appfr,H18,0.9721448467966574,0.6337047353760445,0.9373259052924791
accuracy,huron,huron__cory1_Feb-16-2023-cory1-intloss_00000001,appfr,H20,0.9698235840297121,0.7098421541318477,0.9336118848653667
accuracy,huron,huron__cory1_Feb-16-2023-cory1-intloss_00000001,appfr,H22,0.9702878365831012,0.649025069637883,0.9377901578458682
accuracy,huron,huron__cory1_Feb-16-2023-cory1-intloss_00000001,appfr,H24,0.9702878365831012,0.6894150417827298,0.9456824512534819
accuracy,huron,huron__cory1_Feb-16-2023-cory1-intloss_00000001,appfr,H26,0.9693593314763231,0.7525533890436398,0.9442896935933147
accuracy,huron,huron__cory1_Feb-16-2023-cory1-intloss_00000001,appfr,H28,0.9702878365831012,0.797585886722377,0.9489322191272052
accuracy,huron,huron__cory1_Feb-16-2023-cory1-intloss_00000001,appfr,H30,0.967966573816156,0.78644382544104,0.9498607242339833
accuracy,huron,huron__cory1_Feb-16-2023-cory1-intloss_00000001,appfr,H32,0.9702878365831012,0.8156917363045497,0.9484679665738162
accuracy,huron,huron__cory1_Feb-16-2023-cory1-intloss_00000001,appod,H02,0.9001857010213556,0.7804085422469823,0.8955431754874652
accuracy,huron,huron__cory1_Feb-16-2023-cory1-intloss_00000001,appod,H04,0.8667595171773445,0.8091922005571031,0.9280408542246983
accuracy,huron,huron__cory1_Feb-16-2023-cory1-intloss_00000001,appod,H06,0.9480037140204272,0.6155988857938719,0.9303621169916435
accuracy,huron,huron__cory1_Feb-16-2023-cory1-intloss_00000001,appod,H08,0.9442896935933147,0.6072423398328691,0.9294336118848654
accuracy,huron,huron__cory1_Feb-16-2023-cory1-intloss_00000001,appod,H10,0.9568245125348189,0.6323119777158774,0.9187558031569174
accuracy,huron,huron__cory1_Feb-16-2023-cory1-intloss_00000001,appod,H12,0.9610027855153204,0.6522748375116063,0.9094707520891365
accuracy,huron,huron__cory1_Feb-16-2023-cory1-intloss_00000001,appod,H14,0.9670380687093779,0.8426183844011143,0.9099350046425255
accuracy,huron,huron__cory1_Feb-16-2023-cory1-intloss_00000001,appod,H16,0.968895078922934,0.8430826369545033,0.9289693593314763
accuracy,huron,huron__cory1_Feb-16-2023-cory1-intloss_00000001,appod,H18,0.968895078922934,0.6420612813370473,0.9210770659238626
accuracy,huron,huron__cory1_Feb-16-2023-cory1-intloss_00000001,appod,H20,0.9661095636025998,0.6773444753946146,0.9196843082636954
accuracy,huron,huron__cory1_Feb-16-2023-cory1-intloss_00000001,appod,H22,0.9661095636025998,0.7042711234911792,0.9136490250696379
accuracy,huron,huron__cory1_Feb-16-2023-cory1-intloss_00000001,appod,H24,0.968430826369545,0.7005571030640668,0.9164345403899722
accuracy,huron,huron__cory1_Feb-16-2023-cory1-intloss_00000001,appod,H26,0.968430826369545,0.5269266480965645,0.9196843082636954
accuracy,huron,huron__cory1_Feb-16-2023-cory1-intloss_00000001,appod,H28,0.9661095636025998,0.5222841225626741,0.9285051067780873
accuracy,huron,huron__cory1_Feb-16-2023-cory1-intloss_00000001,appod,H30,0.9675023212627669,0.5863509749303621,0.9340761374187558
accuracy,huron,huron__cory1_Feb-16-2023-cory1-intloss_00000001,appod,H32,0.9712163416898792,0.5882079851439183,0.9294336118848654
accuracy,huron,huron__cory1_Feb-16-2023-cory1-intloss_00000002,appfr,H02,0.9485783424077435,0.8917120387174834,0.809437386569873
accuracy,huron,huron__cory1_Feb-16-2023-cory1-intloss_00000002,appfr,H04,0.9546279491833031,0.8862673926194797,0.8457350272232305
accuracy,huron,huron__cory1_Feb-16-2023-cory1-intloss_00000002,appfr,H06,0.9618874773139746,0.7150635208711433,0.8487598306110102
accuracy,huron,huron__cory1_Feb-16-2023-cory1-intloss_00000002,appfr,H08,0.955837870538415,0.6890502117362372,0.8517846339987901
accuracy,huron,huron__cory1_Feb-16-2023-cory1-intloss_00000002,appfr,H10,0.9528130671506352,0.5856019358741682,0.8433151845130067
accuracy,huron,huron__cory1_Feb-16-2023-cory1-intloss_00000002,appfr,H12,0.9497882637628554,0.6418632788868723,0.8257713248638838
accuracy,huron,huron__cory1_Feb-16-2023-cory1-intloss_00000002,appfr,H14,0.9534180278281912,0.8765880217785844,0.8294010889292196
accuracy,huron,huron__cory1_Feb-16-2023-cory1-intloss_00000002,appfr,H16,0.9485783424077435,0.8802177858439202,0.837870538415003
accuracy,huron,huron__cory1_Feb-16-2023-cory1-intloss_00000002,appfr,H18,0.9516031457955233,0.574107683000605,0.8469449485783425
accuracy,huron,huron__cory1_Feb-16-2023-cory1-intloss_00000002,appfr,H20,0.9509981851179673,0.616454930429522,0.8415003024803388
accuracy,huron,huron__cory1_Feb-16-2023-cory1-intloss_00000002,appfr,H22,0.9528130671506352,0.557773744706594,0.8396854204476709
accuracy,huron,huron__cory1_Feb-16-2023-cory1-intloss_00000002,appfr,H24,0.9528130671506352,0.5614035087719298,0.8402903811252269
accuracy,huron,huron__cory1_Feb-16-2023-cory1-intloss_00000002,appfr,H26,0.9546279491833031,0.631578947368421,0.8445251058681186
accuracy,huron,huron__cory1_Feb-16-2023-cory1-intloss_00000002,appfr,H28,0.957047791893527,0.662431941923775,0.8463399879007865
accuracy,huron,huron__cory1_Feb-16-2023-cory1-intloss_00000002,appfr,H30,0.9576527525710828,0.6606170598911071,0.8469449485783425
accuracy,huron,huron__cory1_Feb-16-2023-cory1-intloss_00000002,appfr,H32,0.9582577132486388,0.6842105263157895,0.8445251058681186
accuracy,huron,huron__cory1_Feb-16-2023-cory1-intloss_00000002,appod,H02,0.8747731397459165,0.7326073805202662,0.8112522686025408
accuracy,huron,huron__cory1_Feb-16-2023-cory1-intloss_00000002,appod,H04,0.8475499092558983,0.7483363581367211,0.8493647912885662
accuracy,huron,huron__cory1_Feb-16-2023-cory1-intloss_00000002,appod,H06,0.9165154264972777,0.574107683000605,0.8433151845130067
accuracy,huron,huron__cory1_Feb-16-2023-cory1-intloss_00000002,appod,H08,0.9032062915910466,0.5547489413188142,0.8421052631578947
accuracy,huron,huron__cory1_Feb-16-2023-cory1-intloss_00000002,appod,H10,0.9098608590441621,0.5807622504537205,0.822141560798548
accuracy,huron,huron__cory1_Feb-16-2023-cory1-intloss_00000002,appod,H12,0.9219600725952813,0.5843920145190563,0.8124621899576527
accuracy,huron,huron__cory1_Feb-16-2023-cory1-intloss_00000002,appod,H14,0.9249848759830611,0.7713248638838476,0.8124621899576527
accuracy,huron,huron__cory1_Feb-16-2023-cory1-intloss_00000002,appod,H16,0.9231699939503932,0.7434966727162734,0.822141560798548
accuracy,huron,huron__cory1_Feb-16-2023-cory1-intloss_00000002,appod,H18,0.9286146400483969,0.5819721718088324,0.8160919540229885
accuracy,huron,huron__cory1_Feb-16-2023-cory1-intloss_00000002,appod,H20,0.925589836660617,0.5898366606170599,0.8052026618269812
accuracy,huron,huron__cory1_Feb-16-2023-cory1-intloss_00000002,appod,H22,0.926194797338173,0.6104053236539625,0.7991530550514216
accuracy,huron,huron__cory1_Feb-16-2023-cory1-intloss_00000002,appod,H24,0.9249848759830611,0.6019358741681791,0.7967332123411979
accuracy,huron,huron__cory1_Feb-16-2023-cory1-intloss_00000002,appod,H26,0.9237749546279492,0.47126436781609193,0.7961282516636419
accuracy,huron,huron__cory1_Feb-16-2023-cory1-intloss_00000002,appod,H28,0.9274047186932849,0.46098003629764067,0.7931034482758621
accuracy,huron,huron__cory1_Feb-16-2023-cory1-intloss_00000002,appod,H30,0.9213551119177253,0.5081669691470054,0.7894736842105263
accuracy,huron,huron__cory1_Feb-16-2023-cory1-intloss_00000002,appod,H32,0.9346642468239564,0.5051421657592257,0.7858439201451906
accuracy,huron,huron__soda3_Feb-21-2023-soda3-intloss_00000000,appfr,H02,0.9150787075393537,0.8653686826843413,0.8537696768848384
accuracy,huron,huron__soda3_Feb-21-2023-soda3-intloss_00000000,appfr,H04,0.9117647058823529,0.8653686826843413,0.8616404308202155
accuracy,huron,huron__soda3_Feb-21-2023-soda3-intloss_00000000,appfr,H06,0.9117647058823529,0.7949461474730737,0.8595691797845899
accuracy,huron,huron__soda3_Feb-21-2023-soda3-intloss_00000000,appfr,H08,0.9109362054681027,0.8011599005799502,0.8562551781275891
accuracy,huron,huron__soda3_Feb-21-2023-soda3-intloss_00000000,appfr,H10,0.9113504556752279,0.723695111847556,0.8500414250207126
accuracy,huron,huron__soda3_Feb-21-2023-soda3-intloss_00000000,appfr,H12,0.9130074565037283,0.7572493786246893,0.8446561723280862
accuracy,huron,huron__soda3_Feb-21-2023-soda3-intloss_00000000,appfr,H14,0.9117647058823529,0.8707539353769677,0.8450704225352113
accuracy,huron,huron__soda3_Feb-21-2023-soda3-intloss_00000000,appfr,H16,0.9113504556752279,0.8699254349627175,0.855840927920464
accuracy,huron,huron__soda3_Feb-21-2023-soda3-intloss_00000000,appfr,H18,0.9117647058823529,0.748135874067937,0.8583264291632146
accuracy,huron,huron__soda3_Feb-21-2023-soda3-intloss_00000000,appfr,H20,0.9121789560894781,0.7605633802816901,0.852112676056338
accuracy,huron,huron__soda3_Feb-21-2023-soda3-intloss_00000000,appfr,H22,0.9121789560894781,0.7303231151615576,0.8512841756420878
accuracy,huron,huron__soda3_Feb-21-2023-soda3-intloss_00000000,appfr,H24,0.9121789560894781,0.747721623860812,0.8541839270919636
accuracy,huron,huron__soda3_Feb-21-2023-soda3-intloss_00000000,appfr,H26,0.9121789560894781,0.7746478873239436,0.8574979287489644
accuracy,huron,huron__soda3_Feb-21-2023-soda3-intloss_00000000,appfr,H28,0.9121789560894781,0.8028169014084507,0.8641259320629661
accuracy,huron,huron__soda3_Feb-21-2023-soda3-intloss_00000000,appfr,H30,0.9121789560894781,0.7924606462303231,0.8624689312344657
accuracy,huron,huron__soda3_Feb-21-2023-soda3-intloss_00000000,appfr,H32,0.9121789560894781,0.7995028997514498,0.8591549295774648
accuracy,huron,huron__soda3_Feb-21-2023-soda3-intloss_00000000,appod,H02,0.8111019055509527,0.6685998342999171,0.8703396851698426
accuracy,huron,huron__soda3_Feb-21-2023-soda3-intloss_00000000,appod,H04,0.7220381110190555,0.7311516155758078,0.8782104391052196
accuracy,huron,huron__soda3_Feb-21-2023-soda3-intloss_00000000,appod,H06,0.8492129246064622,0.5584092792046396,0.8806959403479702
accuracy,huron,huron__soda3_Feb-21-2023-soda3-intloss_00000000,appod,H08,0.8347141673570837,0.5915492957746479,0.8811101905550953
accuracy,huron,huron__soda3_Feb-21-2023-soda3-intloss_00000000,appod,H10,0.8608119304059652,0.5654515327257663,0.8661971830985915
accuracy,huron,huron__soda3_Feb-21-2023-soda3-intloss_00000000,appod,H12,0.867854183927092,0.5878210439105219,0.859983429991715
accuracy,huron,huron__soda3_Feb-21-2023-soda3-intloss_00000000,appod,H14,0.875724937862469,0.7589063794531897,0.8583264291632146
accuracy,huron,huron__soda3_Feb-21-2023-soda3-intloss_00000000,appod,H16,0.8620546810273405,0.7618061309030655,0.8674399337199669
accuracy,huron,huron__soda3_Feb-21-2023-soda3-intloss_00000000,appod,H18,0.8811101905550953,0.6329743164871583,0.8595691797845899
accuracy,huron,huron__soda3_Feb-21-2023-soda3-intloss_00000000,appod,H20,0.8666114333057167,0.6690140845070423,0.855840927920464
accuracy,huron,huron__soda3_Feb-21-2023-soda3-intloss_00000000,appod,H22,0.875724937862469,0.6731565865782932,0.8570836785418393
accuracy,huron,huron__soda3_Feb-21-2023-soda3-intloss_00000000,appod,H24,0.8819386909693455,0.6628003314001657,0.8537696768848384
accuracy,huron,huron__soda3_Feb-21-2023-soda3-intloss_00000000,appod,H26,0.8769676884838442,0.4212924606462303,0.855840927920464
accuracy,huron,huron__soda3_Feb-21-2023-soda3-intloss_00000000,appod,H28,0.87986743993372,0.427920463960232,0.8637116818558409
accuracy,huron,huron__soda3_Feb-21-2023-soda3-intloss_00000000,appod,H30,0.896023198011599,0.504142502071251,0.8645401822700911
accuracy,huron,huron__soda3_Feb-21-2023-soda3-intloss_00000000,appod,H32,0.8869096934548467,0.5124275062137531,0.8603976801988401
accuracy,huron,huron__soda3_Feb-21-2023-soda3-intloss_00000001,appfr,H02,0.7646198830409356,0.6469298245614035,0.46710526315789475
accuracy,huron,huron__soda3_Feb-21-2023-soda3-intloss_00000001,appfr,H04,0.7646198830409356,0.6345029239766082,0.506578947368421
accuracy,huron,huron__soda3_Feb-21-2023-soda3-intloss_00000001,appfr,H06,0.7719298245614035,0.4722222222222222,0.5036549707602339
accuracy,huron,huron__soda3_Feb-21-2023-soda3-intloss_00000001,appfr,H08,0.7733918128654971,0.4861111111111111,0.5124269005847953
accuracy,huron,huron__soda3_Feb-21-2023-soda3-intloss_00000001,appfr,H10,0.7711988304093568,0.42105263157894735,0.506578947368421
accuracy,huron,huron__soda3_Feb-21-2023-soda3-intloss_00000001,appfr,H12,0.7733918128654971,0.43567251461988304,0.4992690058479532
accuracy,huron,huron__soda3_Feb-21-2023-soda3-intloss_00000001,appfr,H14,0.77046783625731,0.6498538011695907,0.5146198830409356
accuracy,huron,huron__soda3_Feb-21-2023-soda3-intloss_00000001,appfr,H16,0.77046783625731,0.6374269005847953,0.5343567251461988
accuracy,huron,huron__soda3_Feb-21-2023-soda3-intloss_00000001,appfr,H18,0.7719298245614035,0.43932748538011696,0.5431286549707602
accuracy,huron,huron__soda3_Feb-21-2023-soda3-intloss_00000001,appfr,H20,0.7660818713450293,0.46637426900584794,0.5409356725146199
accuracy,huron,huron__soda3_Feb-21-2023-soda3-intloss_00000001,appfr,H22,0.7660818713450293,0.43494152046783624,0.5402046783625731
accuracy,huron,huron__soda3_Feb-21-2023-soda3-intloss_00000001,appfr,H24,0.7719298245614035,0.4517543859649123,0.543859649122807
accuracy,huron,huron__soda3_Feb-21-2023-soda3-intloss_00000001,appfr,H26,0.7755847953216374,0.4451754385964912,0.5409356725146199
accuracy,huron,huron__soda3_Feb-21-2023-soda3-intloss_00000001,appfr,H28,0.7763157894736842,0.4546783625730994,0.5358187134502924
accuracy,huron,huron__soda3_Feb-21-2023-soda3-intloss_00000001,appfr,H30,0.7741228070175439,0.44590643274853803,0.5328947368421053
accuracy,huron,huron__soda3_Feb-21-2023-soda3-intloss_00000001,appfr,H32,0.7675438596491229,0.44005847953216376,0.5307017543859649
accuracy,huron,huron__soda3_Feb-21-2023-soda3-intloss_00000001,appod,H02,0.6542397660818714,0.5051169590643275,0.47149122807017546
accuracy,huron,huron__soda3_Feb-21-2023-soda3-intloss_00000001,appod,H04,0.5862573099415205,0.5080409356725146,0.5219298245614035
accuracy,huron,huron__soda3_Feb-21-2023-soda3-intloss_00000001,appod,H06,0.6849415204678363,0.3991228070175439,0.5241228070175439
accuracy,huron,huron__soda3_Feb-21-2023-soda3-intloss_00000001,appod,H08,0.6681286549707602,0.39985380116959063,0.533625730994152
accuracy,huron,huron__soda3_Feb-21-2023-soda3-intloss_00000001,appod,H10,0.6966374269005848,0.42616959064327486,0.5073099415204678
accuracy,huron,huron__soda3_Feb-21-2023-soda3-intloss_00000001,appod,H12,0.7046783625730995,0.43494152046783624,0.5116959064327485
accuracy,huron,huron__soda3_Feb-21-2023-soda3-intloss_00000001,appod,H14,0.7119883040935673,0.570906432748538,0.5190058479532164
accuracy,huron,huron__soda3_Feb-21-2023-soda3-intloss_00000001,appod,H16,0.7207602339181286,0.5219298245614035,0.5314327485380117
accuracy,huron,huron__soda3_Feb-21-2023-soda3-intloss_00000001,appod,H18,0.7280701754385965,0.4780701754385965,0.5168128654970761
accuracy,huron,huron__soda3_Feb-21-2023-soda3-intloss_00000001,appod,H20,0.7149122807017544,0.47149122807017546,0.5116959064327485
accuracy,huron,huron__soda3_Feb-21-2023-soda3-intloss_00000001,appod,H22,0.7002923976608187,0.48903508771929827,0.5102339181286549
accuracy,huron,huron__soda3_Feb-21-2023-soda3-intloss_00000001,appod,H24,0.7083333333333334,0.472953216374269,0.5051169590643275
accuracy,huron,huron__soda3_Feb-21-2023-soda3-intloss_00000001,appod,H26,0.6944444444444444,0.347953216374269,0.5021929824561403
accuracy,huron,huron__soda3_Feb-21-2023-soda3-intloss_00000001,appod,H28,0.7046783625730995,0.347953216374269,0.5058479532163743
accuracy,huron,huron__soda3_Feb-21-2023-soda3-intloss_00000001,appod,H30,0.7090643274853801,0.375,0.5087719298245614
accuracy,huron,huron__soda3_Feb-21-2023-soda3-intloss_00000001,appod,H32,0.7185672514619883,0.37280701754385964,0.5029239766081871
accuracy,huron,huron__soda3_Feb-21-2023-soda3-intloss_00000002,appfr,H02,0.9623352165725048,0.9472693032015066,0.9548022598870056
accuracy,huron,huron__soda3_Feb-21-2023-soda3-intloss_00000002,appfr,H04,0.96045197740113,0.943502824858757,0.9585687382297552
accuracy,huron,huron__soda3_Feb-21-2023-soda3-intloss_00000002,appfr,H06,0.96045197740113,0.9303201506591338,0.9585687382297552
accuracy,huron,huron__soda3_Feb-21-2023-soda3-intloss_00000002,appfr,H08,0.9623352165725048,0.9227871939736346,0.9585687382297552
accuracy,huron,huron__soda3_Feb-21-2023-soda3-intloss_00000002,appfr,H10,0.9566854990583804,0.9265536723163842,0.9529190207156308
accuracy,huron,huron__soda3_Feb-21-2023-soda3-intloss_00000002,appfr,H12,0.9566854990583804,0.9246704331450094,0.9453860640301318
accuracy,huron,huron__soda3_Feb-21-2023-soda3-intloss_00000002,appfr,H14,0.9566854990583804,0.96045197740113,0.9397363465160076
accuracy,huron,huron__soda3_Feb-21-2023-soda3-intloss_00000002,appfr,H16,0.9585687382297552,0.9472693032015066,0.9397363465160076
accuracy,huron,huron__soda3_Feb-21-2023-soda3-intloss_00000002,appfr,H18,0.9566854990583804,0.9209039548022598,0.9397363465160076
accuracy,huron,huron__soda3_Feb-21-2023-soda3-intloss_00000002,appfr,H20,0.9566854990583804,0.9133709981167608,0.9378531073446328
accuracy,huron,huron__soda3_Feb-21-2023-soda3-intloss_00000002,appfr,H22,0.9585687382297552,0.9152542372881356,0.9340866290018832
accuracy,huron,huron__soda3_Feb-21-2023-soda3-intloss_00000002,appfr,H24,0.9566854990583804,0.9058380414312618,0.935969868173258
accuracy,huron,huron__soda3_Feb-21-2023-soda3-intloss_00000002,appfr,H26,0.9585687382297552,0.935969868173258,0.9322033898305084
accuracy,huron,huron__soda3_Feb-21-2023-soda3-intloss_00000002,appfr,H28,0.9585687382297552,0.928436911487759,0.9322033898305084
accuracy,huron,huron__soda3_Feb-21-2023-soda3-intloss_00000002,appfr,H30,0.9585687382297552,0.903954802259887,0.9303201506591338
accuracy,huron,huron__soda3_Feb-21-2023-soda3-intloss_00000002,appfr,H32,0.9548022598870056,0.911487758945386,0.928436911487759
accuracy,huron,huron__soda3_Feb-21-2023-soda3-intloss_00000002,appod,H02,0.9548022598870056,0.943502824858757,0.9510357815442562
accuracy,huron,huron__soda3_Feb-21-2023-soda3-intloss_00000002,appod,H04,0.9529190207156308,0.9378531073446328,0.9548022598870056
accuracy,huron,huron__soda3_Feb-21-2023-soda3-intloss_00000002,appod,H06,0.9548022598870056,0.9416195856873822,0.96045197740113
accuracy,huron,huron__soda3_Feb-21-2023-soda3-intloss_00000002,appod,H08,0.96045197740113,0.943502824858757,0.9623352165725048
accuracy,huron,huron__soda3_Feb-21-2023-soda3-intloss_00000002,appod,H10,0.9548022598870056,0.9585687382297552,0.96045197740113
accuracy,huron,huron__soda3_Feb-21-2023-soda3-intloss_00000002,appod,H12,0.9472693032015066,0.9585687382297552,0.9566854990583804
accuracy,huron,huron__soda3_Feb-21-2023-soda3-intloss_00000002,appod,H14,0.9491525423728814,0.9529190207156308,0.9472693032015066
accuracy,huron,huron__soda3_Feb-21-2023-soda3-intloss_00000002,appod,H16,0.9472693032015066,0.9510357815442562,0.9453860640301318
accuracy,huron,huron__soda3_Feb-21-2023-soda3-intloss_00000002,appod,H18,0.9472693032015066,0.9548022598870056,0.943502824858757
accuracy,huron,huron__soda3_Feb-21-2023-soda3-intloss_00000002,appod,H20,0.9472693032015066,0.9472693032015066,0.9397363465160076
accuracy,huron,huron__soda3_Feb-21-2023-soda3-intloss_00000002,appod,H22,0.9529190207156308,0.9510357815442562,0.9378531073446328
accuracy,huron,huron__soda3_Feb-21-2023-soda3-intloss_00000002,appod,H24,0.9548022598870056,0.9416195856873822,0.9378531073446328
accuracy,huron,huron__soda3_Feb-21-2023-soda3-intloss_00000002,appod,H26,0.9510357815442562,0.96045197740113,0.9378531073446328
accuracy,huron,huron__soda3_Feb-21-2023-soda3-intloss_00000002,appod,H28,0.9548022598870056,0.9585687382297552,0.9378531073446328
accuracy,huron,huron__soda3_Feb-21-2023-soda3-intloss_00000002,appod,H30,0.9585687382297552,0.9642184557438794,0.9340866290018832
accuracy,huron,huron__soda3_Feb-21-2023-soda3-intloss_00000002,appod,H32,0.9510357815442562,0.96045197740113,0.9322033898305084
accuracy,pal,pal__rosbag2_2025_07_11-13_23_07,appfr,H02,0.9767549976754998,0.9339841933984193,0.5467224546722455
accuracy,pal,pal__rosbag2_2025_07_11-13_23_07,appfr,H04,0.9846582984658299,0.9716410971641097,0.7633658763365876
accuracy,pal,pal__rosbag2_2025_07_11-13_23_07,appfr,H06,0.99302649930265,0.46490004649000466,0.8558809855880986
accuracy,pal,pal__rosbag2_2025_07_11-13_23_07,appfr,H08,0.9804741980474198,0.5834495583449558,0.8698279869827987
accuracy,pal,pal__rosbag2_2025_07_11-13_23_07,appfr,H10,0.9851231985123199,0.3217108321710832,0.8619246861924686
accuracy,pal,pal__rosbag2_2025_07_11-13_23_07,appfr,H12,0.9827986982798699,0.4174802417480242,0.8698279869827987
accuracy,pal,pal__rosbag2_2025_07_11-13_23_07,appfr,H14,0.9907019990702,0.8349604834960483,0.8707577870757787
accuracy,pal,pal__rosbag2_2025_07_11-13_23_07,appfr,H16,0.9925615992561599,0.8721524872152487,0.8833100883310089
accuracy,pal,pal__rosbag2_2025_07_11-13_23_07,appfr,H18,0.99302649930265,0.23384472338447235,0.8819153881915388
accuracy,pal,pal__rosbag2_2025_07_11-13_23_07,appfr,H20,0.99581589958159,0.5062761506276151,0.8721524872152487
accuracy,pal,pal__rosbag2_2025_07_11-13_23_07,appfr,H22,0.9953509995351,0.3505346350534635,0.8758716875871687
accuracy,pal,pal__rosbag2_2025_07_11-13_23_07,appfr,H24,0.9962807996280799,0.33147373314737333,0.8749418874941888
accuracy,pal,pal__rosbag2_2025_07_11-13_23_07,appfr,H26,0.9962807996280799,0.30357973035797303,0.8758716875871687
accuracy,pal,pal__rosbag2_2025_07_11-13_23_07,appfr,H28,0.99767549976755,0.44490934449093444,0.8781961878196188
accuracy,pal,pal__rosbag2_2025_07_11-13_23_07,appfr,H30,0.99581589958159,0.43700604370060436,0.8860994886099489
accuracy,pal,pal__rosbag2_2025_07_11-13_23_07,appfr,H32,0.9962807996280799,0.5234774523477452,0.8809855880985588
accuracy,pal,pal__rosbag2_2025_07_11-13_23_07,appod,H02,0.8200836820083682,0.8131101813110181,0.5332403533240353
accuracy,pal,pal__rosbag2_2025_07_11-13_23_07,appod,H04,0.601580660158066,0.696420269642027,0.7703393770339377
accuracy,pal,pal__rosbag2_2025_07_11-13_23_07,appod,H06,0.7117619711761971,0.4202696420269642,0.8363551836355184
accuracy,pal,pal__rosbag2_2025_07_11-13_23_07,appod,H08,0.6522547652254765,0.398884239888424,0.8544862854486286
accuracy,pal,pal__rosbag2_2025_07_11-13_23_07,appod,H10,0.699674569967457,0.5411436541143654,0.8396094839609484
accuracy,pal,pal__rosbag2_2025_07_11-13_23_07,appod,H12,0.7215248721524872,0.5555555555555556,0.8563458856345886
accuracy,pal,pal__rosbag2_2025_07_11-13_23_07,appod,H14,0.7949790794979079,0.7336122733612274,0.8586703858670386
accuracy,pal,pal__rosbag2_2025_07_11-13_23_07,appod,H16,0.7787075778707578,0.704323570432357,0.8716875871687587
accuracy,pal,pal__rosbag2_2025_07_11-13_23_07,appod,H18,0.8888888888888888,0.5258019525801952,0.8675034867503487
accuracy,pal,pal__rosbag2_2025_07_11-13_23_07,appod,H20,0.8019525801952581,0.5471873547187355,0.8572756857275686
accuracy,pal,pal__rosbag2_2025_07_11-13_23_07,appod,H22,0.8172942817294282,0.4941887494188749,0.8512319851231985
accuracy,pal,pal__rosbag2_2025_07_11-13_23_07,appod,H24,0.8126452812645282,0.49372384937238495,0.8544862854486286
accuracy,pal,pal__rosbag2_2025_07_11-13_23_07,appod,H26,0.8182240818224081,0.7229195722919572,0.8572756857275686
accuracy,pal,pal__rosbag2_2025_07_11-13_23_07,appod,H28,0.8042770804277081,0.7271036727103672,0.8582054858205486
accuracy,pal,pal__rosbag2_2025_07_11-13_23_07,appod,H30,0.8661087866108786,0.7824267782426778,0.8628544862854486
accuracy,pal,pal__rosbag2_2025_07_11-13_23_07,appod,H32,0.901441190144119,0.7749883774988378,0.8568107856810786
accuracy,pal,pal__rosbag2_2025_07_11-13_37_37,appfr,H02,0.6497695852534562,0.43219223173140225,0.6668861092824226
accuracy,pal,pal__rosbag2_2025_07_11-13_37_37,appfr,H04,0.6418696510862409,0.47333772218564846,0.6754443712969058
accuracy,pal,pal__rosbag2_2025_07_11-13_37_37,appfr,H06,0.6445029624753127,0.27880184331797236,0.6563528637261357
accuracy,pal,pal__rosbag2_2025_07_11-13_37_37,appfr,H08,0.6395655036208031,0.2893350888742594,0.6481237656352864
accuracy,pal,pal__rosbag2_2025_07_11-13_37_37,appfr,H10,0.6441737985516788,0.2998683344305464,0.6504279131007241
accuracy,pal,pal__rosbag2_2025_07_11-13_37_37,appfr,H12,0.640882159315339,0.2445687952600395,0.6491112574061882
accuracy,pal,pal__rosbag2_2025_07_11-13_37_37,appfr,H14,0.6398946675444371,0.3499012508229098,0.6494404213298223
accuracy,pal,pal__rosbag2_2025_07_11-13_37_37,appfr,H16,0.640882159315339,0.35055957867017773,0.6563528637261357
accuracy,pal,pal__rosbag2_2025_07_11-13_37_37,appfr,H18,0.6362738643844634,0.2662936142198815,0.6576695194206715
accuracy,pal,pal__rosbag2_2025_07_11-13_37_37,appfr,H20,0.6359447004608295,0.2682685977616853,0.6596445029624753
accuracy,pal,pal__rosbag2_2025_07_11-13_37_37,appfr,H22,0.642198815009875,0.2685977616853193,0.6603028308097433
accuracy,pal,pal__rosbag2_2025_07_11-13_37_37,appfr,H24,0.6428571428571429,0.24621461487820934,0.6579986833443054
accuracy,pal,pal__rosbag2_2025_07_11-13_37_37,appfr,H26,0.6458196181698486,0.2985516787360105,0.6576695194206715
accuracy,pal,pal__rosbag2_2025_07_11-13_37_37,appfr,H28,0.6445029624753127,0.3206056616194865,0.6589861751152074
accuracy,pal,pal__rosbag2_2025_07_11-13_37_37,appfr,H30,0.6454904542462147,0.28867676102699147,0.6593153390388413
accuracy,pal,pal__rosbag2_2025_07_11-13_37_37,appfr,H32,0.6438446346280448,0.2847267939433838,0.6649111257406188
accuracy,pal,pal__rosbag2_2025_07_11-13_37_37,appod,H02,0.6649111257406188,0.5286372613561554,0.6346280447662936
accuracy,pal,pal__rosbag2_2025_07_11-13_37_37,appod,H04,0.5789993416721527,0.4631336405529954,0.6494404213298223
accuracy,pal,pal__rosbag2_2025_07_11-13_37_37,appod,H06,0.6395655036208031,0.3568136932192232,0.6425279789335089
accuracy,pal,pal__rosbag2_2025_07_11-13_37_37,appod,H08,0.576366030283081,0.40256747860434494,0.6445029624753127
accuracy,pal,pal__rosbag2_2025_07_11-13_37_37,appod,H10,0.673798551678736,0.44140882159315337,0.6445029624753127
accuracy,pal,pal__rosbag2_2025_07_11-13_37_37,appod,H12,0.6458196181698486,0.41441737985516786,0.6448321263989467
accuracy,pal,pal__rosbag2_2025_07_11-13_37_37,appod,H14,0.6454904542462147,0.4660961158657011,0.6428571428571429
accuracy,pal,pal__rosbag2_2025_07_11-13_37_37,appod,H16,0.640223831468071,0.44733377221856485,0.6484529295589203
accuracy,pal,pal__rosbag2_2025_07_11-13_37_37,appod,H18,0.6342988808426596,0.43449637919684003,0.6471362738643844
accuracy,pal,pal__rosbag2_2025_07_11-13_37_37,appod,H20,0.6260697827518104,0.4292297564186965,0.6474654377880185
accuracy,pal,pal__rosbag2_2025_07_11-13_37_37,appod,H22,0.6356155365371955,0.43548387096774194,0.6481237656352864
accuracy,pal,pal__rosbag2_2025_07_11-13_37_37,appod,H24,0.6290322580645161,0.41441737985516786,0.6514154048716261
accuracy,pal,pal__rosbag2_2025_07_11-13_37_37,appod,H26,0.6405529953917051,0.5681369321922317,0.6524028966425279
accuracy,pal,pal__rosbag2_2025_07_11-13_37_37,appod,H28,0.6342988808426596,0.5780118499012509,0.6550362080315998
accuracy,pal,pal__rosbag2_2025_07_11-13_37_37,appod,H30,0.6362738643844634,0.5892034233048058,0.6573403554970375
accuracy,pal,pal__rosbag2_2025_07_11-13_37_37,appod,H32,0.6609611586570112,0.5947992100065833,0.6596445029624753
accuracy,pal,pal__rosbag2_2025_07_11-13_55_25,appfr,H02,0.3315270935960591,0.3396551724137931,0.3480295566502463
accuracy,pal,pal__rosbag2_2025_07_11-13_55_25,appfr,H04,0.341871921182266,0.31724137931034485,0.3689655172413793
accuracy,pal,pal__rosbag2_2025_07_11-13_55_25,appfr,H06,0.3495073891625616,0.33620689655172414,0.36305418719211824
accuracy,pal,pal__rosbag2_2025_07_11-13_55_25,appfr,H08,0.34458128078817735,0.31157635467980294,0.35763546798029555
accuracy,pal,pal__rosbag2_2025_07_11-13_55_25,appfr,H10,0.3448275862068966,0.432512315270936,0.35714285714285715
accuracy,pal,pal__rosbag2_2025_07_11-13_55_25,appfr,H12,0.33620689655172414,0.3184729064039409,0.3502463054187192
accuracy,pal,pal__rosbag2_2025_07_11-13_55_25,appfr,H14,0.34211822660098523,0.3024630541871921,0.34753694581280786
accuracy,pal,pal__rosbag2_2025_07_11-13_55_25,appfr,H16,0.34285714285714286,0.291871921182266,0.3263546798029557
accuracy,pal,pal__rosbag2_2025_07_11-13_55_25,appfr,H18,0.3502463054187192,0.32733990147783254,0.32733990147783254
accuracy,pal,pal__rosbag2_2025_07_11-13_55_25,appfr,H20,0.35123152709359606,0.3078817733990148,0.3288177339901478
accuracy,pal,pal__rosbag2_2025_07_11-13_55_25,appfr,H22,0.3458128078817734,0.3768472906403941,0.32241379310344825
accuracy,pal,pal__rosbag2_2025_07_11-13_55_25,appfr,H24,0.34630541871921183,0.30147783251231525,0.32315270935960594
accuracy,pal,pal__rosbag2_2025_07_11-13_55_25,appfr,H26,0.34507389162561575,0.3221674876847291,0.32487684729064037
accuracy,pal,pal__rosbag2_2025_07_11-13_55_25,appfr,H28,0.3477832512315271,0.30640394088669953,0.32019704433497537
accuracy,pal,pal__rosbag2_2025_07_11-13_55_25,appfr,H30,0.34704433497536946,0.3472906403940887,0.31724137931034485
accuracy,pal,pal__rosbag2_2025_07_11-13_55_25,appfr,H32,0.3480295566502463,0.3233990147783251,0.31527093596059114
accuracy,pal,pal__rosbag2_2025_07_11-13_55_25,appod,H02,0.43103448275862066,0.30689655172413793,0.33029556650246306
accuracy,pal,pal__rosbag2_2025_07_11-13_55_25,appod,H04,0.5004926108374385,0.29729064039408865,0.3258620689655172
accuracy,pal,pal__rosbag2_2025_07_11-13_55_25,appod,H06,0.4770935960591133,0.3204433497536946,0.33275862068965517
accuracy,pal,pal__rosbag2_2025_07_11-13_55_25,appod,H08,0.49088669950738917,0.31354679802955665,0.32561576354679805
accuracy,pal,pal__rosbag2_2025_07_11-13_55_25,appod,H10,0.44704433497536944,0.3133004926108374,0.3275862068965517
accuracy,pal,pal__rosbag2_2025_07_11-13_55_25,appod,H12,0.4445812807881773,0.28891625615763544,0.31945812807881774
accuracy,pal,pal__rosbag2_2025_07_11-13_55_25,appod,H14,0.4044334975369458,0.2692118226600985,0.32019704433497537
accuracy,pal,pal__rosbag2_2025_07_11-13_55_25,appod,H16,0.4041871921182266,0.25911330049261083,0.3211822660098522
accuracy,pal,pal__rosbag2_2025_07_11-13_55_25,appod,H18,0.3896551724137931,0.28054187192118224,0.31970443349753697
accuracy,pal,pal__rosbag2_2025_07_11-13_55_25,appod,H20,0.3832512315270936,0.2751231527093596,0.3216748768472906
accuracy,pal,pal__rosbag2_2025_07_11-13_55_25,appod,H22,0.3812807881773399,0.2881773399014778,0.31970443349753697
accuracy,pal,pal__rosbag2_2025_07_11-13_55_25,appod,H24,0.388423645320197,0.29064039408866993,0.32068965517241377
accuracy,pal,pal__rosbag2_2025_07_11-13_55_25,appod,H26,0.41674876847290643,0.35960591133004927,0.3187192118226601
accuracy,pal,pal__rosbag2_2025_07_11-13_55_25,appod,H28,0.4064039408866995,0.35172413793103446,0.31822660098522165
accuracy,pal,pal__rosbag2_2025_07_11-13_55_25,appod,H30,0.39876847290640394,0.4125615763546798,0.31822660098522165
accuracy,pal,pal__rosbag2_2025_07_11-13_55_25,appod,H32,0.4051724137931034,0.40344827586206894,0.31305418719211825
macro_f1,crowdbot,crowdbot__defaced_2021-04-24-11-20-18,appfr,H02,0.28898802172745014,0.2825186943367845,0.2835670375496025
macro_f1,crowdbot,crowdbot__defaced_2021-04-24-11-20-18,appfr,H04,0.25155522586401236,0.2757455028371363,0.2398323085901978
macro_f1,crowdbot,crowdbot__defaced_2021-04-24-11-20-18,appfr,H06,0.30269311470878285,0.2757455028371363,0.21616085287589426
macro_f1,crowdbot,crowdbot__defaced_2021-04-24-11-20-18,appfr,H08,0.28606323744411105,0.2757455028371363,0.1958230325813036
macro_f1,crowdbot,crowdbot__defaced_2021-04-24-11-20-18,appfr,H10,0.3242896391661924,0.2757455028371363,0.2056078099608488
macro_f1,crowdbot,crowdbot__defaced_2021-04-24-11-20-18,appfr,H12,0.32395275136848173,0.2757455028371363,0.2322917007515025
macro_f1,crowdbot,crowdbot__defaced_2021-04-24-11-20-18,appfr,H14,0.32472134314198936,0.2754621239579558,0.22879553672945185
macro_f1,crowdbot,crowdbot__defaced_2021-04-24-11-20-18,appfr,H16,0.3179143879896856,0.2756038647342995,0.22537452369218677
macro_f1,crowdbot,crowdbot__defaced_2021-04-24-11-20-18,appfr,H18,0.2976414294220891,0.2757455028371363,0.22474513987671882
macro_f1,crowdbot,crowdbot__defaced_2021-04-24-11-20-18,appfr,H20,0.29759734304435476,0.2757455028371363,0.22684508268589845
macro_f1,crowdbot,crowdbot__defaced_2021-04-24-11-20-18,appfr,H22,0.31293086500839645,0.2757455028371363,0.22097575755615292
macro_f1,crowdbot,crowdbot__defaced_2021-04-24-11-20-18,appfr,H24,0.3052895345129922,0.2757455028371363,0.22365664458411186
macro_f1,crowdbot,crowdbot__defaced_2021-04-24-11-20-18,appfr,H26,0.3284470364048939,0.2757455028371363,0.21835175710239227
macro_f1,crowdbot,crowdbot__defaced_2021-04-24-11-20-18,appfr,H28,0.33362984165014087,0.2757455028371363,0.22171646655494234
macro_f1,crowdbot,crowdbot__defaced_2021-04-24-11-20-18,appfr,H30,0.3066474128242817,0.2757455028371363,0.22857585990764542
macro_f1,crowdbot,crowdbot__defaced_2021-04-24-11-20-18,appfr,H32,0.3075087223613519,0.2757455028371363,0.23191647428590287
macro_f1,crowdbot,crowdbot__defaced_2021-04-24-11-20-18,appod,H02,0.26358999389399984,0.29540154734662744,0.23928661049581787
macro_f1,crowdbot,crowdbot__defaced_2021-04-24-11-20-18,appod,H04,0.2618773792485712,0.2804565644134062,0.22515577900774245
macro_f1,crowdbot,crowdbot__defaced_2021-04-24-11-20-18,appod,H06,0.27851540569535466,0.2763196082837135,0.23993688720063241
macro_f1,crowdbot,crowdbot__defaced_2021-04-24-11-20-18,appod,H08,0.2965601423441384,0.2769041971987209,0.23126287192586356
macro_f1,crowdbot,crowdbot__defaced_2021-04-24-11-20-18,appod,H10,0.3043750012730917,0.360851672047118,0.25550280247555823
macro_f1,crowdbot,crowdbot__defaced_2021-04-24-11-20-18,appod,H12,0.3013755025184485,0.370895713791701,0.23501882286194212
macro_f1,crowdbot,crowdbot__defaced_2021-04-24-11-20-18,appod,H14,0.3049410967031105,0.2845905733014255,0.24457191277736237
macro_f1,crowdbot,crowdbot__defaced_2021-04-24-11-20-18,appod,H16,0.29686887130587675,0.27862222045591367,0.2198709862843092
macro_f1,crowdbot,crowdbot__defaced_2021-04-24-11-20-18,appod,H18,0.3123712226943106,0.3390305402641563,0.2585101445235709
macro_f1,crowdbot,crowdbot__defaced_2021-04-24-11-20-18,appod,H20,0.33255644454840777,0.3135822702100539,0.23461573253728804
macro_f1,crowdbot,crowdbot__defaced_2021-04-24-11-20-18,appod,H22,0.3352726214965705,0.39703352997274055,0.2713317005799221
macro_f1,crowdbot,crowdbot__defaced_2021-04-24-11-20-18,appod,H24,0.3338880422608472,0.3987335793689431,0.24417891372438572
macro_f1,crowdbot,crowdbot__defaced_2021-04-24-11-20-18,appod,H26,0.35054608999563125,0.3912921848376186,0.2337628130555983
macro_f1,crowdbot,crowdbot__defaced_2021-04-24-11-20-18,appod,H28,0.3687181828970925,0.3773691975939166,0.20996702444070867
macro_f1,crowdbot,crowdbot__defaced_2021-04-24-11-20-18,appod,H30,0.36559406050200066,0.380769521265389,0.21761267495452055
macro_f1,crowdbot,crowdbot__defaced_2021-04-24-11-20-18,appod,H32,0.395223712669766,0.3058389101122581,0.23907262287039246
macro_f1,crowdbot,crowdbot__defaced_2021-04-24-11-23-43,appfr,H02,0.33947867624135397,0.2681393956558613,0.3347650171179583
macro_f1,crowdbot,crowdbot__defaced_2021-04-24-11-23-43,appfr,H04,0.3287790017304158,0.23498062015503876,0.3223602923505379
macro_f1,crowdbot,crowdbot__defaced_2021-04-24-11-23-43,appfr,H06,0.334622564780602,0.3007015772281619,0.30024089129780185
macro_f1,crowdbot,crowdbot__defaced_2021-04-24-11-23-43,appfr,H08,0.3396791720372461,0.2739420612432876,0.27062829085505696
macro_f1,crowdbot,crowdbot__defaced_2021-04-24-11-23-43,appfr,H10,0.3553544494720966,0.2445807770961145,0.27486825483547395
macro_f1,crowdbot,crowdbot__defaced_2021-04-24-11-23-43,appfr,H12,0.3541496326713544,0.257853459130024,0.28759972341273404
macro_f1,crowdbot,crowdbot__defaced_2021-04-24-11-23-43,appfr,H14,0.3461206125214101,0.24746450591848634,0.28712492191121053
macro_f1,crowdbot,crowdbot__defaced_2021-04-24-11-23-43,appfr,H16,0.35667356903648034,0.27623918273485126,0.28126354884875554
macro_f1,crowdbot,crowdbot__defaced_2021-04-24-11-23-43,appfr,H18,0.3699354317998385,0.2460007964595121,0.27515692632823896
macro_f1,crowdbot,crowdbot__defaced_2021-04-24-11-23-43,appfr,H20,0.37183825354136096,0.2631309376290789,0.2816734931959054
macro_f1,crowdbot,crowdbot__defaced_2021-04-24-11-23-43,appfr,H22,0.36462792026673635,0.25099748846445885,0.2801268550407547
macro_f1,crowdbot,crowdbot__defaced_2021-04-24-11-23-43,appfr,H24,0.364417445884003,0.25890212897867787,0.2694779811211196
macro_f1,crowdbot,crowdbot__defaced_2021-04-24-11-23-43,appfr,H26,0.3563574304091024,0.24980067593788144,0.2581897144113685
macro_f1,crowdbot,crowdbot__defaced_2021-04-24-11-23-43,appfr,H28,0.36550338684616746,0.26599961906484526,0.25471289130437
macro_f1,crowdbot,crowdbot__defaced_2021-04-24-11-23-43,appfr,H30,0.3634281678773204,0.24468279815520375,0.2561420658194852
macro_f1,crowdbot,crowdbot__defaced_2021-04-24-11-23-43,appfr,H32,0.3640839766046396,0.24767310971370335,0.25301072808094255
macro_f1,crowdbot,crowdbot__defaced_2021-04-24-11-23-43,appod,H02,0.31246993746993745,0.3192812377594986,0.3028311330198123
macro_f1,crowdbot,crowdbot__defaced_2021-04-24-11-23-43,appod,H04,0.317131673185075,0.22238014929976083,0.3074449703252949
macro_f1,crowdbot,crowdbot__defaced_2021-04-24-11-23-43,appod,H06,0.30894234297349793,0.22042905714956418,0.29789560263200127
macro_f1,crowdbot,crowdbot__defaced_2021-04-24-11-23-43,appod,H08,0.31213916905998723,0.2079065231645175,0.28756735567431546
macro_f1,crowdbot,crowdbot__defaced_2021-04-24-11-23-43,appod,H10,0.33067192788475386,0.2914426697831451,0.30359575320512827
macro_f1,crowdbot,crowdbot__defaced_2021-04-24-11-23-43,appod,H12,0.32575951191685903,0.29039931116133894,0.3029302512372802
macro_f1,crowdbot,crowdbot__defaced_2021-04-24-11-23-43,appod,H14,0.32618311217533,0.24057940152581292,0.28846103849933075
macro_f1,crowdbot,crowdbot__defaced_2021-04-24-11-23-43,appod,H16,0.3175341906511533,0.22374775845187408,0.29002673404411433
macro_f1,crowdbot,crowdbot__defaced_2021-04-24-11-23-43,appod,H18,0.3265938973804556,0.2802197181768442,0.30656318822357936
macro_f1,crowdbot,crowdbot__defaced_2021-04-24-11-23-43,appod,H20,0.3230367364234275,0.2705509937744474,0.29236466874712064
macro_f1,crowdbot,crowdbot__defaced_2021-04-24-11-23-43,appod,H22,0.3254546805943866,0.2955940478326347,0.3157725339692779
macro_f1,crowdbot,crowdbot__defaced_2021-04-24-11-23-43,appod,H24,0.330066264396319,0.28789170162982775,0.3039426964677873
macro_f1,crowdbot,crowdbot__defaced_2021-04-24-11-23-43,appod,H26,0.32591983180218476,0.2937628308117999,0.30142109764485525
macro_f1,crowdbot,crowdbot__defaced_2021-04-24-11-23-43,appod,H28,0.33096161411791153,0.2851484855874029,0.28871518768379173
macro_f1,crowdbot,crowdbot__defaced_2021-04-24-11-23-43,appod,H30,0.33595852440310886,0.30146940525694527,0.293093762267087
macro_f1,crowdbot,crowdbot__defaced_2021-04-24-11-23-43,appod,H32,0.34260622611511726,0.27163882236828446,0.30496780672219265
macro_f1,crowdbot,crowdbot__defaced_2021-04-24-11-35-54,appfr,H02,0.4009414369484991,0.20337474843238026,0.2960593276305464
macro_f1,crowdbot,crowdbot__defaced_2021-04-24-11-35-54,appfr,H04,0.4154942281798171,0.19576859698681737,0.3674582205111811
macro_f1,crowdbot,crowdbot__defaced_2021-04-24-11-35-54,appfr,H06,0.38079911209766926,0.2300708984031907,0.35853084113987577
macro_f1,crowdbot,crowdbot__defaced_2021-04-24-11-35-54,appfr,H08,0.37791217582051234,0.19122745362499163,0.35418416528935576
macro_f1,crowdbot,crowdbot__defaced_2021-04-24-11-35-54,appfr,H10,0.38484139536927203,0.18236352729454108,0.35061159070941733
macro_f1,crowdbot,crowdbot__defaced_2021-04-24-11-35-54,appfr,H12,0.38393859227192567,0.18236352729454108,0.3447553557259984
macro_f1,crowdbot,crowdbot__defaced_2021-04-24-11-35-54,appfr,H14,0.34995309078816456,0.22673268031912022,0.3387919768275416
macro_f1,crowdbot,crowdbot__defaced_2021-04-24-11-35-54,appfr,H16,0.3416466437543721,0.22440246315497814,0.3350222106573983
macro_f1,crowdbot,crowdbot__defaced_2021-04-24-11-35-54,appfr,H18,0.3975550428665014,0.18236352729454108,0.3411159328347466
macro_f1,crowdbot,crowdbot__defaced_2021-04-24-11-35-54,appfr,H20,0.3984666240779684,0.18236352729454108,0.3420479064481034
macro_f1,crowdbot,crowdbot__defaced_2021-04-24-11-35-54,appfr,H22,0.40255552912721787,0.19159475807778634,0.3343325226986487
macro_f1,crowdbot,crowdbot__defaced_2021-04-24-11-35-54,appfr,H24,0.3902131167874158,0.1986652286171847,0.32778112248310926
macro_f1,crowdbot,crowdbot__defaced_2021-04-24-11-35-54,appfr,H26,0.40918919858745967,0.18236352729454108,0.3255988513806805
macro_f1,crowdbot,crowdbot__defaced_2021-04-24-11-35-54,appfr,H28,0.40814165450158457,0.18236352729454108,0.33074032091968325
macro_f1,crowdbot,crowdbot__defaced_2021-04-24-11-35-54,appfr,H30,0.4250740316012062,0.18236352729454108,0.33289997585995285
macro_f1,crowdbot,crowdbot__defaced_2021-04-24-11-35-54,appfr,H32,0.42276662293672507,0.18236352729454108,0.32653232469276056
macro_f1,crowdbot,crowdbot__defaced_2021-04-24-11-35-54,appod,H02,0.3338164446894711,0.23576021337811903,0.32039702196951203
macro_f1,crowdbot,crowdbot__defaced_2021-04-24-11-35-54,appod,H04,0.34505050505050505,0.20660710962218498,0.34747991497640235
macro_f1,crowdbot,crowdbot__defaced_2021-04-24-11-35-54,appod,H06,0.3530766444133933,0.19803683345984016,0.3299775355686829
macro_f1,crowdbot,crowdbot__defaced_2021-04-24-11-35-54,appod,H08,0.3397333112929443,0.210914719826828,0.33055555555555555
macro_f1,crowdbot,crowdbot__defaced_2021-04-24-11-35-54,appod,H10,0.3388634630053395,0.2562923796235098,0.33043522695749933
macro_f1,crowdbot,crowdbot__defaced_2021-04-24-11-35-54,appod,H12,0.3173422243880398,0.27979257390295315,0.3209477860213154
macro_f1,crowdbot,crowdbot__defaced_2021-04-24-11-35-54,appod,H14,0.32412449756182155,0.21737307446905474,0.34466648058881066
macro_f1,crowdbot,crowdbot__defaced_2021-04-24-11-35-54,appod,H16,0.3257560979992571,0.21326449896015043,0.3605235788998882
macro_f1,crowdbot,crowdbot__defaced_2021-04-24-11-35-54,appod,H18,0.3152142692238951,0.2618709631627511,0.3562623212289023
macro_f1,crowdbot,crowdbot__defaced_2021-04-24-11-35-54,appod,H20,0.31752653780188195,0.2218930010858163,0.3634413517132982
macro_f1,crowdbot,crowdbot__defaced_2021-04-24-11-35-54,appod,H22,0.3048105589038819,0.30417636197210524,0.3657789234905188
macro_f1,crowdbot,crowdbot__defaced_2021-04-24-11-35-54,appod,H24,0.3200881021027085,0.28418647272389835,0.3642837952097607
macro_f1,crowdbot,crowdbot__defaced_2021-04-24-11-35-54,appod,H26,0.3239774787670579,0.2813344796716981,0.36263189032953863
macro_f1,crowdbot,crowdbot__defaced_2021-04-24-11-35-54,appod,H28,0.3250484502369872,0.2730236009681737,0.340168019960845
macro_f1,crowdbot,crowdbot__defaced_2021-04-24-11-35-54,appod,H30,0.35641125217964104,0.28328888031963323,0.35483914667642047
macro_f1,crowdbot,crowdbot__defaced_2021-04-24-11-35-54,appod,H32,0.32547175481491625,0.23355760459123312,0.36023088023088023
macro_f1,crowdbot,crowdbot__defaced_2021-04-24-11-40-33,appfr,H02,0.24446104599435223,0.178535597050544,0.2885097550850976
macro_f1,crowdbot,crowdbot__defaced_2021-04-24-11-40-33,appfr,H04,0.31861957200356,0.1775793650793651,0.35028004240146476
macro_f1,crowdbot,crowdbot__defaced_2021-04-24-11-40-33,appfr,H06,0.34898401397395357,0.18766682491955478,0.3598044037840408
macro_f1,crowdbot,crowdbot__defaced_2021-04-24-11-40-33,appfr,H08,0.3587341226485912,0.18153535321368322,0.35862460850351324
macro_f1,crowdbot,crowdbot__defaced_2021-04-24-11-40-33,appfr,H10,0.3685723280923014,0.1775793650793651,0.36266734151147845
macro_f1,crowdbot,crowdbot__defaced_2021-04-24-11-40-33,appfr,H12,0.3641049912596584,0.1775793650793651,0.3559524568484272
macro_f1,crowdbot,crowdbot__defaced_2021-04-24-11-40-33,appfr,H14,0.3530992208559507,0.2618877496779744,0.35428485703628015
macro_f1,crowdbot,crowdbot__defaced_2021-04-24-11-40-33,appfr,H16,0.3579999615922665,0.20163510723597133,0.33454449873214176
macro_f1,crowdbot,crowdbot__defaced_2021-04-24-11-40-33,appfr,H18,0.38263193741206414,0.1775793650793651,0.3397037987542439
macro_f1,crowdbot,crowdbot__defaced_2021-04-24-11-40-33,appfr,H20,0.38674038948924894,0.1775793650793651,0.34589796401946665
macro_f1,crowdbot,crowdbot__defaced_2021-04-24-11-40-33,appfr,H22,0.38816730701746494,0.1775793650793651,0.3349726428635744
macro_f1,crowdbot,crowdbot__defaced_2021-04-24-11-40-33,appfr,H24,0.39072312923948244,0.1775793650793651,0.3305450336700337
macro_f1,crowdbot,crowdbot__defaced_2021-04-24-11-40-33,appfr,H26,0.3881580283692745,0.1775793650793651,0.3278771110150612
macro_f1,crowdbot,crowdbot__defaced_2021-04-24-11-40-33,appfr,H28,0.3828308574465617,0.1775793650793651,0.324743169920411
macro_f1,crowdbot,crowdbot__defaced_2021-04-24-11-40-33,appfr,H30,0.3674035573771118,0.1775793650793651,0.32285136561827105
macro_f1,crowdbot,crowdbot__defaced_2021-04-24-11-40-33,appfr,H32,0.3609025914981538,0.1775793650793651,0.32331144657175587
macro_f1,crowdbot,crowdbot__defaced_2021-04-24-11-40-33,appod,H02,0.31554046566138216,0.20395602822740388,0.3380575315766585
macro_f1,crowdbot,crowdbot__defaced_2021-04-24-11-40-33,appod,H04,0.2897559960459913,0.18209893690666737,0.3157925443762723
macro_f1,crowdbot,crowdbot__defaced_2021-04-24-11-40-33,appod,H06,0.33556329457166467,0.17917917917917917,0.3216253363261799
macro_f1,crowdbot,crowdbot__defaced_2021-04-24-11-40-33,appod,H08,0.32379536727362807,0.17891054472763615,0.34543325526932084
macro_f1,crowdbot,crowdbot__defaced_2021-04-24-11-40-33,appod,H10,0.33435064694323957,0.2375138233952556,0.33362385550153656
macro_f1,crowdbot,crowdbot__defaced_2021-04-24-11-40-33,appod,H12,0.328154114797499,0.24371828822902433,0.3257340654094056
macro_f1,crowdbot,crowdbot__defaced_2021-04-24-11-40-33,appod,H14,0.34292270229770233,0.1803491135932799,0.3132864954193062
macro_f1,crowdbot,crowdbot__defaced_2021-04-24-11-40-33,appod,H16,0.34621213157518266,0.17817282766947196,0.31212318607276596
macro_f1,crowdbot,crowdbot__defaced_2021-04-24-11-40-33,appod,H18,0.33974830629523783,0.22153116247545576,0.29597495596526446
macro_f1,crowdbot,crowdbot__defaced_2021-04-24-11-40-33,appod,H20,0.32120505254782344,0.20337356807608523,0.31108783183742444
macro_f1,crowdbot,crowdbot__defaced_2021-04-24-11-40-33,appod,H22,0.29300497328020264,0.25735433699355265,0.3147001843565158
macro_f1,crowdbot,crowdbot__defaced_2021-04-24-11-40-33,appod,H24,0.3234591567465251,0.24044846103990583,0.30326822858853114
macro_f1,crowdbot,crowdbot__defaced_2021-04-24-11-40-33,appod,H26,0.33413403348043874,0.22236164736164735,0.3024954228218017
macro_f1,crowdbot,crowdbot__defaced_2021-04-24-11-40-33,appod,H28,0.3371108610855955,0.21035587072877246,0.28411013734517215
macro_f1,crowdbot,crowdbot__defaced_2021-04-24-11-40-33,appod,H30,0.35356672313194054,0.2458683185928773,0.2855873982634546
macro_f1,crowdbot,crowdbot__defaced_2021-04-24-11-40-33,appod,H32,0.3408317898506432,0.19328531517373845,0.29590047371901124
macro_f1,crowdbot,crowdbot__defaced_2021-04-24-11-43-54,appfr,H02,0.22472365161044405,0.21992337164750955,0.21888246628131022
macro_f1,crowdbot,crowdbot__defaced_2021-04-24-11-43-54,appfr,H04,0.26467778356783045,0.21992337164750955,0.2436167590021258
macro_f1,crowdbot,crowdbot__defaced_2021-04-24-11-43-54,appfr,H06,0.24012786533675926,0.21992337164750955,0.2479362479362479
macro_f1,crowdbot,crowdbot__defaced_2021-04-24-11-43-54,appfr,H08,0.23780250263832356,0.21992337164750955,0.2478812415654521
macro_f1,crowdbot,crowdbot__defaced_2021-04-24-11-43-54,appfr,H10,0.21583656680024596,0.21992337164750955,0.24462025316455696
macro_f1,crowdbot,crowdbot__defaced_2021-04-24-11-43-54,appfr,H12,0.21026037055872618,0.21992337164750955,0.28291023828549183
macro_f1,crowdbot,crowdbot__defaced_2021-04-24-11-43-54,appfr,H14,0.2240348206097994,0.21992337164750955,0.27734854377322615
macro_f1,crowdbot,crowdbot__defaced_2021-04-24-11-43-54,appfr,H16,0.22254839546344107,0.21940928270042193,0.2689424828185785
macro_f1,crowdbot,crowdbot__defaced_2021-04-24-11-43-54,appfr,H18,0.2239779085822251,0.21992337164750955,0.2754741841717524
macro_f1,crowdbot,crowdbot__defaced_2021-04-24-11-43-54,appfr,H20,0.2203100747744079,0.21992337164750955,0.2818666206035158
macro_f1,crowdbot,crowdbot__defaced_2021-04-24-11-43-54,appfr,H22,0.2026275782862985,0.21992337164750955,0.2684794142673926
macro_f1,crowdbot,crowdbot__defaced_2021-04-24-11-43-54,appfr,H24,0.21622331691297206,0.21992337164750955,0.2614975500399959
macro_f1,crowdbot,crowdbot__defaced_2021-04-24-11-43-54,appfr,H26,0.2039314622096079,0.21992337164750955,0.2445814020611555
macro_f1,crowdbot,crowdbot__defaced_2021-04-24-11-43-54,appfr,H28,0.19904684856597996,0.21992337164750955,0.24625523727320134
macro_f1,crowdbot,crowdbot__defaced_2021-04-24-11-43-54,appfr,H30,0.22284322306467433,0.21992337164750955,0.24936595788613727
macro_f1,crowdbot,crowdbot__defaced_2021-04-24-11-43-54,appfr,H32,0.22058150183150182,0.21992337164750955,0.25407639459161707
macro_f1,crowdbot,crowdbot__defaced_2021-04-24-11-43-54,appod,H02,0.2857759812050857,0.22784713051453953,0.29435471206031405
macro_f1,crowdbot,crowdbot__defaced_2021-04-24-11-43-54,appod,H04,0.2525289848851864,0.22535759401799935,0.25420240475041606
macro_f1,crowdbot,crowdbot__defaced_2021-04-24-11-43-54,appod,H06,0.24533003810112244,0.21992337164750955,0.29486247425178724
macro_f1,crowdbot,crowdbot__defaced_2021-04-24-11-43-54,appod,H08,0.2695715747222202,0.21992337164750955,0.2857774943716409
macro_f1,crowdbot,crowdbot__defaced_2021-04-24-11-43-54,appod,H10,0.27447162386921425,0.27028532887598605,0.2888699918873217
macro_f1,crowdbot,crowdbot__defaced_2021-04-24-11-43-54,appod,H12,0.2588522588522588,0.26640989729225023,0.3045264028484517
macro_f1,crowdbot,crowdbot__defaced_2021-04-24-11-43-54,appod,H14,0.25823562255723065,0.22589458840119866,0.2867259707382652
macro_f1,crowdbot,crowdbot__defaced_2021-04-24-11-43-54,appod,H16,0.24961323238973007,0.22240554259670145,0.2824490153844467
macro_f1,crowdbot,crowdbot__defaced_2021-04-24-11-43-54,appod,H18,0.26940895837039025,0.25257089979596636,0.31658362989323846
macro_f1,crowdbot,crowdbot__defaced_2021-04-24-11-43-54,appod,H20,0.2852580853370431,0.2352528608342562,0.2832179360369272
macro_f1,crowdbot,crowdbot__defaced_2021-04-24-11-43-54,appod,H22,0.26206020677475045,0.28866243456955115,0.32792634051962405
macro_f1,crowdbot,crowdbot__defaced_2021-04-24-11-43-54,appod,H24,0.25738396624472576,0.2871309481478973,0.3002624843791781
macro_f1,crowdbot,crowdbot__defaced_2021-04-24-11-43-54,appod,H26,0.29790659845452944,0.2606837606837607,0.2932484053560287
macro_f1,crowdbot,crowdbot__defaced_2021-04-24-11-43-54,appod,H28,0.3083267185714366,0.25257089979596636,0.28380742836188383
macro_f1,crowdbot,crowdbot__defaced_2021-04-24-11-43-54,appod,H30,0.3145905789639239,0.30291378279073744,0.2663686530034979
macro_f1,crowdbot,crowdbot__defaced_2021-04-24-11-43-54,appod,H32,0.33543761901678026,0.2380805575622603,0.2942618578351273
macro_f1,crowdbot,crowdbot__defaced_2021-04-24-11-48-21,appfr,H02,0.37911792202248806,0.24253945901543159,0.33849179501314786
macro_f1,crowdbot,crowdbot__defaced_2021-04-24-11-48-21,appfr,H04,0.3851734994437061,0.23207507488609083,0.3897180762852404
macro_f1,crowdbot,crowdbot__defaced_2021-04-24-11-48-21,appfr,H06,0.3809189977492995,0.22553789869774998,0.3997641057545573
macro_f1,crowdbot,crowdbot__defaced_2021-04-24-11-48-21,appfr,H08,0.39386890482192793,0.2179002822442774,0.39021914951836983
macro_f1,crowdbot,crowdbot__defaced_2021-04-24-11-48-21,appfr,H10,0.38534521234593333,0.21436881908086095,0.39530749086304634
macro_f1,crowdbot,crowdbot__defaced_2021-04-24-11-48-21,appfr,H12,0.388512754966182,0.21436881908086095,0.3893237414920143
macro_f1,crowdbot,crowdbot__defaced_2021-04-24-11-48-21,appfr,H14,0.39264573145441467,0.21490796765274126,0.3876059817991022
macro_f1,crowdbot,crowdbot__defaced_2021-04-24-11-48-21,appfr,H16,0.3879713740548576,0.21357808857808858,0.3872601587047984
macro_f1,crowdbot,crowdbot__defaced_2021-04-24-11-48-21,appfr,H18,0.41797431436469995,0.21436881908086095,0.37979756647855467
macro_f1,crowdbot,crowdbot__defaced_2021-04-24-11-48-21,appfr,H20,0.41912379757423673,0.21436881908086095,0.3801464173305324
macro_f1,crowdbot,crowdbot__defaced_2021-04-24-11-48-21,appfr,H22,0.41964006685102806,0.21436881908086095,0.37412339836542685
macro_f1,crowdbot,crowdbot__defaced_2021-04-24-11-48-21,appfr,H24,0.4166211634005433,0.21436881908086095,0.36810411077894534
macro_f1,crowdbot,crowdbot__defaced_2021-04-24-11-48-21,appfr,H26,0.42787507611966125,0.21436881908086095,0.35642916430738375
macro_f1,crowdbot,crowdbot__defaced_2021-04-24-11-48-21,appfr,H28,0.4360823194263772,0.21436881908086095,0.3572457898999674
macro_f1,crowdbot,crowdbot__defaced_2021-04-24-11-48-21,appfr,H30,0.4263854718248303,0.21436881908086095,0.35773442368721037
macro_f1,crowdbot,crowdbot__defaced_2021-04-24-11-48-21,appfr,H32,0.4248282801029757,0.21436881908086095,0.3554439705000661
macro_f1,crowdbot,crowdbot__defaced_2021-04-24-11-48-21,appod,H02,0.3621742918671342,0.3356164311398948,0.355495251017639
macro_f1,crowdbot,crowdbot__defaced_2021-04-24-11-48-21,appod,H04,0.35387106511819155,0.23834614406696786,0.36764057753693846
macro_f1,crowdbot,crowdbot__defaced_2021-04-24-11-48-21,appod,H06,0.36883269843022504,0.21335494925587076,0.36080425654726006
macro_f1,crowdbot,crowdbot__defaced_2021-04-24-11-48-21,appod,H08,0.3588311085467378,0.22286297696648752,0.3624823565358622
macro_f1,crowdbot,crowdbot__defaced_2021-04-24-11-48-21,appod,H10,0.38150859192525854,0.31121889047941936,0.34673181788991053
macro_f1,crowdbot,crowdbot__defaced_2021-04-24-11-48-21,appod,H12,0.37340163558701406,0.332792852012806,0.3549226077886412
macro_f1,crowdbot,crowdbot__defaced_2021-04-24-11-48-21,appod,H14,0.39368095474652853,0.23037397229283207,0.33690398609753447
macro_f1,crowdbot,crowdbot__defaced_2021-04-24-11-48-21,appod,H16,0.38509131388625084,0.22604293480053286,0.3425956194834914
macro_f1,crowdbot,crowdbot__defaced_2021-04-24-11-48-21,appod,H18,0.3994164685180038,0.2999460564776134,0.32705568940170143
macro_f1,crowdbot,crowdbot__defaced_2021-04-24-11-48-21,appod,H20,0.39292859763897187,0.286479294969861,0.3311658216158765
macro_f1,crowdbot,crowdbot__defaced_2021-04-24-11-48-21,appod,H22,0.39441422581392227,0.36081669943436534,0.3215875845627463
macro_f1,crowdbot,crowdbot__defaced_2021-04-24-11-48-21,appod,H24,0.3952222289258536,0.35901181813200417,0.32209832972453817
macro_f1,crowdbot,crowdbot__defaced_2021-04-24-11-48-21,appod,H26,0.4168057712518754,0.3072147097771856,0.3072244960777439
macro_f1,crowdbot,crowdbot__defaced_2021-04-24-11-48-21,appod,H28,0.42544086851666574,0.2959865561069515,0.31705323757657283
macro_f1,crowdbot,crowdbot__defaced_2021-04-24-11-48-21,appod,H30,0.45319571761410504,0.37989308006885203,0.3254862730837353
macro_f1,crowdbot,crowdbot__defaced_2021-04-24-11-48-21,appod,H32,0.42012217039871835,0.2835225796866246,0.3314697617158224
macro_f1,crowdbot,crowdbot__defaced_2021-04-24-11-55-30,appfr,H02,0.23401534184169093,0.23321087505716834,0.2560692683735189
macro_f1,crowdbot,crowdbot__defaced_2021-04-24-11-55-30,appfr,H04,0.2758731544909619,0.20407186149232973,0.3036632084144661
macro_f1,crowdbot,crowdbot__defaced_2021-04-24-11-55-30,appfr,H06,0.26364863299169866,0.21888526816969153,0.31723378791561124
macro_f1,crowdbot,crowdbot__defaced_2021-04-24-11-55-30,appfr,H08,0.29777349196307373,0.2027727154386878,0.3180871227126833
macro_f1,crowdbot,crowdbot__defaced_2021-04-24-11-55-30,appfr,H10,0.2694899271217614,0.19894343512433962,0.3241896843539422
macro_f1,crowdbot,crowdbot__defaced_2021-04-24-11-55-30,appfr,H12,0.28431504994482104,0.20481503887432498,0.31236538554083265
macro_f1,crowdbot,crowdbot__defaced_2021-04-24-11-55-30,appfr,H14,0.28145831366749524,0.23208326416662137,0.3146047079850231
macro_f1,crowdbot,crowdbot__defaced_2021-04-24-11-55-30,appfr,H16,0.2856417718237542,0.22448618791872413,0.32484733276145206
macro_f1,crowdbot,crowdbot__defaced_2021-04-24-11-55-30,appfr,H18,0.31807784771624326,0.19894343512433962,0.3256246708408918
macro_f1,crowdbot,crowdbot__defaced_2021-04-24-11-55-30,appfr,H20,0.31550693749193853,0.19894343512433962,0.32784229681330673
macro_f1,crowdbot,crowdbot__defaced_2021-04-24-11-55-30,appfr,H22,0.33029550222082155,0.19785612811571743,0.31928748541819263
macro_f1,crowdbot,crowdbot__defaced_2021-04-24-11-55-30,appfr,H24,0.33081614763552475,0.19876256767208045,0.31987687842142826
macro_f1,crowdbot,crowdbot__defaced_2021-04-24-11-55-30,appfr,H26,0.31296738512751876,0.19894343512433962,0.3174392263229005
macro_f1,crowdbot,crowdbot__defaced_2021-04-24-11-55-30,appfr,H28,0.31485132340777505,0.19894343512433962,0.32105100961004646
macro_f1,crowdbot,crowdbot__defaced_2021-04-24-11-55-30,appfr,H30,0.31727034804411663,0.19894343512433962,0.3319322070433541
macro_f1,crowdbot,crowdbot__defaced_2021-04-24-11-55-30,appfr,H32,0.32611669200867777,0.19894343512433962,0.32418952618453867
macro_f1,crowdbot,crowdbot__defaced_2021-04-24-11-55-30,appod,H02,0.3293078841683559,0.21185578702151667,0.3205293741211081
macro_f1,crowdbot,crowdbot__defaced_2021-04-24-11-55-30,appod,H04,0.28503128519784177,0.20430117204463175,0.30618145215131626
macro_f1,crowdbot,crowdbot__defaced_2021-04-24-11-55-30,appod,H06,0.2932106895103546,0.19756917507111457,0.29503423095413084
macro_f1,crowdbot,crowdbot__defaced_2021-04-24-11-55-30,appod,H08,0.3138026041534813,0.1995668151727957,0.3017525800406472
macro_f1,crowdbot,crowdbot__defaced_2021-04-24-11-55-30,appod,H10,0.3250354351749298,0.2539889682536958,0.3127735312671533
macro_f1,crowdbot,crowdbot__defaced_2021-04-24-11-55-30,appod,H12,0.3006085722501053,0.24578038099493574,0.30823150312030195
macro_f1,crowdbot,crowdbot__defaced_2021-04-24-11-55-30,appod,H14,0.2884937440871745,0.20021169715324227,0.30329682884536363
macro_f1,crowdbot,crowdbot__defaced_2021-04-24-11-55-30,appod,H16,0.29123536203199735,0.1980350208712566,0.31227879890021865
macro_f1,crowdbot,crowdbot__defaced_2021-04-24-11-55-30,appod,H18,0.27971189625780374,0.24517561839931012,0.31629898659901007
macro_f1,crowdbot,crowdbot__defaced_2021-04-24-11-55-30,appod,H20,0.28950344016800944,0.22413968398011955,0.32169247166873083
macro_f1,crowdbot,crowdbot__defaced_2021-04-24-11-55-30,appod,H22,0.2738857989165868,0.27195804008790564,0.3105914455260976
macro_f1,crowdbot,crowdbot__defaced_2021-04-24-11-55-30,appod,H24,0.31462566427622596,0.27068249923881865,0.3023674633657026
macro_f1,crowdbot,crowdbot__defaced_2021-04-24-11-55-30,appod,H26,0.3221702001834865,0.2518130076101554,0.3150697202900464
macro_f1,crowdbot,crowdbot__defaced_2021-04-24-11-55-30,appod,H28,0.33694041740559805,0.24244377770957448,0.3028759615287459
macro_f1,crowdbot,crowdbot__defaced_2021-04-24-11-55-30,appod,H30,0.34152342556402476,0.2760976058242675,0.31037127064393116
macro_f1,crowdbot,crowdbot__defaced_2021-04-24-11-55-30,appod,H32,0.34470269604027187,0.2213891112262034,0.3140182697381471
macro_f1,huron,huron__bww1_Feb-16-2023-bww1-intloss_00000000,appfr,H02,0.3946816125001516,0.4883786308276881,0.42578298287640853
macro_f1,huron,huron__bww1_Feb-16-2023-bww1-intloss_00000000,appfr,H04,0.3639130931090902,0.5071345029239765,0.443053267435475
macro_f1,huron,huron__bww1_Feb-16-2023-bww1-intloss_00000000,appfr,H06,0.31427099433281813,0.4212439572151802,0.42650138676628746
macro_f1,huron,huron__bww1_Feb-16-2023-bww1-intloss_00000000,appfr,H08,0.31262939958592134,0.4484739597196345,0.42750677506775064
macro_f1,huron,huron__bww1_Feb-16-2023-bww1-intloss_00000000,appfr,H10,0.3273313492063492,0.4083085071168487,0.43244678027286726
macro_f1,huron,huron__bww1_Feb-16-2023-bww1-intloss_00000000,appfr,H12,0.33020962103388235,0.4413380736910148,0.4191278878627574
macro_f1,huron,huron__bww1_Feb-16-2023-bww1-intloss_00000000,appfr,H14,0.31262939958592134,0.46755189496933375,0.39814814814814814
macro_f1,huron,huron__bww1_Feb-16-2023-bww1-intloss_00000000,appfr,H16,0.3120787973043028,0.46935128620703986,0.39937032664305394
macro_f1,huron,huron__bww1_Feb-16-2023-bww1-intloss_00000000,appfr,H18,0.31372549019607837,0.4540456032963684,0.4034330011074197
macro_f1,huron,huron__bww1_Feb-16-2023-bww1-intloss_00000000,appfr,H20,0.3131782945736434,0.4860111212918927,0.4071444375163425
macro_f1,huron,huron__bww1_Feb-16-2023-bww1-intloss_00000000,appfr,H22,0.31427099433281813,0.4819306558363417,0.4143441099962839
macro_f1,huron,huron__bww1_Feb-16-2023-bww1-intloss_00000000,appfr,H24,0.31427099433281813,0.47779635823114086,0.4143441099962839
macro_f1,huron,huron__bww1_Feb-16-2023-bww1-intloss_00000000,appfr,H26,0.31427099433281813,0.41789479494397525,0.42439000496812707
macro_f1,huron,huron__bww1_Feb-16-2023-bww1-intloss_00000000,appfr,H28,0.31427099433281813,0.4407140953903544,0.44434566145092463
macro_f1,huron,huron__bww1_Feb-16-2023-bww1-intloss_00000000,appfr,H30,0.31427099433281813,0.42163408424996396,0.4596235579842138
macro_f1,huron,huron__bww1_Feb-16-2023-bww1-intloss_00000000,appfr,H32,0.31427099433281813,0.4118999323867478,0.4559661441709814
macro_f1,huron,huron__bww1_Feb-16-2023-bww1-intloss_00000000,appod,H02,0.460848182921377,0.46865212082603386,0.4474638000411196
macro_f1,huron,huron__bww1_Feb-16-2023-bww1-intloss_00000000,appod,H04,0.5022841143530798,0.43325964136575784,0.4529018080111877
macro_f1,huron,huron__bww1_Feb-16-2023-bww1-intloss_00000000,appod,H06,0.4197685911971627,0.4378733572281959,0.443053267435475
macro_f1,huron,huron__bww1_Feb-16-2023-bww1-intloss_00000000,appod,H08,0.3760478460773253,0.4145811757405733,0.42439000496812707
macro_f1,huron,huron__bww1_Feb-16-2023-bww1-intloss_00000000,appod,H10,0.3678583946722748,0.426497180893097,0.42961319611347343
macro_f1,huron,huron__bww1_Feb-16-2023-bww1-intloss_00000000,appod,H12,0.32923156801661474,0.4316648425485931,0.4222672755177445
macro_f1,huron,huron__bww1_Feb-16-2023-bww1-intloss_00000000,appod,H14,0.32923156801661474,0.5187284393783543,0.4155443322109989
macro_f1,huron,huron__bww1_Feb-16-2023-bww1-intloss_00000000,appod,H16,0.33020962103388235,0.49388193888101456,0.4345797212221172
macro_f1,huron,huron__bww1_Feb-16-2023-bww1-intloss_00000000,appod,H18,0.31372549019607837,0.4551695933338446,0.4329405162738496
macro_f1,huron,huron__bww1_Feb-16-2023-bww1-intloss_00000000,appod,H20,0.3823468328141226,0.445090750734871,0.4308821393157373
macro_f1,huron,huron__bww1_Feb-16-2023-bww1-intloss_00000000,appod,H22,0.3512815140722118,0.48561289448733574,0.41650700073691976
macro_f1,huron,huron__bww1_Feb-16-2023-bww1-intloss_00000000,appod,H24,0.3664712684930414,0.5040309106098579,0.41178678678678676
macro_f1,huron,huron__bww1_Feb-16-2023-bww1-intloss_00000000,appod,H26,0.3497875122589081,0.3768802138692949,0.4136524117197517
macro_f1,huron,huron__bww1_Feb-16-2023-bww1-intloss_00000000,appod,H28,0.3664712684930414,0.38636154102080006,0.4303478175189674
macro_f1,huron,huron__bww1_Feb-16-2023-bww1-intloss_00000000,appod,H30,0.3322299043229276,0.3716259619040128,0.4528699103593003
macro_f1,huron,huron__bww1_Feb-16-2023-bww1-intloss_00000000,appod,H32,0.31427099433281813,0.3656655436259793,0.4537745174548671
macro_f1,huron,huron__bww1_Feb-16-2023-bww1-intloss_00000001,appfr,H02,0.37492328800750463,0.4328055520924241,0.33267521660325905
macro_f1,huron,huron__bww1_Feb-16-2023-bww1-intloss_00000001,appfr,H04,0.3462092678194373,0.37726865891963907,0.34444599348191973
macro_f1,huron,huron__bww1_Feb-16-2023-bww1-intloss_00000001,appfr,H06,0.3194359570546356,0.3866657087434442,0.3494927191928226
macro_f1,huron,huron__bww1_Feb-16-2023-bww1-intloss_00000001,appfr,H08,0.3232772121439916,0.3891942246151589,0.3472461768425894
macro_f1,huron,huron__bww1_Feb-16-2023-bww1-intloss_00000001,appfr,H10,0.36456987332164564,0.37010824249237717,0.3310458645173671
macro_f1,huron,huron__bww1_Feb-16-2023-bww1-intloss_00000001,appfr,H12,0.4056484712448696,0.3697468715911472,0.32417830406518416
macro_f1,huron,huron__bww1_Feb-16-2023-bww1-intloss_00000001,appfr,H14,0.33515685173981397,0.3180436654678081,0.32901801394952085
macro_f1,huron,huron__bww1_Feb-16-2023-bww1-intloss_00000001,appfr,H16,0.35384093217863527,0.31546856166369147,0.3207499122700777
macro_f1,huron,huron__bww1_Feb-16-2023-bww1-intloss_00000001,appfr,H18,0.367291125079662,0.3763917651863322,0.31591143151390316
macro_f1,huron,huron__bww1_Feb-16-2023-bww1-intloss_00000001,appfr,H20,0.39478410765423866,0.37770395431201864,0.3069264069264069
macro_f1,huron,huron__bww1_Feb-16-2023-bww1-intloss_00000001,appfr,H22,0.35745602426150286,0.3881177497796648,0.299668082346153
macro_f1,huron,huron__bww1_Feb-16-2023-bww1-intloss_00000001,appfr,H24,0.36103212216956293,0.36911159525538606,0.29525651356432986
macro_f1,huron,huron__bww1_Feb-16-2023-bww1-intloss_00000001,appfr,H26,0.3273858875291568,0.34391394346601517,0.29494907959482985
macro_f1,huron,huron__bww1_Feb-16-2023-bww1-intloss_00000001,appfr,H28,0.32343368843600434,0.3398490354668799,0.2974827763975403
macro_f1,huron,huron__bww1_Feb-16-2023-bww1-intloss_00000001,appfr,H30,0.3153918791312559,0.35689667397679337,0.29804725826275763
macro_f1,huron,huron__bww1_Feb-16-2023-bww1-intloss_00000001,appfr,H32,0.3153918791312559,0.3456565290386975,0.2997894629483929
macro_f1,huron,huron__bww1_Feb-16-2023-bww1-intloss_00000001,appod,H02,0.44723374078449646,0.3631609233378487,0.33568654850235435
macro_f1,huron,huron__bww1_Feb-16-2023-bww1-intloss_00000001,appod,H04,0.46213292243274634,0.3560375747565301,0.3332175395204284
macro_f1,huron,huron__bww1_Feb-16-2023-bww1-intloss_00000001,appod,H06,0.4134048918910582,0.34084851707978786,0.34225930304361674
macro_f1,huron,huron__bww1_Feb-16-2023-bww1-intloss_00000001,appod,H08,0.4083682911067626,0.34052819534517265,0.3381453550843043
macro_f1,huron,huron__bww1_Feb-16-2023-bww1-intloss_00000001,appod,H10,0.44107305503829314,0.3470020079291735,0.3265710890547391
macro_f1,huron,huron__bww1_Feb-16-2023-bww1-intloss_00000001,appod,H12,0.4539893846252228,0.33823515844086666,0.32080940120155804
macro_f1,huron,huron__bww1_Feb-16-2023-bww1-intloss_00000001,appod,H14,0.4419824106625001,0.3642906860808548,0.3199563128003495
macro_f1,huron,huron__bww1_Feb-16-2023-bww1-intloss_00000001,appod,H16,0.44458751242432454,0.3413437861199055,0.31678048037653583
macro_f1,huron,huron__bww1_Feb-16-2023-bww1-intloss_00000001,appod,H18,0.41804689102851594,0.3484742910917545,0.3048777638348083
macro_f1,huron,huron__bww1_Feb-16-2023-bww1-intloss_00000001,appod,H20,0.45950154398081194,0.351185020023018,0.3002802491042062
macro_f1,huron,huron__bww1_Feb-16-2023-bww1-intloss_00000001,appod,H22,0.4134343480167551,0.356599590597809,0.3002802491042062
macro_f1,huron,huron__bww1_Feb-16-2023-bww1-intloss_00000001,appod,H24,0.4194085757479466,0.34815575524176295,0.29840806645254014
macro_f1,huron,huron__bww1_Feb-16-2023-bww1-intloss_00000001,appod,H26,0.39156456837065196,0.29449512588787924,0.3011452525078708
macro_f1,huron,huron__bww1_Feb-16-2023-bww1-intloss_00000001,appod,H28,0.3807973724943107,0.2834628493524199,0.309248603119006
macro_f1,huron,huron__bww1_Feb-16-2023-bww1-intloss_00000001,appod,H30,0.3995115995115995,0.3066778132441607,0.30109835007238445
macro_f1,huron,huron__bww1_Feb-16-2023-bww1-intloss_00000001,appod,H32,0.3757604128279444,0.29808300007581373,0.2989447784323848
macro_f1,huron,huron__bww1_Feb-16-2023-bww1-intloss_00000002,appfr,H02,0.485587783500497,0.45560821484992103,0.3189238713976345
macro_f1,huron,huron__bww1_Feb-16-2023-bww1-intloss_00000002,appfr,H04,0.3711417389824741,0.43016868240426676,0.3293875642823749
macro_f1,huron,huron__bww1_Feb-16-2023-bww1-intloss_00000002,appfr,H06,0.367842535787321,0.33143308240999186,0.31866052057161326
macro_f1,huron,huron__bww1_Feb-16-2023-bww1-intloss_00000002,appfr,H08,0.32567636549259826,0.3398018856665473,0.32585034013605435
macro_f1,huron,huron__bww1_Feb-16-2023-bww1-intloss_00000002,appfr,H10,0.32462877624167946,0.302661568131311,0.3422958461666528
macro_f1,huron,huron__bww1_Feb-16-2023-bww1-intloss_00000002,appfr,H12,0.32567636549259826,0.3178163504842271,0.34351673249441234
macro_f1,huron,huron__bww1_Feb-16-2023-bww1-intloss_00000002,appfr,H14,0.3261977573904179,0.39605333045255264,0.3413558887607331
macro_f1,huron,huron__bww1_Feb-16-2023-bww1-intloss_00000002,appfr,H16,0.3261977573904179,0.3864559213396423,0.3353174603174603
macro_f1,huron,huron__bww1_Feb-16-2023-bww1-intloss_00000002,appfr,H18,0.32567636549259826,0.2973610496830311,0.34478458049886623
macro_f1,huron,huron__bww1_Feb-16-2023-bww1-intloss_00000002,appfr,H20,0.3261977573904179,0.3178163504842271,0.35801261143726903
macro_f1,huron,huron__bww1_Feb-16-2023-bww1-intloss_00000002,appfr,H22,0.3261977573904179,0.3047945041300523,0.3512319445253019
macro_f1,huron,huron__bww1_Feb-16-2023-bww1-intloss_00000002,appfr,H24,0.3261977573904179,0.31016761543327004,0.35390164929009965
macro_f1,huron,huron__bww1_Feb-16-2023-bww1-intloss_00000002,appfr,H26,0.3261977573904179,0.2973610496830311,0.34477475473842883
macro_f1,huron,huron__bww1_Feb-16-2023-bww1-intloss_00000002,appfr,H28,0.3261977573904179,0.30693621707637747,0.3512319445253019
macro_f1,huron,huron__bww1_Feb-16-2023-bww1-intloss_00000002,appfr,H30,0.3261977573904179,0.3134250935480784,0.34861383561556875
macro_f1,huron,huron__bww1_Feb-16-2023-bww1-intloss_00000002,appfr,H32,0.3261977573904179,0.3189238713976345,0.35390164929009965
macro_f1,huron,huron__bww1_Feb-16-2023-bww1-intloss_00000002,appod,H02,0.4678571428571428,0.37865618101545256,0.3291074571998156
macro_f1,huron,huron__bww1_Feb-16-2023-bww1-intloss_00000002,appod,H04,0.46007298818581055,0.376087496892866,0.32715471051100703
macro_f1,huron,huron__bww1_Feb-16-2023-bww1-intloss_00000002,appod,H06,0.39330357142857136,0.3291074571998156,0.3107926885276017
macro_f1,huron,huron__bww1_Feb-16-2023-bww1-intloss_00000002,appod,H08,0.3964869705899347,0.3189238713976345,0.31866052057161326
macro_f1,huron,huron__bww1_Feb-16-2023-bww1-intloss_00000002,appod,H10,0.38746081504702196,0.32452919706061534,0.33394785016139156
macro_f1,huron,huron__bww1_Feb-16-2023-bww1-intloss_00000002,appod,H12,0.37075557096357925,0.32339842411784864,0.337715443353592
macro_f1,huron,huron__bww1_Feb-16-2023-bww1-intloss_00000002,appod,H14,0.3731927470245227,0.37774160316449223,0.3499166987056261
macro_f1,huron,huron__bww1_Feb-16-2023-bww1-intloss_00000002,appod,H16,0.3964869705899347,0.35525719917952,0.34107026396183016
macro_f1,huron,huron__bww1_Feb-16-2023-bww1-intloss_00000002,appod,H18,0.3533164461957032,0.3291074571998156,0.3425898973433467
macro_f1,huron,huron__bww1_Feb-16-2023-bww1-intloss_00000002,appod,H20,0.39987219426471765,0.3256652546975128,0.34477475473842883
macro_f1,huron,huron__bww1_Feb-16-2023-bww1-intloss_00000002,appod,H22,0.3846514682427995,0.3326059283506092,0.3398018856665473
macro_f1,huron,huron__bww1_Feb-16-2023-bww1-intloss_00000002,appod,H24,0.32462877624167946,0.32059082892416224,0.3385820714467463
macro_f1,huron,huron__bww1_Feb-16-2023-bww1-intloss_00000002,appod,H26,0.36216524216524215,0.25921046210901283,0.3326059283506092
macro_f1,huron,huron__bww1_Feb-16-2023-bww1-intloss_00000002,appod,H28,0.32462877624167946,0.2636133552005507,0.3349730940668376
macro_f1,huron,huron__bww1_Feb-16-2023-bww1-intloss_00000002,appod,H30,0.32462877624167946,0.2639158994165726,0.3337858349800957
macro_f1,huron,huron__bww1_Feb-16-2023-bww1-intloss_00000002,appod,H32,0.32567636549259826,0.2639158994165726,0.3349730940668376
macro_f1,huron,huron__bww2_Feb-20-2023-bww2-intloss_00000000,appfr,H02,0.3566400433193448,0.3579849159361757,0.28401519424663335
macro_f1,huron,huron__bww2_Feb-20-2023-bww2-intloss_00000000,appfr,H04,0.33131382937879134,0.37183488147250676,0.3442663962136579
macro_f1,huron,huron__bww2_Feb-20-2023-bww2-intloss_00000000,appfr,H06,0.32119129438717064,0.24996623634558093,0.34628385159492897
macro_f1,huron,huron__bww2_Feb-20-2023-bww2-intloss_00000000,appfr,H08,0.3219021490626429,0.25974889464143575,0.34684830007689044
macro_f1,huron,huron__bww2_Feb-20-2023-bww2-intloss_00000000,appfr,H10,0.3209536909674461,0.22682388270623563,0.31761252746915003
macro_f1,huron,huron__bww2_Feb-20-2023-bww2-intloss_00000000,appfr,H12,0.31928127159640635,0.24390530405710667,0.31896035371201004
macro_f1,huron,huron__bww2_Feb-20-2023-bww2-intloss_00000000,appfr,H14,0.32213845099383137,0.36112298119193814,0.30948811653874764
macro_f1,huron,huron__bww2_Feb-20-2023-bww2-intloss_00000000,appfr,H16,0.3219021490626429,0.3564431019373124,0.3186676924724456
macro_f1,huron,huron__bww2_Feb-20-2023-bww2-intloss_00000000,appfr,H18,0.32213845099383137,0.2547845103830119,0.3217016259877905
macro_f1,huron,huron__bww2_Feb-20-2023-bww2-intloss_00000000,appfr,H20,0.32213845099383137,0.26465592026953416,0.31730398851419966
macro_f1,huron,huron__bww2_Feb-20-2023-bww2-intloss_00000000,appfr,H22,0.32213845099383137,0.24733197736231102,0.31608481838543184
macro_f1,huron,huron__bww2_Feb-20-2023-bww2-intloss_00000000,appfr,H24,0.3223744292237443,0.2495055237256921,0.3133525748139146
macro_f1,huron,huron__bww2_Feb-20-2023-bww2-intloss_00000000,appfr,H26,0.3223744292237443,0.23796264378822116,0.3147094544632561
macro_f1,huron,huron__bww2_Feb-20-2023-bww2-intloss_00000000,appfr,H28,0.3223744292237443,0.23673976636139415,0.31480195816644413
macro_f1,huron,huron__bww2_Feb-20-2023-bww2-intloss_00000000,appfr,H30,0.3223744292237443,0.24464366020955022,0.3173400673400673
macro_f1,huron,huron__bww2_Feb-20-2023-bww2-intloss_00000000,appfr,H32,0.3223744292237443,0.24885803009380814,0.32027496798139005
macro_f1,huron,huron__bww2_Feb-20-2023-bww2-intloss_00000000,appod,H02,0.36931152632200787,0.31155772513464636,0.2991862574976032
macro_f1,huron,huron__bww2_Feb-20-2023-bww2-intloss_00000000,appod,H04,0.3694557943980577,0.3274533274533274,0.3430768738369249
macro_f1,huron,huron__bww2_Feb-20-2023-bww2-intloss_00000000,appod,H06,0.43187707909076933,0.27216861517257485,0.33810436292005536
macro_f1,huron,huron__bww2_Feb-20-2023-bww2-intloss_00000000,appod,H08,0.41962351077997334,0.26161985153998035,0.33906867104646604
macro_f1,huron,huron__bww2_Feb-20-2023-bww2-intloss_00000000,appod,H10,0.4036772864162308,0.26603869264700775,0.3162420055106531
macro_f1,huron,huron__bww2_Feb-20-2023-bww2-intloss_00000000,appod,H12,0.4117529574435397,0.26988892392865904,0.30566746221161495
macro_f1,huron,huron__bww2_Feb-20-2023-bww2-intloss_00000000,appod,H14,0.4295782174358587,0.35944912012241775,0.305227074715998
macro_f1,huron,huron__bww2_Feb-20-2023-bww2-intloss_00000000,appod,H16,0.44089719340478783,0.35664010133766616,0.30727966137211343
macro_f1,huron,huron__bww2_Feb-20-2023-bww2-intloss_00000000,appod,H18,0.37832037956113246,0.3091293664071934,0.29217850930014716
macro_f1,huron,huron__bww2_Feb-20-2023-bww2-intloss_00000000,appod,H20,0.4008982863460475,0.3081982460802551,0.2898992481301581
macro_f1,huron,huron__bww2_Feb-20-2023-bww2-intloss_00000000,appod,H22,0.38220705003677785,0.3220457773105369,0.2861061063601221
macro_f1,huron,huron__bww2_Feb-20-2023-bww2-intloss_00000000,appod,H24,0.369658651188502,0.31003742124958555,0.2847425717354951
macro_f1,huron,huron__bww2_Feb-20-2023-bww2-intloss_00000000,appod,H26,0.37471931862175767,0.29231872717788215,0.2794011629082138
macro_f1,huron,huron__bww2_Feb-20-2023-bww2-intloss_00000000,appod,H28,0.3509543197043197,0.2931683919782791,0.28403859061988906
macro_f1,huron,huron__bww2_Feb-20-2023-bww2-intloss_00000000,appod,H30,0.38220705003677785,0.3048017426327351,0.2846973648173949
macro_f1,huron,huron__bww2_Feb-20-2023-bww2-intloss_00000000,appod,H32,0.3509543197043197,0.29683593075673204,0.2846973648173949
macro_f1,huron,huron__bww2_Feb-20-2023-bww2-intloss_00000001,appfr,H02,0.34887334887334887,0.3388305667713474,0.26876785463400926
macro_f1,huron,huron__bww2_Feb-20-2023-bww2-intloss_00000001,appfr,H04,0.3292130201895344,0.3227418745275888,0.2935961003368271
macro_f1,huron,huron__bww2_Feb-20-2023-bww2-intloss_00000001,appfr,H06,0.3294214535721639,0.2608761001711318,0.30487721679431523
macro_f1,huron,huron__bww2_Feb-20-2023-bww2-intloss_00000001,appfr,H08,0.32962962962962966,0.2677424453928752,0.3257683973998876
macro_f1,huron,huron__bww2_Feb-20-2023-bww2-intloss_00000001,appfr,H10,0.3292130201895344,0.22660737688756027,0.33090538756132787
macro_f1,huron,huron__bww2_Feb-20-2023-bww2-intloss_00000001,appfr,H12,0.3300452116728319,0.23768801976228357,0.32563923005099477
macro_f1,huron,huron__bww2_Feb-20-2023-bww2-intloss_00000001,appfr,H14,0.3302526186075169,0.32372347707049964,0.32650779641070904
macro_f1,huron,huron__bww2_Feb-20-2023-bww2-intloss_00000001,appfr,H16,0.3302526186075169,0.31814838516404803,0.3270137736779674
macro_f1,huron,huron__bww2_Feb-20-2023-bww2-intloss_00000001,appfr,H18,0.3300452116728319,0.26122761416879064,0.33393538029299613
macro_f1,huron,huron__bww2_Feb-20-2023-bww2-intloss_00000001,appfr,H20,0.3302526186075169,0.27103909112922164,0.3334870194353809
macro_f1,huron,huron__bww2_Feb-20-2023-bww2-intloss_00000001,appfr,H22,0.3302526186075169,0.2679017355810213,0.3385595800026882
macro_f1,huron,huron__bww2_Feb-20-2023-bww2-intloss_00000001,appfr,H24,0.3302526186075169,0.27804406101697504,0.34451457367770383
macro_f1,huron,huron__bww2_Feb-20-2023-bww2-intloss_00000001,appfr,H26,0.3302526186075169,0.25697629431748487,0.34879851621525787
macro_f1,huron,huron__bww2_Feb-20-2023-bww2-intloss_00000001,appfr,H28,0.3302526186075169,0.2734472807402975,0.3541731895830256
macro_f1,huron,huron__bww2_Feb-20-2023-bww2-intloss_00000001,appfr,H30,0.3302526186075169,0.2751587301587302,0.3438648415340979
macro_f1,huron,huron__bww2_Feb-20-2023-bww2-intloss_00000001,appfr,H32,0.3302526186075169,0.28356636505841043,0.3415481557399927
macro_f1,huron,huron__bww2_Feb-20-2023-bww2-intloss_00000001,appod,H02,0.3371398035105027,0.29826743475604434,0.2655316805671871
macro_f1,huron,huron__bww2_Feb-20-2023-bww2-intloss_00000001,appod,H04,0.3288278140722385,0.31662056505124475,0.2844977228787067
macro_f1,huron,huron__bww2_Feb-20-2023-bww2-intloss_00000001,appod,H06,0.377727469775059,0.2745471171765577,0.3037270911780817
macro_f1,huron,huron__bww2_Feb-20-2023-bww2-intloss_00000001,appod,H08,0.35618038219536047,0.26606272389814356,0.31002396849854474
macro_f1,huron,huron__bww2_Feb-20-2023-bww2-intloss_00000001,appod,H10,0.3859146654916648,0.2758164294194056,0.3083136123136124
macro_f1,huron,huron__bww2_Feb-20-2023-bww2-intloss_00000001,appod,H12,0.35756579242926584,0.2722091387099163,0.3146089466089466
macro_f1,huron,huron__bww2_Feb-20-2023-bww2-intloss_00000001,appod,H14,0.36666208854095134,0.3345210389749351,0.3117016503810634
macro_f1,huron,huron__bww2_Feb-20-2023-bww2-intloss_00000001,appod,H16,0.3292130201895344,0.3257694314032342,0.3192495574797159
macro_f1,huron,huron__bww2_Feb-20-2023-bww2-intloss_00000001,appod,H18,0.3287953795379538,0.28921586383932346,0.3141916090152027
macro_f1,huron,huron__bww2_Feb-20-2023-bww2-intloss_00000001,appod,H20,0.32816697664806777,0.2860610655074249,0.3063348052230789
macro_f1,huron,huron__bww2_Feb-20-2023-bww2-intloss_00000001,appod,H22,0.3283767038413879,0.3003328701719757,0.29940960323686056
macro_f1,huron,huron__bww2_Feb-20-2023-bww2-intloss_00000001,appod,H24,0.3294214535721639,0.29632377184305975,0.29864787350362815
macro_f1,huron,huron__bww2_Feb-20-2023-bww2-intloss_00000001,appod,H26,0.3300452116728319,0.2627220918538384,0.2907574285125305
macro_f1,huron,huron__bww2_Feb-20-2023-bww2-intloss_00000001,appod,H28,0.32962962962962966,0.25830996620754115,0.2988706108706109
macro_f1,huron,huron__bww2_Feb-20-2023-bww2-intloss_00000001,appod,H30,0.3300452116728319,0.28153733277135146,0.304662643021102
macro_f1,huron,huron__bww2_Feb-20-2023-bww2-intloss_00000001,appod,H32,0.3300452116728319,0.2768787058226433,0.29752473230589166
macro_f1,huron,huron__bww2_Feb-20-2023-bww2-intloss_00000002,appfr,H02,0.33490043190765584,0.3394272141424761,0.1457062493840077
macro_f1,huron,huron__bww2_Feb-20-2023-bww2-intloss_00000002,appfr,H04,0.32336182336182334,0.298974358974359,0.27590749414519905
macro_f1,huron,huron__bww2_Feb-20-2023-bww2-intloss_00000002,appfr,H06,0.3259102156238954,0.21774745758413436,0.30672865158624824
macro_f1,huron,huron__bww2_Feb-20-2023-bww2-intloss_00000002,appfr,H08,0.32627118644067793,0.17488531305677527,0.314964528582149
macro_f1,huron,huron__bww2_Feb-20-2023-bww2-intloss_00000002,appfr,H10,0.32627118644067793,0.1263711001642036,0.3137709808006439
macro_f1,huron,huron__bww2_Feb-20-2023-bww2-intloss_00000002,appfr,H12,0.32627118644067793,0.13270983213429258,0.29562972658522396
macro_f1,huron,huron__bww2_Feb-20-2023-bww2-intloss_00000002,appfr,H14,0.32627118644067793,0.2965893151227559,0.30292405102067266
macro_f1,huron,huron__bww2_Feb-20-2023-bww2-intloss_00000002,appfr,H16,0.32627118644067793,0.2856956663408276,0.32333574273282595
macro_f1,huron,huron__bww2_Feb-20-2023-bww2-intloss_00000002,appfr,H18,0.32627118644067793,0.14603797405121638,0.32249209653789807
macro_f1,huron,huron__bww2_Feb-20-2023-bww2-intloss_00000002,appfr,H20,0.32627118644067793,0.14603797405121638,0.33074310496205267
macro_f1,huron,huron__bww2_Feb-20-2023-bww2-intloss_00000002,appfr,H22,0.32627118644067793,0.14402234282268558,0.33499301187980435
macro_f1,huron,huron__bww2_Feb-20-2023-bww2-intloss_00000002,appfr,H24,0.32627118644067793,0.145031702240937,0.3567017363784107
macro_f1,huron,huron__bww2_Feb-20-2023-bww2-intloss_00000002,appfr,H26,0.32627118644067793,0.1626910186637149,0.3591314629689348
macro_f1,huron,huron__bww2_Feb-20-2023-bww2-intloss_00000002,appfr,H28,0.32627118644067793,0.16743388266926265,0.357688492063492
macro_f1,huron,huron__bww2_Feb-20-2023-bww2-intloss_00000002,appfr,H30,0.32627118644067793,0.18307622504537205,0.376858966540635
macro_f1,huron,huron__bww2_Feb-20-2023-bww2-intloss_00000002,appfr,H32,0.32627118644067793,0.17672267660315752,0.3635077448469326
macro_f1,huron,huron__bww2_Feb-20-2023-bww2-intloss_00000002,appod,H02,0.3316231555051078,0.24275493025493022,0.13240635675390092
macro_f1,huron,huron__bww2_Feb-20-2023-bww2-intloss_00000002,appod,H04,0.2973180076628352,0.24494358937171798,0.23665821358129055
macro_f1,huron,huron__bww2_Feb-20-2023-bww2-intloss_00000002,appod,H06,0.3247674154753801,0.1971123417721519,0.27689308430044635
macro_f1,huron,huron__bww2_Feb-20-2023-bww2-intloss_00000002,appod,H08,0.3088344469190794,0.19068841893252772,0.2711098100442363
macro_f1,huron,huron__bww2_Feb-20-2023-bww2-intloss_00000002,appod,H10,0.3154826958105647,0.19722582809468936,0.25563320757828767
macro_f1,huron,huron__bww2_Feb-20-2023-bww2-intloss_00000002,appod,H12,0.3211469534050179,0.1795955322736601,0.2469053934571176
macro_f1,huron,huron__bww2_Feb-20-2023-bww2-intloss_00000002,appod,H14,0.3226266952177016,0.2976639912016328,0.2578508026440038
macro_f1,huron,huron__bww2_Feb-20-2023-bww2-intloss_00000002,appod,H16,0.3229946524064171,0.2788676175045027,0.27149181996827426
macro_f1,huron,huron__bww2_Feb-20-2023-bww2-intloss_00000002,appod,H18,0.3244586439474619,0.21342216753450075,0.264996623073617
macro_f1,huron,huron__bww2_Feb-20-2023-bww2-intloss_00000002,appod,H20,0.32409381663113007,0.20299897147187787,0.2697632327047737
macro_f1,huron,huron__bww2_Feb-20-2023-bww2-intloss_00000002,appod,H22,0.32518597236981933,0.22430504818564515,0.26528562460765853
macro_f1,huron,huron__bww2_Feb-20-2023-bww2-intloss_00000002,appod,H24,0.3255484784147205,0.21966179539987787,0.26886002886002885
macro_f1,huron,huron__bww2_Feb-20-2023-bww2-intloss_00000002,appod,H26,0.32336182336182334,0.21975609756097558,0.27247175310416416
macro_f1,huron,huron__bww2_Feb-20-2023-bww2-intloss_00000002,appod,H28,0.3259102156238954,0.19894185054248448,0.2842794460441519
macro_f1,huron,huron__bww2_Feb-20-2023-bww2-intloss_00000002,appod,H30,0.32518597236981933,0.2477319981725453,0.2806114312027584
macro_f1,huron,huron__bww2_Feb-20-2023-bww2-intloss_00000002,appod,H32,0.32627118644067793,0.24328858752078797,0.2843448801113533
macro_f1,huron,huron__bww8_Feb-03-2023-bww8-intloss_00000000,appfr,H02,0.40808533241454553,0.28761325872695775,0.29667674282281714
macro_f1,huron,huron__bww8_Feb-03-2023-bww8-intloss_00000000,appfr,H04,0.31244661096473275,0.28892150467492933,0.3195318082252756
macro_f1,huron,huron__bww8_Feb-03-2023-bww8-intloss_00000000,appfr,H06,0.3237184730985458,0.2303057752482848,0.33754728132387707
macro_f1,huron,huron__bww8_Feb-03-2023-bww8-intloss_00000000,appfr,H08,0.31792586304470855,0.21836178146526075,0.33457273888308375
macro_f1,huron,huron__bww8_Feb-03-2023-bww8-intloss_00000000,appfr,H10,0.2999090545309032,0.19745974753585105,0.33715471725697804
macro_f1,huron,huron__bww8_Feb-03-2023-bww8-intloss_00000000,appfr,H12,0.30515721440091187,0.19949200802433184,0.32523122456529785
macro_f1,huron,huron__bww8_Feb-03-2023-bww8-intloss_00000000,appfr,H14,0.29407121100411837,0.27621309925820764,0.3382011584732895
macro_f1,huron,huron__bww8_Feb-03-2023-bww8-intloss_00000000,appfr,H16,0.29187893317350916,0.2608964927258683,0.35480501921179886
macro_f1,huron,huron__bww8_Feb-03-2023-bww8-intloss_00000000,appfr,H18,0.29458096094296277,0.18513167650653395,0.35065924386635533
macro_f1,huron,huron__bww8_Feb-03-2023-bww8-intloss_00000000,appfr,H20,0.29000886838859125,0.18867476360638671,0.33767999385327513
macro_f1,huron,huron__bww8_Feb-03-2023-bww8-intloss_00000000,appfr,H22,0.28444047981282233,0.1860830386889019,0.32885142980930043
macro_f1,huron,huron__bww8_Feb-03-2023-bww8-intloss_00000000,appfr,H24,0.28965463530322105,0.1901338188964999,0.31862478252052046
macro_f1,huron,huron__bww8_Feb-03-2023-bww8-intloss_00000000,appfr,H26,0.28444047981282233,0.21064446500154177,0.29872482376511006
macro_f1,huron,huron__bww8_Feb-03-2023-bww8-intloss_00000000,appfr,H28,0.28421803674477386,0.21147335682043378,0.29260839787155574
macro_f1,huron,huron__bww8_Feb-03-2023-bww8-intloss_00000000,appfr,H30,0.28693633602399743,0.2068480987166108,0.2832896006092263
macro_f1,huron,huron__bww8_Feb-03-2023-bww8-intloss_00000000,appfr,H32,0.28488507331666396,0.19715474386854517,0.2712448926041159
macro_f1,huron,huron__bww8_Feb-03-2023-bww8-intloss_00000000,appod,H02,0.3753750603874951,0.2746709152110938,0.2882233182313471
macro_f1,huron,huron__bww8_Feb-03-2023-bww8-intloss_00000000,appod,H04,0.33515656889614553,0.27818896376241936,0.3085622059909002
macro_f1,huron,huron__bww8_Feb-03-2023-bww8-intloss_00000000,appod,H06,0.3712556451063356,0.23643867386163384,0.3275572293050742
macro_f1,huron,huron__bww8_Feb-03-2023-bww8-intloss_00000000,appod,H08,0.3722961171570603,0.22133929878495096,0.3331414916110951
macro_f1,huron,huron__bww8_Feb-03-2023-bww8-intloss_00000000,appod,H10,0.3913488480017037,0.22929190288341242,0.3288964055665174
macro_f1,huron,huron__bww8_Feb-03-2023-bww8-intloss_00000000,appod,H12,0.3818734457032329,0.22667865178295746,0.3280833518055503
macro_f1,huron,huron__bww8_Feb-03-2023-bww8-intloss_00000000,appod,H14,0.3664046922918735,0.2844199813978917,0.3330705240835918
macro_f1,huron,huron__bww8_Feb-03-2023-bww8-intloss_00000000,appod,H16,0.384291174779285,0.26306273838483946,0.33734107520515283
macro_f1,huron,huron__bww8_Feb-03-2023-bww8-intloss_00000000,appod,H18,0.3682257383202385,0.23250753812815006,0.33097424897026095
macro_f1,huron,huron__bww8_Feb-03-2023-bww8-intloss_00000000,appod,H20,0.35942844284428443,0.22830301700092362,0.32779390176940576
macro_f1,huron,huron__bww8_Feb-03-2023-bww8-intloss_00000000,appod,H22,0.3324975587898783,0.22757804591096886,0.3119612639194987
macro_f1,huron,huron__bww8_Feb-03-2023-bww8-intloss_00000000,appod,H24,0.3275362902954947,0.22830428584271975,0.30286340269480494
macro_f1,huron,huron__bww8_Feb-03-2023-bww8-intloss_00000000,appod,H26,0.3249176066265003,0.2548741488112124,0.2874076037341344
macro_f1,huron,huron__bww8_Feb-03-2023-bww8-intloss_00000000,appod,H28,0.31650338636005676,0.24528250254410497,0.27993997103131657
macro_f1,huron,huron__bww8_Feb-03-2023-bww8-intloss_00000000,appod,H30,0.32344426087640626,0.31981436031067884,0.2730118411577451
macro_f1,huron,huron__bww8_Feb-03-2023-bww8-intloss_00000000,appod,H32,0.30274376950905885,0.2799951835000473,0.2653796376771617
macro_f1,huron,huron__bww8_Feb-03-2023-bww8-intloss_00000001,appfr,H02,0.4448694896641607,0.461617153315637,0.412067585058879
macro_f1,huron,huron__bww8_Feb-03-2023-bww8-intloss_00000001,appfr,H04,0.39972146888514265,0.4484600258310741,0.4150083810829262
macro_f1,huron,huron__bww8_Feb-03-2023-bww8-intloss_00000001,appfr,H06,0.3653449204259902,0.371512498604422,0.40065927397109125
macro_f1,huron,huron__bww8_Feb-03-2023-bww8-intloss_00000001,appfr,H08,0.3708941605839416,0.3738996121060089,0.3968887720053235
macro_f1,huron,huron__bww8_Feb-03-2023-bww8-intloss_00000001,appfr,H10,0.3644334504539973,0.33699132684437094,0.40580909214449584
macro_f1,huron,huron__bww8_Feb-03-2023-bww8-intloss_00000001,appfr,H12,0.378621515306995,0.3572278706163947,0.4074041360467308
macro_f1,huron,huron__bww8_Feb-03-2023-bww8-intloss_00000001,appfr,H14,0.3655788480266659,0.43850444071796785,0.4175291337795861
macro_f1,huron,huron__bww8_Feb-03-2023-bww8-intloss_00000001,appfr,H16,0.36793845455061597,0.44597616495426723,0.4274254570673184
macro_f1,huron,huron__bww8_Feb-03-2023-bww8-intloss_00000001,appfr,H18,0.37606547995542305,0.33678780399761593,0.4232450373580023
macro_f1,huron,huron__bww8_Feb-03-2023-bww8-intloss_00000001,appfr,H20,0.37804634285099253,0.35073440268245465,0.4220397777150437
macro_f1,huron,huron__bww8_Feb-03-2023-bww8-intloss_00000001,appfr,H22,0.37269297989349653,0.33345258967588776,0.42872888059024133
macro_f1,huron,huron__bww8_Feb-03-2023-bww8-intloss_00000001,appfr,H24,0.38411194210887617,0.34157858792155843,0.4249140375218676
macro_f1,huron,huron__bww8_Feb-03-2023-bww8-intloss_00000001,appfr,H26,0.3767188546444773,0.328616914299572,0.42040776139136793
macro_f1,huron,huron__bww8_Feb-03-2023-bww8-intloss_00000001,appfr,H28,0.39410643172348053,0.35968011405404204,0.4234257748776509
macro_f1,huron,huron__bww8_Feb-03-2023-bww8-intloss_00000001,appfr,H30,0.3895591219332227,0.3429637890517154,0.4337450205103144
macro_f1,huron,huron__bww8_Feb-03-2023-bww8-intloss_00000001,appfr,H32,0.3783871744801677,0.3611356805084908,0.4452494433356724
macro_f1,huron,huron__bww8_Feb-03-2023-bww8-intloss_00000001,appod,H02,0.4784070027730447,0.3558666250880658,0.4153134991840382
macro_f1,huron,huron__bww8_Feb-03-2023-bww8-intloss_00000001,appod,H04,0.43357345651247853,0.39487179487179486,0.4130941164678761
macro_f1,huron,huron__bww8_Feb-03-2023-bww8-intloss_00000001,appod,H06,0.4390255921157209,0.3347727955166766,0.4082653329823637
macro_f1,huron,huron__bww8_Feb-03-2023-bww8-intloss_00000001,appod,H08,0.44843814553358124,0.3372819683739501,0.4072469380839425
macro_f1,huron,huron__bww8_Feb-03-2023-bww8-intloss_00000001,appod,H10,0.4516103670267871,0.35335655852897235,0.4144922974304783
macro_f1,huron,huron__bww8_Feb-03-2023-bww8-intloss_00000001,appod,H12,0.4328772585669782,0.35537125223592403,0.4112800838400206
macro_f1,huron,huron__bww8_Feb-03-2023-bww8-intloss_00000001,appod,H14,0.41639525296503144,0.4196868717402466,0.41807435386283354
macro_f1,huron,huron__bww8_Feb-03-2023-bww8-intloss_00000001,appod,H16,0.41548366236829093,0.40614183254331476,0.42735205286923234
macro_f1,huron,huron__bww8_Feb-03-2023-bww8-intloss_00000001,appod,H18,0.3993242356003191,0.34995130523544987,0.4100986206436996
macro_f1,huron,huron__bww8_Feb-03-2023-bww8-intloss_00000001,appod,H20,0.40855915976301205,0.3442345276872964,0.4049237372182894
macro_f1,huron,huron__bww8_Feb-03-2023-bww8-intloss_00000001,appod,H22,0.40427347316745715,0.34971434200157603,0.40926056946999356
macro_f1,huron,huron__bww8_Feb-03-2023-bww8-intloss_00000001,appod,H24,0.41631409397645913,0.3469062904990794,0.41256569517439085
macro_f1,huron,huron__bww8_Feb-03-2023-bww8-intloss_00000001,appod,H26,0.4225625715280888,0.31804877303192186,0.4058511663774822
macro_f1,huron,huron__bww8_Feb-03-2023-bww8-intloss_00000001,appod,H28,0.4318848619329388,0.30825084552157417,0.4103523614470322
macro_f1,huron,huron__bww8_Feb-03-2023-bww8-intloss_00000001,appod,H30,0.4466703796528358,0.33996625563954486,0.41497961329184957
macro_f1,huron,huron__bww8_Feb-03-2023-bww8-intloss_00000001,appod,H32,0.4193985832687326,0.3414335718489608,0.40969183033611123
macro_f1,huron,huron__bww8_Feb-03-2023-bww8-intloss_00000002,appfr,H02,0.36583628308733496,0.3531271517655388,0.32865204921824404
macro_f1,huron,huron__bww8_Feb-03-2023-bww8-intloss_00000002,appfr,H04,0.3062372188139059,0.3387429744920017,0.29832696390658175
macro_f1,huron,huron__bww8_Feb-03-2023-bww8-intloss_00000002,appfr,H06,0.32853251923019366,0.2953342602767375,0.3017423357831353
macro_f1,huron,huron__bww8_Feb-03-2023-bww8-intloss_00000002,appfr,H08,0.3226147515036404,0.29300157563025214,0.3232579083642913
macro_f1,huron,huron__bww8_Feb-03-2023-bww8-intloss_00000002,appfr,H10,0.3119990422316004,0.28308411920514914,0.34348763252514347
macro_f1,huron,huron__bww8_Feb-03-2023-bww8-intloss_00000002,appfr,H12,0.32853251923019366,0.29916056375734906,0.34867950118675356
macro_f1,huron,huron__bww8_Feb-03-2023-bww8-intloss_00000002,appfr,H14,0.30568356374807987,0.35397214585861586,0.3583796437659033
macro_f1,huron,huron__bww8_Feb-03-2023-bww8-intloss_00000002,appfr,H16,0.3062372188139059,0.3671739035375399,0.3561343719571568
macro_f1,huron,huron__bww8_Feb-03-2023-bww8-intloss_00000002,appfr,H18,0.3157961954695167,0.2585837117186745,0.3593239896431386
macro_f1,huron,huron__bww8_Feb-03-2023-bww8-intloss_00000002,appfr,H20,0.3073394495412844,0.25894567029222465,0.3721028114728902
macro_f1,huron,huron__bww8_Feb-03-2023-bww8-intloss_00000002,appfr,H22,0.30788804071246817,0.2697771621588783,0.38187692687137753
macro_f1,huron,huron__bww8_Feb-03-2023-bww8-intloss_00000002,appfr,H24,0.30788804071246817,0.27441822478803934,0.38180430897737083
macro_f1,huron,huron__bww8_Feb-03-2023-bww8-intloss_00000002,appfr,H26,0.30788804071246817,0.24867202852780965,0.36807717250324257
macro_f1,huron,huron__bww8_Feb-03-2023-bww8-intloss_00000002,appfr,H28,0.30788804071246817,0.2755388059956588,0.365068006928472
macro_f1,huron,huron__bww8_Feb-03-2023-bww8-intloss_00000002,appfr,H30,0.30788804071246817,0.2782859968476682,0.3659982213041857
macro_f1,huron,huron__bww8_Feb-03-2023-bww8-intloss_00000002,appfr,H32,0.30788804071246817,0.3140187059008197,0.3698662117266769
macro_f1,huron,huron__bww8_Feb-03-2023-bww8-intloss_00000002,appod,H02,0.3936183979442811,0.31473893605676545,0.31594096447776615
macro_f1,huron,huron__bww8_Feb-03-2023-bww8-intloss_00000002,appod,H04,0.3610502510258012,0.3363230232995528,0.31598296242233265
macro_f1,huron,huron__bww8_Feb-03-2023-bww8-intloss_00000002,appod,H06,0.3495109944818216,0.2837945789188083,0.3145691474648266
macro_f1,huron,huron__bww8_Feb-03-2023-bww8-intloss_00000002,appod,H08,0.37916698745092003,0.2616963923045678,0.3174713075316263
macro_f1,huron,huron__bww8_Feb-03-2023-bww8-intloss_00000002,appod,H10,0.36379052413358365,0.2807070047520586,0.35335174891154847
macro_f1,huron,huron__bww8_Feb-03-2023-bww8-intloss_00000002,appod,H12,0.3623734496153476,0.27319258533754126,0.34717999229155067
macro_f1,huron,huron__bww8_Feb-03-2023-bww8-intloss_00000002,appod,H14,0.3232976653696498,0.3471687843968305,0.35465495469242186
macro_f1,huron,huron__bww8_Feb-03-2023-bww8-intloss_00000002,appod,H16,0.3614799050503397,0.3366760196819975,0.35455546529470167
macro_f1,huron,huron__bww8_Feb-03-2023-bww8-intloss_00000002,appod,H18,0.3429227397641493,0.2870497827019566,0.3448402948402949
macro_f1,huron,huron__bww8_Feb-03-2023-bww8-intloss_00000002,appod,H20,0.3515941060757896,0.2726335923271925,0.36340507973004627
macro_f1,huron,huron__bww8_Feb-03-2023-bww8-intloss_00000002,appod,H22,0.32533364814877275,0.28426685840865384,0.35465495469242186
macro_f1,huron,huron__bww8_Feb-03-2023-bww8-intloss_00000002,appod,H24,0.30401234567901236,0.29418026418026416,0.367723416514002
macro_f1,huron,huron__bww8_Feb-03-2023-bww8-intloss_00000002,appod,H26,0.31162986255455477,0.25678953478729577,0.37869708591185103
macro_f1,huron,huron__bww8_Feb-03-2023-bww8-intloss_00000002,appod,H28,0.31540647491567736,0.2529436576057405,0.3717397134095865
macro_f1,huron,huron__bww8_Feb-03-2023-bww8-intloss_00000002,appod,H30,0.3307797743104452,0.28260542951910966,0.36175980472692276
macro_f1,huron,huron__bww8_Feb-03-2023-bww8-intloss_00000002,appod,H32,0.32558788497532754,0.2824465157970579,0.36327948860772924
macro_f1,huron,huron__cory1_Feb-16-2023-cory1-intloss_00000000,appfr,H02,0.3206426825008732,0.3161122906345836,0.310935441370224
macro_f1,huron,huron__cory1_Feb-16-2023-cory1-intloss_00000000,appfr,H04,0.321967061006727,0.3171018583862621,0.3166077738515901
macro_f1,huron,huron__cory1_Feb-16-2023-cory1-intloss_00000000,appfr,H06,0.321967061006727,0.30151124216734243,0.31734837799717913
macro_f1,huron,huron__cory1_Feb-16-2023-cory1-intloss_00000000,appfr,H08,0.32124593212459324,0.3012418541743514,0.3161122906345836
macro_f1,huron,huron__cory1_Feb-16-2023-cory1-intloss_00000000,appfr,H10,0.32136632973161383,0.2721359352183725,0.31648403440556144
macro_f1,huron,huron__cory1_Feb-16-2023-cory1-intloss_00000000,appfr,H12,0.32015856360032646,0.28680981595092025,0.31373946087163046
macro_f1,huron,huron__cory1_Feb-16-2023-cory1-intloss_00000000,appfr,H14,0.3218470820280775,0.3126042411246128,0.31348781937017234
macro_f1,huron,huron__cory1_Feb-16-2023-cory1-intloss_00000000,appfr,H16,0.32124593212459324,0.31310968355936236,0.31549096065225096
macro_f1,huron,huron__cory1_Feb-16-2023-cory1-intloss_00000000,appfr,H18,0.32220676866017617,0.274789029535865,0.31524181151708647
macro_f1,huron,huron__cory1_Feb-16-2023-cory1-intloss_00000000,appfr,H20,0.321967061006727,0.28797145769622834,0.31561540278762107
macro_f1,huron,huron__cory1_Feb-16-2023-cory1-intloss_00000000,appfr,H22,0.3224461431549687,0.2711909514304724,0.3162362928899894
macro_f1,huron,huron__cory1_Feb-16-2023-cory1-intloss_00000000,appfr,H24,0.3220869565217391,0.28044184535412603,0.31648403440556144
macro_f1,huron,huron__cory1_Feb-16-2023-cory1-intloss_00000000,appfr,H26,0.3220869565217391,0.2882607588489941,0.3163602074493163
macro_f1,huron,huron__cory1_Feb-16-2023-cory1-intloss_00000000,appfr,H28,0.3217270194986072,0.29325292122125896,0.31734837799717913
macro_f1,huron,huron__cory1_Feb-16-2023-cory1-intloss_00000000,appfr,H30,0.3226851851851852,0.28840524373170423,0.31784037558685446
macro_f1,huron,huron__cory1_Feb-16-2023-cory1-intloss_00000000,appfr,H32,0.321967061006727,0.2916982084279586,0.31833098921706515
macro_f1,huron,huron__cory1_Feb-16-2023-cory1-intloss_00000000,appod,H02,0.32292389544297945,0.3147424511545293,0.31511710432931156
macro_f1,huron,huron__cory1_Feb-16-2023-cory1-intloss_00000000,appod,H04,0.323756778585439,0.31549096065225096,0.3191862504384427
macro_f1,huron,huron__cory1_Feb-16-2023-cory1-intloss_00000000,appod,H06,0.32328134026574235,0.3104398897279156,0.31857577887092997
macro_f1,huron,huron__cory1_Feb-16-2023-cory1-intloss_00000000,appod,H08,0.3228045817424506,0.30629319752637324,0.3180858550316678
macro_f1,huron,huron__cory1_Feb-16-2023-cory1-intloss_00000000,appod,H10,0.323756778585439,0.31222420989862854,0.31734837799717913
macro_f1,huron,huron__cory1_Feb-16-2023-cory1-intloss_00000000,appod,H12,0.3238754325259516,0.31082375478927204,0.3161122906345836
macro_f1,huron,huron__cory1_Feb-16-2023-cory1-intloss_00000000,appod,H14,0.32529290144727774,0.31586402266288954,0.3157397567599481
macro_f1,huron,huron__cory1_Feb-16-2023-cory1-intloss_00000000,appod,H16,0.3255280073461892,0.3153664302600473,0.31784037558685446
macro_f1,huron,huron__cory1_Feb-16-2023-cory1-intloss_00000000,appod,H18,0.32599724896836313,0.3101835192515293,0.3175945501526897
macro_f1,huron,huron__cory1_Feb-16-2023-cory1-intloss_00000000,appod,H20,0.32588005962618966,0.30772946859903383,0.3169784680550653
macro_f1,huron,huron__cory1_Feb-16-2023-cory1-intloss_00000000,appod,H22,0.32588005962618966,0.3074691805656273,0.3167314258801366
macro_f1,huron,huron__cory1_Feb-16-2023-cory1-intloss_00000000,appod,H24,0.32599724896836313,0.3058994901675164,0.3166077738515901
macro_f1,huron,huron__cory1_Feb-16-2023-cory1-intloss_00000000,appod,H26,0.32599724896836313,0.31171623074166965,0.3168549905838041
macro_f1,huron,huron__cory1_Feb-16-2023-cory1-intloss_00000000,appod,H28,0.32599724896836313,0.3088961117130131,0.3171018583862621
macro_f1,huron,huron__cory1_Feb-16-2023-cory1-intloss_00000000,appod,H30,0.32599724896836313,0.31524181151708647,0.3175945501526897
macro_f1,huron,huron__cory1_Feb-16-2023-cory1-intloss_00000000,appod,H32,0.32588005962618966,0.31082375478927204,0.3182084652362528
macro_f1,huron,huron__cory1_Feb-16-2023-cory1-intloss_00000001,appfr,H02,0.4629568237429947,0.4090172707853314,0.3656438167295753
macro_f1,huron,huron__cory1_Feb-16-2023-cory1-intloss_00000001,appfr,H04,0.48075464135927054,0.3769075665923804,0.37572692793931733
macro_f1,huron,huron__cory1_Feb-16-2023-cory1-intloss_00000001,appfr,H06,0.4454946439823566,0.3292306994877374,0.3738397655105032
macro_f1,huron,huron__cory1_Feb-16-2023-cory1-intloss_00000001,appfr,H08,0.4555692009973577,0.31645513837475764,0.3752934244306305
macro_f1,huron,huron__cory1_Feb-16-2023-cory1-intloss_00000001,appfr,H10,0.4610819335217458,0.28343859940718574,0.3738315544252848
macro_f1,huron,huron__cory1_Feb-16-2023-cory1-intloss_00000001,appfr,H12,0.4634227391407548,0.30557087200995053,0.36571829681736046
macro_f1,huron,huron__cory1_Feb-16-2023-cory1-intloss_00000001,appfr,H14,0.4325846105306588,0.38820817141547775,0.38087484975593006
macro_f1,huron,huron__cory1_Feb-16-2023-cory1-intloss_00000001,appfr,H16,0.41350261034646413,0.376996336996337,0.409683426443203
macro_f1,huron,huron__cory1_Feb-16-2023-cory1-intloss_00000001,appfr,H18,0.4076339497392129,0.2794752318438058,0.4133883094833859
macro_f1,huron,huron__cory1_Feb-16-2023-cory1-intloss_00000001,appfr,H20,0.39115314624453007,0.299736703882776,0.40565808644973284
macro_f1,huron,huron__cory1_Feb-16-2023-cory1-intloss_00000001,appfr,H22,0.3950338922213108,0.28311746000790905,0.41562937442599246
macro_f1,huron,huron__cory1_Feb-16-2023-cory1-intloss_00000001,appfr,H24,0.39405439595192915,0.28543220223039645,0.42950923750872966
macro_f1,huron,huron__cory1_Feb-16-2023-cory1-intloss_00000001,appfr,H26,0.4021367267837368,0.3027235514488504,0.41631926414954384
macro_f1,huron,huron__cory1_Feb-16-2023-cory1-intloss_00000001,appfr,H28,0.4152435167615433,0.31569924119387094,0.4208849413298566
macro_f1,huron,huron__cory1_Feb-16-2023-cory1-intloss_00000001,appfr,H30,0.3942434408735913,0.30952170713760113,0.42270515391031055
macro_f1,huron,huron__cory1_Feb-16-2023-cory1-intloss_00000001,appfr,H32,0.4273465066585807,0.31328330378260494,0.4028520961566318
macro_f1,huron,huron__cory1_Feb-16-2023-cory1-intloss_00000001,appod,H02,0.34992981146827296,0.32808227627595876,0.3779872229310432
macro_f1,huron,huron__cory1_Feb-16-2023-cory1-intloss_00000001,appod,H04,0.3312510411460936,0.32551494425792993,0.3971998879327736
macro_f1,huron,huron__cory1_Feb-16-2023-cory1-intloss_00000001,appod,H06,0.36623226526382907,0.2766335943742439,0.3868767912531588
macro_f1,huron,huron__cory1_Feb-16-2023-cory1-intloss_00000001,appod,H08,0.37254115046821384,0.29075703507521694,0.3914684039400593
macro_f1,huron,huron__cory1_Feb-16-2023-cory1-intloss_00000001,appod,H10,0.4226171249253084,0.2816914950485849,0.38523985985035897
macro_f1,huron,huron__cory1_Feb-16-2023-cory1-intloss_00000001,appod,H12,0.4193221928763607,0.28395693418988416,0.3770401371336871
macro_f1,huron,huron__cory1_Feb-16-2023-cory1-intloss_00000001,appod,H14,0.41040004382040934,0.33407914363428975,0.38197465899766936
macro_f1,huron,huron__cory1_Feb-16-2023-cory1-intloss_00000001,appod,H16,0.4122369878183832,0.33073523210492506,0.4006029049054535
macro_f1,huron,huron__cory1_Feb-16-2023-cory1-intloss_00000001,appod,H18,0.4230306966591562,0.28031598490271653,0.3917390275018855
macro_f1,huron,huron__cory1_Feb-16-2023-cory1-intloss_00000001,appod,H20,0.4122201048118151,0.28834680089666304,0.3912489515401114
macro_f1,huron,huron__cory1_Feb-16-2023-cory1-intloss_00000001,appod,H22,0.40361748974155526,0.2943933530998208,0.39203484705418457
macro_f1,huron,huron__cory1_Feb-16-2023-cory1-intloss_00000001,appod,H24,0.41593410944800824,0.2915267687624819,0.3972238357296414
macro_f1,huron,huron__cory1_Feb-16-2023-cory1-intloss_00000001,appod,H26,0.4076099110427271,0.2427876544852182,0.40025164639902955
macro_f1,huron,huron__cory1_Feb-16-2023-cory1-intloss_00000001,appod,H28,0.4163429742443296,0.24071700495098333,0.40326446505070224
macro_f1,huron,huron__cory1_Feb-16-2023-cory1-intloss_00000001,appod,H30,0.38033742004017124,0.2613401371997945,0.4096535099024943
macro_f1,huron,huron__cory1_Feb-16-2023-cory1-intloss_00000001,appod,H32,0.40276137228653175,0.2580003063324707,0.4047352375126915
macro_f1,huron,huron__cory1_Feb-16-2023-cory1-intloss_00000002,appfr,H02,0.41989577267093736,0.4003310838884504,0.3398765012463177
macro_f1,huron,huron__cory1_Feb-16-2023-cory1-intloss_00000002,appfr,H04,0.3782996957901279,0.3981420765027322,0.3438884428271882
macro_f1,huron,huron__cory1_Feb-16-2023-cory1-intloss_00000002,appfr,H06,0.3807023847546045,0.32493979298355674,0.33855417985191555
macro_f1,huron,huron__cory1_Feb-16-2023-cory1-intloss_00000002,appfr,H08,0.3631284916201117,0.31341672702923645,0.3397589758975898
macro_f1,huron,huron__cory1_Feb-16-2023-cory1-intloss_00000002,appfr,H10,0.34383660878453187,0.2822948722751312,0.34279491100358755
macro_f1,huron,huron__cory1_Feb-16-2023-cory1-intloss_00000002,appfr,H12,0.3504751881617553,0.2976347381398665,0.3517988225691422
macro_f1,huron,huron__cory1_Feb-16-2023-cory1-intloss_00000002,appfr,H14,0.3445232187167671,0.3861962853060776,0.35504437083384444
macro_f1,huron,huron__cory1_Feb-16-2023-cory1-intloss_00000002,appfr,H16,0.34184197317551374,0.38338797814207654,0.35555211611549636
macro_f1,huron,huron__cory1_Feb-16-2023-cory1-intloss_00000002,appfr,H18,0.3431376203789997,0.27608431303358866,0.3580794351412806
macro_f1,huron,huron__cory1_Feb-16-2023-cory1-intloss_00000002,appfr,H20,0.3429305167236201,0.2887291423977797,0.3572853505525369
macro_f1,huron,huron__cory1_Feb-16-2023-cory1-intloss_00000002,appfr,H22,0.3522336129232681,0.27029886115995766,0.3564142177988106
macro_f1,huron,huron__cory1_Feb-16-2023-cory1-intloss_00000002,appfr,H24,0.35276205381635073,0.2682078661253961,0.35670357773505795
macro_f1,huron,huron__cory1_Feb-16-2023-cory1-intloss_00000002,appfr,H26,0.35395244566998646,0.34258139203614063,0.3587581063085923
macro_f1,huron,huron__cory1_Feb-16-2023-cory1-intloss_00000002,appfr,H28,0.364848893382766,0.2984686366262661,0.35965478206587154
macro_f1,huron,huron__cory1_Feb-16-2023-cory1-intloss_00000002,appfr,H30,0.3562633069545363,0.2960586075795837,0.3580794351412806
macro_f1,huron,huron__cory1_Feb-16-2023-cory1-intloss_00000002,appfr,H32,0.3473555211558308,0.302906332784325,0.3569025298574548
macro_f1,huron,huron__cory1_Feb-16-2023-cory1-intloss_00000002,appod,H02,0.3692606279382364,0.3326983392874183,0.3470432776447317
macro_f1,huron,huron__cory1_Feb-16-2023-cory1-intloss_00000002,appod,H04,0.34444339115871964,0.3356520208230767,0.3474467206423297
macro_f1,huron,huron__cory1_Feb-16-2023-cory1-intloss_00000002,appod,H06,0.36357082273112806,0.27470198077126556,0.33426922420628946
macro_f1,huron,huron__cory1_Feb-16-2023-cory1-intloss_00000002,appod,H08,0.34853350542279693,0.269224807848691,0.3443332186184231
macro_f1,huron,huron__cory1_Feb-16-2023-cory1-intloss_00000002,appod,H10,0.3441600500295934,0.27422650268173127,0.33982574888503403
macro_f1,huron,huron__cory1_Feb-16-2023-cory1-intloss_00000002,appod,H12,0.3596322186535676,0.27835228990765937,0.3410627502298587
macro_f1,huron,huron__cory1_Feb-16-2023-cory1-intloss_00000002,appod,H14,0.36172281617007723,0.3362844357701864,0.3475318887469629
macro_f1,huron,huron__cory1_Feb-16-2023-cory1-intloss_00000002,appod,H16,0.36458794977313497,0.3315134964596581,0.345131410932892
macro_f1,huron,huron__cory1_Feb-16-2023-cory1-intloss_00000002,appod,H18,0.3591849920391352,0.27891421417574047,0.3425930983253771
macro_f1,huron,huron__cory1_Feb-16-2023-cory1-intloss_00000002,appod,H20,0.3617167493273688,0.279530343852907,0.33655542004969957
macro_f1,huron,huron__cory1_Feb-16-2023-cory1-intloss_00000002,appod,H22,0.37090987513072465,0.28357804100412826,0.3373537102593496
macro_f1,huron,huron__cory1_Feb-16-2023-cory1-intloss_00000002,appod,H24,0.3699482958742218,0.2829820452771272,0.33643200742314355
macro_f1,huron,huron__cory1_Feb-16-2023-cory1-intloss_00000002,appod,H26,0.38092765163536346,0.2378348601880127,0.334653470798957
macro_f1,huron,huron__cory1_Feb-16-2023-cory1-intloss_00000002,appod,H28,0.37189385218239845,0.23454486944749606,0.3303994823334066
macro_f1,huron,huron__cory1_Feb-16-2023-cory1-intloss_00000002,appod,H30,0.3788382845988729,0.2502473504198158,0.32907078953388963
macro_f1,huron,huron__cory1_Feb-16-2023-cory1-intloss_00000002,appod,H32,0.3687003934333557,0.24907417916156993,0.3307758665147658
macro_f1,huron,huron__soda3_Feb-21-2023-soda3-intloss_00000000,appfr,H02,0.41049993534119394,0.472184687229315,0.3670315826289296
macro_f1,huron,huron__soda3_Feb-21-2023-soda3-intloss_00000000,appfr,H04,0.3180865669484789,0.36816376128220724,0.33008723295023074
macro_f1,huron,huron__soda3_Feb-21-2023-soda3-intloss_00000000,appfr,H06,0.3213610695861499,0.4294401062100787,0.33464445990923103
macro_f1,huron,huron__soda3_Feb-21-2023-soda3-intloss_00000000,appfr,H08,0.3211764748204026,0.42375746849831475,0.321186579989539
macro_f1,huron,huron__soda3_Feb-21-2023-soda3-intloss_00000000,appfr,H10,0.3212165191380435,0.3941694592842346,0.317790604043347
macro_f1,huron,huron__soda3_Feb-21-2023-soda3-intloss_00000000,appfr,H12,0.33141594989621664,0.4107588234283494,0.3293649302483412
macro_f1,huron,huron__soda3_Feb-21-2023-soda3-intloss_00000000,appfr,H14,0.31794871794871793,0.37785563546212636,0.3340818483250672
macro_f1,huron,huron__soda3_Feb-21-2023-soda3-intloss_00000000,appfr,H16,0.3212165191380435,0.33490194152774255,0.33161226977934927
macro_f1,huron,huron__soda3_Feb-21-2023-soda3-intloss_00000000,appfr,H18,0.31794871794871793,0.4039858321498797,0.32905244927634164
macro_f1,huron,huron__soda3_Feb-21-2023-soda3-intloss_00000000,appfr,H20,0.31802426343154244,0.4034152360206576,0.323731877710616
macro_f1,huron,huron__soda3_Feb-21-2023-soda3-intloss_00000000,appfr,H22,0.31802426343154244,0.389478736971096,0.31470146414841915
macro_f1,huron,huron__soda3_Feb-21-2023-soda3-intloss_00000000,appfr,H24,0.31802426343154244,0.3819761383689442,0.32075896386163744
macro_f1,huron,huron__soda3_Feb-21-2023-soda3-intloss_00000000,appfr,H26,0.31802426343154244,0.41373389405295075,0.3216974352178434
macro_f1,huron,huron__soda3_Feb-21-2023-soda3-intloss_00000000,appfr,H28,0.31802426343154244,0.4169780609753098,0.3217072667263195
macro_f1,huron,huron__soda3_Feb-21-2023-soda3-intloss_00000000,appfr,H30,0.31802426343154244,0.3899052343118215,0.31546816872311756
macro_f1,huron,huron__soda3_Feb-21-2023-soda3-intloss_00000000,appfr,H32,0.31802426343154244,0.3811107269109044,0.3109372871019675
macro_f1,huron,huron__soda3_Feb-21-2023-soda3-intloss_00000000,appod,H02,0.39560441747287833,0.36447689551754303,0.39906723431553653
macro_f1,huron,huron__soda3_Feb-21-2023-soda3-intloss_00000000,appod,H04,0.3104419324739937,0.391977059623221,0.3497284840633991
macro_f1,huron,huron__soda3_Feb-21-2023-soda3-intloss_00000000,appod,H06,0.3581434539900994,0.3115467691163768,0.3528158204197324
macro_f1,huron,huron__soda3_Feb-21-2023-soda3-intloss_00000000,appod,H08,0.3489189558289116,0.32384644741703206,0.3583842539994473
macro_f1,huron,huron__soda3_Feb-21-2023-soda3-intloss_00000000,appod,H10,0.38082132458104695,0.317142294755288,0.33888250679854875
macro_f1,huron,huron__soda3_Feb-21-2023-soda3-intloss_00000000,appod,H12,0.38518075160301707,0.32694582668963873,0.3364448683765077
macro_f1,huron,huron__soda3_Feb-21-2023-soda3-intloss_00000000,appod,H14,0.3916344232918691,0.37263768535988606,0.3374520884858145
macro_f1,huron,huron__soda3_Feb-21-2023-soda3-intloss_00000000,appod,H16,0.37026115817844557,0.41201074270247534,0.3375563781252007
macro_f1,huron,huron__soda3_Feb-21-2023-soda3-intloss_00000000,appod,H18,0.3742461430424529,0.3439255394101526,0.3379552965715351
macro_f1,huron,huron__soda3_Feb-21-2023-soda3-intloss_00000000,appod,H20,0.38585702430593405,0.3595896272874443,0.3381162505675522
macro_f1,huron,huron__soda3_Feb-21-2023-soda3-intloss_00000000,appod,H22,0.3881124036844615,0.34842794378008146,0.3402200420574572
macro_f1,huron,huron__soda3_Feb-21-2023-soda3-intloss_00000000,appod,H24,0.37784566774479345,0.3446530804586192,0.3357466885488072
macro_f1,huron,huron__soda3_Feb-21-2023-soda3-intloss_00000000,appod,H26,0.3639207172125343,0.24928393028773824,0.3282626627785394
macro_f1,huron,huron__soda3_Feb-21-2023-soda3-intloss_00000000,appod,H28,0.37512614936084326,0.2527269165816266,0.3272328280984404
macro_f1,huron,huron__soda3_Feb-21-2023-soda3-intloss_00000000,appod,H30,0.4042379723589849,0.27761189948869386,0.3275132795808266
macro_f1,huron,huron__soda3_Feb-21-2023-soda3-intloss_00000000,appod,H32,0.3699574686565507,0.2998129896329054,0.32799296423528634
macro_f1,huron,huron__soda3_Feb-21-2023-soda3-intloss_00000001,appfr,H02,0.46017748633615324,0.40769166998275636,0.3148300453788703
macro_f1,huron,huron__soda3_Feb-21-2023-soda3-intloss_00000001,appfr,H04,0.4388280465988917,0.40424371352206406,0.3370697745721582
macro_f1,huron,huron__soda3_Feb-21-2023-soda3-intloss_00000001,appfr,H06,0.4379466141120005,0.3178792272836031,0.33464061827504255
macro_f1,huron,huron__soda3_Feb-21-2023-soda3-intloss_00000001,appfr,H08,0.44241585350126816,0.32638162242665303,0.33978543060279137
macro_f1,huron,huron__soda3_Feb-21-2023-soda3-intloss_00000001,appfr,H10,0.4394379610070298,0.28545097731607355,0.3366400578676793
macro_f1,huron,huron__soda3_Feb-21-2023-soda3-intloss_00000001,appfr,H12,0.4460893657853329,0.29509748458249724,0.33336239660183314
macro_f1,huron,huron__soda3_Feb-21-2023-soda3-intloss_00000001,appfr,H14,0.43957443281569053,0.4144824311490978,0.34293991404284413
macro_f1,huron,huron__soda3_Feb-21-2023-soda3-intloss_00000001,appfr,H16,0.44010801671534633,0.40692040267239027,0.35373949915149977
macro_f1,huron,huron__soda3_Feb-21-2023-soda3-intloss_00000001,appfr,H18,0.43743446991982715,0.29748405640788195,0.3595054494157222
macro_f1,huron,huron__soda3_Feb-21-2023-soda3-intloss_00000001,appfr,H20,0.43017354677625663,0.31487090581803934,0.35852909366212415
macro_f1,huron,huron__soda3_Feb-21-2023-soda3-intloss_00000001,appfr,H22,0.43017354677625663,0.29467418400992,0.356663047723957
macro_f1,huron,huron__soda3_Feb-21-2023-soda3-intloss_00000001,appfr,H24,0.4352742421964142,0.3055184498771089,0.35683500569496657
macro_f1,huron,huron__soda3_Feb-21-2023-soda3-intloss_00000001,appfr,H26,0.4332533050578969,0.30130611312523947,0.3538300192969209
macro_f1,huron,huron__soda3_Feb-21-2023-soda3-intloss_00000001,appfr,H28,0.4398324868573465,0.3074425317547653,0.3489167734733534
macro_f1,huron,huron__soda3_Feb-21-2023-soda3-intloss_00000001,appfr,H30,0.4386003253927782,0.3017810540417757,0.3474788745473117
macro_f1,huron,huron__soda3_Feb-21-2023-soda3-intloss_00000001,appfr,H32,0.4299579311084143,0.29785649811181725,0.34583325688353944
macro_f1,huron,huron__soda3_Feb-21-2023-soda3-intloss_00000001,appod,H02,0.40672129049321754,0.3378330531712303,0.31696607407177035
macro_f1,huron,huron__soda3_Feb-21-2023-soda3-intloss_00000001,appod,H04,0.37050985904041545,0.3397196971728385,0.34657239881812546
macro_f1,huron,huron__soda3_Feb-21-2023-soda3-intloss_00000001,appod,H06,0.4190246619613538,0.27046673191807813,0.347262833008447
macro_f1,huron,huron__soda3_Feb-21-2023-soda3-intloss_00000001,appod,H08,0.41517230775144637,0.27092723873236607,0.3532921601230672
macro_f1,huron,huron__soda3_Feb-21-2023-soda3-intloss_00000001,appod,H10,0.4354848915697814,0.2888183066900876,0.3380272691404078
macro_f1,huron,huron__soda3_Feb-21-2023-soda3-intloss_00000001,appod,H12,0.44164837312934524,0.2948064023744686,0.3415762349062866
macro_f1,huron,huron__soda3_Feb-21-2023-soda3-intloss_00000001,appod,H14,0.444699754096493,0.37399926785401644,0.34671685908210953
macro_f1,huron,huron__soda3_Feb-21-2023-soda3-intloss_00000001,appod,H16,0.45034317330020635,0.34582219129456676,0.3541672978685761
macro_f1,huron,huron__soda3_Feb-21-2023-soda3-intloss_00000001,appod,H18,0.4542642187037025,0.3224149966484062,0.3458587261638644
macro_f1,huron,huron__soda3_Feb-21-2023-soda3-intloss_00000001,appod,H20,0.4504703391750775,0.3178787909015039,0.34307888593602875
macro_f1,huron,huron__soda3_Feb-21-2023-soda3-intloss_00000001,appod,H22,0.44114063924476943,0.3279453331032038,0.342397673188004
macro_f1,huron,huron__soda3_Feb-21-2023-soda3-intloss_00000001,appod,H24,0.4463732229372746,0.31878939053795624,0.3391540589882484
macro_f1,huron,huron__soda3_Feb-21-2023-soda3-intloss_00000001,appod,H26,0.4374426266990175,0.23295979021403268,0.33705826276294654
macro_f1,huron,huron__soda3_Feb-21-2023-soda3-intloss_00000001,appod,H28,0.44413821861686814,0.23245499248787435,0.3388714429517857
macro_f1,huron,huron__soda3_Feb-21-2023-soda3-intloss_00000001,appod,H30,0.44455947712418303,0.2535014005602241,0.3406496166554569
macro_f1,huron,huron__soda3_Feb-21-2023-soda3-intloss_00000001,appod,H32,0.4475550703127502,0.251451126202836,0.3377064911767443
macro_f1,huron,huron__soda3_Feb-21-2023-soda3-intloss_00000002,appfr,H02,0.4550785132180481,0.4197737746124843,0.46996849935145724
macro_f1,huron,huron__soda3_Feb-21-2023-soda3-intloss_00000002,appfr,H04,0.3900751557453583,0.42641101129815556,0.4679182064547918
macro_f1,huron,huron__soda3_Feb-21-2023-soda3-intloss_00000002,appfr,H06,0.4135265700483092,0.4280952380952381,0.4679182064547918
macro_f1,huron,huron__soda3_Feb-21-2023-soda3-intloss_00000002,appfr,H08,0.4379969911884805,0.418818552948699,0.47887166596844016
macro_f1,huron,huron__soda3_Feb-21-2023-soda3-intloss_00000002,appfr,H10,0.3576862438964657,0.42330631595045115,0.46584107327141383
macro_f1,huron,huron__soda3_Feb-21-2023-soda3-intloss_00000002,appfr,H12,0.3259544433750401,0.4210269407678588,0.4511311086114236
macro_f1,huron,huron__soda3_Feb-21-2023-soda3-intloss_00000002,appfr,H14,0.3576862438964657,0.4726689408706952,0.44165112792950895
macro_f1,huron,huron__soda3_Feb-21-2023-soda3-intloss_00000002,appfr,H16,0.35960179833012207,0.4441592645714334,0.44165112792950895
macro_f1,huron,huron__soda3_Feb-21-2023-soda3-intloss_00000002,appfr,H18,0.3576862438964657,0.4166772410042599,0.44165112792950895
macro_f1,huron,huron__soda3_Feb-21-2023-soda3-intloss_00000002,appfr,H20,0.3259544433750401,0.408713798544307,0.4387351778656126
macro_f1,huron,huron__soda3_Feb-21-2023-soda3-intloss_00000002,appfr,H22,0.35960179833012207,0.41062068965517246,0.4332233223322332
macro_f1,huron,huron__soda3_Feb-21-2023-soda3-intloss_00000002,appfr,H24,0.3259544433750401,0.40157400760415835,0.4380764163372859
macro_f1,huron,huron__soda3_Feb-21-2023-soda3-intloss_00000002,appfr,H26,0.35960179833012207,0.4359281941199991,0.43256325632563253
macro_f1,huron,huron__soda3_Feb-21-2023-soda3-intloss_00000002,appfr,H28,0.35960179833012207,0.42566089659961964,0.43256325632563253
macro_f1,huron,huron__soda3_Feb-21-2023-soda3-intloss_00000002,appfr,H30,0.3868608868608869,0.3998993963782696,0.4299535473257688
macro_f1,huron,huron__soda3_Feb-21-2023-soda3-intloss_00000002,appfr,H32,0.325626204238921,0.4068581607659764,0.41801430143014295
macro_f1,huron,huron__soda3_Feb-21-2023-soda3-intloss_00000002,appod,H02,0.3559143559143559,0.38608674463937614,0.4137916126242975
macro_f1,huron,huron__soda3_Feb-21-2023-soda3-intloss_00000002,appod,H04,0.4297027290448343,0.43392504930966463,0.4208044382801665
macro_f1,huron,huron__soda3_Feb-21-2023-soda3-intloss_00000002,appod,H06,0.4208044382801665,0.4235101506221349,0.46446164672765655
macro_f1,huron,huron__soda3_Feb-21-2023-soda3-intloss_00000002,appod,H08,0.45000059872352144,0.4478405315614618,0.49350227420402853
macro_f1,huron,huron__soda3_Feb-21-2023-soda3-intloss_00000002,appod,H10,0.3811519449817322,0.4679182064547918,0.4836856617647059
macro_f1,huron,huron__soda3_Feb-21-2023-soda3-intloss_00000002,appod,H12,0.3499304313257802,0.47887166596844016,0.4782199878974072
macro_f1,huron,huron__soda3_Feb-21-2023-soda3-intloss_00000002,appod,H14,0.37398666043994205,0.35426731078904994,0.4574983628028815
macro_f1,huron,huron__soda3_Feb-21-2023-soda3-intloss_00000002,appod,H16,0.3718908922792418,0.39634766527970405,0.44350502839217265
macro_f1,huron,huron__soda3_Feb-21-2023-soda3-intloss_00000002,appod,H18,0.3718908922792418,0.46996849935145724,0.4401768172888015
macro_f1,huron,huron__soda3_Feb-21-2023-soda3-intloss_00000002,appod,H20,0.3718908922792418,0.4574983628028815,0.4339457567804024
macro_f1,huron,huron__soda3_Feb-21-2023-soda3-intloss_00000002,appod,H22,0.35426731078904994,0.4425168504901961,0.43102302669263376
macro_f1,huron,huron__soda3_Feb-21-2023-soda3-intloss_00000002,appod,H24,0.3559143559143559,0.43460192475940507,0.43102302669263376
macro_f1,huron,huron__soda3_Feb-21-2023-soda3-intloss_00000002,appod,H26,0.35272942187835804,0.5624412444975005,0.43102302669263376
macro_f1,huron,huron__soda3_Feb-21-2023-soda3-intloss_00000002,appod,H28,0.3811519449817322,0.5583123576651084,0.43102302669263376
macro_f1,huron,huron__soda3_Feb-21-2023-soda3-intloss_00000002,appod,H30,0.40655695385608254,0.5514565949348559,0.4255200906731014
macro_f1,huron,huron__soda3_Feb-21-2023-soda3-intloss_00000002,appod,H32,0.35272942187835804,0.5624412444975005,0.42292490118577075
macro_f1,pal,pal__rosbag2_2025_07_11-13_23_07,appfr,H02,0.3294136092819066,0.3219551282051282,0.23564773068830777
macro_f1,pal,pal__rosbag2_2025_07_11-13_23_07,appfr,H04,0.3307566174748185,0.328538866619508,0.28860181035240356
macro_f1,pal,pal__rosbag2_2025_07_11-13_23_07,appfr,H06,0.33216701656169817,0.21157304559399134,0.30744822979291914
macro_f1,pal,pal__rosbag2_2025_07_11-13_23_07,appfr,H08,0.3300469483568075,0.24564494030142883,0.3101276313608487
macro_f1,pal,pal__rosbag2_2025_07_11-13_23_07,appfr,H10,0.3308352849336456,0.1622699026849572,0.3086142322097378
macro_f1,pal,pal__rosbag2_2025_07_11-13_23_07,appfr,H12,0.330441578741696,0.19634852957253746,0.3101276313608487
macro_f1,pal,pal__rosbag2_2025_07_11-13_23_07,appfr,H14,0.3317764284602211,0.3033527573684655,0.31030483764082173
macro_f1,pal,pal__rosbag2_2025_07_11-13_23_07,appfr,H16,0.33208897184632136,0.31057031702673615,0.3126799967086316
macro_f1,pal,pal__rosbag2_2025_07_11-13_23_07,appfr,H18,0.33216701656169817,0.12635016327555892,0.31241765480895917
macro_f1,pal,pal__rosbag2_2025_07_11-13_23_07,appfr,H20,0.33263452131376664,0.2240740740740741,0.31057031702673615
macro_f1,pal,pal__rosbag2_2025_07_11-13_23_07,appfr,H22,0.3325566946256601,0.17303499713138268,0.311276332094176
macro_f1,pal,pal__rosbag2_2025_07_11-13_23_07,appfr,H24,0.3327123117528334,0.16596834264432028,0.3111000909166047
macro_f1,pal,pal__rosbag2_2025_07_11-13_23_07,appfr,H26,0.3327123117528334,0.15525439847836423,0.311276332094176
macro_f1,pal,pal__rosbag2_2025_07_11-13_23_07,appfr,H28,0.33294546582887286,0.20527670527670527,0.3117161716171617
macro_f1,pal,pal__rosbag2_2025_07_11-13_23_07,appfr,H30,0.33263452131376664,0.20273913512347677,0.3132035165557473
macro_f1,pal,pal__rosbag2_2025_07_11-13_23_07,appfr,H32,0.3327123117528334,0.2290713050554369,0.31224254407645413
macro_f1,pal,pal__rosbag2_2025_07_11-13_23_07,appod,H02,0.3003831417624521,0.2989743589743589,0.23185769153022032
macro_f1,pal,pal__rosbag2_2025_07_11-13_23_07,appod,H04,0.25041122399612964,0.2736822873846716,0.29009103641456585
macro_f1,pal,pal__rosbag2_2025_07_11-13_23_07,appod,H06,0.27720441788882855,0.19727223131478452,0.30362869198312237
macro_f1,pal,pal__rosbag2_2025_07_11-13_23_07,appod,H08,0.2631776402175952,0.19009637753406447,0.3071780730341773
macro_f1,pal,pal__rosbag2_2025_07_11-13_23_07,appod,H10,0.27443471918307805,0.2340874811463047,0.30427091230730346
macro_f1,pal,pal__rosbag2_2025_07_11-13_23_07,appod,H12,0.2794130884868125,0.2380952380952381,0.3075381918357125
macro_f1,pal,pal__rosbag2_2025_07_11-13_23_07,appod,H14,0.29526029526029524,0.28211316706891926,0.30798732699683173
macro_f1,pal,pal__rosbag2_2025_07_11-13_23_07,appod,H16,0.29186269384910263,0.2755046372067649,0.31048186785891707
macro_f1,pal,pal__rosbag2_2025_07_11-13_23_07,appod,H18,0.3137254901960784,0.22973796465569776,0.3096838436644262
macro_f1,pal,pal__rosbag2_2025_07_11-13_23_07,appod,H20,0.29669762641898867,0.2357772435897436,0.30771798080934504
macro_f1,pal,pal__rosbag2_2025_07_11-13_23_07,appod,H22,0.2998209260680481,0.22049367351171956,0.3065461242256822
macro_f1,pal,pal__rosbag2_2025_07_11-13_23_07,appod,H24,0.29888005471488416,0.2203548085901027,0.3071780730341773
macro_f1,pal,pal__rosbag2_2025_07_11-13_23_07,appod,H26,0.3000085229694025,0.27972656952689334,0.30771798080934504
macro_f1,pal,pal__rosbag2_2025_07_11-13_23_07,appod,H28,0.2971742678003951,0.28066397487662625,0.30789758985906096
macro_f1,pal,pal__rosbag2_2025_07_11-13_23_07,appod,H30,0.30941704035874434,0.2926447574334898,0.30879294567839616
macro_f1,pal,pal__rosbag2_2025_07_11-13_23_07,appod,H32,0.3160554197229014,0.2910773528898201,0.30762810882991154
macro_f1,pal,pal__rosbag2_2025_07_11-13_37_37,appfr,H02,0.2950932890079788,0.2180111243767371,0.408046487526834
macro_f1,pal,pal__rosbag2_2025_07_11-13_37_37,appfr,H04,0.26746821720705627,0.23261977410059478,0.3746820350381402
macro_f1,pal,pal__rosbag2_2025_07_11-13_37_37,appfr,H06,0.2659103567554891,0.17936302966364207,0.3338414375003542
macro_f1,pal,pal__rosbag2_2025_07_11-13_37_37,appfr,H08,0.2717448384806513,0.18142391830455393,0.3153887634990161
macro_f1,pal,pal__rosbag2_2025_07_11-13_37_37,appfr,H10,0.2804414317866756,0.1907732294558573,0.32405255243775005
macro_f1,pal,pal__rosbag2_2025_07_11-13_37_37,appfr,H12,0.28493226446346287,0.1625734729669911,0.3165734384269853
macro_f1,pal,pal__rosbag2_2025_07_11-13_37_37,appfr,H14,0.27183811370245764,0.20140687959180928,0.32022813437828007
macro_f1,pal,pal__rosbag2_2025_07_11-13_37_37,appfr,H16,0.2753027588582703,0.19665252658200652,0.3237986270022883
macro_f1,pal,pal__rosbag2_2025_07_11-13_37_37,appfr,H18,0.26541447401173124,0.17752647925459905,0.3289240536639096
macro_f1,pal,pal__rosbag2_2025_07_11-13_37_37,appfr,H20,0.2691215817619193,0.17766947174088923,0.3345365455080643
macro_f1,pal,pal__rosbag2_2025_07_11-13_37_37,appfr,H22,0.2756878272346227,0.17861760174442773,0.3344573631582695
macro_f1,pal,pal__rosbag2_2025_07_11-13_37_37,appfr,H24,0.28207508848285184,0.16368180677831065,0.33419025627373083
macro_f1,pal,pal__rosbag2_2025_07_11-13_37_37,appfr,H26,0.2799049023289559,0.1920322212927205,0.33440619293006346
macro_f1,pal,pal__rosbag2_2025_07_11-13_37_37,appfr,H28,0.2795082286389912,0.1961310232324641,0.33532849911990364
macro_f1,pal,pal__rosbag2_2025_07_11-13_37_37,appfr,H30,0.2734216676284681,0.19171262160826988,0.33758783214282406
macro_f1,pal,pal__rosbag2_2025_07_11-13_37_37,appfr,H32,0.2724137525723885,0.18550378707777637,0.34620751254560506
macro_f1,pal,pal__rosbag2_2025_07_11-13_37_37,appod,H02,0.3903075521927981,0.2908148172722573,0.38724784667586415
macro_f1,pal,pal__rosbag2_2025_07_11-13_37_37,appod,H04,0.37944309361864076,0.2865439420455321,0.3621469278304115
macro_f1,pal,pal__rosbag2_2025_07_11-13_37_37,appod,H06,0.38204337536061744,0.23748726034973855,0.33560332621890954
macro_f1,pal,pal__rosbag2_2025_07_11-13_37_37,appod,H08,0.3577952353579868,0.2682829688416952,0.3256249064511301
macro_f1,pal,pal__rosbag2_2025_07_11-13_37_37,appod,H10,0.39715594953409233,0.2837762801527927,0.3318639335831313
macro_f1,pal,pal__rosbag2_2025_07_11-13_37_37,appod,H12,0.369605806998154,0.26509406537124885,0.32432418601675944
macro_f1,pal,pal__rosbag2_2025_07_11-13_37_37,appod,H14,0.35291952774426,0.26644313570995243,0.32386658581891553
macro_f1,pal,pal__rosbag2_2025_07_11-13_37_37,appod,H16,0.3538818292050255,0.26852419107906383,0.324726291430413
macro_f1,pal,pal__rosbag2_2025_07_11-13_37_37,appod,H18,0.32414141188112416,0.2748161103461963,0.32672475270013207
macro_f1,pal,pal__rosbag2_2025_07_11-13_37_37,appod,H20,0.3287297421522841,0.2741108690667064,0.33212000070946107
macro_f1,pal,pal__rosbag2_2025_07_11-13_37_37,appod,H22,0.3335191216053335,0.27921514848917944,0.333085532176993
macro_f1,pal,pal__rosbag2_2025_07_11-13_37_37,appod,H24,0.3336791269564438,0.2678904230079003,0.33721229760548105
macro_f1,pal,pal__rosbag2_2025_07_11-13_37_37,appod,H26,0.346171324698932,0.35516999220526824,0.3406119502009913
macro_f1,pal,pal__rosbag2_2025_07_11-13_37_37,appod,H28,0.3375168739323131,0.36592080888388506,0.34275911645669505
macro_f1,pal,pal__rosbag2_2025_07_11-13_37_37,appod,H30,0.327001343741066,0.3720661348132732,0.34698944124225556
macro_f1,pal,pal__rosbag2_2025_07_11-13_37_37,appod,H32,0.35206482780115317,0.37944534500842114,0.3526682783952206
macro_f1,pal,pal__rosbag2_2025_07_11-13_55_25,appfr,H02,0.18954043288890787,0.2515393876570404,0.2627030491816183
macro_f1,pal,pal__rosbag2_2025_07_11-13_55_25,appfr,H04,0.18434677045517356,0.21311662518074115,0.2622017113313752
macro_f1,pal,pal__rosbag2_2025_07_11-13_55_25,appfr,H06,0.19158011034529557,0.24945092070236694,0.2505746830943209
macro_f1,pal,pal__rosbag2_2025_07_11-13_55_25,appfr,H08,0.19623641439547504,0.2356391777412237,0.24144036021809415
macro_f1,pal,pal__rosbag2_2025_07_11-13_55_25,appfr,H10,0.20167139402136325,0.2726311828443409,0.2426861053266363
macro_f1,pal,pal__rosbag2_2025_07_11-13_55_25,appfr,H12,0.19833882161269578,0.2295158977401968,0.23628934858788322
macro_f1,pal,pal__rosbag2_2025_07_11-13_55_25,appfr,H14,0.1914254125847501,0.2247305177720592,0.23276711826330151
macro_f1,pal,pal__rosbag2_2025_07_11-13_55_25,appfr,H16,0.19493972771507853,0.21232532970610665,0.2031467738644235
macro_f1,pal,pal__rosbag2_2025_07_11-13_55_25,appfr,H18,0.19777066733588475,0.23419185729847491,0.20697095661231238
macro_f1,pal,pal__rosbag2_2025_07_11-13_55_25,appfr,H20,0.1995251770232931,0.229038224840474,0.21260955012574967
macro_f1,pal,pal__rosbag2_2025_07_11-13_55_25,appfr,H22,0.19574276355045728,0.266194439175623,0.20422741911872352
macro_f1,pal,pal__rosbag2_2025_07_11-13_55_25,appfr,H24,0.19699905468078213,0.2248756816671321,0.20575205931022186
macro_f1,pal,pal__rosbag2_2025_07_11-13_55_25,appfr,H26,0.18915660966309747,0.24014190274756553,0.20976877159492646
macro_f1,pal,pal__rosbag2_2025_07_11-13_55_25,appfr,H28,0.19257421441427638,0.2322900411669416,0.20592546701124603
macro_f1,pal,pal__rosbag2_2025_07_11-13_55_25,appfr,H30,0.18413237094627413,0.2580909039893515,0.19995903529949344
macro_f1,pal,pal__rosbag2_2025_07_11-13_55_25,appfr,H32,0.1863236636987072,0.24560547806495495,0.19840066779883547
macro_f1,pal,pal__rosbag2_2025_07_11-13_55_25,appod,H02,0.3226030871108814,0.2221002043423337,0.248892661546832
macro_f1,pal,pal__rosbag2_2025_07_11-13_55_25,appod,H04,0.3730031315588925,0.22489717353198432,0.22462744293961143
macro_f1,pal,pal__rosbag2_2025_07_11-13_55_25,appod,H06,0.3611920127885478,0.22097614067737173,0.21820648718109326
macro_f1,pal,pal__rosbag2_2025_07_11-13_55_25,appod,H08,0.3707192273291848,0.21391903139235988,0.20475921972285294
macro_f1,pal,pal__rosbag2_2025_07_11-13_55_25,appod,H10,0.3375319778738766,0.2340159086579402,0.21147457772150835
macro_f1,pal,pal__rosbag2_2025_07_11-13_55_25,appod,H12,0.3341286875606963,0.21603565313791448,0.20110598741033522
macro_f1,pal,pal__rosbag2_2025_07_11-13_55_25,appod,H14,0.296258265976902,0.20384330690285712,0.20175272633060956
macro_f1,pal,pal__rosbag2_2025_07_11-13_55_25,appod,H16,0.29752723181276175,0.19678691896889697,0.199020820923873
macro_f1,pal,pal__rosbag2_2025_07_11-13_55_25,appod,H18,0.2773220658479245,0.2092905384964283,0.20127284057256242
macro_f1,pal,pal__rosbag2_2025_07_11-13_55_25,appod,H20,0.2753985765678086,0.20563524337972028,0.20549125251986944
macro_f1,pal,pal__rosbag2_2025_07_11-13_55_25,appod,H22,0.26843661985299777,0.21443484939377208,0.2049663956357668
macro_f1,pal,pal__rosbag2_2025_07_11-13_55_25,appod,H24,0.2745048120575978,0.21632692811208817,0.2056855032218967
macro_f1,pal,pal__rosbag2_2025_07_11-13_55_25,appod,H26,0.3049128226449144,0.2733484627317454,0.20499605793892092
macro_f1,pal,pal__rosbag2_2025_07_11-13_55_25,appod,H28,0.2961319055571929,0.2681978664556959,0.2049334749224531
macro_f1,pal,pal__rosbag2_2025_07_11-13_55_25,appod,H30,0.28459088410721334,0.3131929348932277,0.20452737502132945
macro_f1,pal,pal__rosbag2_2025_07_11-13_55_25,appod,H32,0.2886856859168648,0.30613079756909095,0.20108930715274745
